word	count
대통령	349
첫	239
게시판	182
트럼프	155
kt	149
감독	148
이란	147
등	143
출시	140
것	124
개최	116
신간	114
한국	112
5g	111
삼성	100
만에	99
전	99
네이버	92
중국	92
중	91
올해	90
정부	89
국내	87
류현진	83
mlb	81
공개	80
문	79
사망	77
새	77
lg	76
그래픽	76
추진	75
작년	74
skt	72
또	72
월드컵	72
김정은	70
더	70
스마트폰	70
지원	69
한	69
미국	68
최고	68
내달	67
서비스	67
시즌	67
총리	67
돌파	65
서울	64
방문	63
sk	61
개발	61
꺾고	61
연속	61
터키	61
개막	60
내년	60
논란	60
세계	60
최대	60
프로농구	60
내일	59
논의	59
북한	59
시리아	59
듯	58
아시안게임	57
후	56
안	55
전국	55
규모	54
러	54
민주	54
특징주	54
1위	53
증가	53
lgu	52
전망	52
홍콩	52
가능성	51
공격	51
손흥민	51
수	51
승리	51
여야	51
오늘	51
코스피	51
확대	51
vs	50
영업익	50
강화	49
eu	48
경기	48
시작	48
이스라엘	48
사우디	47
올림픽	47
하락	47
위한	46
결정	45
국회	45
러시아	45
문대통령	45
속	45
홈런	45
우려	44
다시	43
위해	43
대표	42
없어	42
장관	42
주말	42
합의	42
계약	41
한국당	41
nba	40
감소	40
비	40
상승	40
시장	40
외국인	40
추가	40
lg전자	39
관련	39
도입	39
발표	39
여행	39
진출	39
ai	38
미사일	38
선수	38
이상	38
일본	38
판매	38
구글	37
미	37
부상	37
브렉시트	37
의혹	37
검토	36
기업	36
다저스	36
대응	36
모바일	36
미세먼지	36
발사	36
선정	36
유럽	36
제주	36
총선	36
함께	36
회장	36
대선	35
시위	35
언론	35
출전	35
1분기	34
2분기	34
남북	34
내	34
부산	34
성공	34
오후	34
우승	34
피해	34
대상	33
제재	33
가장	32
반대	32
사장	32
앞두고	32
역대	32
영상	32
있다	32
준비	32
지지	32
협력	32
sk텔레콤	31
못	31
촉구	31
큰	31
확정	31
기술	30
낮	30
두	30
문제	30
삼성전자	30
선발	30
위기	30
인도	30
추신수	30
투자	30
행사	30
화웨이	30
kbs	29
n	29
대만	29
예상	29
프로배구	29
경찰	28
국민	28
날씨	28
놓고	28
눈	28
대비	28
두산	28
미래부	28
보도	28
수사	28
시진핑	28
없다	28
전북	28
주요	28
최지만	28
출신	28
카카오	28
프로축구	28
경제	27
계속	27
기대	27
날	27
대표팀	27
더민주	27
독일	27
매체	27
발견	27
베네수엘라	27
베트남	27
사업	27
신임	27
여성	27
요구	27
운영	27
최초	27
폭발	27
db	26
가능	26
갤럭시	26
공모	26
맞아	26
멕시코	26
모든	26
배구	26
사상	26
시	26
인터넷	26
일	26
지속	26
프랑스	26
필요	26
회동	26
2위	25
3분기	25
모집	25
실적	25
에	25
영향	25
위협	25
유엔	25
평양정상회담	25
해제	25
2년	24
2명	24
mvp	24
가입자	24
관광객	24
광주	24
때	24
목표가	24
방통위	24
비판	24
사태	24
선두	24
오바마	24
이탈리아	24
인천	24
일부	24
제공	24
중단	24
최소	24
충북	24
한은	24
해	24
4월	23
강정호	23
개시	23
갤럭시s8	23
금리	23
대구	23
뒤	23
롯데	23
목표	23
성장	23
앞둔	23
앱	23
연장	23
우리	23
이후	23
인기	23
인상	23
조국	23
참가	23
충돌	23
통화	23
패배	23
환율	23
5월	22
kbo	22
간담회	22
강세	22
개선	22
검찰	22
경고	22
계획	22
공연	22
달	22
대한항공	22
브라질	22
사드	22
시대	22
아베	22
아파트	22
울산	22
원내대표	22
이벤트	22
정상회담	22
착수	22
최다	22
출발	22
출범	22
특검	22
플랫폼	22
7월	21
is	21
lg유플러스	21
고객	21
글로벌	21
금감원	21
급증	21
대결	21
도전	21
리비아	21
맨유	21
무안타	21
미군	21
발언	21
방송	21
불참	21
상대	21
상반기	21
수상	21
애플	21
예고	21
원달러	21
유력	21
이라크	21
인수	21
전쟁	21
정상	21
조사	21
종료	21
주장	21
축제	21
콘텐츠	21
탈출	21
팀	21
페이스북	21
평균	21
푸틴	21
한반도	21
혐의	21
협상	21
후보	21
mou	20
개통	20
남북정상회담	20
복귀	20
스마트	20
실패	20
아시아	20
없는	20
여자농구	20
영입	20
완파	20
요청	20
증시	20
참여	20
프로야구	20
후보자	20
강원	19
경북	19
공급계약	19
구축	19
기념	19
난민	19
넘어	19
단독	19
당	19
마련	19
무료	19
반군	19
법원	19
봄	19
부동산	19
비난	19
사실상	19
선거	19
설립	19
수도	19
아냐	19
안돼	19
어떻게	19
여자배구	19
역사	19
역전승	19
위반	19
정책	19
주의	19
지역	19
체결	19
출간	19
출마	19
코스닥	19
하루	19
해결	19
현대캐피탈	19
회담	19
효과	19
힘	19
11월	18
kia	18
겨냥	18
공식	18
구단	18
규제	18
규탄	18
김동연	18
넥센	18
뉴스	18
늘어	18
대화	18
데이터	18
로	18
마지막	18
많이	18
매출	18
모두	18
문재인	18
북미	18
비핵화	18
신고	18
아이폰	18
아프리카	18
압박	18
에르도안	18
연휴	18
오픈	18
완승	18
외무	18
유조선	18
이어	18
이총리	18
작가	18
잘	18
재개	18
제압	18
제출	18
조성	18
차기	18
찾은	18
탑재	18
통과	18
펀드	18
핵합의	18
회의	18
26일	17
3명	17
3연승	17
4년	17
mwc	17
nc	17
po	17
sns돋보기	17
tv	17
가을	17
가입	17
강조	17
게임	17
경남	17
교체	17
기능	17
네타냐후	17
다른	17
반발	17
상용화	17
수원	17
수주	17
시동	17
씽큐	17
영국	17
이해찬	17
인공지능	17
제한	17
조기	17
지난해	17
지도부	17
첫날	17
축구대표팀	17
테러	17
통산	17
한국전력	17
한미	17
핵실험	17
활용	17
휴대전화	17
힐러리	17
10년	16
1명	16
3월	16
4차	16
5명	16
uae	16
vr	16
갈등	16
강한	16
개성공단	16
개혁	16
경쟁	16
과기부	16
국민의당	16
기부	16
길	16
대	16
대출	16
먼저	16
미중	16
비상	16
상장	16
설	16
안철수	16
온	16
올라	16
완료	16
의원	16
이야기	16
전환	16
절반	16
제외	16
진행	16
질주	16
집중	16
추정	16
축구	16
출격	16
취소	16
클라우드	16
토트넘	16
통일부	16
평화	16
할인	16
확인	16
4분기	15
fa	15
가격	15
같은	15
개인	15
거부	15
공급	15
공방	15
관심	15
국방부	15
귀국	15
기회	15
남자배구	15
내가	15
내일날씨	15
달러	15
대회	15
만의	15
발간	15
버스	15
북적	15
사용	15
선언	15
수도권	15
수준	15
신청	15
아닌	15
연구	15
영화	15
예약판매	15
왜	15
위원장	15
이집트	15
일자리	15
일정	15
자동차	15
장비	15
전문가	15
정권	15
정보	15
주목	15
주의보	15
중동	15
청와대	15
최순실	15
캐나다	15
폼페이오	15
한화	15
핵	15
훈련	15
10월	14
3년	14
g6	14
mbc	14
ok저축은행	14
v30	14
간	14
개소	14
개헌	14
겨울	14
결승	14
곳곳	14
공모전	14
광고	14
국가	14
긴장	14
다음	14
돌아온	14
마감	14
미국의	14
발목	14
벌써	14
변화	14
북	14
북핵	14
사건	14
세월호	14
수단	14
수출	14
스페인	14
시행	14
실시	14
쓴	14
안전	14
않아	14
어린이	14
업무협약	14
없이	14
연	14
연기	14
예멘	14
우리은행	14
유출	14
의회	14
이	14
이낙연	14
이번엔	14
이틀째	14
잇단	14
있는	14
직원	14
참석	14
참석한	14
처리	14
청문회	14
최저	14
취득	14
키움증권	14
평창올림픽	14
합류	14
항의	14
허용	14
호주	14
확보	14
20대	13
8일	13
9월	13
d1	13
ict	13
iot	13
개편	13
경기도	13
경선	13
공화	13
국제	13
그리스	13
끝	13
다	13
대신	13
대체로	13
도로공사	13
동시	13
된	13
될	13
랜섬웨어	13
맞대결	13
매각	13
면담	13
미래	13
반도체	13
베스트셀러	13
변경	13
본격화	13
부총리	13
불법	13
상대로	13
선	13
승	13
시범경기	13
시위대	13
신한금투	13
실종	13
약세	13
어떤	13
연내	13
열기	13
예선	13
예정	13
오신환	13
올	13
요금제	13
육성	13
인터뷰	13
있어	13
자금	13
잔류	13
장중	13
적용	13
전달	13
전문	13
점유율	13
정규리그	13
제임스	13
제작	13
주민	13
징계	13
차	13
출근길	13
탄도미사일	13
텍사스	13
통신	13
투입	13
평양	13
평창	13
한국인	13
혁신	13
혜택	13
황교안	13
회복	13
흥국생명	13
15일	12
2배	12
3당	12
3사	12
4연승	12
4일	12
5년	12
7이닝	12
8월	12
9일	12
ag	12
lte	12
nh투자	12
가빈	12
강력	12
거래	12
과기정통부	12
관광	12
구성	12
금지	12
급등	12
기념식	12
기록	12
기반	12
달성	12
대북	12
대신증권	12
대책	12
대통령과	12
대표단	12
드론	12
디지털	12
메시지	12
무실점	12
민주당	12
박지수	12
밤	12
보수	12
본격	12
부진	12
사과	12
삼성증권	12
삼성화재	12
새로운	12
새해	12
선물	12
선수단	12
선임	12
세미나	12
소송	12
소재	12
승인	12
신규	12
신설	12
아니다	12
야권	12
언급	12
여부	12
여사	12
연정	12
열려	12
영업손실	12
올해의	12
우수	12
위클리	12
이미지	12
이제	12
이통	12
이통사	12
이행	12
입국	12
잇따라	12
전남	12
전대	12
점검	12
존슨	12
종합	12
주식	12
지방선거	12
지정	12
지지율	12
차단	12
책임	12
철수	12
체포	12
축소	12
쿠르드	12
클리블랜드	12
타율	12
탈환	12
통해	12
투수	12
파업	12
폐지	12
폭염	12
필리핀	12
하원	12
한일	12
할	12
행진	12
현대모비스	12
현대차	12
호날두	12
화재	12
활성화	12
황총리	12
1년	11
28일	11
3개	11
3경기	11
4강	11
5년간	11
5연승	11
5일	11
gs칼텍스	11
k리그	11
v리그	11
가동	11
개장	11
갤s8	11
갤노트8	11
결과	11
곧	11
교수	11
급락	11
나누는	11
남북정상	11
내주	11
네이마르	11
노력	11
논란에	11
눈길	11
당국	11
대승	11
대한민국	11
도약	11
도착	11
돌풍	11
떠난	11
막판	11
만나는	11
메시	11
박지원	11
방심위	11
배터리	11
본회의	11
볼턴	11
북미정상회담	11
사용자	11
상황	11
새로	11
서	11
시도	11
시인	11
아마존	11
아이폰x	11
아침	11
알뜰폰	11
압수수색	11
여름	11
여전히	11
영업이익	11
오전	11
우리카드	11
워싱턴	11
워크숍	11
유치	11
유튜브	11
은행	11
이닝	11
이틀	11
인하	11
입장	11
자사주	11
작년보다	11
조선	11
좋은	11
중국서	11
청년	11
초	11
초청	11
최강	11
추락	11
추천	11
취임	11
카메라	11
캠페인	11
탄핵	11
태국	11
태풍	11
토론토	11
통일	11
통합	11
투표	11
패스트트랙	11
폐쇄	11
포럼	11
포함	11
협의	11
흐리고	11
11일	10
13일	10
16강	10
16일	10
2020년	10
2차	10
3일	10
4명	10
cj	10
fifa	10
kb증권	10
rd	10
가족	10
개방	10
개입	10
갤럭시s9	10
거래소	10
건설	10
골든스테이트	10
공공기관	10
공무원	10
과학기술	10
교황	10
구조	10
군	10
극우	10
기온	10
기자	10
김연경	10
김정숙	10
나경원	10
남부	10
네트워크	10
대규모	10
대전	10
데뷔	10
돌입	10
동영상	10
득점	10
따라	10
뚝	10
레알	10
마케팅	10
만남	10
만든다	10
맑고	10
매우	10
무대	10
바람	10
박차	10
박항서	10
발행	10
배치	10
베이징	10
본다	10
분야	10
분양	10
사고	10
사망종합	10
살해	10
석방	10
선보여	10
설치	10
숨져	10
심사	10
악화	10
않을	10
앞으로	10
얘기	10
여자축구	10
영하	10
예산	10
오스트리아	10
올스타	10
완화	10
요금	10
우병우	10
우크라	10
위험	10
유상증자	10
유영민	10
유지	10
의	10
이달	10
이르면	10
이승우	10
이유는	10
인근	10
인사	10
인삼공사	10
임명	10
임종석	10
적극	10
적자	10
전시	10
전역	10
정치적	10
제안	10
제휴	10
조짐	10
지도자	10
집권	10
집회	10
차세대	10
찾아	10
책	10
청소년	10
최고기온	10
최근	10
카드	10
콘서트	10
탬파베이	10
토론회	10
팬	10
프로그램	10
하는	10
하반기	10
해야	10
헝가리	10
현장	10
협약	10
홈	10
환영	10
희망	10
10대	9
14일	9
1승	9
1실점	9
22일	9
2연승	9
30년	9
30일	9
7일	9
epl	9
g7	9
it	9
kbo리그	9
kb금융	9
rfa	9
wnba	9
가자지구	9
개인정보	9
갤럭시s10	9
거리	9
건물	9
검색	9
경매	9
골프	9
공동	9
공습	9
과총	9
관계	9
교육	9
구름	9
국토부	9
그	9
기관	9
김무성	9
끝에	9
남중국해	9
네덜란드	9
누가	9
누구	9
당대회	9
대국	9
대폭	9
도발	9
도심	9
동반	9
동부	9
둔화	9
라바리니	9
만난	9
말	9
맞는	9
맨시티	9
명	9
및	9
바르사	9
바른미래	9
박근혜	9
반정부	9
받은	9
방안	9
벌금	9
법안	9
벤투호	9
보안	9
보유	9
부인	9
부품	9
불	9
불가피	9
불펜	9
블랙리스트	9
블록체인	9
사진	9
사퇴	9
사흘째	9
삭제	9
산불	9
산체스	9
새누리	9
성과	9
세	9
세기의	9
소식에	9
소집	9
순방	9
순익	9
시사	9
신기록	9
신인	9
신태용호	9
실험	9
아이폰8	9
아직	9
야당	9
여객기	9
연말	9
열린	9
예약	9
오승환	9
오찬	9
온라인	9
우리는	9
운항	9
위안부	9
유승민	9
이용	9
이용자	9
이적	9
인스타그램	9
인정	9
전자랜드	9
젊은	9
접수	9
제주도	9
조치	9
주춤	9
중요	9
직접	9
체험	9
초읽기	9
총격	9
최초로	9
추경	9
추석	9
카슈끄지	9
커져	9
코치	9
콘퍼런스	9
트럼프와	9
파견	9
팔레스타인	9
페스티벌	9
피서객	9
하나	9
하나금투	9
한국의	9
해소	9
해임	9
해체	9
현대건설	9
활동	9
휴스턴	9
희생자	9
12월	8
18일	8
19일	8
27일	8
2부	8
2연패	8
4연패	8
5경기	8
5위	8
a매치	8
ktx	8
p	8
sbs	8
가짜뉴스	8
갈	8
감사	8
강릉	8
강풍	8
개설	8
개헌안	8
갤노트9	8
거포	8
격돌	8
견제	8
결의안	8
결장	8
경쟁력	8
계열사	8
고민	8
고소	8
골	8
공간	8
공백	8
공항	8
관리	8
구매	8
구자철	8
국민은행	8
금투협	8
기승	8
기자회견	8
깜짝	8
꿈	8
나들이	8
나선다	8
나온다	8
남북관계	8
남은	8
남자농구	8
내년부터	8
내일부터	8
내전	8
내정	8
노조	8
농구	8
뉴욕	8
다음달	8
단	8
단백질	8
대피	8
더위	8
드라마	8
드루킹	8
들어	8
디스플레이	8
뛴다	8
로봇	8
마두로	8
마드리드	8
마을	8
마음	8
마크롱	8
많아	8
많은	8
목표주가	8
몰려	8
무릎	8
문화	8
물	8
뮤지컬	8
미국이	8
민간인	8
바다	8
박병호	8
박원순	8
밝혀	8
방북	8
번째	8
법	8
벚꽃	8
별세	8
보고	8
보복	8
부사장	8
부활	8
북부	8
분위기	8
비용	8
빨리	8
생산	8
생중계	8
샤오미	8
서울시	8
석유시설	8
선박	8
선수들	8
선택	8
선포	8
성능	8
성추행	8
세상	8
소상공인	8
속도	8
손석희	8
수장	8
쉽게	8
스웨덴	8
시간	8
시리아서	8
신한은행	8
심상정	8
싶다	8
아들	8
아프간	8
안보리	8
안정	8
안해	8
어느	8
억류	8
언론노조	8
역할	8
연결	8
열어	8
영하권	8
옛	8
오세요	8
오존주의보	8
웹툰	8
유니폼	8
유럽의회	8
유명산	8
의무화	8
의장	8
이동통신	8
이란이	8
이름	8
이사	8
이유	8
이전	8
이정현	8
인사하는	8
일교차	8
일지	8
자제	8
자체	8
재건축	8
전반기	8
전투기	8
조명균	8
조심	8
주권	8
주당	8
주택	8
즉각	8
즐기세요	8
즐라탄	8
증거	8
지분	8
지시	8
진전	8
차량	8
참배	8
참석하는	8
창립	8
챔프전	8
처음	8
총	8
총재	8
최고의	8
최고지도자	8
최악	8
최하위	8
침묵	8
카드뉴스	8
클린턴	8
탓	8
퇴장	8
트럼프가	8
트럼프에	8
트위터	8
판결	8
판문점	8
평가	8
포근한	8
폭탄	8
프로젝트	8
한파	8
합병	8
해법	8
해수욕장	8
핵심	8
행동	8
현지	8
호르무즈	8
호실적	8
호우주의보	8
확산	8
활약	8
획득	8
휴대폰	8
100주년	7
10명	7
10일	7
1월	7
1인	7
1호	7
2019년	7
20일	7
25일	7
2경기	7
2실점	7
2주	7
3년간	7
3위	7
4타수	7
5개	7
5연패	7
6개월	7
6명	7
6월	7
7개	7
7년	7
8명	7
9회	7
ar	7
fc바르셀로나	7
kbl	7
kb손보	7
kcc	7
slbm	7
tv토론	7
v50	7
ytn	7
가는	7
가상화폐	7
가속	7
간다	7
개막전	7
개막전서	7
갤노트7	7
거듭	7
거짓말	7
걱정	7
건	7
것종합	7
경기서	7
고발	7
고속도로	7
고조	7
공략	7
공모가	7
공유	7
공장	7
공정위	7
관람	7
관세	7
광복절	7
국경	7
국립현대미술관	7
국무부	7
국방	7
국방장관	7
국왕	7
국정원	7
금감원장	7
금리인상	7
금융시장	7
기간	7
기대감에	7
기원	7
김광현	7
김태형	7
끝내기	7
나	7
나쁨	7
나토	7
나흘째	7
내한공연	7
낸	7
넘는	7
노선	7
논의종합	7
단말기	7
달라	7
당정	7
당정청	7
대거	7
대미	7
대북제재	7
대사	7
대설주의보	7
대치	7
대학생	7
도움	7
독재자	7
돈	7
동해안	7
등에	7
떠나는	7
뜨거운	7
라인	7
리그	7
리선권	7
마치고	7
막말	7
말하는	7
맞춤형	7
매수	7
매직	7
메르켈	7
메이저리그	7
모델	7
목적	7
못해	7
무더위	7
무역협상	7
미국서	7
바이오	7
반등	7
받아	7
발급	7
발생	7
발전	7
배	7
배제	7
백두산	7
백악관	7
법무부	7
법무장관	7
보험	7
부담	7
부상종합	7
부족	7
북한날씨	7
분석	7
분열	7
붕괴	7
빅데이터	7
빠진	7
사람	7
사랑	7
사업자	7
사의	7
사이버	7
사이영상	7
사전	7
사회적	7
산업혁명	7
상품	7
서명	7
서정원	7
선거제	7
선관위	7
선출	7
성장률	7
성폭력	7
세종	7
센터	7
소설	7
소폭	7
송인서적	7
송환	7
수용	7
수익성	7
스마트워치	7
스위스	7
스캔들	7
스타	7
스타트업	7
시민들	7
시범	7
시설	7
시총	7
신속	7
신제품	7
실시간	7
실제	7
심각	7
싱가포르	7
쓰고	7
아시안컵	7
아이	7
아이디어	7
악수하는	7
악재	7
안개	7
안보	7
않는	7
야구	7
얼마나	7
업계	7
여당	7
여자	7
역전	7
연루	7
연봉	7
연일	7
영향력	7
예스24	7
오페라	7
오후부터	7
온다	7
올스타전	7
올해도	7
와	7
완패	7
외교장관	7
외인	7
운행	7
울고	7
원인	7
유입	7
윤상현	7
이익	7
이인영	7
이재영	7
이주민	7
이탈	7
인니	7
인명피해	7
인사말하는	7
인터넷진흥원	7
일대일로	7
일본서	7
일본인	7
임박	7
입장하는	7
자신감	7
작전	7
작품	7
장	7
재확인	7
적발	7
전국에	7
전기차	7
전략	7
전용	7
정당	7
정의용	7
정진석	7
제기	7
제주권	7
제치고	7
종업원	7
주가	7
주둔	7
주력	7
주장에	7
주파수	7
줄	7
중국에	7
중국인	7
중남미	7
증시신상품	7
지급	7
지중해	7
진입	7
진화	7
집권당	7
징역	7
창출	7
체제	7
총력전	7
최대주주	7
최저임금	7
최종구	7
추미애	7
출국	7
캠프	7
쿠바	7
탈당	7
통일농구	7
통제	7
통한	7
트라이아웃	7
판문점선언	7
평점	7
폴드	7
폴란드	7
피해자	7
한때	7
한자리에	7
한진해운	7
한파에	7
항공기	7
해외	7
핵무기	7
향하는	7
현대	7
현대증권	7
현재	7
혐의로	7
홍영표	7
홍용표	7
황의조	7
회견	7
휴전	7
100만	6
11명	6
1위는	6
1일	6
1차	6
23일	6
24일	6
29일	6
2시	6
2월	6
2일	6
3번째	6
3점포	6
3타수	6
4위	6
5도	6
5차	6
6년	6
6연패	6
70주년	6
7명	6
a	6
bbc	6
ebs	6
els	6
fa컵	6
gdp	6
gs건설	6
kaist	6
kb손해보험	6
kist	6
ktb투자	6
la	6
ma	6
nhn엔터	6
pc	6
s400	6
sw	6
vnl	6
vod	6
가능성종합	6
가지	6
가치	6
갑질	6
강행	6
강화해야	6
개정	6
갤노트10	6
격차	6
격파	6
결국	6
결의	6
경기북부	6
경영진	6
경험	6
고지	6
공론화	6
공약	6
과	6
과제	6
과태료	6
관계자	6
교환	6
구금	6
구속	6
국민의	6
국정지지도	6
국제유가	6
국회법	6
군인	6
권창훈	6
귀환	6
그래도	6
그쳐	6
금융사	6
기업들	6
기후변화	6
김기식	6
김종인	6
꼴찌	6
나란히	6
나서	6
나선	6
나와	6
난항	6
낮부터	6
내린	6
노동자	6
눈앞	6
뉴질랜드	6
늘린다	6
다룬	6
다양한	6
단일팀	6
달라진	6
당대표	6
당부	6
당선	6
대기	6
대대적	6
대부분	6
대우조선	6
대체	6
대형	6
덕에	6
도시	6
도종환	6
도쿄올림픽	6
독립	6
될까	6
두번째	6
등록	6
등장	6
등판	6
따른	6
때문	6
때문에	6
뜬다	6
랩	6
레바논	6
레스터시티	6
류중일	6
만날	6
말라	6
말컹	6
맑음	6
매도에	6
맹공	6
몰린	6
무산	6
무소속	6
무수단	6
무역전쟁	6
무죄	6
민심	6
반드시	6
반박	6
반영	6
방문한	6
방중	6
배후	6
법정관리	6
보는	6
보스턴	6
복원	6
본	6
본선	6
부동산캘린더	6
부산서	6
부상으로	6
부정	6
북미회담	6
불과	6
불발	6
비리	6
비행	6
사람이	6
사망자	6
사무총장	6
사전예약	6
사진전	6
사흘	6
산업	6
상생	6
샌더스	6
생각	6
생태계	6
선고	6
성남	6
소리	6
소설집	6
속속	6
속출	6
손	6
손잡고	6
수감자	6
수비	6
수상자	6
수익률	6
순유출	6
슈퍼화요일	6
스팸	6
스피커	6
시기	6
시스템	6
시신	6
신중	6
신형	6
심의	6
심재철	6
심판	6
싸움	6
싹쓸이	6
아니라	6
아름다운	6
아스널	6
아이들	6
아파트값	6
아프리카tv	6
않은	6
앞세운	6
약	6
양키스	6
어려워	6
언제	6
연계	6
연승	6
연합뉴스	6
열대야	6
열린다	6
열흘	6
옷	6
요구에	6
우라늄	6
우려에	6
우선	6
원	6
원유	6
원정	6
위기의	6
유원지	6
유커	6
육박	6
은퇴	6
음악	6
의견	6
이달의	6
이란에	6
이미	6
이사장	6
이통3사	6
인구	6
인증	6
인프라	6
일시	6
임명장	6
입단	6
자국	6
자영업자	6
잘못	6
잠수함	6
잠정	6
장학금	6
장현수	6
재산	6
전광인	6
전략적	6
전파	6
점	6
접근	6
정국	6
정동영	6
정상화	6
정식	6
정운찬	6
정의	6
정의당	6
제대로	6
제도	6
제조장비	6
제한적	6
조명	6
조작	6
조회공시	6
주도	6
주문	6
주식형	6
줄줄이	6
중고폰	6
중부	6
중소기업	6
지도	6
지동원	6
지원금	6
차별	6
차이잉원	6
차질	6
참가자	6
참사	6
채널	6
철군	6
철회	6
초미세먼지	6
촉각	6
촛불	6
최정	6
최태웅	6
추경안	6
추모	6
추위	6
출석	6
출판계	6
충남	6
충청권	6
카타르	6
커	6
코리아	6
타이스	6
터키군	6
테러방지법	6
통신비	6
퇴진	6
퇴출	6
투자전략	6
파키스탄	6
파편	6
평가전	6
평화의	6
폐막	6
포르투갈	6
포인트	6
포털	6
폭력	6
폭염특보	6
표준	6
표현	6
풀세트	6
플러스	6
피습	6
핀테크	6
하나은행	6
학교	6
한국거래소	6
한국형	6
한다	6
한류	6
한미일	6
한투증권	6
해군	6
행보	6
허가	6
헤인즈	6
혁명수비대	6
현대상선	6
호남권	6
호소	6
혼란	6
홍준표	6
홍콩시위	6
화면	6
확장	6
활짝	6
황창규	6
회장에	6
후끈	6
후반	6
휴가	6
휴식	6
휴일	6
흥행	6
100만원	5
11개	5
12년	5
12년만에	5
12명	5
12일	5
13개	5
13명	5
15명	5
1등	5
1순위	5
1심	5
1주년	5
1차전서	5
1천	5
1천명	5
2022년	5
20년	5
2개	5
2골	5
2대	5
2배로	5
2승	5
2타수	5
3국	5
3도	5
3루타	5
3종	5
3파전	5
4개	5
4번째	5
5이닝	5
6일	5
7연패	5
8강	5
8개	5
afc	5
ceo	5
ecb	5
era	5
f35	5
g20	5
kb	5
kbs사장	5
kgc인삼공사	5
lg페이	5
lh	5
nl	5
nyt	5
ok	5
sns	5
v40	5
wti	5
가	5
가결	5
감독의	5
감시	5
강력한	5
강백호	5
강원랜드	5
강추위	5
강타한	5
개념	5
거점	5
검거	5
검증	5
것은	5
게	5
격려	5
격려하는	5
격추	5
결론	5
결별	5
결제	5
결항	5
경계	5
경기장	5
경보	5
경제정책	5
경주	5
경찰에	5
경품	5
계정	5
고객에	5
고비	5
고위급	5
곳곳에	5
공	5
공동성명	5
공사	5
공시	5
공시지원금	5
공영방송	5
공조	5
공화당	5
과시	5
과이도	5
과징금	5
관중	5
관훈클럽	5
구조조정	5
국감현장	5
국고채	5
국무장관	5
국민연금	5
군벌	5
그리즈만	5
금융위	5
금융위원장	5
금주	5
급감	5
급물살	5
긍정적	5
기각	5
기대에	5
기성용	5
기아차	5
기업에	5
기적	5
기준	5
기지국	5
김관영	5
김문수	5
김민재	5
김부겸	5
김성태	5
김영철	5
김학범	5
김학범호	5
꽁꽁	5
나는	5
나도	5
나라	5
남녀	5
남북통일농구	5
남성	5
남자	5
내릴	5
내외	5
노	5
노동당	5
노벨상	5
노인	5
논문	5
논의할	5
뇌	5
뉴욕서	5
니퍼트	5
다운로드	5
다큐	5
단속	5
단식	5
단축	5
단통법	5
담은	5
대관령	5
대기업	5
대북압박	5
대사관	5
대표와	5
대한	5
대행	5
댓글	5
데뷔전	5
데이	5
도주	5
독일서	5
독자	5
동남아	5
동료	5
동의	5
되는	5
두고	5
두바이	5
듣는	5
들썩	5
딛고	5
딸	5
때보다	5
떨어져	5
또는	5
뜻	5
라건아	5
라틀리프	5
랭킹	5
로버츠	5
루니	5
리스크	5
리용호	5
리우올림픽	5
막는다	5
만나	5
만난다	5
매일	5
맹비난	5
맹활약	5
메이	5
멤버십	5
명단	5
명품	5
모디	5
모리뉴	5
모색	5
몰래	5
몽골	5
무선	5
무인기	5
문체부	5
물든	5
미국인	5
미디어	5
미리	5
미정	5
민간	5
민생	5
바다로	5
박주호	5
박철우	5
반	5
반기문	5
반응	5
발	5
발굴	5
발대식	5
발령	5
발송	5
발언에	5
발언하는	5
발의	5
발포	5
발표종합	5
방러	5
방문에	5
방미	5
방송사	5
방한	5
배출	5
배틀그라운드	5
버튼	5
번역	5
법인	5
베테랑	5
변희재	5
보니	5
보류	5
보상	5
보이콧	5
본인	5
볼	5
부결	5
부대	5
부문	5
부진에	5
부채	5
부통령	5
북서부서	5
북중	5
불만	5
뷸러	5
비서	5
비전	5
비판에	5
사랑의	5
사령탑	5
사물인터넷	5
사실무근	5
사업화	5
사용량	5
사이트	5
산	5
산업생산	5
산지	5
삼성페이	5
삼성폰	5
삼성화재에	5
상륙	5
상원	5
상장사	5
새벽	5
생애	5
서방	5
서아프리카	5
서울서	5
서울시향	5
서훈	5
선거구	5
선거법	5
선언종합	5
선전포고	5
설명	5
설전	5
섬	5
성적	5
세계적	5
세터	5
셔저	5
소개	5
소나기	5
소니	5
소동	5
소설가	5
소식	5
소통	5
속보	5
손학규	5
솔루션	5
쇼핑	5
수립	5
수소	5
수소탄	5
수수료	5
수술	5
수요	5
수입	5
승용차	5
승자는	5
시리즈	5
시점	5
시집	5
신당	5
신문	5
신약	5
신작	5
신태용	5
심화	5
싶은	5
써보니	5
썼다	5
쓴다	5
아우크스	5
안전지대	5
않겠다	5
알제리	5
알파고	5
압축	5
앞	5
야	5
야간	5
어디로	5
어렵다	5
어산지	5
언론사	5
언론인	5
업데이트	5
업체	5
없어종합	5
엇갈린	5
에이스	5
에콰도르	5
에티오피아	5
여론조사	5
역사적	5
연간	5
연구비	5
연구자	5
연극	5
연대	5
연설	5
열풍	5
예보	5
예술의전당	5
옐리치	5
오는	5
오늘의	5
오리온	5
오만	5
오후에	5
와이브로	5
왕이	5
외교	5
요금할인	5
요청에	5
우상호	5
운전자	5
원샷법	5
원조	5
원칙	5
유감	5
유도	5
유소년	5
유전자	5
유포	5
응원	5
의사	5
의심	5
의지	5
이견	5
이끄는	5
이란과	5
이세돌	5
이어져	5
이적설	5
이효성	5
인간	5
인력	5
인식	5
일단	5
임기	5
임도헌	5
입찰	5
있게	5
있을까	5
자급제	5
자료	5
자유	5
잡고	5
잡는다	5
장마	5
장병철	5
장애	5
장애인	5
재계약	5
저하	5
전년	5
전년보다	5
전력	5
전복	5
전체	5
전환사채	5
절정	5
점령	5
접전	5
정	5
정치인	5
제	5
제거	5
제물로	5
제정	5
조	5
조금	5
조기총선	5
조처	5
주	5
주간	5
주재	5
중단하라	5
중단해야	5
중심	5
중요한	5
중인	5
중저가폰	5
증가세	5
증가종합	5
지구	5
지난달	5
지명	5
지상파	5
지연	5
지진	5
집값	5
찬성	5
창업	5
찾는	5
찾는다	5
채용	5
처분	5
청약	5
체감온도	5
체력	5
체험하는	5
초반	5
초여름	5
총리와	5
최기영	5
최룡해	5
최신	5
최양희	5
최종	5
추진종합	5
축구협회	5
축사하는	5
춘천	5
출고가	5
출전권	5
친박	5
친환경	5
침공	5
침해	5
캄보디아	5
켈리	5
콜롬비아	5
크루즈	5
크리에이터	5
클래식	5
클럽	5
타결	5
타고	5
탄	5
탈레반	5
태양광	5
택시	5
테스트	5
특별	5
특별한	5
파괴	5
파문	5
파울	5
팔꿈치	5
평양서	5
포기	5
포수	5
포스터	5
포스트	5
포켓몬	5
폭격	5
폭동	5
폭설	5
폭우로	5
폭행	5
표명	5
푸른	5
풀려	5
프란치스코	5
프로농구전망대	5
피격	5
피아니스트	5
피츠버그	5
하나금융	5
학생	5
학생들	5
한국어	5
한국여자배구	5
한국은	5
한국전	5
한목소리	5
한전	5
한정	5
한중	5
한파경보	5
항로	5
항모	5
해상서	5
해킹	5
해트트릭	5
행정부	5
향한	5
헌재	5
헬기	5
혁명	5
현	5
현금배당	5
협박	5
호텔	5
화이트	5
화재로	5
환경	5
후보에	5
훼손	5
흡수합병	5
100년	4
100명	4
10승	4
12개	4
16년	4
16명	4
18세	4
1군	4
1년만에	4
1보	4
1볼넷	4
1안타	4
1억원	4
1이닝	4
1인당	4
1조원	4
1차전	4
1천억원	4
2018년	4
2018러시아월드컵	4
20만명	4
20일부터	4
25점	4
26점	4
2군	4
2기	4
2루타	4
2차대전	4
30대	4
30도	4
3개월	4
3년물	4
3승	4
3실점	4
3월의	4
3점슛	4
4경기	4
4차산업혁명	4
4호	4
5g로	4
5g망	4
5년내	4
5대	4
5배	4
5천만원	4
6강	4
6개	4
6경기	4
6도	4
6번째	4
6이닝	4
7도	4
8년	4
8연승	4
8위	4
9개	4
9도	4
ai스피커	4
b컷	4
cctv	4
em	4
fc서울	4
fomc	4
fta	4
gm	4
iaea	4
iptv	4
keb하나은행	4
kisa	4
kovo컵	4
k리그1	4
mlb닷컴	4
nh투자증권	4
ps	4
skb	4
sk브로드밴드	4
sk증권	4
tf	4
t맵	4
u18	4
u20월드컵	4
u23	4
ucl	4
가계대출	4
가능할까	4
가닥	4
가상현실	4
가야	4
가을야구	4
각국	4
간부	4
간판	4
갇힌	4
감독과	4
감독대행	4
감사원	4
강경화	4
강남	4
강등	4
강원fc	4
강원권	4
강원도	4
강타	4
개발에	4
개인전	4
개인정보보호	4
개정안	4
거론	4
거절	4
거취	4
걸프	4
검사	4
겨냥한	4
격화	4
결성	4
결승골	4
경고종합	4
경영	4
경유	4
경제성장률	4
경찰관	4
계기	4
계약금	4
고	4
고대영	4
고동진	4
고려	4
고성장	4
고전	4
골키퍼	4
곳	4
곳에	4
공격수	4
공연장	4
공인	4
과반	4
과잉	4
과정	4
관건	4
관측	4
교육과정	4
교통사고	4
구글플레이	4
구호	4
국가대표팀	4
국립공원	4
국립오페라단장	4
국면	4
국민께	4
국민단합	4
국빈방문	4
국적	4
국회의원	4
군부	4
규정	4
그림	4
극	4
극장골	4
극적인	4
금융	4
급부상	4
기가	4
기구	4
기념촬영하는	4
기념행사	4
기대감	4
기본료	4
기사	4
기소	4
기술로	4
기업은행	4
기업인	4
기자들	4
기준금리	4
기쿠치	4
기획전	4
긴급	4
김영란법	4
김위원장	4
김종민	4
김현미	4
깊은	4
껑충	4
나경복	4
나올까	4
나왔다	4
난민구조선	4
날개	4
남부지방	4
남아공	4
남자부	4
남쪽	4
납부	4
낮기온	4
낮아	4
내륙	4
내한	4
내홍	4
너무	4
넘겨	4
넘었다	4
넷플릭스	4
노린다	4
노출	4
노트북	4
높은	4
누락	4
누리꾼	4
눈물	4
닛산	4
다수	4
다툼	4
단기	4
단장	4
단체	4
단풍	4
달간	4
당론	4
대북정책	4
대선후보	4
대우건설	4
대처	4
대타	4
대타로	4
대통령여야	4
대통령이	4
대표에	4
대표이사	4
더비	4
더욱	4
덜미	4
데	4
데얀	4
도	4
도발시	4
도전장	4
도착한	4
독려	4
동	4
동장군	4
동참	4
되나	4
된다	4
두바이유	4
뒤집기	4
듀랜트	4
들고	4
듯종합	4
등과	4
디자인	4
딜라이브	4
때리기	4
떠나요	4
라가르드	4
라디오	4
라이벌	4
런던	4
류현진의	4
마무리	4
마스크	4
마친	4
막힌	4
만났다	4
만든	4
만족	4
말까지	4
말레이시아	4
말리서	4
매력	4
매입	4
먹구름	4
멀티골	4
모	4
모레	4
모스크바	4
모자	4
목소리	4
몸값	4
못한	4
무역	4
문학	4
뮬러	4
미국과	4
미국에	4
미네소타	4
미래에셋대우	4
미소	4
미얀마	4
미친	4
미투	4
미흡	4
민정수석	4
민정수석과	4
민주주의	4
민주콩고서	4
밀양	4
밀워키	4
바르셀로나	4
바시르	4
박기원	4
박영수	4
박정아	4
박주민	4
박지성	4
박찬호	4
박항서호	4
반가운	4
반값	4
반전	4
발족	4
발표하는	4
밝혀야	4
밤부터	4
방법	4
방북단	4
방식	4
방일	4
방점	4
방침	4
방통위원장	4
방향	4
배구단	4
배구연맹	4
배정	4
범죄	4
법정에	4
베로나	4
베이징서	4
벤투	4
벨기에	4
변수	4
변신	4
변신한	4
별	4
병원	4
보다	4
보러	4
보석	4
보잉	4
보조금	4
복구	4
본사	4
볼넷으로	4
봇물	4
봉사활동	4
부각	4
부당	4
부도	4
부영	4
부정적	4
부패	4
부회장	4
북한식당	4
분당	4
분데스리가	4
분양시장	4
불꽃놀이	4
불발탄	4
불복	4
불허	4
불확실성	4
비결	4
비공개	4
비대위	4
비예나	4
비중	4
빈	4
뽑은	4
뿐	4
사나이	4
사냥	4
사는	4
사람중심	4
사령관	4
사무실	4
사임	4
사칭	4
사표	4
사회	4
산다	4
산은	4
삶	4
삶의	4
삼성sds	4
삼성물산	4
삼성생명	4
삼성은	4
삼성전기	4
상시	4
상하이	4
색	4
샌안토니오	4
샌프란시스코	4
생일	4
서울시당	4
선동열	4
선발로	4
선보인다	4
선전	4
선착	4
성명	4
성범죄	4
성장동력	4
성토	4
소말리아	4
소방관	4
소비	4
소프트웨어	4
손혜원	4
솔릭	4
송영무	4
송파구	4
송환법	4
쇼트트랙	4
수렁	4
수소탄실험	4
수여	4
수익	4
수정	4
순항	4
숨	4
슈퍼스타	4
스튜디오드래곤	4
습격	4
승객	4
승선	4
시군	4
시상식	4
시선	4
시연	4
시위대에	4
시찰	4
시청	4
시청률	4
신뢰도	4
신부	4
신생아	4
신소재	4
신중하게	4
신한카드	4
실마리	4
실전	4
실질적	4
심포지엄	4
싶어	4
쑥쑥	4
아가메즈	4
아내	4
아동	4
아람코	4
아버지	4
아쉬운	4
아쉽다	4
아시아나	4
아웃	4
안드로이드	4
안종범	4
안타	4
않고	4
않다	4
알고	4
알려준다	4
알리는	4
알린다	4
앞에	4
양산	4
양효진	4
어나이	4
어디까지	4
어디서든	4
어려울	4
어선	4
언론의	4
엄마	4
업무	4
업무보고	4
없어도	4
없었다	4
에너지	4
에버랜드	4
엔씨소프트	4
엔진	4
엔트리	4
엘리엇	4
여객선	4
여러	4
여론	4
여소야대	4
여수	4
여왕	4
여자부	4
여자프로배구	4
역사를	4
역사의	4
역투	4
연구실	4
연극계	4
연말까지	4
연속골	4
연준	4
연합이매진	4
영토	4
예금	4
예비후보	4
예산안	4
오늘도	4
오늘부터	4
오늘은	4
온도	4
올랜도	4
올여름	4
올해는	4
옵션	4
와이파이	4
완간	4
완봉승	4
왕웨이중	4
외	4
외교관	4
외국	4
외무상	4
외신	4
용의	4
용의자	4
우리가	4
우크라이나	4
운명의	4
울상	4
원숭이	4
원전	4
월	4
웹사이트	4
위성	4
위원	4
위촉	4
위헌	4
유강남	4
유람선	4
유리	4
유예	4
유치전	4
윤덕여	4
윤석열	4
은	4
은성수	4
은행권	4
음바페	4
음주	4
의원들	4
이대호	4
이메일	4
이민자	4
이번	4
이번주	4
이사회	4
이사회서	4
이산가족	4
이상민	4
이상범	4
이색	4
이슈	4
이스라엘군	4
이승우는	4
이용찬	4
이재용	4
이정후	4
이주열	4
이치로	4
이해	4
인가	4
인권	4
인상에	4
인선	4
인재	4
인터넷은행	4
일본에	4
일제	4
일주일	4
임무	4
입김	4
입항	4
있을	4
자유한국당	4
자율주행	4
자율주행차	4
자전거	4
작렬	4
작업	4
잡기	4
잡는	4
장거리	4
장기화	4
장벽	4
장정석	4
장하성	4
재건	4
재선	4
재판	4
재활	4
저가	4
적자전환	4
전격	4
전기	4
전량	4
전면	4
전방위	4
전송	4
전원	4
전직	4
전하는	4
전훈	4
젊은층	4
접견	4
접속	4
접촉	4
정보보호	4
정부군	4
정지석	4
정치	4
정치권	4
제2	4
제동	4
제조업	4
제주공항	4
조언	4
조작설	4
조태룡	4
좌완	4
좌절	4
주시	4
주요국	4
주총	4
주최	4
주택시장	4
죽지	4
준비하는	4
줄인다	4
중국군	4
중점	4
즐긴다	4
증가율	4
증액	4
증오	4
증폭	4
지갑	4
지금	4
지난	4
지난주	4
지사	4
지원사업	4
지지도	4
지진에	4
지출	4
지하철	4
직격탄	4
직원들	4
직전	4
진격	4
진달래	4
진땀승	4
진영	4
진통	4
질문	4
짐바브웨	4
집	4
짧은	4
찍는	4
찜통더위	4
차관	4
차원	4
차지	4
참패	4
창과	4
찾았다	4
채	4
챔스리그	4
처벌	4
천정배	4
첫선	4
체계	4
체험존	4
첼시	4
초과	4
초대	4
초비상	4
초선	4
총기	4
총력	4
총리에	4
총영사관	4
총회	4
최	4
최고가	4
최대한	4
최소화	4
최장	4
최저치	4
추월	4
추이	4
추첨	4
출동	4
출범식	4
출시종합	4
출연	4
출장	4
출정식	4
충전	4
취약계층	4
취임후	4
취재진	4
측	4
측근	4
치열한	4
친이란	4
침몰	4
카메라뉴스	4
카카오페이	4
커지는	4
커진다	4
컨페드컵	4
클립	4
킹	4
타격	4
탐방	4
태극전사	4
태블릿	4
태블릿pc	4
태양전지	4
태영호	4
터키서	4
테러로	4
테임즈	4
테헤란	4
퇴임	4
투구	4
투런포	4
투표율	4
트럼프는	4
트레이드	4
트리플크라운	4
특별전	4
티켓	4
파나마	4
파다르	4
판	4
판매량	4
패럴림픽	4
퍼포먼스	4
펀드서	4
페루	4
펠리페	4
편집	4
평균자책점	4
평화와	4
평화협정	4
폐기	4
포체티노	4
포켓몬고	4
포항	4
폭로	4
폭풍	4
폰	4
표절	4
풀비전	4
품질	4
풍계리	4
풍랑	4
풍성	4
프로	4
프로모션	4
프리미엄	4
피살	4
필름	4
필요성	4
필요종합	4
하나투어	4
하늘	4
하면	4
하이투자	4
하퍼	4
하향	4
한강	4
한경연	4
한국기자협회	4
한국야구	4
한국전력에	4
한달	4
한라산	4
한미훈련	4
한일전	4
한중일	4
한진	4
한컴	4
합동	4
합의문	4
합의안	4
해지	4
해커	4
핵실험장	4
핵탄두	4
행선지	4
행위	4
향상	4
향연	4
향해	4
향후	4
현금	4
현대차증권	4
현실	4
현황	4
협력사	4
협상에	4
협치	4
형성	4
호남	4
호우	4
호조	4
호조에	4
호흡	4
홈런왕	4
홍남기	4
홍보	4
화려한	4
화장품	4
화천산천어축제	4
확대해야	4
확정종합	4
환불	4
환호	4
활주로	4
황사	4
황희찬	4
효율	4
후보들	4
후원	4
0원	3
100번째	3
100여명	3
10곳	3
10기가	3
10만	3
10만대	3
10만원	3
10배	3
10선	3
10여명	3
10주년	3
11시	3
11조	3
13년	3
13연승	3
14명	3
15점	3
17일	3
18개	3
18호	3
19대	3
19도	3
19명	3
1강	3
1골	3
1년새	3
1라운드	3
1만명	3
1부	3
1억	3
1조원대	3
1주일	3
1천만	3
1천만명	3
1천만원	3
1타점	3
200홈런	3
2012년	3
2016년	3
2017년	3
2022년까지	3
2080선	3
20명	3
21일	3
21일부터	3
22명	3
27개	3
27도	3
27일부터	3
28도	3
28일부터	3
29도	3
2년간	3
2라운드	3
2방	3
2안타	3
2연승종합	3
2점	3
2주간	3
2차전서	3
2차전지	3
30여명	3
30주년	3
31명	3
33도	3
35명	3
360도	3
39명	3
3건	3
3곳	3
3년만에	3
3대	3
3대3	3
3배	3
3억	3
3점	3
3차	3
3차례	3
3천t급	3
40년	3
40분	3
40주년	3
45점	3
4개국	3
4골	3
4년간	3
4도	3
4배	3
4시	3
4월부터	3
4척	3
500만명	3
50만	3
50명	3
50억원	3
50주년	3
52주	3
5g폰	3
5건	3
5만명	3
5번째	3
5선	3
5실점	3
5차전	3
5타수	3
6배	3
6시	3
6연승	3
6위	3
70년	3
70억원	3
75억원	3
75주년	3
7년간	3
7호	3
8개국	3
8도	3
8일만에	3
8조원	3
9명	3
as모나코	3
bgf리테일	3
ces	3
cj헬로	3
cj헬로비전	3
cns	3
dj	3
dji	3
dlf	3
dmz	3
e스포츠	3
f조	3
ibk기업은행	3
icbm	3
ifa	3
inf	3
ipo	3
kbs교향악단	3
kbs이사회	3
kdb생명	3
kovo	3
kt스카이라이프	3
k리그2	3
k팝	3
lg디스플레이	3
lg이노텍	3
lng	3
mb	3
ms	3
ott	3
pd수첩	3
psg	3
sc제일은행	3
si	3
sk텔링크	3
sk하이닉스	3
sns에	3
soil	3
uefa	3
url	3
u골프	3
u프로야구	3
v30s	3
voa	3
who	3
wp	3
wto	3
가고	3
가까이	3
가나	3
가면	3
가속화	3
가짜	3
가처분	3
각오	3
간편결제	3
감독상	3
감독에	3
감사의견	3
감상하세요	3
감소종합	3
감염	3
감자	3
강릉서	3
강보합	3
강세종합	3
강소휘	3
강연	3
강판	3
강풍주의보	3
강하게	3
강화종합	3
같다	3
개	3
개각	3
개국	3
개편안	3
개표	3
갤s9	3
갤러리	3
거부권	3
거예요	3
거쳐	3
걸	3
검찰총장	3
것도	3
것속보	3
것을	3
격상	3
겪은	3
견본주택	3
결정종합	3
결혼	3
겹쳐	3
경기남부	3
경례하는	3
경로	3
경신	3
경쟁서	3
경쟁자	3
경제난	3
경총	3
계곡	3
고개	3
고대	3
고려해야	3
고삐	3
고성능	3
고수	3
고심	3
고용부	3
고위	3
고은	3
고조종합	3
고화질	3
곤	3
골드번호	3
골란고원	3
골문	3
골절	3
곳곳서	3
공감	3
공개종합	3
공격에	3
공고	3
공군	3
공룡	3
공모에	3
공세	3
공수처	3
공습으로	3
공안	3
공작	3
공지영	3
공직자	3
공청회	3
과거	3
과르디올라	3
과학자	3
관계개선	3
관광지	3
관전	3
교도소	3
교도소서	3
교류전	3
교향곡	3
교회	3
구글의	3
구조선	3
구체적	3
국가비상사태	3
국감	3
국경서	3
국기	3
국기에	3
국내외	3
국내은행	3
국립국악원	3
국립극단	3
국무총리	3
국무회의	3
국민에	3
국민이	3
국민투표	3
국방위	3
국정	3
굳히기	3
권고	3
권순찬	3
권한	3
권한대행	3
귀순	3
규제개혁	3
그대로	3
그래핀	3
그룹	3
그만	3
극과	3
극단	3
극단주의	3
극동	3
극복	3
근무	3
금	3
금값	3
금강	3
금리인하	3
금융권	3
급파	3
긍정	3
기가인터넷	3
기대종합	3
기류	3
기무사	3
기분	3
기사회생	3
기술이전	3
기업과	3
기자재	3
기적의	3
기존	3
기획	3
길따라	3
김경수	3
김성식	3
김수영	3
김연철	3
김일성	3
김정남	3
김정일	3
김진표	3
김학용	3
김호철	3
꼭	3
꼽은	3
꿈의	3
나노스	3
나무	3
나서나	3
나오는	3
나온	3
나의	3
나이지리아	3
나치	3
낙찰	3
난	3
난색	3
난투극	3
날릴	3
날씨에	3
남북단일팀	3
남았다	3
남자대표팀	3
남편	3
납득할	3
납치문제	3
낳은	3
내각	3
내년까지	3
내부	3
내용	3
내주부터	3
낸다	3
낼	3
냉전	3
넘게	3
넘긴	3
넘을	3
넘을까	3
넷마블	3
노동	3
노딜	3
노르웨이	3
노린	3
논쟁	3
농협은행	3
높아	3
높이	3
높인다	3
누리호	3
눈독	3
뉴햄프셔	3
는	3
늘어종합	3
늘었다	3
늘었지만	3
늪	3
니스	3
다섯	3
다소	3
다짐	3
단계	3
달린	3
답변하는	3
당선인	3
당일	3
당한	3
대결서	3
대구서	3
대권	3
대도시	3
대동여지도	3
대량	3
대륙	3
대박	3
대법관	3
대법원장	3
대북확성기	3
대비태세	3
대산문화재단	3
대상에	3
대선서	3
대세	3
대중	3
대체투자	3
대통령에	3
대통령측	3
대학	3
대화로	3
대화하는	3
더워요	3
덥다	3
덮친	3
데뷔전서	3
덴마크	3
도는	3
도로	3
도박	3
도입종합	3
도쿄서	3
독일에	3
독일전	3
독점	3
돕는다	3
동결	3
동시에	3
동아시아	3
동정	3
돼	3
돼지고기	3
됐다	3
두경민	3
두달만에	3
두산밥캣	3
두자릿수	3
두테르테	3
뒤늦은	3
듀얼	3
드론으로	3
듣는다	3
들어서는	3
등극	3
등급	3
등락	3
디도스	3
디우프	3
디지털스토리	3
딜레마	3
때가	3
땐	3
떠날	3
뚫고	3
러브콜	3
러시아서	3
런정페이	3
레바논서	3
레이스	3
로그인	3
로맥	3
로즈	3
로켓	3
로하니	3
론칭	3
롤러코스터	3
롯데면세점	3
롯데제과	3
류현진에게	3
르노	3
르완다	3
르포	3
리뉴얼	3
리니지m	3
리더십	3
리버풀	3
리설주	3
리얼미터	3
린드블럼	3
릴레이	3
마	3
마시는	3
마약	3
마에다	3
마차도	3
마카오	3
마틴	3
막	3
막고	3
만	3
만들	3
만료	3
만발	3
만찬	3
말레이	3
말소	3
맛	3
망명신청자	3
맞불	3
맞서	3
맞은	3
맡아야	3
매도	3
매매	3
매수에	3
매장	3
매진	3
맥스	3
맥주	3
맨유행	3
맹추위	3
머리	3
먼바다	3
멋따라	3
멜라니아	3
명예	3
명예회장	3
명예훼손	3
명운	3
모니터링	3
모르는	3
모바일게임	3
모여라	3
모욕	3
모은	3
모인	3
목격자	3
목숨	3
목포	3
목표는	3
몰디브	3
몰라	3
몰려든	3
몸	3
무가베	3
무기는	3
무력	3
무사히	3
무상점검	3
무상증자	3
무서운	3
무슨	3
무승부	3
무엇을	3
무역갈등	3
무역분쟁	3
무연고	3
무패	3
무효	3
문민정부	3
문성민	3
문제없어	3
문화소식	3
문화예술	3
문화올림픽	3
물가	3
물결	3
물량	3
물질	3
물체	3
뭐가	3
미공개	3
미국산	3
미니	3
미디어교육	3
미래에셋	3
미생물	3
미세먼지에	3
미인도	3
미일	3
민원	3
민주콩고	3
민주평화당	3
민주화운동	3
바	3
바꾼	3
바꿀	3
바다에	3
바라보는	3
바로	3
바른미래당	3
바이든	3
박상기	3
박수	3
박정호	3
박종훈	3
박혜진	3
반격	3
반기	3
반란	3
반미	3
반성	3
반이란	3
반정부시위	3
반지	3
반환	3
발견돼	3
발끈	3
발동	3
발매	3
발사에	3
발탁	3
밥	3
방문객	3
방치	3
방화	3
배구대표팀	3
배당	3
배럴당	3
배포	3
백남준	3
백화원	3
뱃길	3
버티기	3
번영	3
번의	3
범죄자	3
법규위반	3
법정	3
벗은	3
베네수	3
베를루스코니	3
베스트	3
베일	3
베팅	3
벵거	3
벼랑	3
벽	3
변동성	3
변론	3
별도로	3
병력	3
병역특례	3
보고서	3
보관	3
보도는	3
보도에	3
보복관세	3
보인다	3
보좌관	3
보츠와나	3
보통주	3
보트	3
보호	3
볼넷	3
봄꽃	3
봄이	3
부글부글	3
부르키나파소서	3
부모	3
부산에	3
부산지역	3
부실채권	3
부처	3
부천	3
부테플리카	3
북부서	3
북한인권법	3
분양가	3
분양권	3
분주한	3
불가능	3
불안	3
불편	3
붉은	3
붐벼	3
브라질서	3
브랜드	3
브리핑	3
블랙홀	3
블루	3
비극	3
비디오	3
비밀	3
비서실장	3
비위	3
비율	3
비즈니스	3
빅리그	3
빅스비	3
빌	3
빗방울	3
빙판길	3
빼	3
뿔난	3
사개특위	3
사고로	3
사기	3
사드배치	3
사라지면	3
사라진다	3
사랑한	3
사면	3
사보임	3
사상자	3
사상최대	3
사실	3
사안	3
사업에	3
사연은	3
사옥	3
사우디군	3
사위	3
사이언스	3
사이테크	3
사찰	3
사형	3
사회복지공동모금회	3
삭감	3
산간	3
살	3
살리기	3
살린	3
살만	3
살인사건	3
삼성에	3
삼성의	3
삼성중공업	3
상	3
상당	3
상당히	3
상륙작전	3
상무	3
상태	3
상폐	3
새긴	3
새내기	3
새롭게	3
색상	3
샌디에이고	3
샐러리캡	3
샘	3
생긴다	3
생방송	3
서로	3
서부	3
서재덕	3
서포터즈	3
서해	3
서해안	3
석유	3
석유장관	3
선방	3
선봉	3
선수가	3
선수에	3
선장	3
선점	3
선호	3
설계	3
설명회	3
설비	3
설정액	3
성공률	3
성공에	3
성매매	3
성사	3
성사될까	3
성탄	3
성폭행	3
성황	3
세계기자대회	3
세력	3
세몰이	3
세상을	3
세이브	3
세인트루이스전	3
세종시	3
세종텔레콤	3
센카쿠	3
셀	3
셀카	3
셰익스피어	3
소	3
소개하는	3
소극적	3
소년	3
소리꾼	3
소비자	3
소행	3
속도로	3
속도전	3
속리산	3
손상	3
손에	3
송민순	3
쇼핑몰	3
쇼핑몰서	3
수교	3
수놓은	3
수도서	3
수리	3
수반	3
수석	3
수석대표	3
수십명	3
수요강좌	3
수준으로	3
수치	3
순	3
순간	3
순위	3
순유입	3
숨진	3
쉽지	3
슈텐츠	3
슈퍼매치	3
스마트폰사업	3
스크린	3
스키장	3
스타일	3
스타트	3
스토리	3
스프링캠프	3
승격	3
승률	3
승부수	3
시간당	3
시구	3
시내	3
시민단체	3
시속	3
시애틀	3
시절	3
시진핑에	3
시카고	3
시행령	3
시험	3
신	3
신경전	3
신년	3
신년담화	3
신년사	3
신바람	3
신산업	3
신세계백화점	3
신승	3
신영석	3
신영철	3
신용카드	3
신의	3
신입	3
신저가종합	3
신청종합	3
신축공사	3
신한지주	3
신호	3
실리콘밸리	3
실수	3
실업수당	3
실태조사	3
싱크탱크	3
쌀	3
쌀쌀한	3
쏟아져	3
쓰는	3
쓰레기	3
씨	3
아냐종합	3
아동학대	3
아르헨	3
아부다비	3
아세안	3
아시아선수권	3
아이디어가	3
아이스하키	3
아이오와	3
아이폰7	3
아이폰xs	3
아카데미	3
악성	3
악성코드	3
악영향	3
악의적	3
안내	3
안랩	3
안에	3
안전한	3
안희정	3
않기로	3
않는다	3
않으면	3
알	3
알렉스	3
알림톡	3
암	3
암스테르담	3
압력	3
압승	3
앞서	3
앞세워	3
앵커	3
야구대회	3
야구장	3
야수파	3
약속	3
양국	3
양도	3
양승동	3
양양	3
양해각서	3
어려운	3
어워드	3
억지	3
언론이	3
언론자유	3
언어의	3
얼굴	3
엄중한	3
엄호	3
없고	3
없앤다	3
없으면	3
없을	3
엇갈려	3
엇박자	3
에너지장관	3
에버턴	3
에어	3
에이전트	3
엘리자베스	3
엘시티	3
여는	3
여전	3
여지	3
여파	3
여행객	3
여행소식	3
역	3
역부족	3
역사상	3
역사적인	3
역설	3
역시	3
역풍	3
연구소기업	3
연구진	3
연구팀	3
연다	3
연동	3
연말연시	3
연쇄	3
연예인	3
연임	3
연중	3
연찬회	3
열	3
열리는	3
영공	3
영구	3
영국서	3
영빈관	3
영예	3
영향은	3
옅은	3
예	3
예방	3
예비	3
예술	3
예술단	3
예탁원	3
오래	3
오세근	3
오클랜드	3
오키나와	3
오타니	3
오프라인	3
온도차	3
온라인서	3
와인	3
완공	3
완벽한	3
완성	3
완전무제한	3
완전한	3
완전히	3
왕세자	3
왜곡	3
외교안보	3
외무부	3
외무장관	3
외치며	3
왼쪽	3
요구종합	3
요르단	3
요트	3
용납	3
용병	3
용품	3
우리금융	3
우리금융지주	3
우리에게	3
우버	3
우산혁명	3
우원식	3
우위	3
욱일기	3
움직임	3
원길우	3
원내대책회의	3
월간	3
웨스트햄	3
위기에	3
위원장에	3
위원회	3
윌슨	3
유	3
유가	3
유로존	3
유료방송	3
유시민	3
유엔총회	3
유용	3
유통점	3
유학생	3
윤석헌	3
음식점	3
의결	3
의도	3
의성	3
의식	3
의식했나	3
의존	3
의회서	3
이동	3
이동국	3
이란군	3
이란산	3
이란은	3
이란의	3
이랜드	3
이례적	3
이마트	3
이민	3
이민아	3
이산상봉	3
이송	3
이슬람	3
이승엽	3
이어폰	3
이영하	3
이용객	3
이재성	3
이젠	3
이진현	3
이착륙	3
이청용	3
이하	3
이해진	3
인민군	3
인민일보	3
인사말	3
인사청문	3
인생	3
인제	3
인종차별	3
인파	3
인하에	3
일괄	3
일당	3
일대	3
일문일답	3
일반인	3
일왕	3
일요일	3
일은	3
일제히	3
일축	3
읽는	3
잃어버린	3
임금	3
임대	3
임상	3
임시국회	3
임원	3
임정	3
임창용	3
입고	3
입원	3
입장료	3
입점	3
입주자	3
입증	3
입지	3
잇달아	3
잉글랜드	3
자격정지	3
자긍심	3
자녀	3
자동	3
자리	3
자살	3
자유롭게	3
자제해야	3
자주	3
자처	3
자택	3
작별	3
잔디	3
잔여	3
잔해	3
잘못된	3
잘할	3
잡아라	3
장병완	3
장원준	3
장착	3
장터	3
재개발	3
재도전	3
재무	3
재벌	3
재소자	3
재연	3
재정	3
재탄생	3
재협상	3
쟁점	3
쟁탈전	3
저농축	3
저축은행	3
저커버그	3
저항의	3
적	3
적절한	3
전경련	3
전국서	3
전국이	3
전당대회	3
전북기자협회	3
전분기	3
전세계	3
전시회	3
전에	3
전용망	3
전월세	3
전지훈련	3
전해철	3
절차	3
점수	3
점점	3
정권교체	3
정성훈	3
정세균	3
정우영	3
정의화	3
정조준	3
정지	3
정지윤	3
정체	3
정치보복	3
정호성	3
제2의	3
제9회	3
제고	3
제도개선	3
제시	3
제약	3
제재로	3
제품	3
제품에	3
조달	3
조만간	3
조별리그	3
조석	3
조선일보	3
조속	3
조속히	3
조용히	3
조율	3
조현우	3
조화	3
존스컵	3
존재	3
좀	3
좁혀져	3
종교	3
종속회사	3
종아리	3
종전선언	3
좋아	3
좋아요	3
주식거래	3
주식형펀드	3
주인공	3
주택대출	3
죽음의	3
준수	3
줄였다	3
중계기	3
중국과	3
중국의	3
중도금	3
중동의	3
중부사령관	3
중순	3
중앙은행	3
중앙통신	3
중장기	3
중재	3
쥐	3
즐겨요	3
즐기는	3
즐기자	3
증권	3
증발	3
증오범죄	3
증인	3
증자	3
지각	3
지금은	3
지능형	3
지문인식	3
지배구조	3
지역신문	3
지위	3
지자체	3
지정종합	3
지주사	3
지침	3
직구	3
직업	3
직장	3
직후	3
진단	3
진실	3
진실을	3
진짜	3
질병	3
질타	3
집대성	3
집중력	3
집행위원장	3
징후	3
짙은	3
찍은	3
찔끔	3
차례	3
차이나	3
차출	3
착공	3
착륙	3
찬반	3
참의원	3
창당대회	3
창비	3
창조경제	3
찾기	3
채권	3
채프먼	3
챙기세요	3
척	3
천적	3
철저히	3
첨단	3
청구	3
청구서	3
청명한	3
청주	3
체포종합	3
첼리스트	3
초기	3
초당적	3
초대형	3
초소형	3
촛불집회	3
총공세	3
총액	3
총파업	3
촬영	3
최강희	3
최고령	3
최고치	3
최대폭	3
최명광	3
최문순	3
최민정	3
최악의	3
최연소	3
최우수상	3
최휘	3
추가도발	3
추격	3
추대	3
추방	3
추석맞이	3
추석연휴	3
추적	3
추진에	3
축구선수	3
축구스타들	3
축사	3
축전	3
춘천레저대회	3
출루	3
출연연	3
출원	3
출자	3
출전정지	3
충격	3
충격패	3
충돌종합	3
충청	3
취약	3
취하	3
취항	3
치고	3
치료제	3
친문	3
친정	3
친중파	3
칠레	3
칭찬	3
카카오톡	3
카탈루냐	3
카페	3
캐릭터	3
커쇼	3
컨디션	3
컷	3
케냐	3
코끼리	3
코드	3
코미디언	3
코트라	3
콜로라도	3
쿠르드족	3
쿠릴	3
쿠티뉴	3
크게	3
크리스마스	3
키운다	3
타사	3
타이	3
타자	3
탄력	3
탄생	3
탄압	3
탈락	3
탑재한	3
태극기	3
태세	3
태스크포스	3
태안	3
태풍의	3
태화강	3
테러조직	3
토론	3
토종	3
통	3
통과돼야	3
통보	3
통신3사	3
통신사	3
통신요금	3
통증으로	3
통합우승	3
투교협	3
투자유치	3
투쟁	3
투톱	3
투트랙	3
튀니지	3
트래픽	3
트럼프의	3
트렌드	3
트리폴리	3
트리플더블	3
특별대책	3
특별판	3
특집	3
특화	3
틈타	3
티저영상	3
팀내	3
팀은	3
파는	3
파도	3
파리	3
파면	3
파악	3
파열	3
파울볼	3
파죽의	3
파티	3
파행	3
판정승	3
팝업스토어	3
팟빵	3
패러다임	3
패소	3
패전	3
패트리엇	3
펄펄	3
페북	3
펜	3
편성	3
편의	3
펼쳐지는	3
펼친	3
평화협상	3
포로	3
포상	3
포상금	3
포장	3
폭격기	3
폭설에	3
폭염주의보	3
폭탄테러	3
폭행당해	3
폴더블폰	3
표심	3
풀타임	3
품고	3
품에	3
풍랑주의보	3
프랑스서	3
피	3
피로	3
피서	3
핀란드	3
필라델피아	3
필요한	3
하락종합	3
하루만에	3
하자	3
하지만	3
하회	3
학교서	3
한국gm	3
한국경제	3
한국과	3
한국관광	3
한국관광공사	3
한국산	3
한국에	3
한글과컴퓨터	3
한눈에	3
한달만에	3
한도	3
한러	3
한미반도체	3
한미약품	3
한반도평화	3
한산	3
한숨	3
한식	3
한영	3
한정판	3
한파주의보	3
한파특보	3
한해	3
한화투자	3
할머니	3
할부	3
할부금	3
함께하는	3
함께한	3
합의종합	3
핫라인	3
항공권	3
해도	3
해맞이	3
해변	3
해수부	3
해외진출	3
해임제청	3
해제종합	3
해협	3
핵보유국	3
핵합의서	3
햄스트링	3
행렬	3
행복한	3
허창수	3
헌납	3
헌재에	3
헤드셋	3
헬로모바일	3
혁신금융서비스	3
현대글로비스	3
현대중공업	3
현대캐피탈에	3
현정은	3
혈투	3
협력해야	3
호랑이	3
호세프	3
홀로	3
홈런으로	3
홍수피해	3
홍콩서	3
홍콩인권법	3
화두는	3
화제의	3
화천쪽배축제	3
화합	3
확신	3
확충	3
환경부	3
환담	3
황현산	3
회고록	3
회복종합	3
획정	3
후랭코프	3
후반기	3
후보는	3
후원금	3
후임	3
후쿠시마	3
흐름	3
흑자	3
흔들	3
힐러리트럼프	3
힐만	3
100대	2
100만대	2
100세시대	2
100승	2
100억	2
100억원	2
100원	2
100일	2
1020세대에	2
104억원	2
106억원	2
10년간	2
10만명	2
10시간	2
10억	2
10연승	2
10연패	2
10월까지	2
11승	2
11억원	2
11일부터	2
122석	2
12건	2
12년형	2
12연승	2
12월에	2
140명	2
14개	2
14년	2
14연승	2
15만명	2
15조원	2
15주년	2
16세	2
16시	2
16일간	2
17개	2
17건	2
17년	2
17도	2
17명	2
18년	2
18명	2
18민주묘지	2
19곳	2
1개	2
1개씩	2
1당이	2
1도	2
1로	2
1만개	2
1승1패	2
1억5천만원	2
1억명	2
1운동	2
1일부터	2
1점대	2
1조2천억	2
1주기	2
1주당	2
1천300명	2
1천500개	2
1천500원	2
1천706억원	2
1천원	2
1타수	2
1회	2
2000년	2
2008년	2
200만	2
200만원	2
200명	2
200억원	2
200여명	2
2010년대	2
2014년	2
2018서	2
2018시즌	2
2021년	2
2026년	2
20개	2
20곳	2
20억원	2
20여명	2
2170대	2
2220대	2
2280선	2
22점	2
23만9천원	2
23명	2
24만7천원	2
24시간	2
25주년	2
26개	2
26일부터	2
27명	2
27억원	2
27점	2
28명	2
29점	2
2개로	2
2금융권	2
2년만에	2
2년차	2
2단계	2
2도	2
2돌	2
2득점	2
2번째	2
2보	2
2사	2
2세	2
2시즌	2
2월1일부터	2
2위는	2
2인자	2
2일부터	2
2조달러	2
2주만에	2
2차례	2
2차전	2
2차전에서	2
2척	2
2천400억	2
2천500명	2
2천년	2
2천만원	2
2천억원	2
2타점	2
2파전	2
2홈런	2
2회	2
300만	2
300만원	2
300억원	2
30만원	2
30명	2
316억원	2
31일	2
32점	2
34점	2
34조원	2
35개	2
36년	2
36명	2
37명	2
38만명	2
38명	2
39점	2
3d	2
3q	2
3가지	2
3개국	2
3개월만에	2
3기	2
3년내	2
3당대표	2
3명으로	2
3선	2
3시	2
3안타	2
3연전	2
3연패	2
3월까지	2
3위로	2
3자	2
3자배정	2
3조원	2
3주	2
3주째	2
3천400억원	2
3천만명	2
3천억원	2
3편	2
40대가	2
40명	2
40여명	2
41점	2
43점	2
45억원	2
46만원	2
46점	2
48억원	2
4강서	2
4강행	2
4개월	2
4곳	2
4년째	2
4대	2
4방	2
4배로	2
4법	2
4부작	2
4분	2
4실점	2
4조원	2
4홈런	2
4회	2
500만원	2
500명	2
500승	2
500억	2
50대	2
50점	2
53억원	2
55명	2
5gx	2
5g서비스	2
5g커넥티드	2
5가지	2
5개국	2
5년만에	2
5당	2
5당대표	2
5세트	2
5승	2
5시	2
5시간	2
5연승으로	2
5일간	2
5주기	2
5주년	2
5천대	2
5천만명	2
5천억	2
5편	2
60mm	2
60대	2
60주년	2
6건	2
6만개	2
6월부터	2
6자회담	2
6전	2
6종	2
6회	2
70대	2
73분	2
74억원	2
77억원	2
78세	2
7개월	2
7개월째	2
7거래일	2
7배	2
7분	2
7시간	2
7연승	2
7위	2
7조	2
7종	2
800명	2
80경기	2
82년생	2
8강서	2
8강행	2
8경	2
8연패	2
8이닝	2
8천명	2
8호골은	2
90일	2
93억원	2
98억원	2
99승째	2
9시	2
9연승	2
ac밀란	2
ai기반	2
ai에	2
arf	2
asem	2
att	2
b	2
b1b	2
b52	2
bmw	2
c	2
cbs	2
cia	2
cj제일제당	2
cnn	2
d10	2
d3	2
dsr	2
etri	2
f22	2
f35a	2
ffp	2
g1년	2
g2	2
g20서	2
gk	2
gp	2
gps	2
gsma	2
gs리테일	2
gs칼텍스에	2
h	2
hdc	2
hdc현대산업개발	2
h지수	2
ibk	2
ibm	2
icc	2
id	2
ihq	2
imf	2
imo	2
ip	2
isa	2
is선전요원	2
itu	2
j	2
kb국민은행	2
kb국민카드	2
kcc에	2
kcgi	2
kgp	2
kia전	2
kistep	2
ks	2
ktg	2
kt는	2
kt엠모바일	2
kt홍보관	2
k뷰티	2
lg는	2
lg워치	2
lg의	2
lg폰	2
lg화학	2
m	2
mbk	2
mbn	2
msn	2
mwc19	2
mwc서	2
mwc서도	2
nasa	2
no	2
nsc	2
obs	2
ocn	2
ok저축은행에	2
oled	2
os	2
po행	2
qs에	2
r	2
rd에	2
s	2
s9	2
sbs노조	2
sktcj헬로비전	2
sk네트웍스	2
sk머티리얼즈	2
sk에	2
sk이노베이션	2
sk하이닉스와	2
sos	2
stc	2
stx	2
stx조선	2
s펜	2
thinq	2
tk	2
tv로	2
tv조선	2
t멤버십	2
u15	2
u20	2
u21	2
uae서	2
ucc	2
uhd	2
var	2
vr이	2
wkbl	2
wsj	2
y6	2
yg	2
가겠다	2
가계	2
가계부채	2
가곡	2
가구	2
가극	2
가끔	2
가나서	2
가능종합	2
가능한	2
가능한가	2
가능해진다	2
가다	2
가동률	2
가방	2
가벼운	2
가봉	2
가상계좌	2
가서	2
가석방	2
가세요	2
가스	2
가열	2
가을날	2
가을여행주간	2
가이드라인	2
가이드북	2
가입한다	2
가자	2
가정	2
가져	2
가처분신청	2
가출	2
가톨릭	2
각	2
각각	2
각축전	2
간절곶	2
간츠	2
갈라지고	2
갈림길에	2
감독으로	2
감독은	2
감독이	2
감동의	2
감면	2
감찰	2
감축	2
갓	2
갔나	2
갔다	2
강경	2
강경론자	2
강경파	2
강남에	2
강대강	2
강력히	2
강세에	2
강수량	2
강아지	2
강온	2
강요	2
강정호에	2
강제	2
강제징용	2
강조종합	2
강진	2
강풍에	2
갖고	2
개강	2
개관	2
개나리	2
개도국	2
개막전에	2
개발한	2
개방형	2
개보수	2
개원	2
개의	2
개인사업자대출	2
개인용	2
개정판	2
개최종합	2
개최지	2
개편에	2
개포	2
개혁안	2
개화	2
객석	2
갤s10	2
갤럭시a7	2
갤럭시a80	2
갤럭시노트7	2
갤럭시노트8	2
갤럭시워치	2
갤럭시탭s3	2
갱신	2
거기	2
거듭난	2
거래액	2
거론종합	2
거리시위	2
거물들이	2
거부에	2
거부해	2
거의	2
거주	2
거짓	2
거친	2
건강	2
건강한	2
건국	2
건너갔다	2
건립	2
건설사	2
건설에	2
건설주	2
건의	2
건재	2
건조주의보	2
건축가	2
걷는	2
걷는다	2
걸고	2
걸린	2
걸어요	2
걸작	2
검	2
검색어	2
검찰개혁	2
검찰과거사위	2
검찰에	2
검토종합	2
것이	2
것인가	2
것종합2보	2
게이츠	2
게이트	2
겨울축제	2
격화에	2
견제구	2
결과에	2
결산	2
결선	2
결승타	2
결의대회	2
결전	2
결정에	2
결정해야	2
결합	2
겸직	2
경관	2
경관에	2
경기구	2
경기력	2
경기소식	2
경기일보	2
경기장서	2
경북도	2
경비	2
경비행기	2
경연	2
경연대회	2
경영고문	2
경영컨설팅	2
경쟁률	2
경쟁하려면	2
경제계	2
경제는	2
경제민주화	2
경제분야	2
경제에	2
경제장관	2
경제제재	2
경제협력	2
경찰과	2
경호	2
계속된다	2
계약하고	2
계열사간	2
계좌	2
고가	2
고교	2
고려대	2
고립	2
고문	2
고발한다	2
고성	2
고속	2
고속철	2
고액	2
고양	2
고예림	2
고용	2
고용노동부	2
고용승계	2
고위공직자	2
고위급회담	2
고위층	2
고의	2
고춧가루	2
고친다	2
고향	2
고향에	2
고효율	2
골든스테이트에	2
골밑	2
골프장	2
곳이	2
공감대	2
공개된	2
공개합니다	2
공개해야	2
공격받아	2
공격용	2
공격으로	2
공격적으로	2
공격하면	2
공공연한	2
공공임대주택	2
공공재	2
공관병	2
공동대표	2
공들이는	2
공모주	2
공모펀드	2
공부	2
공사도	2
공세에	2
공수	2
공수처법	2
공약파기	2
공연인데	2
공정	2
공정보도	2
공정성	2
공정한	2
공조종합	2
공짜폰	2
공채	2
공포	2
공표	2
공학한림원	2
과기공동위	2
과기장관	2
과기정통	2
과기처장관	2
과기한림원	2
과도	2
과도한	2
과연	2
과열	2
과제는	2
과천과학관	2
과학	2
과학기술계	2
과학영재	2
과학자들	2
관객	2
관광명소	2
관광산업	2
관람객	2
관련한	2
관리종목	2
관리체계	2
관세에	2
관제	2
광기	2
광동제약	2
광란	2
광산서	2
광양	2
광장	2
광주mbc	2
광주공장	2
광주시장	2
광주에서	2
광주은행	2
광주전남	2
광화문	2
광화문서	2
괜찮아	2
괴물	2
괴한에	2
교류	2
교보문고	2
교사	2
교실	2
교역	2
교역액	2
교육생	2
교육생들	2
교육청	2
교정	2
교체종합	2
교통대란	2
교통안전	2
교황청	2
구글과	2
구단주	2
구상	2
구설	2
구애	2
구원투수	2
구입	2
구체조치	2
구하려	2
구했다	2
구현	2
구호품	2
국가는	2
국가대표	2
국가안보실	2
국감장	2
국내여행	2
국립민속박물관	2
국립중앙과학관	2
국면서	2
국면전환	2
국무	2
국무위원장	2
국민지지	2
국부펀드	2
국산	2
국악	2
국영방송	2
국장	2
국정과제	2
국정동력	2
국정안정	2
국정운영	2
국정원장	2
국정현안	2
국제마라톤대회	2
국제사회	2
국제사회와	2
국제앰네스티	2
국제표준으로	2
국제행사	2
국제회의서	2
국지성	2
국회가	2
국회서	2
국회에	2
국회연설	2
국회의장은	2
군사작전	2
군사적	2
군사지원	2
군사협력	2
군사훈련	2
군함	2
굳혀	2
궂은	2
권영수	2
권영진	2
권익위	2
권한대행측	2
귀국길	2
귀성길	2
규명	2
규명에	2
그때	2
그라운드	2
그램	2
그레인키	2
그리고	2
그린	2
그의	2
극대화	2
극우당	2
극장	2
근거	2
근대	2
근로시간	2
근로자	2
근육	2
근절	2
글로벌업체	2
글쎄	2
금강산	2
금강산관광	2
금메달	2
금빛	2
금수산궁전	2
금액	2
금융소비자원	2
금융중심지	2
금융회사	2
금의환향	2
금펀드	2
금호석유	2
급락종합	2
급부상종합	2
급성장	2
급속	2
긍지	2
기가지니	2
기가지니로	2
기계가	2
기념사	2
기념사업	2
기다려	2
기다리는	2
기대치	2
기대하는	2
기댄	2
기도	2
기둥	2
기득권	2
기로	2
기리는	2
기린은	2
기본	2
기부자들과	2
기쁘다	2
기상천외한	2
기소돼	2
기소에	2
기술개발	2
기어vr	2
기억	2
기억에	2
기업대출	2
기업의	2
기업전용	2
기업지배구조원	2
기용	2
기운	2
기자간담회	2
기자증	2
기재부	2
기조연설하는	2
기차	2
기한	2
긴	2
긴밀	2
긴장완화	2
긴축정책	2
길에	2
길이	2
길종합	2
김기춘	2
김기현	2
김동철	2
김명자	2
김명준	2
김병욱	2
김병준	2
김병지	2
김선중	2
김성동	2
김시중	2
김씨	2
김어준	2
김여정	2
김영남	2
김영록	2
김인식	2
김재환	2
김정은과	2
김정은에	2
김정은은	2
김정호	2
김종호	2
김주성	2
김지영	2
김진수	2
김태년	2
김학의	2
김한길	2
김해란	2
김현	2
김훈	2
깃발	2
까닭은	2
까지	2
깨고	2
깨진	2
꺼리는	2
꺾은	2
꼼꼼히	2
꽃	2
꽃길	2
꽃샘추위	2
꽃피는	2
꽉	2
꿀잼여행	2
꿈꾼다	2
꿈나무	2
끊임없이	2
끝까지	2
끝나지	2
끝났다	2
끝내	2
나겔스만	2
나눔	2
나들이객	2
나라의	2
나를	2
나쁜	2
나상호	2
나서야	2
나은	2
나이지리아서	2
나전칠기	2
나진하산	2
나흘만에	2
낙태	2
난관	2
난민시설	2
난상토론	2
날에	2
남	2
남경필	2
남긴	2
남녀대표팀	2
남북교류	2
남북군사회담	2
남북통일농구대회에	2
남상태	2
남수단	2
남의	2
남자는	2
남자축구	2
남자프로배구	2
남천동	2
남측	2
남측인원	2
남태희	2
남학생	2
남해안	2
납사	2
낫다	2
낭독	2
낮춰	2
낳는	2
내내	2
내년에도	2
내놓는다	2
내달초	2
내려	2
내리는	2
내리면	2
내림세	2
내부고발자	2
내부분열	2
내부정보	2
내에	2
내일까지	2
내정종합2보	2
내통	2
냉장고	2
냉정하게	2
너의	2
넘기고	2
넘는다	2
넘은	2
넣고	2
넣는다	2
넣어도	2
네가	2
네이마르에	2
네이밍	2
네이션스컵	2
네이처	2
네티즌	2
네팔	2
넥센전	2
노동개혁	2
노동자상	2
노래	2
노려	2
노력에	2
노력해야	2
노르망디	2
노벨화학상	2
노수광	2
노약자	2
노영민	2
노치	2
노키아	2
노트10	2
노트8	2
노후	2
녹색당	2
논란종합	2
논문표절	2
논의종합2보	2
논의하는	2
논평	2
농구대회	2
농도는	2
농림장관	2
농민	2
농성	2
농성장	2
농어촌	2
농업도	2
농축	2
농해수위	2
높아져	2
높으면	2
높이는	2
뇌물	2
누구나	2
누구냐	2
누군가를	2
누르고	2
누설	2
누적	2
누적판매	2
눈꽃	2
눈물의	2
눈의	2
뉴스키워드	2
뉴스테이	2
뉴올리언스	2
뉴욕으로	2
뉴질랜드서	2
느꼈다	2
늘려	2
늘려야	2
늘리고	2
늘리자	2
늦더위	2
늦어도	2
늦은	2
니켈	2
다가온	2
다국적기업	2
다나카	2
다녀가	2
다다익선	2
다르지	2
다문화	2
다음에	2
다주택자	2
다질	2
다채	2
다친	2
다크호스	2
단가	2
단계적	2
단골	2
단독주택	2
단서	2
단순	2
단양	2
단일화	2
단합	2
단합대회	2
달고	2
달라이	2
달랐다	2
달래기	2
달렸다	2
달의	2
닮은	2
담금질	2
담당	2
담배	2
담판에	2
담합	2
답	2
답변	2
답한다	2
닷새	2
닷새간	2
닷새째	2
당겨	2
당권	2
당내	2
당분간	2
당신	2
당신의	2
당원자격정지	2
당일도	2
당정협의에서	2
당황	2
대구시장	2
대러	2
대로	2
대륙별	2
대림씨엔에스	2
대마	2
대만과	2
대면적	2
대법	2
대변인	2
대북소식통	2
대산문학상에	2
대선주자	2
대선후보로	2
대여	2
대역전승	2
대연정	2
대용량	2
대우증권	2
대원	2
대응방향	2
대전에	2
대전환	2
대정부질문	2
대중교통	2
대진	2
대출금리	2
대테러	2
대통령실	2
대통령에게	2
대통령은	2
대파하고	2
대패	2
대포	2
대폭발	2
대표연설	2
대하여	2
대학들	2
대한민국만화대상	2
대한상의	2
대한유화	2
대형주	2
대화는	2
대화위해	2
대화종합	2
댐	2
댓글조작	2
더는	2
더운	2
더워	2
덕	2
덕분	2
덕수궁	2
던진	2
덜	2
덮인	2
데뷔전에서	2
데이비스	2
데이터온	2
도르트문트	2
도마	2
도미노피자	2
도발에	2
도발적	2
도서	2
도서관	2
도시락	2
도시에서	2
도약종합	2
도용	2
도우미로	2
도입시	2
도입에	2
도전적	2
도중	2
도착종합	2
도쿄	2
독립기념일	2
독립유공자	2
독일축구협회	2
독주	2
독주회	2
돌아보다	2
돌아오다	2
돌연	2
돌연변이	2
돌입종합	2
돌진	2
돌풍에	2
돕고	2
동계올림픽	2
동기	2
동네서점에서만	2
동대문	2
동두천	2
동력	2
동료들	2
동률	2
동메달	2
동물원	2
동반성장	2
동북3성	2
동사	2
동석	2
동성애자	2
동안	2
동양생명	2
동의안	2
동참종합	2
동창리	2
동포	2
동해	2
동화	2
돼야	2
됐나	2
되겠다	2
되겠다종합	2
되길	2
되려면	2
두께	2
두달간	2
두산그룹	2
두산인프라코어	2
두산전	2
두산전서	2
둔	2
둘러보는	2
둘러싼	2
둘째	2
뒤져	2
뒤태가	2
뒷받침	2
뒷배	2
듀브론트	2
듀오	2
드러난	2
드러낸	2
드론의	2
득점왕	2
득표	2
들려주는	2
들어오는	2
듯종합2보	2
등돌린	2
등장한	2
등재	2
등판서	2
디	2
디그롬	2
디애슬레틱	2
디에이치자이	2
디지털화	2
딜	2
따뜻한	2
따로	2
딱	2
때도	2
떠나	2
떠나라	2
떠나자	2
떠난다	2
떠오른	2
떨어지는	2
또다른	2
또다시	2
뚜렷	2
뚜루루뚜루	2
뚫렸다	2
띄우기	2
라마	2
라이브	2
라이스	2
라이언	2
라이카	2
라인업	2
라인프렌즈	2
라즈베리	2
람	2
래싱업체	2
랠리	2
러닝메이트	2
러시아군	2
러시아선	2
러시아에	2
러시아행	2
러에	2
러일	2
레드	2
레드섬	2
레전드	2
레프트	2
렌즈	2
로고	2
로렌의	2
로봇이	2
로이터	2
로켓포	2
로테이션	2
론도	2
롯데건설	2
롯데백화점	2
롯데정밀화학	2
롯데케미칼	2
롯데하이마트	2
롯데홈쇼핑	2
루브르	2
루비오	2
루스	2
루지	2
루카쿠	2
루키	2
류허	2
류현진과	2
류현진만	2
류현진이	2
르노삼성	2
르브론	2
리그컵	2
리드	2
리라화	2
리버사이드	2
리비아서	2
리사이틀	2
리스크에	2
리스트	2
리옹	2
리콜	2
리허설	2
마다가스카르	2
마련해야	2
마르코스	2
마르크스	2
마법의	2
마블	2
마비	2
마산합포	2
마식령	2
마음의	2
마이너	2
마이스	2
마이웨이	2
마일리지로	2
마중물	2
마지막날	2
마침내	2
마케도니아	2
마켓	2
막겠다	2
막내려	2
막바지	2
막아	2
막을	2
막판까지	2
막혀	2
막히면	2
만끽	2
만나다	2
만나요	2
만년	2
만드는데	2
만들고	2
만들기	2
만들자	2
만루포	2
만전	2
만족도	2
만지작	2
만찬장	2
만큼	2
만화	2
만화가	2
많고	2
많던	2
많아져	2
많지만	2
말러	2
말레이기	2
말렸다	2
말리	2
말복	2
말아야	2
말에	2
말컹의	2
맑다가	2
맑아져	2
맛집	2
망명	2
망명신청	2
맞고	2
맞교환	2
맞대응	2
맞붙는	2
맞서는	2
맞선	2
맞이	2
매	2
매각종합	2
매년	2
매달린	2
매력적	2
매수자	2
매장서	2
매직넘버	2
매체들	2
매출도	2
맨유에	2
맨체스터시티	2
맨해튼	2
맹폭	2
머리에	2
먹는	2
먼	2
멀다	2
멀티출루	2
멍완저우	2
메르스	2
메모리	2
메신저	2
메운	2
메이크샵	2
메카로	2
메커니즘	2
메탄가스	2
멕시코서	2
면면	2
면세점	2
면접	2
명령	2
명분	2
명성티엔에스	2
명소	2
명소로	2
명시	2
명칭	2
모가디슈	2
모델하우스	2
모란	2
모리셔스	2
모비스	2
모스크바서	2
모습	2
모여	2
모임	2
모잠비크	2
모형	2
목사	2
목표종합	2
몰	2
몰고	2
몰랐다	2
몰렸다	2
몸살	2
몸싸움	2
못믿을	2
못지않게	2
못하는	2
묘한	2
무게	2
무기	2
무기판매	2
무기한	2
무너진다	2
무단	2
무대로	2
무대에	2
무더운	2
무료로	2
무르시	2
무모한	2
무분별한	2
무상	2
무선백홀	2
무수단미사일	2
무슬림	2
무승	2
무승부종합	2
무역합의	2
무의미	2
무장괴한	2
무장괴한들이	2
무장괴한에	2
무제한	2
무책임한	2
무패행진	2
묵묵부답	2
문건	2
문경은	2
문구	2
문병호	2
문서	2
문선민	2
문의	2
문의장	2
문자	2
문자는	2
문제로	2
문제종합	2
문체부에	2
문턱서	2
문학평론가	2
문화재	2
문화재청	2
문희상	2
묻다	2
묻지마	2
물망	2
물밑	2
뭉쳐	2
뭘	2
미국민	2
미국발	2
미국행	2
미달	2
미디어에	2
미래부장관	2
미래장관	2
미리보는	2
미만	2
미분양	2
미세	2
미세먼지의	2
미셸	2
미술관	2
미술품	2
미온적	2
미원상사	2
미이란	2
미쳐	2
민	2
민간제안사업	2
민노총	2
민생행보	2
민선시장	2
민심청취	2
믿고	2
믿어	2
믿을	2
밀려	2
밀수	2
밀월	2
밀착	2
바그다드	2
바꾸다	2
바뀌면	2
바뀐다	2
바닥	2
바닷속	2
바라보며	2
바란다	2
바람에	2
바레인	2
바른정당	2
바쁜	2
바이러스	2
바이오경제	2
바이올리니스트	2
바흐	2
박건우	2
박미희	2
박봉주	2
박영선	2
박용택	2
박용택은	2
박정림	2
박정훈	2
박주선	2
박준영	2
박찬주	2
박철호에	2
박치형	2
박탈	2
박해민	2
밖에서	2
반갑다	2
반군지역	2
반대매매	2
반대종합	2
반등종합	2
반려동물	2
반발종합	2
반복되는	2
반입	2
반중	2
반짝	2
반짝반짝	2
반출	2
반환점	2
받는	2
받는다	2
받아들이고	2
발길	2
발등	2
발원	2
발전소	2
발주	2
발행액	2
발행어음	2
발효	2
밝은	2
밝혀질까	2
밤샘	2
밤에	2
방	2
방명록	2
방문종합	2
방송광고	2
방송법	2
방송사에	2
방송스태프노조	2
방심은	2
방영	2
방정오	2
방지	2
방지책	2
방통심의위	2
방패	2
방패는	2
배구에	2
배달의민족	2
배를	2
배송	2
배열회수보일러	2
배우는	2
배운다	2
배워야	2
배임	2
배트	2
배후설	2
백두산에	2
백미리	2
백승호	2
백악관서	2
백원우	2
백인	2
백혜선	2
버라이즌	2
버린	2
버전	2
번	2
번도	2
번에	2
벌여	2
법률	2
법무	2
법사위	2
법안에	2
법원서	2
법원행정처장	2
법인카드	2
법정구속	2
벗어나나	2
벙커	2
벚꽃길	2
베를린	2
베스트11	2
베이브	2
베토벤	2
베트남에	2
벤처	2
벤처기업	2
벤츠	2
벤치	2
벨린저	2
벼랑끝	2
변동률	2
변동형	2
변수는	2
변수될까	2
변하는	2
변화와	2
별개	2
별도	2
별들의	2
병진	2
보겠다	2
보고관	2
보고하는	2
보낸	2
보도국장	2
보도국장에	2
보도사진전	2
보도상	2
보도와	2
보물	2
보세요	2
보수당	2
보스턴에	2
보여야	2
보완	2
보유세	2
보유자	2
보이는	2
보이면	2
보자종합	2
보장	2
보증	2
보통	2
보편요금제	2
보호무역	2
보훈처	2
복귀전	2
복귀전서	2
복귀종합	2
복귀할	2
복근	2
복병	2
복수	2
복잡한	2
복지정책	2
본격화하나	2
본국	2
본부장	2
본색	2
본업	2
볼까	2
볼만한	2
봄배구	2
봄비	2
봄소식	2
봄의	2
봐야	2
부가서비스	2
부가세	2
부과종합	2
부분	2
부산국제영화제	2
부산영화제	2
부산일보	2
부산항만공사	2
부상자명단	2
부시	2
부실	2
부위원장	2
부작용	2
부적절	2
부정선거	2
부정행위	2
부지	2
부천에	2
부총리와	2
부탁해	2
부티지지	2
부패혐의	2
부합	2
부활한	2
북극	2
북동부서	2
북러	2
북마케도니아	2
북미관계	2
북미중재	2
북새통	2
북서부	2
북일대화	2
북측	2
북한과	2
북한군	2
북한의	2
북한인권기록센터	2
분기배당	2
분노	2
분당에	2
분란	2
분리전략	2
분명한	2
분명히	2
분수령	2
분양물량	2
분열에	2
분주	2
분통	2
분할	2
불가	2
불가리아	2
불공정	2
불공평	2
불꽃	2
불똥	2
불량	2
불매	2
불면	2
불법전매	2
불성실공시법인	2
불씨는	2
불안감	2
불응	2
불출석	2
불투명	2
불투명종합	2
불티	2
불황	2
붐	2
붕괴로	2
브라우저	2
브라운	2
브렉시트는	2
브로커	2
브뤼셀	2
블라디보스토크	2
블랙리스트에	2
블랙베리	2
블레어	2
블로그	2
비결은	2
비교	2
비난에	2
비난종합	2
비닐봉지	2
비단	2
비만	2
비박계	2
비상근무체제	2
비수	2
비싼	2
비유	2
비자	2
비자금	2
비자발급	2
비주류	2
비중확대	2
비트코인	2
비판은	2
비판적	2
비판종합	2
비판한	2
비행기	2
비호	2
빅3	2
빅데이터로	2
빅매치	2
빗속	2
빗썸	2
빚은	2
빠르고	2
빠른	2
빠져	2
빨간	2
빨라	2
뼛조각	2
사각지대	2
사거리	2
사구	2
사내	2
사드방중	2
사람들	2
사람에게	2
사령탑에	2
사령탑으로	2
사례	2
사막의	2
사망설	2
사법농단	2
사실과	2
사양	2
사업가	2
사업부	2
사외이사	2
사우스캐롤라이나	2
사이	2
사이버폭력	2
사인	2
사자	2
사전투표	2
사직	2
사태에	2
사퇴해야	2
사항	2
사회당	2
사회복지공동모금회에	2
사회사	2
산사태	2
산소	2
산실	2
산업수학	2
산업을	2
산업의	2
산으로	2
산책	2
산케이	2
산탄젤로	2
산학연	2
살아있는	2
살얼음판	2
살인범	2
살인적	2
살펴보니	2
살해돼	2
삼각편대	2
삼고초려	2
삼바	2
삼부토건	2
삼성과	2
삼성엔지니어링	2
삼정kpmg	2
삼진	2
삼척	2
삽	2
상가	2
상고	2
상담회	2
상생발전	2
상선	2
상속	2
상승률	2
상승세	2
상승폭	2
상영회	2
상용망	2
상원의장	2
상위	2
상위권	2
상인들	2
상정	2
상징	2
상표	2
상표권	2
상한제	2
상호금융	2
상호변경	2
상호주의	2
새누리당	2
새해맞이	2
색을	2
색출	2
샌즈	2
생각을	2
생긴	2
생길까	2
생명체	2
생산량	2
생산차질	2
생생하게	2
생존의	2
생활	2
섀너핸	2
서거	2
서둘러	2
서류조작	2
서막	2
서면	2
서브	2
서비스로	2
서비스법	2
서산	2
서약서	2
서울관광재단	2
서울대	2
서울모터쇼	2
서울시청	2
서울시향이	2
서울에	2
서울은	2
서울전	2
서초동	2
서피스	2
서한	2
서효인	2
석달간	2
석진욱	2
석패	2
선고공판	2
선도	2
선두타자	2
선물로	2
선물세트	2
선물한	2
선보이는	2
선서하는	2
선수로	2
선양	2
선언하는	2
선언해야	2
선정한	2
선제	2
선제공격	2
선택은	2
선택한	2
선포식	2
선회한	2
설득	2
설명하는	2
설명해야	2
설에	2
성	2
성공기원	2
성공종합	2
성금	2
성난	2
성남시	2
성능저하	2
성명서	2
성차별	2
성추문	2
성큼	2
성탄절	2
성평등센터	2
성폭행으로	2
세계대전	2
세계랭킹	2
세계선수권	2
세계선수권서	2
세계신문협회	2
세계여성의	2
세계예선	2
세계예선서	2
세계인	2
세금	2
세무조사	2
세운다	2
세인트루이스에	2
세종문화회관	2
세탁기	2
센서	2
셧다운	2
셰이크	2
셰프	2
소감	2
소극장	2
소금은	2
소녀상	2
소로카	2
소말리아서	2
소비자단체	2
소비자물가	2
소사	2
소설로	2
소셜	2
소셜미디어	2
소속	2
소속팀	2
소송에	2
소외	2
소위서	2
소장품	2
소프트뱅크	2
소피아	2
소형	2
소형화	2
소환	2
소환투표	2
속도감	2
속도낸다	2
속도조절	2
속에	2
속초	2
속출종합	2
손가락	2
손길	2
손님	2
손배	2
손정의	2
손태승	2
손흥민과	2
손흥민의	2
손흥민황희찬	2
송광민	2
송구	2
송유관	2
송인배	2
송희채	2
쇄도	2
쇼크	2
쇼크에	2
수감	2
수뇌부	2
수능	2
수단서	2
수도권과	2
수립에	2
수면	2
수백명	2
수비수	2
수비의	2
수사는	2
수사의뢰	2
수상작	2
수석보좌관회의	2
수술로	2
수습	2
수용소	2
수익금	2
수익추구	2
수입량	2
수조원대	2
수출규제	2
숙박	2
숙인	2
숙제	2
순회	2
술렁	2
숨고르기	2
숨은	2
숫자	2
쉰다	2
쉽고	2
슈퍼루키	2
스리랑카	2
스마트카	2
스스로	2
스즈키컵	2
스카이	2
스코틀랜드	2
스크린골프	2
스크린으로	2
스타들	2
스튜디오	2
스튜어드십	2
스트리밍	2
스파크스	2
스페셜올림픽	2
스페인과	2
스포츠	2
스포티파이	2
승리는	2
승리의	2
승리종합	2
승부	2
승부는	2
승부차기로	2
승승장구	2
승패	2
시가	2
시가총액	2
시그니처	2
시급	2
시기는	2
시내버스	2
시너지	2
시대에	2
시대의	2
시도지사	2
시드니	2
시리아에	2
시리아인	2
시민	2
시민의	2
시민이	2
시민자문단	2
시민참여형	2
시범운영	2
시상	2
시스코	2
시아파	2
시위로	2
시일내	2
시작됐다	2
시작종합	2
시장과열	2
시장서	2
시중은행	2
시중통화량	2
시큰둥	2
시한	2
시험대	2
시황	2
식당	2
식량	2
식민지	2
식사	2
신고대행	2
신고상담센터	2
신공항	2
신규상장	2
신기술	2
신년사서	2
신년사에	2
신동빈	2
신민당	2
신세계	2
신세계아이앤씨	2
신안	2
신약개발에	2
신용등급	2
신임장	2
신입사원	2
신중국70년	2
신진식	2
신청자	2
신탁	2
신탁계약	2
신한금융	2
신흥국	2
신흥시장	2
실검	2
실력	2
실리	2
실리콘케이스에	2
실무	2
실무그룹	2
실바	2
실사	2
실세	2
실외활동	2
실적개선	2
실책	2
실탄	2
실태	2
실태점검	2
실형	2
실효성	2
심각한	2
심슨	2
심야	2
심층	2
심해	2
십자인대	2
싱가포르서	2
싸게	2
싸울	2
싼	2
쌀쌀	2
쌩쌩	2
써도	2
써야	2
썰렁	2
쏙	2
쏜다	2
쏟아진	2
쑥	2
쓰레기도	2
쓰면	2
쓴소리	2
아	2
아기상어	2
아니면	2
아랍권	2
아래	2
아르헨티나	2
아르헨티나서	2
아리스포츠컵	2
아모레퍼시픽	2
아무도	2
아버지에게	2
아베정권	2
아빠	2
아산	2
아쉬움	2
아쉬워	2
아스달	2
아슬아슬	2
아시나요	2
아시아나항공	2
아약스	2
아우슈비츠	2
아이씨디	2
아이템	2
아직은	2
아직종합	2
아치	2
아키노	2
아태지역	2
아틀레티코	2
아프리카돼지열병	2
아픔	2
아힘	2
악몽	2
악성메일	2
악수	2
악연	2
악재에	2
악재에도	2
악화종합	2
안갯속	2
안건	2
안내서	2
안도	2
안드로이드폰	2
안면도	2
안무가	2
안보리결의	2
안양	2
안우진	2
안전망	2
안전문화	2
안정감	2
안정성	2
안타깝다	2
안테나	2
안했다	2
안혜진	2
않아종합	2
않았다	2
않을것종합	2
알가르베컵	2
알렉사	2
알론소	2
알샤바브	2
알서포트	2
알프스	2
압데슬람	2
압도	2
압도적인	2
압박에	2
압박종합	2
앞다퉈	2
앞당긴다	2
앞장	2
애틀랜타	2
애플의	2
액티비티	2
야경	2
야구의	2
야심작	2
야후	2
약발	2
양	2
양강	2
양과	2
양성	2
양승태	2
양제츠	2
양호	2
어깨	2
어도비	2
어디서	2
어떡하지	2
어려움	2
어렵다종합	2
어린	2
어린이들	2
어린이용	2
어린이집	2
어업구역	2
어울리는	2
어제보다	2
언급에	2
언급하며	2
언론과	2
언론재단	2
언어	2
언젠가	2
얻는	2
얻은	2
얼굴인식	2
엄단	2
엄중	2
엄청난	2
업종	2
업체와	2
업황	2
없다종합	2
없어서	2
없어야	2
에게해서	2
에미레이트항공	2
에세이	2
에인절스	2
에코	2
엔진시험발사체	2
엔화	2
엡스타인	2
여	2
여건	2
여기	2
여기까지	2
여러차례	2
여론조작	2
여름철	2
여성독립운동가	2
여성비하	2
여성에	2
여신상	2
여야가	2
여야대표	2
여유	2
여의도	2
여의도서	2
여자는	2
여자월드컵	2
여진	2
여행상품	2
여행신간	2
역대급	2
역사가	2
역사와	2
역성장	2
역수출	2
역차별	2
역효과	2
연고지	2
연관검색어	2
연구성과	2
연구소	2
연구재단	2
연기종합	2
연꽃	2
연봉퀸	2
연설하는	2
연습경기서	2
연천	2
연천서	2
연체율	2
연출	2
연출가	2
연패	2
연합군	2
연합뉴스tv	2
열기로	2
열리나	2
열병식	2
열세	2
열어젖힌	2
열전	2
열차	2
열흘간	2
염동열	2
염탐	2
엿새째	2
영	2
영공침범	2
영광	2
영남권	2
영동	2
영문	2
영상통화	2
영상회의	2
영어	2
영업에	2
영업적자	2
영웅	2
영장심사	2
영천	2
영해서	2
예결소위	2
예결위	2
예고종합	2
예멘서	2
예상밖	2
예선서	2
예술의	2
예약도	2
예외	2
예의주시	2
예정대로	2
예정종합	2
옐런	2
오나	2
오너	2
오늘밤	2
오디세이	2
오디오	2
오디오북	2
오락가락	2
오랜	2
오류	2
오르는	2
오른다	2
오른팔	2
오름세	2
오만서	2
오만해	2
오바마에	2
오브	2
오성운동민주당	2
오성홍기	2
오스트리아서	2
오염	2
오은	2
오전까지	2
오정훈	2
오지환	2
오찬종합	2
오찬회동	2
오케스트라	2
오키나와서	2
오토바이	2
오페라계	2
옥석	2
옥수수	2
옥죄기	2
온갖	2
온실가스	2
올가을	2
올겨울	2
올레드	2
올려	2
올봄	2
올스톱	2
올인	2
옴부즈맨	2
옹호	2
와이드	2
완벽	2
완수	2
완연한	2
완전	2
완전자급제	2
완파종합	2
완파하고	2
완화될듯	2
완화로	2
왔나	2
왔다	2
왕치산	2
외교안보라인	2
외교장관과	2
외교장관회의	2
외교통일위원장	2
외국계	2
외국유조선	2
외국인이	2
외부	2
외부인사	2
외화벌이	2
외화예금	2
요가	2
요격	2
요금인하	2
요르단강	2
요원	2
요즘	2
요청한	2
욕	2
욕설	2
욕심	2
용량	2
용선료	2
용인	2
우간다	2
우대	2
우루과이	2
우리경제	2
우리공화당	2
우리나라	2
우리도	2
우리와	2
우리집	2
우리카드는	2
우리카드에	2
우린	2
우방	2
우승종합	2
우승팀	2
우승하러	2
우승후보	2
우주	2
우주개발	2
우주기술	2
우즈베크	2
우즈베크전	2
우클릭	2
우호	2
운동	2
운명	2
운영위	2
운전	2
울려	2
울리는	2
움직이는	2
웃는다	2
웃은	2
웅진에너지	2
워터월드	2
원료	2
원리	2
원스토어	2
원유철	2
원자력	2
원자재	2
원장	2
원전사고	2
원톱	2
원하지	2
원한다	2
원해	2
원화	2
월급	2
월마트	2
월미도	2
월성	2
웨어러블	2
웨이버	2
웨인	2
웹소설	2
위	2
위기종합	2
위로	2
위안화	2
위용	2
위원들	2
위임	2
위작	2
위조방지에	2
위축	2
위치	2
위키리크스	2
위험한	2
위협종합	2
윈도	2
윌리엄스	2
유공자	2
유네스코	2
유니테스트	2
유럽은	2
유력후보	2
유령	2
유로파리그	2
유료	2
유료화	2
유리한	2
유명	2
유방암	2
유벤투스	2
유보	2
유사	2
유엔에	2
유엔의	2
유엔평화유지군	2
유영준	2
유은혜	2
유일호	2
유전	2
유종의	2
유죄	2
유진테크	2
유치원	2
유통	2
유해	2
유해물질	2
유홍준	2
유효한	2
육아휴직	2
윤곽	2
윤석민	2
윤성빈	2
윤영선	2
윤호근	2
윤호중	2
융커	2
융합보안	2
은퇴투어	2
은행주	2
음란	2
음모론	2
음반	2
음성	2
음성안내	2
음성통화	2
음식	2
음악회	2
음양사	2
읍소	2
응원단	2
응징종합	2
의결권	2
의뢰	2
의무	2
의문	2
의미는	2
의석	2
의심사례	2
의약품	2
의원들과	2
의제	2
의총	2
의향	2
의혹에	2
의혹은	2
의회에	2
이겨야	2
이공계	2
이근호	2
이기는	2
이긴	2
이끌어야	2
이노베이션	2
이대성	2
이동종합	2
이동통신3사	2
이동하는	2
이라크서	2
이란서	2
이란위협	2
이란전	2
이래	2
이런	2
이렇게	2
이룬	2
이르다	2
이른	2
이명박	2
이목	2
이문규	2
이방카	2
이변	2
이상한	2
이세돌의	2
이스탄불	2
이슬람권	2
이승만	2
이야기로	2
이어질	2
이어질까	2
이용섭	2
이용할	2
이웃사랑	2
이원종	2
이인영과	2
이인제	2
이임생	2
이재갑	2
이재명	2
이재오	2
이적시장	2
이정미	2
이제는	2
이주	2
이주노동자	2
이주의	2
이중	2
이중고	2
이중근	2
이차전지	2
이탈리아에	2
이태원	2
이통사가	2
이통사들	2
이통시장	2
이행보고서	2
이행해야	2
이현승	2
인간과	2
인간문화재	2
인간의	2
인건비	2
인권개선	2
인권단체	2
인근서	2
인기에	2
인도서	2
인류	2
인사나누는	2
인수에	2
인수전	2
인수합병	2
인신보호	2
인연	2
인정안해	2
인종	2
인천공항	2
인천국제공항	2
인크로스	2
인터넷기업	2
인터뷰서	2
인턴사원	2
인파로	2
인플루언서	2
일가	2
일간지	2
일군	2
일러	2
일반	2
일방적	2
일본에서	2
일본영해	2
일본의	2
일본이	2
일부는	2
일부지역	2
일부지역에	2
일상	2
일상과	2
일제가	2
일찍	2
일파만파	2
일환	2
읽다	2
읽어야	2
읽은	2
읽지	2
잃어	2
임금인상	2
임기내	2
임대사업자	2
임명식	2
임원들	2
임원인사	2
임을	2
임직원	2
임현수	2
입당	2
입맛	2
입법	2
입성	2
입에	2
입은	2
입자가	2
입장권	2
잇는	2
있나	2
있어야	2
있어종합	2
있지만	2
잉글우드랩	2
자격	2
자격증	2
자구계획	2
자금세탁방지	2
자금조달	2
자리서	2
자리에	2
자멸	2
자본주의	2
자성물질	2
자신	2
자외선	2
자율규제	2
자율차	2
자의적	2
작곡가	2
작년의	2
작아	2
작은	2
잔금	2
잔재	2
잔칫날	2
잔혹사	2
잔혹한	2
잘츠부르크	2
잠	2
잠금화면	2
잠수	2
잠시	2
잡아낸다	2
장기	2
장기집권	2
장도	2
장례식	2
장마전선	2
장맛비	2
장미	2
장부	2
장성	2
장수	2
장악	2
장애로	2
장자연	2
장제원	2
재개장	2
재고	2
재난방송	2
재발	2
재배	2
재보선	2
재승인에	2
재신청	2
재임	2
재점화	2
재조명	2
재집권	2
재출간	2
재활용	2
저널리즘	2
저녁	2
저도	2
저마다의	2
저소득층	2
저수지	2
저작권	2
저장한도	2
저지	2
저출산	2
적극적	2
적극행정	2
적대	2
적반하장	2
적시타	2
적응	2
적자지속	2
적폐	2
전공	2
전날	2
전남지사	2
전년동기비	2
전달하는	2
전력분석	2
전력회사	2
전망에	2
전망치	2
전면적	2
전문가들	2
전반	2
전반적	2
전소	2
전수조사	2
전술훈련	2
전시공간	2
전시관	2
전역으로	2
전용폰	2
전의	2
전임	2
전임감독	2
전자책	2
전작	2
전작보다	2
전쟁범죄	2
전쟁의	2
전전긍긍	2
전종수	2
전주지점	2
전준범	2
전집	2
전창진	2
전체회의	2
전통	2
전통시장	2
전투	2
전패	2
전한	2
전화	2
전후	2
절대	2
절로	2
점거	2
점검종합	2
점심	2
점은	2
점포	2
접근해야	2
접목	2
접속장애	2
정개특위	2
정교회	2
정권과	2
정권연장	2
정권퇴진	2
정기연주회	2
정기예금	2
정당성	2
정당화	2
정도	2
정도로	2
정례화	2
정면돌파	2
정명훈	2
정몽규	2
정무비서관	2
정보공유	2
정보기관	2
정보보안	2
정보위	2
정보통신기술	2
정부가	2
정부기관	2
정부의	2
정상급	2
정상적	2
정상회의	2
정신	2
정신력	2
정우람	2
정우택	2
정운호	2
정유시설	2
정전	2
정착	2
정책실장	2
정책토론회	2
정책협의회	2
정취	2
정치공방	2
정회원	2
제15회	2
제16회	2
제17회	2
제1당	2
제2회	2
제3회	2
제6회	2
제7회	2
제네시스	2
제로	2
제로종합	2
제스처	2
제압하고	2
제어	2
제염소	2
제의	2
제자리	2
제작사	2
제재금	2
제재는	2
제재해제	2
제주서	2
제주시	2
제창	2
제천	2
제패	2
져	2
조각	2
조건부	2
조달청	2
조대엽	2
조롱	2
조명래	2
조배숙	2
조사받는다	2
조사에	2
조상우	2
조선업	2
조선의	2
조성부	2
조성진	2
조수용	2
조심하세요	2
조약	2
조양호	2
조원우	2
조원진	2
조응천	2
조정식	2
조정에	2
조종사	2
조지	2
조직	2
조직개편	2
조직문화	2
조치에	2
조합	2
존	2
존재감	2
존폐	2
종신형	2
종이	2
종이책	2
종합소득세	2
좋겠다	2
좋은사람들	2
좋을까	2
좌석	2
좌초	2
죄송	2
주52시간	2
주는	2
주니어	2
주도종합	2
주류	2
주목종합	2
주목한다	2
주목할	2
주민에	2
주민의	2
주범	2
주변국에	2
주석에	2
주승용	2
주인공은	2
주장까지	2
주장은	2
주장종합	2
주차장	2
주체	2
주총서	2
주축	2
주택도시보증공사	2
주한호주대사와	2
주홍콩	2
죽음이	2
죽인	2
준	2
준po	2
준공식	2
준비는	2
준비해야	2
줄고	2
줄어	2
줄었다	2
줄여	2
줄여라	2
줄여야	2
줄이고	2
줄이자	2
중개	2
중거리	2
중계	2
중국내	2
중국이	2
중기	2
중단에	2
중단해야종합	2
중대	2
중대한	2
중도금대출	2
중도파	2
중동으로	2
중동정책	2
중등교사	2
중립성	2
중부서	2
중상	2
중시	2
중앙	2
중앙오션	2
중요성	2
중재자	2
중진	2
중진공	2
중학교	2
쥔	2
즉위	2
즐거운	2
증권가	2
증권사	2
증권주	2
증세	2
지구촌	2
지도부와	2
지도자로	2
지명타자	2
지명타자로	2
지분매각	2
지붕	2
지브롤터	2
지소미아	2
지속시	2
지속종합	2
지식인	2
지역구	2
지역서	2
지연종합	2
지원방안	2
지원에	2
지적	2
지적에	2
지주회사	2
지지부진	2
지지자들	2
지지자들과	2
지카	2
지켜보는	2
지키겠다	2
지킬	2
지하디스트	2
지혜	2
지휘	2
지휘자	2
직거래	2
직권남용	2
직면	2
직무대행	2
직무유기	2
직속	2
직장인	2
진로	2
진상조사	2
진상조사단	2
진압	2
진압에	2
진척됐을	2
진화의	2
진화한	2
진흥주간	2
질	2
질량	2
질문에	2
짐벌	2
집결	2
집단	2
집중호우에	2
집회종합	2
짓	2
짓는다	2
짙어진	2
찌라시	2
찔려	2
찜통	2
차관급	2
차관보	2
차기회장	2
차단은	2
차등의결권	2
차례상	2
차범근	2
차별화	2
차분하게	2
차세대소형위성	2
차질종합	2
차차	2
착한	2
찬	2
찬물	2
찬바람	2
찬사	2
찬조연설	2
참가차	2
참가하는	2
참관	2
참모	2
참모진	2
참배하는	2
참여종합	2
참여할	2
참여해야	2
참전	2
참전용사	2
창	2
창건	2
창단	2
창당	2
창립자	2
창어4호	2
창업자	2
창업지원	2
창원	2
창원에	2
창의재단	2
찾다	2
찾습니다	2
채권금리	2
채식주의자	2
채택	2
채팅	2
책에	2
책임공방	2
책임자	2
책임져야	2
책임지고	2
챔스	2
챔피언	2
처리종합	2
처우	2
처음부터	2
처음으로	2
처형	2
천거	2
천막	2
천은사	2
천재	2
철거	2
철도공단	2
철저	2
철회하라	2
철회해야	2
첫승	2
청년갤러리로	2
청년일자리	2
청문	2
청사	2
청소	2
청신호	2
청약마감	2
청정에너지	2
청춘	2
청춘해	2
청취	2
체감	2
체니	2
체인지업	2
체제동요	2
체제의	2
체험단	2
체험하세요	2
첼시에	2
첼시와	2
초강경	2
초강력	2
초고속인터넷	2
초등생	2
초선의원들	2
초연	2
초점	2
초중고	2
초판본	2
초호화	2
촉매	2
총격에	2
총괄	2
총기참사	2
총리후보	2
총선서	2
총선차출	2
총수	2
총장	2
총출동	2
최강자	2
최고액	2
최고위	2
최고위원	2
최고인민회의	2
최대로	2
최대어	2
최우선	2
최저가	2
최저기온	2
최전방	2
최종전서	2
최진수	2
최홍석	2
추가관세	2
추가시간	2
추가제재	2
추도식	2
추문	2
추방종합	2
추석선물	2
추신수에	2
추워	2
추진전략	2
추진한다	2
축구계	2
축구대회	2
축구사	2
축구장	2
축소종합	2
축포	2
축하	2
출렁	2
출발종합	2
출범종합	2
출석하는	2
출시할	2
출입	2
출장정지	2
출전해	2
출판	2
출판사	2
출판진흥원	2
출품	2
출협	2
춤추는	2
충돌로	2
충분	2
충전소	2
취약점	2
취약한	2
취업	2
취재	2
치닫는	2
치료	2
치열	2
치즈	2
친구	2
친노	2
친러	2
친사우디	2
친선경기	2
친인척	2
친중파의	2
친척	2
침범	2
침입	2
카드로	2
카드사	2
카자흐	2
카자흐스탄	2
카카오게임즈	2
카카오맵	2
카카오에	2
카카오톡에	2
카카오톡으로	2
카카오페이지	2
카타르서	2
카톡	2
카톡으로	2
카페24	2
칼	2
캐나다에	2
캐리	2
캘리포니아	2
캠코	2
캠핑	2
컨테이너	2
컵스	2
컸다	2
케네스	2
케이뱅크	2
케이블카	2
케이스	2
케이팝	2
케인	2
켈리와	2
코바코	2
코스닥벤처펀드	2
코스타	2
코스타리카	2
코앞	2
코언	2
코오롱글로벌	2
코치로	2
코트	2
콕	2
콘테	2
콩쿠르	2
쾅	2
쾅종합	2
쾌투	2
쿠데타	2
쿠데타로	2
쿠르드군	2
쿠어스필드	2
쿡	2
크다	2
크로아티아	2
크루즈선	2
크리스마스에	2
크지	2
큰손	2
클리블랜드에	2
클린턴트럼프	2
키울	2
키워드	2
키워드는	2
키원	2
키프로스	2
킨샤사서	2
킹캉	2
타개	2
타깃	2
타나	2
타는	2
타이밍	2
타임	2
탁구대표팀	2
탄력근로제	2
탄핵심판	2
탄핵으로	2
탄핵은	2
탈	2
탈바꿈	2
탈북	2
탈북단체	2
탈석탄	2
탈출해	2
탈퇴	2
탈피	2
탈환종합	2
탐방로	2
탓에	2
태국서	2
태국전	2
태권도	2
태도	2
태양	2
태양의	2
태어난	2
태운	2
태평양	2
택시에	2
탬파베이는	2
터미널	2
터치	2
터키가	2
터키를	2
터키에	2
터키의	2
털고	2
털썩	2
톈안먼	2
톈진에	2
토리노	2
토지공개념	2
톡톡	2
톰시아에	2
통감	2
통상	2
통신재난	2
통영	2
통증	2
통하는	2
통합관리	2
통합정부	2
통합한다	2
통행료	2
통화금융대책반	2
퇴직	2
퇴직연금	2
투어	2
투자의견	2
투자종합	2
툭	2
트라우마	2
트랙	2
트럭	2
트럭테러	2
트럼프에게	2
트럼프측	2
트뤼도	2
트리플	2
특가판매	2
특검과	2
특검보고서	2
특검이	2
특급	2
특단대책	2
특별귀화	2
특별점검	2
특사	2
특정	2
특허	2
틀	2
틸러슨	2
팁	2
파노라마	2
파동에	2
파란	2
파산	2
파생상품	2
파업으로	2
파열음	2
파월	2
파이	2
파이브	2
파트너십	2
파티게임즈	2
판단	2
판단할	2
판독	2
판사	2
판정	2
판정에	2
판타지	2
팔려	2
팔면	2
팔자	2
패	2
패배종합	2
팩트체크	2
팬과	2
팬들	2
팬들께	2
퍼레이드	2
퍼스트레이디	2
퍼지는	2
펑	2
페널티킥	2
페르시아만	2
페이스북에	2
페이코	2
페인트	2
편의점	2
편하게	2
편해	2
펼쳐진	2
평가한다	2
평균가	2
평년	2
평년보다	2
평등	2
평소보다	2
평양시민	2
평양회담	2
평창동계올림픽	2
평창서	2
평화는	2
평화당	2
평화통일	2
폐회식장	2
포괄적	2
포근	2
포스코	2
포스코건설	2
포스트시즌	2
포인트로	2
포착	2
포털은	2
포틀랜드에	2
포함종합	2
폭락	2
폭락종합	2
폭발종합	2
폭염경보	2
폭죽	2
폭탄에	2
폭탄테러로	2
폰으로	2
폴록	2
표승주	2
표시	2
표준화	2
표창	2
푸틴과	2
풀린	2
풀었다	2
품으로	2
풍경	2
풍산개	2
풍자	2
프라이어	2
프라임	2
프랑스관광청	2
프랑스리그	2
프렌즈	2
프로스포츠	2
프로야구전망대	2
프로축구2부	2
프로필	2
프리미엄폰	2
플라스틱	2
플래그십	2
플래시	2
플랜트	2
플레이	2
플레이어	2
플로리다	2
피랍	2
피서철	2
피소	2
피아노	2
피의	2
피자	2
피치	2
피해액	2
피했다	2
필리버스터에	2
필리핀에	2
필수	2
필요해	2
하고	2
하나가	2
하나라도	2
하나의	2
하드웨어	2
하라	2
하락세는	2
하마스	2
하얀	2
하우스	2
하위권	2
학계	2
학교비정규직	2
학살	2
학술회의	2
한계	2
한국과학기술연구원	2
한국당에	2
한국당은	2
한국문학	2
한국서	2
한국시인협회	2
한국언론진흥재단	2
한국인의	2
한국제작	2
한국출판문화산업진흥원장	2
한국팀	2
한마당	2
한미fta	2
한미동맹	2
한미정상회담	2
한민족	2
한불	2
한아세안	2
한여름	2
한우	2
한조	2
한진칼	2
한진칼에	2
한창	2
한컴오피스	2
한투	2
한판	2
한현희	2
한화전	2
할머니들	2
함정	2
합니다	2
합동훈련	2
합류로	2
합법	2
합산규제	2
합성	2
합의로	2
합의에	2
합쳐	2
항공당국	2
항소심서	2
항의종합	2
해결사	2
해결책	2
해결해야	2
해경	2
해고	2
해법은	2
해상케이블카	2
해설	2
해설자로	2
해악	2
해안	2
해안가	2
해안서	2
해외미디어	2
해외식당	2
해외여행	2
해운동맹	2
해운사	2
해종합	2
해커톤	2
해프닝	2
핵무장론	2
핵미사일	2
핵시설	2
핵심기술지정	2
핸드북	2
했는데	2
행락객	2
행복	2
행사서	2
행안부	2
행장	2
행적	2
행정	2
행정수반	2
행정장관	2
행진곡	2
행진종합	2
향년	2
허더즈필드	2
허리	2
허물기	2
허용종합	2
허위	2
허익범	2
허재	2
헌법	2
헌법개정	2
헌법과	2
헌신	2
헌재소장	2
헝가리에	2
헤밍웨이	2
헬로비전	2
혁신기술	2
혁신성장	2
현대모비스에	2
현대엘리베이터	2
현대차그룹	2
현대차투자	2
현대홈쇼핑	2
현실로	2
현실화하면	2
현역	2
현직	2
현충원	2
현행	2
혐오	2
협력사에	2
협상없는	2
협연	2
협의종합	2
협의중	2
협의체	2
협정	2
협조	2
형사	2
형제	2
호남서	2
호수	2
호우경보	2
호우특보	2
호위	2
호위연합	2
호응	2
호칭	2
호텔신라	2
호투	2
호펜하임에	2
호평	2
혼자	2
혼잡	2
혼조세	2
홀로그램	2
홀로코스트	2
홈경기	2
홈런포	2
홈쇼핑	2
홈에서	2
홈페이지	2
홈페이지서	2
홈플러스	2
홍등가	2
홍미노트5	2
홍보대사	2
홍수로	2
홍영표와	2
홍천	2
화면에	2
화물선	2
화성	2
화질	2
화창한	2
화해	2
확대간부회의	2
확산종합	2
확실시	2
확실히	2
환경장관	2
환골탈태	2
환구시보	2
활발	2
활성화한다	2
활용해	2
회담종합	2
회복1보	2
회부	2
회생	2
회수	2
회원국	2
회장은행장	2
획기적	2
효	2
효성	2
후보가	2
후보군	2
후보등록	2
후속조치	2
후손	2
후에	2
후에도	2
후예	2
후위	2
후임에	2
후퇴	2
후퇴종합2보	2
후후	2
훈풍	2
훈풍에	2
훼손종합	2
휘말린	2
휴가철	2
휴전합의	2
흉기	2
흉기에	2
흐르는	2
흐리다	2
흑인	2
흑자전환	2
흔드는	2
흔들기	2
흔적	2
히어로즈	2
히트	2
힉스	2
힐	2
힐러리는	2
힘겨루기	2
힘겨운	2
01x	1
02로	1
02주	1
0명	1
0명종합2보	1
0시	1
0플랜	1
1000m	1
1000일의	1
100gb	1
100개	1
100건	1
100곳	1
100권의	1
100년의	1
100년전	1
100달러	1
100리길	1
100만명	1
100만명선	1
100만배럴	1
100만뷰	1
100만원대	1
100배	1
100배로	1
100분	1
100세	1
100여건	1
100위권	1
100일간	1
100장면으로	1
100점대	1
100조	1
100조원	1
100타점	1
100호골	1
100호점	1
101명	1
101세	1
102명에	1
102세	1
103만원	1
103세	1
103억원	1
104개	1
105개	1
105만원	1
105억원	1
105엔	1
107승째	1
109명	1
10k	1
10가지	1
10개	1
10건당	1
10곳의	1
10기가급	1
10년만에	1
10년물	1
10년전의	1
10년후엔	1
10대그룹	1
10대에	1
10대에도	1
10돌	1
10명으로	1
10명이	1
10명중	1
10번째	1
10분	1
10분기째	1
10살	1
10세대	1
10시	1
10시께	1
10억달러	1
10억원	1
10억이상	1
10여	1
10원	1
10월로종합	1
10월말	1
10월에	1
10위	1
10위권	1
10으로	1
10이	1
10인에	1
10일간	1
10일내	1
10일부터	1
10조	1
10조원	1
10종목	1
10주기	1
10통	1
10패	1
10회	1
110만	1
110만권	1
110만명	1
110승째	1
110억원	1
110여명	1
110조원	1
111년만에	1
111억원	1
111조원	1
113억원	1
114억	1
114억원	1
1150원	1
1163원대	1
117개	1
117억원	1
11k에	1
11개월	1
11거래일째	1
11곳서	1
11년만에	1
11년형	1
11도	1
11도까지	1
11로	1
11만7천가구	1
11만명	1
11만명대	1
11명과	1
11번	1
11살	1
11억3천만달러	1
11월14일	1
11월까지	1
11월에	1
11일째	1
11조6천억원	1
11테러	1
11호	1
1200원	1
120년	1
120만	1
120억원	1
1210원	1
124명	1
127만명	1
128gb	1
128억원	1
12가지	1
12경기	1
12곳서	1
12도	1
12만	1
12만2천원	1
12배	1
12승	1
12시30분	1
12시간	1
12억원	1
12위	1
12일서	1
12조원	1
12편	1
12호	1
1300원	1
130개국으로	1
130년만에	1
130년치	1
130만원	1
130주년	1
1315일	1
1321개	1
134명으로	1
136개	1
13faq	1
13개로	1
13개팀	1
13경기	1
13년만의	1
13대책	1
13도	1
13만	1
13만2천원	1
13만6천원	1
13만8천원	1
13만명	1
13만부	1
13만여명	1
13명과	1
13명으로	1
13번째	1
13억원	1
13일부터	1
13점	1
13척	1
13척은	1
13편	1
13회	1
140달러까지	1
140만주로	1
140자	1
141일째2보	1
142m	1
143억원	1
147억	1
14거래일째	1
14건의	1
14곳	1
14기	1
14년만에	1
14도2일	1
14만대	1
14명이	1
14봉	1
14억원	1
14연패	1
14점	1
14차	1
14호	1
14호골종합2보	1
1500m	1
150m	1
150mm	1
150개국서	1
150만	1
150만명	1
150명	1
150살	1
150승	1
150억	1
150여국	1
152명	1
154인의	1
157건	1
158만원	1
159만원	1
159억원	1
15b코스	1
15개국에	1
15개팀	1
15경기	1
15년	1
15도	1
15만	1
15만3천명	1
15만부	1
15배로	1
15부작	1
15분	1
15세기	1
15시	1
15억명	1
15연승	1
15일까지	1
15일부터	1
15주째	1
15차는	1
15탈삼진	1
15호골	1
160개	1
160만명	1
161억원	1
162억원	1
164만명	1
164억원	1
167억원	1
169명	1
16강행	1
16도로	1
16득점	1
16만명	1
16만원	1
16세기	1
16시간	1
16안타	1
16원	1
16일동안	1
16주년	1
170개	1
170억원	1
177개사	1
178억원	1
17mm	1
17경기	1
17권	1
17년만에	1
17도움	1
17만1천명	1
17만6천원	1
17명으로	1
17분간	1
17시	1
17억원	1
17연승	1
17연패	1
17인치	1
17일까지	1
17일부터	1
17점차	1
17조9천752억원	1
17조원	1
17초	1
180건	1
180억원대	1
1870선	1
1890선에	1
18개월전	1
18년간	1
18대	1
18득점	1
18만원	1
18망언	1
18묘역	1
18묘지	1
18시	1
18위	1
18은	1
18이닝	1
18일만에	1
18일부터	1
18주년	1
18홈런	1
18회에	1
1930년대	1
193억원	1
1948년	1
1960년대	1
1970년대	1
197달러	1
1980년대	1
1990선	1
1992년	1
1994년	1
199호	1
19개	1
19연승	1
19연패	1
19일부터	1
19점	1
19점차	1
19주	1
19편	1
1gb	1
1kg	1
1km	1
1r	1
1개로	1
1개월형	1
1건종합	1
1경기	1
1경기차	1
1곳은	1
1기	1
1년6개월	1
1년간	1
1년내	1
1년에	1
1년전	1
1년째	1
1년후	1
1단계	1
1달러	1
1도움	1
1등에	1
1루수로	1
1막	1
1만	1
1만1천가구	1
1만1천명	1
1만2천명에	1
1만3천	1
1만4천여가구	1
1만5천명	1
1만6천명	1
1만928	1
1만대	1
1만번	1
1만여가구	1
1만원	1
1면	1
1명꼴	1
1박2일	1
1발에	1
1발은	1
1배	1
1번	1
1부리그	1
1분	1
1분기까지	1
1분기도	1
1상	1
1석	1
1순위로	1
1순위에	1
1스마트폰	1
1승4패로	1
1승만	1
1승에	1
1승이라도	1
1시간	1
1시간22분	1
1시간50분	1
1시간50분종합2보	1
1실점강민호	1
1억3천만원	1
1억5천만대	1
1억8천만원	1
1억달러	1
1억대	1
1억원에	1
1억유로	1
1월국회서	1
1월까지	1
1월말로	1
1월엔	1
1위가	1
1위도	1
1위들의	1
1위로	1
1위리얼미터	1
1위에	1
1위종합	1
1위팀의	1
1이	1
1인1표	1
1인방송	1
1인자	1
1일까지	1
1절	1
1절도	1
1조	1
1조1천195억원	1
1조2천350억원	1
1조2천억원	1
1조3천700억원	1
1조3천억원	1
1조4천억원	1
1조5천억	1
1조6천억원	1
1조8천억원	1
1조9천144억원	1
1조원대로	1
1조원으로	1
1종합	1
1주	1
1주에	1
1주일간	1
1주일만에	1
1차관종합2보	1
1차례	1
1차전에	1
1차투표	1
1척	1
1천110정	1
1천113억원	1
1천11억원	1
1천135억	1
1천142개	1
1천157점	1
1천200km종합	1
1천200명	1
1천205억원에	1
1천220억	1
1천230만대	1
1천238억원	1
1천239억원	1
1천245억원	1
1천282개사	1
1천300편	1
1천382억원	1
1천417건	1
1천417억원	1
1천42억	1
1천438일	1
1천458억원	1
1천496억원	1
1천500년	1
1천500만원	1
1천500안타	1
1천500억	1
1천502개	1
1천533일만의	1
1천550조	1
1천561억원에	1
1천573억원	1
1천630억원	1
1천680만명	1
1천68억원	1
1천700만명	1
1천748일	1
1천759개사	1
1천800만명	1
1천800억원대로	1
1천개	1
1천경기	1
1천달러	1
1천대	1
1천만년	1
1천만달러	1
1천만뷰	1
1천만평	1
1천분의	1
1천억	1
1천원대	1
1천원서	1
1천원씩	1
1초로	1
1패	1
1패는	1
1편이	1
1호차	1
1호협력	1
1회말	1
2003년부터	1
2005년부터	1
200가구	1
200개	1
200만대	1
200번째	1
200여개국으로	1
200일	1
200일전투	1
200장	1
200주년	1
200탈삼진	1
200홈	1
200홈런300도루	1
2010년	1
2010선	1
2011년	1
2014년부터	1
2015년	1
20162017시즌	1
2016년형	1
2017년형	1
20182019시즌	1
2018년까지	1
2018년형	1
2018바이오	1
2018세법개정	1
2018아시안게임	1
2019서	1
201곳	1
2020년까지	1
2020년부터	1
2020사업에	1
2020선	1
2020시즌	1
2020예산	1
2021년까지	1
2021년도	1
2021년부터	1
2022년인지	1
2024년	1
2024년엔	1
2024서	1
202명	1
202억	1
2030년	1
2030선	1
2040개국에	1
2040선	1
204억원	1
2050대	1
2050선	1
205명	1
2060대	1
2070대	1
2070선	1
2080대	1
2090선	1
20gbps	1
20개월만에	1
20기	1
20년간	1
20년만에	1
20년후엔	1
20대국회	1
20도19일	1
20리바운드	1
20만	1
20만8천건	1
20만8천원	1
20만9천건	1
20만건	1
20만원대	1
20명까지	1
20분	1
20살	1
20세기	1
20시간	1
20여	1
20여개국서	1
20여년	1
20여명과	1
20여종	1
20으로	1
20조	1
20주년	1
20척	1
20홈런	1
210개	1
212억	1
2130선	1
2160대	1
2170대로	1
219억	1
21개국으로	1
21개월만에	1
21개월형	1
21구	1
21도움	1
21로	1
21만원	1
21명	1
21안타	1
21억원어치	1
21일까지	1
21호골	1
220만원	1
220억원	1
2210선	1
2223일	1
222장	1
227명	1
22개월만에	1
22경기	1
22년	1
22만3천건	1
22만9천건	1
22번	1
22세	1
22억원	1
22편	1
230여명	1
230원에	1
2310선	1
2325일	1
233억원	1
2360대로	1
236개	1
23개	1
23개월만	1
23경기	1
23도	1
23득점	1
23리바운드	1
23만	1
23만7천원	1
23분	1
23억원	1
23일까지	1
23일부터	1
23점	1
23초	1
2400선	1
2425일	1
243억원	1
2460대로	1
2460선	1
247억원	1
2480대	1
2480선	1
248억	1
2490선	1
24개팀으로	1
24대	1
24만명	1
24만원종합	1
24분	1
24살	1
24세이하	1
24억3천600만원	1
24인의	1
24일로	1
24일부터	1
24점	1
24조원	1
250골	1
250년	1
250원	1
2534세	1
256만원	1
256억원	1
257명	1
259건	1
259명	1
25t	1
25개	1
25도까지	1
25득점	1
25만대	1
25만명	1
25만원	1
25명	1
25세	1
25억엔	1
25와	1
25전쟁	1
25점차	1
260억원	1
262만원	1
263g	1
26gb	1
26권의	1
26년	1
26달러대	1
26라운드	1
26만6천건	1
26명	1
26분	1
26세	1
26억	1
26일까지	1
26호	1
270도	1
272명	1
278만원	1
27경기	1
27번째	1
27분	1
27분간	1
27시즌	1
280자로	1
282km	1
289일	1
28ghz	1
28곳	1
28년	1
28억원	1
28종	1
291억원	1
299억원	1
29년	1
29만7천원	1
29명	1
29명째	1
29살	1
29세	1
29억원	1
29조원	1
2강	1
2개국	1
2개사에	1
2개상	1
2개시즌	1
2개월	1
2건	1
2건은	1
2경기서	1
2계단	1
2곳	1
2관왕	1
2권	1
2권역서	1
2급	1
2기체제	1
2년6개월	1
2년내	1
2년약정	1
2달러	1
2달러에서	1
2대책	1
2라운	1
2리바운드	1
2만1천가구	1
2만2천명	1
2만4천건	1
2만5천명	1
2만5천원	1
2만곳	1
2만대	1
2만명	1
2만원	1
2명의	1
2명이면	1
2발	1
2배종합	1
2번째로	1
2보트럼프	1
2부장	1
2분	1
2분기도	1
2분기부터	1
2분기엔	1
2사에서	1
2살	1
2상서	1
2선후퇴	1
2세대	1
2세들	1
2승만	1
2시14분	1
2시간	1
2시간만에	1
2실점권오준	1
2실점종합	1
2심서	1
2어시스트	1
2억	1
2억181만주	1
2억5천만명	1
2억5천만원	1
2억7천만원	1
2억달러	1
2억원	1
2연패도	1
2원	1
2월내	1
2월부터	1
2월중순	1
2월초	1
2위로	1
2위와	1
2이닝	1
2일까지	1
2자책	1
2점포	1
2조	1
2조214억원	1
2조2천억원	1
2조4천억원	1
2조5천억원대로	1
2조5천억으로	1
2조6천억	1
2조9천억원	1
2조원에	1
2종	1
2종합	1
2주가	1
2주내	1
2주뒤	1
2주째	1
2주후	1
2차공격	1
2차관	1
2차분	1
2차장	1
2차전에서는	1
2천	1
2천133억원	1
2천18명	1
2천323만주	1
2천400억원	1
2천481건	1
2천500만대	1
2천522명	1
2천543억원	1
2천637억	1
2천700만원	1
2천713억원	1
2천736건	1
2천800만원	1
2천800명	1
2천800억원설	1
2천852억원	1
2천971억	1
2천건	1
2천대	1
2천명	1
2천원으로	1
2천조원	1
2천채	1
2층	1
2층버스	1
2탄	1
2패	1
2편으로	1
2호	1
2호골	1
2회전	1
300곳	1
300명	1
300번째	1
300억달러	1
300여개	1
300여곳	1
300여명부상종합2보	1
300종합	1
300편	1
3030클럽	1
30개는	1
30건	1
30년만에	1
30년만의	1
30년째	1
30도로	1
30만	1
30만원대	1
30만원씩	1
30번째	1
30분	1
30세이브	1
30억	1
30억원	1
30일만에	1
30일부터	1
30주년에	1
30초만에	1
30홈런	1
318만건	1
31개국	1
31년	1
31라운드	1
31로	1
31만원	1
31위로	1
31일까지	1
31점	1
31호포	1
329억짜리	1
32gb	1
32강	1
32년	1
32년을	1
32명	1
32억원	1
32이닝서	1
331명	1
333억원	1
33년만에	1
33만9천900원부터	1
33명	1
33번	1
33일째	1
33점	1
33조원	1
33회	1
342명	1
346만명	1
34kg	1
34개국	1
34건	1
34년	1
34만	1
34승	1
34억원	1
34회	1
350m	1
350대	1
350만	1
350명	1
357만	1
35권	1
35도	1
35도종합	1
35득점	1
35라운드	1
35명은	1
35명의	1
35점	1
35층	1
360도로	1
362억원	1
365석	1
36gb	1
36경기	1
36년만의	1
36위	1
36조	1
36주	1
370만개	1
372억원	1
37개국	1
37년만에	1
37득점	1
37만원	1
37세	1
37억	1
384만명	1
38년	1
38노스	1
38노스가	1
38선	1
38억	1
38주년	1
38회	1
398명	1
39개	1
39곳서	1
39만원	1
39사단	1
39조원	1
39주년	1
39초	1
3d프린터	1
3d프린팅산업	1
3g	1
3gpp	1
3k	1
3kh	1
3강	1
3개년	1
3개월간	1
3개월째	1
3거래일	1
3거래일째	1
3건은	1
3곳과	1
3남	1
3년3개월	1
3년6개월	1
3년반만에	1
3년새	1
3년전	1
3년차	1
3달러	1
3당체제	1
3대3농구	1
3대3농구연맹	1
3라운드	1
3루수	1
3리바운드	1
3만	1
3만1천여가구	1
3만3천명에	1
3명은	1
3무로	1
3바퀴	1
3박	1
3방	1
3방으로	1
3배로	1
3번	1
3번째로	1
3법	1
3부	1
3부자	1
3분만에	1
3분의2	1
3블록슛	1
3사건	1
3상	1
3성	1
3시1분부터	1
3시30분부터	1
3시간	1
3안타2볼넷	1
3어시스트	1
3억2천500만	1
3억3천만	1
3억5천만원	1
3억원	1
3연속	1
3연승으로	1
3월1일	1
3월20일	1
3월26일부터	1
3월로	1
3월초	1
3위종합	1
3이닝	1
3인의	1
3인전용	1
3인조	1
3일서	1
3조1천648억원	1
3조3천억	1
3조4천억	1
3조7천억	1
3조7천억원	1
3조8천317억	1
3조9천억	1
3주간	1
3주기	1
3주기와	1
3주만에	1
3차원	1
3차전	1
3차전은	1
3척	1
3천247t	1
3천273억원	1
3천400명	1
3천500만원	1
3천658일	1
3천709억원이면	1
3천753억	1
3천건	1
3천년	1
3천만	1
3천억	1
3천억대	1
3천억원에	1
3천원	1
3층	1
3쿼터	1
3타자	1
3타점	1
3패	1
3피안타	1
3형제	1
3회	1
400년	1
400만	1
400만명	1
400억	1
400억원	1
400여	1
4050배	1
406일	1
408억원	1
40달러대	1
40대	1
40대에	1
40도	1
40득점	1
40만	1
40명에	1
40억	1
40억원	1
40여곳	1
40여일	1
40조원	1
40주년에	1
40차례	1
40팀	1
410도	1
414억원	1
41년만에	1
41도	1
41만9천100원	1
41억5천만원으로	1
41호포	1
423억원	1
42개	1
42만명	1
42억5천만원에	1
42점	1
430억원	1
432억원	1
43만3천400원	1
43억	1
43으로	1
448명	1
44년	1
44억원	1
44일간	1
450년	1
450대	1
458곳	1
45년	1
45년만에	1
45로	1
45만원	1
45분	1
45일만종합	1
46개	1
46건	1
46만건	1
46세	1
46억	1
46억원	1
46주년	1
4745일	1
476억원	1
47개로	1
47년	1
47명	1
480억원에	1
48개국	1
48년	1
48인치	1
48조	1
48주	1
49만9천여대	1
49만명	1
49만원	1
49주기	1
49호	1
4g	1
4k	1
4m	1
4q	1
4가지	1
4강에서	1
4개사	1
4개섬	1
4개월째	1
4건	1
4계단	1
4곳서	1
4권으로	1
4기	1
4년뒤	1
4대강	1
4대로	1
4라운드	1
4룡	1
4만5천원	1
4명꼴	1
4명사망	1
4박5일	1
4방으로	1
4번	1
4번타자	1
4분기부터	1
4삼진	1
4선	1
4세	1
4승	1
4시간	1
4억4천만원	1
4억달러	1
4억명	1
4억원대	1
4연속	1
4연승종합	1
4운동	1
4월8일	1
4월까지	1
4월말	1
4월말까지	1
4월에	1
4월의	1
4월의봄	1
4월중	1
4위전서	1
4이닝	1
4인극으로	1
4인으로	1
4점	1
4점7r	1
4점차	1
4조	1
4조160억원	1
4조4천억	1
4조5천억원	1
4조8천712억원	1
4종	1
4주	1
4주기	1
4주째	1
4중전회	1
4차례	1
4차산업혁명위	1
4차산업혁명이	1
4차전	1
4차전서	1
4천	1
4천100명	1
4천100원	1
4천200만분	1
4천203회	1
4천20일	1
4천243만원	1
4천298가구	1
4천600억	1
4천654억원	1
4천800억원	1
4천900원에	1
4천건	1
4천만대	1
4천명	1
4천억	1
4천여개	1
4천원	1
4천원대	1
4출루	1
4쿼	1
4쿼터	1
4패	1
500개	1
500경기	1
500년	1
500만대	1
500명까지	1
500억원	1
500여	1
500여명	1
500일	1
500점	1
500주년에	1
500호	1
500홈런	1
503명	1
508억원	1
50개국	1
50년	1
50년만의	1
50만개	1
50만부	1
50번	1
50승	1
50억원에	1
50여개	1
50여명	1
50위	1
50점에도	1
50층	1
50층이상	1
512명	1
514달러	1
51명	1
51호	1
53곳	1
53만원	1
53만원대	1
53명	1
544억원	1
54개국중	1
54년만에	1
54만명	1
54세	1
54주년	1
556곳서	1
55세	1
55초	1
56개로	1
56만여명	1
56억원	1
56조원	1
575억원	1
576억원	1
577억원	1
57명	1
57타석	1
580억원	1
584로	1
58만명	1
599억원	1
59개	1
59개월째	1
59만9천500원	1
59명	1
59일	1
5g기술	1
5g까지	1
5g스마트폰	1
5g요금제	1
5g용	1
5g장비	1
5g주파수	1
5g폰으로	1
5가	1
5개부처	1
5개월	1
5거래일	1
5골	1
5곳은	1
5년새	1
5년여간	1
5년전	1
5대중	1
5라운드	1
5리바운드	1
5만	1
5만4천여명	1
5만5천원	1
5만원	1
5만원대	1
5명3보	1
5명에	1
5배로	1
5법	1
5부리그	1
5분	1
5분의	1
5시30분까지	1
5억4천만원	1
5억8천만원	1
5억달러	1
5억원	1
5억원으로	1
5연속	1
5연패서	1
5월까지	1
5월말	1
5월에	1
5월에는	1
5월의	1
5월초	1
5위로	1
5이	1
5인치	1
5일부터	1
5자	1
5조원	1
5주차	1
5차례	1
5차전도	1
5천	1
5천100개	1
5천29회	1
5천400	1
5천445명	1
5천500만대	1
5천500원	1
5천600여명	1
5천645일만의	1
5천700억	1
5천739억달러	1
5천860억	1
5천950억원	1
5천개	1
5천건	1
5천만대	1
5천명	1
5천억원	1
5천여명	1
5천원으로	1
5천조원	1
5출루	1
5할	1
5호	1
5호골	1
600명	1
600억	1
600억달러	1
60달러	1
60만원	1
60명	1
60승	1
60억원	1
60여	1
60여명	1
60인치	1
60일내	1
60점	1
60조	1
60초	1
60편	1
617억원	1
61만5천800원	1
61주년	1
625억	1
634건	1
63만여명	1
63컨벤션센터서	1
645억원	1
64gb	1
64명	1
64분	1
64편	1
65년	1
65년만에	1
65달러	1
65대	1
65억배	1
65일만에	1
667억원에	1
668건	1
66조원	1
676가구로	1
67명	1
67억원	1
67억원에	1
68명	1
68혁명	1
69승째	1
6gb	1
6개국	1
6개사	1
6개월만	1
6개월만에	1
6개월신기남	1
6개월종합	1
6개지역	1
6권	1
6기	1
6년간	1
6득점으로	1
6라운드	1
6만4천320주	1
6만6천원	1
6만원	1
6발	1
6방에	1
6분	1
6승	1
6시부터	1
6억	1
6연승한	1
6월초	1
6일만에	1
6일부터	1
6자리	1
6조	1
6조원	1
6주	1
6주기	1
6주년	1
6차핵실험	1
6척	1
6천323억	1
6천323억종합2보	1
6천500명	1
6천500억원	1
6천700개	1
6천800명에	1
6천명	1
6천억에	1
6천억원	1
6편	1
6피안타	1
6호	1
6호골	1
701억원	1
70개국	1
70돌	1
70만명	1
70만원	1
70만주	1
70명	1
70분만에	1
70승	1
70위	1
70일	1
70점	1
70층	1
70평	1
715억원	1
71골	1
71곳	1
71년만의	1
71명	1
726억원	1
72구	1
72년	1
72주년	1
735억원	1
735일	1
737맥스8	1
73경기	1
73대	1
73명	1
73명까지	1
73세종합	1
73조	1
74년이	1
74분	1
75t	1
75원씩	1
75점	1
75초	1
760명	1
760억	1
770개	1
773억원	1
77세로	1
780억원	1
78개	1
795억원	1
79달러	1
79만9천원	1
79편	1
7가지	1
7개월간	1
7개월새	1
7건	1
7경기	1
7곳	1
7권	1
7대	1
7득점	1
7만	1
7만2천개	1
7만5천개째	1
7만원	1
7번째로	1
7분기	1
7시30분	1
7시즌	1
7억	1
7억원	1
7원	1
7월4일	1
7월8일	1
7월에만	1
7월초	1
7위종합	1
7인치	1
7일간	1
7일까지	1
7일만에	1
7일부터	1
7장될	1
7전	1
7조2천억	1
7조7천억원	1
7조8천억원	1
7조원대	1
7주기	1
7주째	1
7차	1
7척뿐	1
7천306만원	1
7천347만원	1
7천428만건	1
7천544억	1
7천만원	1
7천명	1
7천억원	1
7회	1
800건	1
80개	1
80년대부터	1
80대	1
80만명	1
80명	1
80억원	1
80주년	1
811명	1
81만원	1
822일	1
828조원	1
82곡	1
82년만의	1
830억원	1
836정	1
83개	1
83분	1
84년생	1
84명	1
84세로	1
84억원	1
856쪽짜리	1
85개시	1
85만9천원	1
85만대	1
85세	1
866억	1
86그룹	1
87만명	1
87억원에	1
880억원	1
88개사가	1
88만원부터	1
890명	1
89만9천800원	1
8gb	1
8k	1
8t	1
8강전	1
8개국어로	1
8개월	1
8개월만에	1
8개의	1
8개팀	1
8경기에	1
8경에	1
8기	1
8년째2보	1
8대	1
8독립선언	1
8독립선언의	1
8만1천명	1
8만6천명	1
8만8천명	1
8만건	1
8만명	1
8만원짜리	1
8명은	1
8번째	1
8번타자	1
8선	1
8승	1
8시30분께	1
8억	1
8억700만	1
8억8천만원	1
8억원	1
8원	1
8월2일	1
8월까지	1
8월부터	1
8월사태	1
8월이후	1
8위종합	1
8유로	1
8의	1
8일째	1
8점	1
8종	1
8주째	1
8천360억원	1
8천500억원	1
8천600명으로	1
8천643만건	1
8천m급	1
8천건	1
8천만	1
8천억	1
8통은	1
8호	1
8호골	1
8호골로	1
8홈런에	1
900명	1
90년	1
90만원	1
90만원대	1
90억원대	1
90주년	1
915만달러	1
92구	1
92세	1
93만개	1
95건	1
95명	1
95세로	1
96개로	1
97명	1
987억원	1
98원	1
99세	1
99억원	1
9k에도	1
9mm	1
9개월	1
9개월만에	1
9골	1
9곳종합2보	1
9년	1
9년간	1
9년래	1
9년만에	1
9도15일	1
9만곡	1
9명으로	1
9번	1
9분기	1
9분만에	1
9시16분	1
9시뉴스	1
9시로	1
9억	1
9억원	1
9원으로	1
9월15일	1
9월로	1
9월말	1
9월말까지	1
9월전	1
9위로	1
9인으로	1
9일간	1
9일부터	1
9일째	1
9조4천억원에	1
9조원	1
9차례	1
9천	1
9천900억원	1
9천만병	1
9천만원	1
9천억원	1
9편	1
9호골	1
9회말	1
a30	1
a40	1
a50	1
a7	1
a9	1
acl	1
acl행	1
ac밀란전에	1
afc챔피언스리그	1
afd	1
ai가	1
ai검색	1
ai기술	1
ai는	1
ai로	1
ai리모컨	1
ai보안기술	1
ai비서	1
ai사업	1
ai센터장	1
ai월드컵	1
ai칩	1
aj렌터카	1
al	1
all	1
amoled	1
anc	1
ap	1
apec	1
ars로	1
ar로	1
ar쇼핑	1
as	1
as까지	1
as로마	1
atl	1
at마드리드	1
aws	1
a에	1
a에서	1
b78710	1
bbb로	1
bc주	1
bc카드	1
bdo	1
be	1
bigger	1
bj에	1
bmw와	1
bts	1
btv	1
bw	1
b조	1
b팀	1
cas	1
cbs스포츠	1
ccs충북방송	1
ceo가	1
ceo까지	1
ceo의	1
ces서	1
ces에서	1
cevoc	1
cfo	1
cgv	1
cgv영등포에	1
cj오쇼핑	1
cj포디플렉스	1
cj헬로비전skb	1
cj헬로비전의	1
cj헬스케어	1
cnbc	1
com	1
cpsc	1
cpu	1
creator	1
cto	1
cvid	1
d100	1
d13	1
d16	1
d1성악전공	1
d2	1
d20	1
d30	1
d31	1
d5	1
d6	1
d9헌장에	1
db금융투자	1
db나와	1
db로	1
db의	1
db현대모비스	1
dg	1
dgb생명	1
dgist에서	1
dlf사태	1
dlf에	1
dls	1
dmc를	1
dmc미디어nbp	1
dms	1
dmz까지	1
dna	1
dna였다	1
dna처럼	1
do	1
ds	1
dti	1
du	1
eas	1
ecj	1
eez	1
elb	1
emkt스카이라이프	1
emmou	1
eng	1
enm	1
enm에	1
epl사상	1
espn	1
ess	1
etf	1
etn	1
etn도	1
eu가	1
eu기업	1
eu법	1
eu서	1
eu에	1
eu와	1
eu우크라	1
eu의	1
eu집행위서	1
eu탈퇴	1
e내비게이션	1
e스포츠팀	1
e클래스	1
f1963에	1
f1머신	1
farc와	1
fa자격	1
fbi	1
fcc	1
fc아트드림	1
fda	1
femnadel상	1
ffvd	1
fiba	1
fiu	1
for	1
fwa	1
fx2	1
f까지	1
g20서도	1
g2무역분쟁	1
g2발	1
g2분쟁에	1
g300	1
g5	1
g6로	1
g6보다	1
g7씽큐	1
g7에도	1
g8	1
g8x	1
gdp로	1
ge	1
gepp	1
ge헬스케어	1
gkl	1
gmo노벨상	1
gm사태	1
go	1
gp철수	1
gs	1
gsw	1
gs글로벌	1
gs샵	1
gs홈쇼핑	1
gtxa	1
g메일	1
g조	1
hdc아이콘트롤스	1
hdc현대ep	1
hd급	1
hmc증권	1
hmd	1
hp	1
hw	1
i30	1
iaea가	1
iaea요원	1
ibk증권	1
icbm용	1
icc중재서	1
icc컵서	1
ict사업자	1
ict업계	1
idea	1
ie	1
ifa에서	1
imf와	1
imf총재와	1
in	1
inf탈퇴	1
ios	1
iot기기	1
iot로	1
iot서비스	1
iot숙면알리미	1
ipf	1
ipu총회	1
ip특위	1
ir	1
ismsp	1
is가	1
is가담	1
is격퇴	1
is는	1
is로	1
is보다	1
is조직원	1
iter근무	1
itf	1
itx청춘	1
it강국	1
it기업과	1
it기업들	1
it대형주	1
it매체들	1
it사업자	1
it스포츠	1
it시스템	1
it업계	1
it월드컵	1
it의	1
iyf월드문화캠프	1
jp모건	1
jr	1
jtbc	1
jtv전주방송	1
j노믹스	1
k	1
k9	1
kaist서	1
kbc광주방송	1
kbis	1
kbo리그와	1
kbo서	1
kbsn	1
kbs공영노조	1
kbs국민패널	1
kbs도	1
kbs본부	1
kb국민은행장	1
kb국민카드와	1
kb금융의	1
kb중소형고배당	1
kcgi측	1
kdb생명에	1
kdb생명은	1
keb하나은행율촌	1
kia롯데	1
kia서	1
kia행	1
kict	1
kistit여성기업인협회	1
kj프리텍	1
kj프리텍에	1
kkk	1
kkr	1
knn	1
koica	1
kotc	1
kotra	1
kov0컵	1
kovac	1
kpf	1
kpipa	1
kpop	1
kpx생명과학	1
krx금시장	1
ks에서	1
ktbnf	1
ktb증권	1
ktb투자증권	1
ktx타고	1
kt금호고속	1
kt안랩	1
kt에	1
kt엠하우스	1
kt온산지점서	1
kt와	1
kt의	1
kt전	1
kt파워텔	1
k로드	1
k리거	1
k리그에	1
k문화축제	1
k뱅크	1
k스포츠	1
k스포츠재단서	1
k시리즈	1
la대학서	1
la서	1
la시장	1
la타임스	1
lck	1
leti와	1
lgd와	1
lg사이언스파크	1
lg상사	1
lg생건	1
lg생명과학	1
lg생활건강	1
lg스럽지가	1
lg에	1
lg와	1
lg유플러스는	1
lg유플러스여기어때	1
lg트윈스기	1
lol경기장으로	1
lpg	1
ls	1
ls니꼬동제련	1
ls엠트론	1
ls오토모티브	1
lte의	1
lte폰	1
lte폰과	1
ltv	1
m5	1
maas	1
mama까지	1
mbc경남	1
mbc기자회	1
mb를	1
mb비서관	1
mdl	1
mds	1
mg손보	1
mit	1
mit도	1
ml	1
mlb서	1
mlb시선은	1
mlb파워랭킹	1
mlcc	1
ml슈퍼스타	1
ml점령한	1
mmorpg	1
mmt	1
motoz2	1
ms와	1
mv	1
mvp까지	1
mvp는	1
mvp도	1
mwc상하이서	1
mwc에서	1
m모바일	1
m포인트로	1
narle나를	1
nasa도	1
nba스타	1
nba에	1
nba와	1
nbc	1
nc두산전	1
nc전	1
ndt1	1
new트렌드	1
ngo가	1
nhk	1
nhn	1
nh농협금융	1
nh농협금융지주	1
nh농협은행	1
nice평가정보와	1
nipa	1
nlds	1
nll	1
nl신인상	1
no5261	1
npl	1
nsg	1
nyt조사선	1
n서울타워	1
n페이	1
o	1
o2o	1
oana	1
oci	1
oecd	1
ogq마켓	1
ogq에	1
oj	1
okc에	1
ok저축	1
ok저축은행은	1
ops	1
ott박스	1
out	1
p0서	1
p10	1
p20프로	1
p2p금융상품	1
p53	1
pb	1
pc방	1
pc키보드	1
pc판에서도	1
pd	1
pd연합회	1
pg사업	1
phev	1
pk	1
pnn	1
po는	1
po서	1
pp업계	1
psg는	1
psg에	1
psg와	1
p로	1
p차로	1
q6	1
q8	1
qled냐	1
qr코드	1
q스타일러스로	1
rd사업	1
rd혁신	1
rp금리	1
s500	1
s8	1
s9과	1
s9보다	1
sat	1
sbs스페셜	1
scie	1
se	1
sema	1
sema창고서	1
sema하나	1
sf	1
sf소설	1
sf에	1
sf전	1
sf전서	1
sg생활안전과	1
sh공사	1
sh홀딩스	1
skb도미노피자	1
skc에코솔루션즈	1
skt는	1
skt비스텔	1
skt사장	1
skt서	1
skt통인익스프레스	1
sk그룹	1
sk는	1
sk두산전	1
sk옥수수	1
sk인포섹	1
sk전서	1
sk텔레콤서울관광재단	1
sk텔레콤안양시	1
sk플래닛	1
sk행복드림구장	1
slbm으로	1
sms	1
sm그룹	1
sns게시물에	1
sns서	1
soc예산	1
spc	1
spc삼립	1
spp조선	1
sri	1
ssg닷컴	1
stl	1
stx중공업에	1
stx프랑스	1
st모티브	1
st전장	1
sun	1
sw산업진흥법	1
sw업그레이드센터에	1
sw패치	1
s펜이	1
tbn	1
tcl	1
teb	1
tg4	1
things	1
tip	1
tpp	1
ttip협상	1
tv까지	1
tv스트리밍	1
tv조선2	1
tv토론은	1
tv프로그램	1
t렌탈	1
t로밍	1
t맵x누구	1
t맵에	1
t전화	1
t전화에	1
u	1
u16	1
u17	1
u20월드컵의	1
u5g	1
uar로	1
uar서	1
ubc	1
ubc울산방송	1
uci	1
ufg는	1
ufg연습	1
ui	1
un	1
usb	1
ustr	1
us여자오픈	1
utv프리	1
u로드	1
u리그	1
u사장님패키지	1
u스마트홈	1
v10	1
v12	1
v3	1
v30에서	1
v40로	1
v5	1
v50s	1
vips	1
vol	1
vov	1
vr방	1
vr카메라	1
vr현장	1
vw	1
v낸드	1
w	1
ways	1
wbsc	1
wfp	1
who에	1
wifi도	1
wimp	1
wk리그	1
wk리그까지	1
wm	1
wmo	1
ws	1
x	1
x4	1
xr	1
xz1	1
x보다	1
x에	1
x여행	1
y2k	1
ys	1
ytn노조	1
yt클래스	1
y데이터박스	1
zte	1
zte와	1
가겠다종합	1
가격도	1
가격부담	1
가격에	1
가격은	1
가격통제	1
가고시마	1
가고있어종합	1
가곡의	1
가극의	1
가극화	1
가기	1
가까운	1
가까워져	1
가까워지면	1
가깝고	1
가깝다	1
가난	1
가난에	1
가난한가	1
가늠자	1
가능성도	1
가능성속보	1
가능성에	1
가능성에도	1
가능성은	1
가능성종합2보	1
가능성종합3보	1
가능토록	1
가능하지만	1
가능한가요	1
가능할	1
가능할까종합	1
가닥종합	1
가던	1
가동종합	1
가득	1
가득한	1
가디언	1
가량	1
가려서	1
가로수길	1
가로수길에	1
가로채	1
가로챈	1
가르친다종합	1
가르칠	1
가를	1
가리기	1
가리킨	1
가린다	1
가맹점과	1
가물가물	1
가뭄과의	1
가방도	1
가방제품에	1
가볍게	1
가볍고	1
가보고	1
가보니	1
가볼까	1
가빈도	1
가빈에게	1
가빴던	1
가사	1
가상	1
가상영상	1
가상인체	1
가상현실vr	1
가상현실도	1
가상현실로	1
가상현실이	1
가상화	1
가상화폐거래소	1
가상화폐에	1
가세	1
가세한	1
가속종합	1
가속화에	1
가수	1
가수는	1
가스파리니	1
가스파리니에게	1
가슴	1
가슴엔	1
가시	1
가시권	1
가시밭	1
가시화종합4보	1
가압류	1
가액기준	1
가열종합	1
가오슝	1
가위	1
가을과	1
가을대전	1
가을밤	1
가을아	1
가을야구에서	1
가을여행	1
가을여행은	1
가을을	1
가을이네요	1
가을이었지만	1
가을축제	1
가을향기에	1
가이	1
가입문건	1
가입비	1
가입자수	1
가입자에	1
가입키로	1
가입하면	1
가입해도	1
가자지구서	1
가전도	1
가전업계	1
가전으로	1
가전전시회	1
가정서	1
가정의	1
가정집	1
가져야	1
가족결합	1
가족들	1
가족들도	1
가족문제로	1
가족할인상품	1
가죽	1
가중	1
가지고	1
가진	1
가짜뉴스가	1
가짜뉴스는	1
가짜뉴스법	1
가짜뉴스와	1
가짜에	1
가축방역	1
가축분뇨	1
가축시장	1
가치가	1
가치평가	1
가평	1
가학적	1
가혹근무	1
각계	1
각계인사	1
각국서	1
각세우는	1
각오로	1
각인	1
각종	1
각하	1
간격	1
간다면	1
간다종합	1
간디	1
간병살인	1
간부가	1
간부들과	1
간사만	1
간사에	1
간사장	1
간소화	1
간절	1
간절하게	1
간절했기	1
간접	1
간질간질	1
간첩	1
간첩사건	1
간판개선	1
간판에	1
간편식	1
간편요리세트	1
간편하게	1
간호사	1
갇혀	1
갈길	1
갈까	1
갈등빚는	1
갈등의	1
갈라진	1
갈랐다	1
갈랜드	1
갈림길	1
갈만한	1
갈망하는지	1
갈맷길	1
갈비뼈	1
갈수록	1
갈아입고	1
갈아입자	1
갈팡질팡	1
감	1
감각적	1
감격의	1
감귤	1
감기	1
감기몸살로	1
감길	1
감독교체에도	1
감독김태종	1
감독님	1
감독님과	1
감독님도	1
감독도	1
감독들	1
감독에게	1
감독을	1
감독직	1
감독체계	1
감동적	1
감마누	1
감미로운	1
감사결과	1
감사만종합	1
감사선임	1
감사시간	1
감사에	1
감사위원	1
감사위원회	1
감사이벤트	1
감사인	1
감사인지정	1
감사합니다	1
감산종합	1
감산확대	1
감상	1
감상에도	1
감상하기	1
감소세	1
감소에	1
감소종합2보	1
감속	1
감수	1
감수하고	1
감시망	1
감시중	1
감시태세	1
감싸는	1
감악산	1
감안해서	1
감염률	1
감염종합	1
감옥에	1
감원	1
감원키로	1
감자로	1
감자원정대	1
감정원	1
감정평가사협회	1
감지	1
감지되면	1
감찰대상	1
감찰할	1
감청	1
감추고	1
감추고자	1
감축종합	1
감축종합2보	1
감투섬	1
감행	1
감히	1
갑니다	1
갑론을박도	1
갑시다	1
갑자기	1
갑작스런	1
갑절	1
값	1
값이라	1
갓난아들	1
갓스물	1
갔을까	1
강	1
강간	1
강경정책	1
강경진압	1
강경책	1
강경태도에	1
강경투쟁론	1
강경파가	1
강경함	1
강공	1
강공에	1
강규형	1
강남idc	1
강남아파트	1
강남역	1
강달러	1
강달러에	1
강대국	1
강도	1
강도살인	1
강등권	1
강등되면	1
강등위기	1
강력규제	1
강력대응에	1
강력대응종합4보	1
강력사건	1
강력제재	1
강력제재로	1
강력제재종합	1
강력하고	1
강력해진	1
강렬한	1
강령파동	1
강릉시대	1
강릉에서	1
강릉의	1
강백호에	1
강변	1
강보합2보	1
강석주	1
강성형	1
강세1보	1
강수량도	1
강연중	1
강연하는	1
강연회	1
강용석	1
강원cbs	1
강원교육청	1
강원농협	1
강원도민일보사	1
강원도에서	1
강원도의	1
강원민속예술축제	1
강원산불	1
강원상주전	1
강원에	1
강원영동	1
강원지사	1
강은경	1
강의	1
강인욱의	1
강자를	1
강점은	1
강정호는	1
강정호의	1
강제노동도	1
강제수용소	1
강제진입	1
강제징용판결후	1
강제철거	1
강조는	1
강조하며	1
강좌	1
강진에	1
강철서신	1
강추위에	1
강풍경보	1
강풍경보로	1
강풍까지	1
강풍으로	1
강풍주의보도	1
강하면	1
강한비	1
강해	1
강해졌다	1
강해진	1
강했다	1
강행속	1
강행시	1
강행태세속	1
강행하다	1
강화도조약	1
강화된다	1
강화방안은	1
강화에	1
강화하겠다	1
강화한	1
강화한다	1
강화할	1
강화해	1
강화해도	1
갖춰	1
갖춰달라	1
갖춰야종합	1
갖춰진다면	1
같아	1
같은날	1
같이	1
같지	1
갚을	1
개가	1
개각론	1
개각발표	1
개각서	1
개각폭	1
개관종합	1
개관한	1
개교	1
개띠	1
개막식	1
개막식에	1
개막종합	1
개미	1
개발금지령	1
개발도	1
개발목표에	1
개발사	1
개발은	1
개발자	1
개발자와의	1
개발종합	1
개발지원	1
개방성으로	1
개방해요	1
개봉	1
개봉박두	1
개선계획서	1
개선논의	1
개선돼	1
개선세	1
개선안	1
개선에	1
개선으로	1
개선해야	1
개설한다	1
개성공단서	1
개성시에	1
개소세	1
개소식	1
개시2보	1
개시삼성sds	1
개시종합3보	1
개신교	1
개요	1
개원기념식	1
개원연설할	1
개월의	1
개인고객은	1
개인관광객	1
개인미디어	1
개인방송도	1
개인보단	1
개인비서	1
개인비중	1
개인사업자	1
개인상	1
개인소비	1
개인소비지출은	1
개인에	1
개인전세기	1
개인정보보호관리체계	1
개인정보이용	1
개인정보체계	1
개인타이틀	1
개입내역	1
개입도	1
개입설	1
개입은	1
개입하나	1
개입한	1
개장종합	1
개점	1
개정돼야	1
개정엔	1
개정은	1
개정을	1
개정입법	1
개정전에	1
개정한	1
개정해야	1
개정협상	1
개척	1
개척자	1
개척해야	1
개천에서	1
개천절	1
개최국	1
개최종합3보	1
개츠비	1
개통량	1
개통하면	1
개통행사	1
개편대회	1
개편서	1
개포주공3단지	1
개포주공8	1
개표결과	1
개학	1
개헌논의	1
개헌론	1
개헌보다	1
개헌브리핑	1
개헌안에	1
개헌으로	1
개헌은	1
개헌의지	1
개혁보수신당	1
개회사하는	1
객관적	1
갤s7	1
갤s8과	1
갤s8부터	1
갤노트	1
갤노트4	1
갤노트5	1
갤노트8v30	1
갤노트8과	1
갤노트9과	1
갤노트fe	1
갤럭시a90	1
갤럭시j5	1
갤럭시j7	1
갤럭시on7	1
갤럭시s10과	1
갤럭시s11	1
갤럭시s7보다	1
갤럭시s8의	1
갤럭시s8플러스	1
갤럭시노트9	1
갤럭시노트fe	1
갤럭시아sm과	1
갤럭시에	1
갤럭시와이드3	1
갤럭시워치로	1
갤럭시탭s3에	1
갤럭시탭s4	1
갤럭시폰	1
갤럽	1
갤탭s6	1
갯벌	1
갸우뚱	1
거	1
거국내각부터	1
거국중립내각	1
거나	1
거닐고	1
거닐며	1
거닐었던	1
거대기업	1
거대한	1
거두겠다	1
거둔	1
거둬종합	1
거듭나	1
거듭나야	1
거듭종합	1
거라	1
거래된	1
거래량	1
거래업자	1
거래에	1
거래전문가	1
거래정지	1
거래종목	1
거래중지	1
거래지수	1
거론되나종합	1
거론된	1
거론에	1
거론하며	1
거리두고	1
거리두기	1
거리두기종합	1
거리둔	1
거리로	1
거리에서	1
거리의	1
거리청소	1
거리행진종합	1
거만	1
거목을	1
거물들	1
거미손	1
거부당해종합	1
거부로	1
거부하면	1
거부하자	1
거부하지	1
거부해야	1
거북선축제도	1
거세져	1
거센	1
거셀	1
거수경례	1
거수기	1
거슬리지	1
거액	1
거야	1
거장	1
거장들이	1
거장의	1
거절당한	1
거절종합	1
거점화	1
거제	1
거주권	1
거주자	1
거주지서	1
거주지역서	1
거주해야	1
거짓말쟁이라는	1
거짓자백	1
거짓종합	1
거칠게	1
거침없는	1
거침없이	1
거포군	1
거포들	1
거행	1
걱정된다	1
걱정은	1
걱정한다면	1
걱정할	1
건강관리	1
건강기능식품	1
건강문제	1
건강상태	1
건강할	1
건강해져요종합	1
건건이	1
건국도	1
건국론은	1
건너	1
건너가나	1
건너던	1
건네는	1
건다	1
건립안	1
건물내	1
건물서	1
건보료	1
건설공사	1
건설기술연구원에	1
건설업체	1
건설은	1
건설인	1
건설자금	1
건설투자	1
건설현장	1
건수	1
건실한데	1
건에	1
건의속보	1
건의에	1
건전성	1
건조	1
건조중	1
건조한	1
건축이	1
건축인	1
건축인생	1
걷고	1
걷기대회	1
걷기여행길	1
걷어치워야	1
걷자	1
걷혀도	1
걷혔다	1
걸까	1
걸러낸다	1
걸려	1
걸리면	1
걸림돌	1
걸림돌종합	1
걸어	1
걸어서	1
걸을	1
걸음	1
걸프국가	1
걸프를	1
검거작전	1
검경	1
검문소서	1
검색과	1
검색광고도	1
검색기능	1
검색알고리즘	1
검색어는	1
검색엔진	1
검색창	1
검색탭	1
검시관	1
검암역	1
검열단	1
검은	1
검증가능	1
검증되지	1
검증된	1
검증에서	1
검증위	1
검증절차	1
검찰수사	1
검찰조사	1
검찰총장이	1
검출	1
검출기서	1
검침용역	1
검토안해종합2보	1
검토종합2보	1
검토중이지만	1
검토한	1
검토할	1
검토해야	1
겁니다	1
겁박	1
겁없는	1
것건산연	1
것과	1
것들	1
것들의	1
것만으로도	1
것으로	1
게레로	1
게릴라	1
게릿	1
게바라	1
게시종합	1
게시판인터넷신문위원회	1
게양	1
게으르게	1
게임매출	1
게임사냥	1
게임사업총괄	1
게임산업협회	1
게임으로	1
게임의	1
게임즈	1
게임질병코드	1
겨눈	1
겨레말큰사전	1
겨룬다종합	1
겨우	1
겨울문화페스티벌	1
겨울산행	1
겨울아	1
겨울에	1
겨울여행	1
겨울왕국	1
겨울을	1
겨울이	1
겨울추위	1
겨울축제의	1
겨울축제장	1
격려오찬	1
격렬	1
격렬했던	1
격론종합	1
격분	1
격분한	1
격전지	1
격전지를	1
격추된	1
격추에	1
격추용	1
격추한	1
격한	1
격화되나	1
격화로	1
견뎌야	1
견디는	1
견제하고	1
견제하나	1
견줄만	1
견지	1
견지해야	1
견해차	1
결과도	1
결과를	1
결과물	1
결과발표	1
결과서	1
결단	1
결렬	1
결말의	1
결백	1
결별한	1
결빙	1
결산배당	1
결산심사소위	1
결선서	1
결선진출	1
결선투표제	1
결선투표해야	1
결선투표행	1
결속	1
결승전	1
결승진출	1
결승타로	1
결승행	1
결연히	1
결장종합	1
결장한	1
결장할	1
결전지	1
결정돼도	1
결정된	1
결정된다	1
결정연기에	1
결정으로	1
결정이란	1
결정전	1
결정하든	1
결정한	1
결제고객에	1
결함	1
결혼과	1
결혼식	1
겸업	1
겸직종합2보	1
겸한	1
겹경사	1
경	1
경거망동	1
경계구분	1
경계령	1
경계못하고	1
경계성	1
경계해야	1
경계했더니	1
경고종합2보	1
경고할	1
경기감각	1
경기광주시	1
경기교육청	1
경기권	1
경기도가	1
경기동부	1
경기둔화에도	1
경기라는	1
경기력향상위	1
경기력향상위원장	1
경기민요	1
경기방송몽골	1
경기보단	1
경기부양	1
경기부터	1
경기에서	1
경기위원이	1
경기전망지수	1
경기조작	1
경기지표	1
경기판단	1
경기하강	1
경기하겠다	1
경기하방압력	1
경기회복해도	1
경남fc	1
경남도	1
경남소식	1
경남지사	1
경내에	1
경동나비엔	1
경력채용	1
경례받는	1
경매물품	1
경매서	1
경매업체에	1
경미선	1
경보종합	1
경복궁	1
경북교통방송	1
경북대학교서	1
경북도지사	1
경북서	1
경북에	1
경비노동자	1
경비원	1
경산	1
경상감영	1
경상남북	1
경상대	1
경상보조금	1
경상수지	1
경상일보	1
경선참여	1
경선하라	1
경신속보	1
경신종합	1
경애의	1
경영권	1
경영난	1
경영복귀	1
경영위기	1
경영전략회의	1
경영정상화종합	1
경영체계	1
경영하겠다종합	1
경영협약	1
경우	1
경우도	1
경이	1
경인고속도로서	1
경쟁사	1
경쟁속	1
경쟁열풍	1
경쟁으로	1
경쟁자가	1
경전으로	1
경전철	1
경제개혁연대	1
경제걸림돌	1
경제기조	1
경제난에	1
경제대국	1
경제대화	1
경제로	1
경제를	1
경제발전	1
경제발전전략서	1
경제법	1
경제법안	1
경제보복	1
경제보복에	1
경제부총리	1
경제부총리를	1
경제불안	1
경제비용	1
경제사절단	1
경제산업상	1
경제수석	1
경제위기	1
경제위축	1
경제위한	1
경제위해	1
경제이야기	1
경제전쟁	1
경제점검	1
경제통계	1
경제통로	1
경제플랜	1
경제학	1
경제학의	1
경제학자도	1
경제활력	1
경주강진	1
경주서	1
경주한수원	1
경질도	1
경질론에	1
경질은	1
경찰서	1
경찰이	1
경찰청장	1
경찰초소	1
경청	1
경청하고	1
경쾌한	1
경포해수욕장	1
경품행사	1
경험하고	1
경험한	1
경협주	1
경호는	1
경호차장	1
경희	1
경희궁	1
경희대에	1
계곡에서	1
계기되나	1
계기로	1
계량기	1
계룡	1
계속1일	1
계속되는	1
계속된	1
계속될	1
계속하면	1
계속한다	1
계속한다종합	1
계속해야	1
계승한	1
계승해야	1
계약은	1
계약잔고	1
계약종합	1
계엄	1
계절	1
계파정치	1
계파청산	1
계획에	1
계획은	1
고가매입	1
고가아파트	1
고가요금제로	1
고가폰	1
고각사격	1
고갈도	1
고갈된	1
고강도	1
고개든	1
고객들	1
고객사	1
고객서비스	1
고객센터	1
고객수익률	1
고객에게	1
고객영향	1
고객유치	1
고객의	1
고객채널	1
고고학	1
고공행진	1
고관절	1
고교무상화	1
고교생	1
고교생들	1
고교생백일장	1
고교생피격에	1
고교에	1
고구려	1
고군분투	1
고난의	1
고대언론인상	1
고대종합2보	1
고도	1
고도의	1
고도화	1
고도화로	1
고도화사업	1
고독사	1
고된	1
고등부	1
고려인연합회	1
고려종합	1
고려하면	1
고려하지	1
고려한듯	1
고려해	1
고령운전자	1
고령층	1
고령화	1
고로쇠	1
고르바초프	1
고른다면	1
고를까종합	1
고리들	1
고립종합	1
고마워	1
고맙습니다	1
고무된	1
고문으로	1
고미술	1
고민되네	1
고민은	1
고발당해	1
고발방송	1
고발인	1
고발종합	1
고발키로	1
고발하는	1
고백	1
고베	1
고별	1
고부가가치	1
고분양가	1
고비용	1
고사총	1
고삼석	1
고성군	1
고속도로는	1
고속버스	1
고속버스전용차로	1
고속열차	1
고속회선	1
고수종합	1
고심종합	1
고심하나	1
고안할	1
고양시장컵	1
고양이에	1
고온	1
고온에	1
고요와	1
고요한	1
고요할수록	1
고용기업	1
고용수준	1
고용악화	1
고용안정	1
고용여건	1
고용정책	1
고용지원금	1
고용지표	1
고용창출	1
고용하고	1
고위급대표단	1
고위급대표단과	1
고위인사	1
고유민	1
고유의	1
고은과	1
고인	1
고장	1
고재호	1
고전과	1
고전극장	1
고정간첩	1
고졸	1
고종이	1
고지대는	1
고지로	1
고지없어	1
고척	1
고체	1
고체연료	1
고쳐야	1
고추를	1
고층빌딩	1
고치는	1
고침	1
고택과	1
고택의	1
고통에서	1
고통을	1
고품질	1
고품질이어도	1
고프로	1
고학찬	1
고흐	1
고흥	1
곡해	1
곤충	1
곤파스부터	1
곧바로	1
골닷컴	1
골대	1
골드만삭스	1
골드만삭스에	1
골드퍼시픽	1
골든브릿지증권	1
골든슈	1
골든타임	1
골디에	1
골란고원은	1
골로	1
골머리	1
골목길	1
골목상권	1
골목형	1
골키퍼가	1
골프리조트	1
골프장서	1
골프존	1
골프중계	1
곰돌이	1
곰이가	1
곰팡이	1
곱게	1
곳까지	1
곳보단	1
곳에서	1
공간배치도	1
공간서	1
공간에	1
공간에서	1
공간이죠	1
공갈	1
공감격차가	1
공감하면서도	1
공개검증해야	1
공개되는	1
공개면접	1
공개선언	1
공개선언종합	1
공개에	1
공개종합2보	1
공개질의	1
공개포럼	1
공개하진	1
공개해라종합	1
공개활동	1
공격도	1
공격득점	1
공격배구	1
공격범	1
공격설은	1
공격에도	1
공격점유율	1
공격포인트는	1
공격하는	1
공격한다면	1
공격해	1
공격했다는	1
공공	1
공공경보	1
공공공사	1
공공기관장	1
공공도서관서	1
공공연구성과	1
공공와이파이	1
공공외교법	1
공공입찰	1
공공장소	1
공공장소에서	1
공공주택	1
공공주택지구내	1
공공지원민간임대	1
공공택지	1
공공혁신	1
공과	1
공관부사관으로	1
공관에	1
공군기	1
공군기지	1
공금횡령	1
공급계약에	1
공급과잉	1
공급되는	1
공급될	1
공급부족	1
공급해야	1
공기	1
공기계	1
공기업	1
공단	1
공덕	1
공동개발	1
공동규제	1
공동기술개발	1
공동대응	1
공동번영으로	1
공동선대위원장	1
공동성명서	1
공동식수	1
공동연구	1
공동연구법인	1
공동연락사무소	1
공동운명체	1
공동운영	1
공동응원	1
공동입장하는	1
공동전선종합	1
공동제작	1
공동진출종합	1
공동체	1
공동체기반조성국	1
공동체의식	1
공동취재로	1
공동캠페인	1
공동토론회	1
공동파업	1
공동편집	1
공동행사	1
공동훈련	1
공들여	1
공들이기	1
공략종합	1
공로자에게	1
공론화종합	1
공립초등학교서	1
공매도	1
공모가보다	1
공모전서	1
공모하겠다	1
공무원과	1
공무원시험	1
공무원연금공단	1
공무집행방해로	1
공문	1
공방종합	1
공범	1
공부도	1
공부할	1
공부해요	1
공사계약	1
공사에	1
공산당	1
공산당은	1
공산주의	1
공생의	1
공수처법안	1
공습에	1
공습종합	1
공습해	1
공시가격	1
공시법인	1
공시제도	1
공시지가	1
공시할	1
공식방문	1
공식방송	1
공식사과종합	1
공식서류에	1
공식오찬에	1
공식온라인몰	1
공식운동	1
공식출시	1
공식화	1
공식활동	1
공식후원	1
공안부장	1
공안청과	1
공안탄압	1
공약에	1
공약한	1
공연계	1
공연관람에	1
공연도	1
공연시장	1
공연취소	1
공연팀	1
공영성	1
공용	1
공원으로	1
공유종합	1
공은	1
공을	1
공익광고	1
공익캠페인	1
공인구	1
공인인증서	1
공자와	1
공작소	1
공작원	1
공장서	1
공장지대서	1
공적자금	1
공전	1
공정거래법	1
공정노동시장	1
공정사회	1
공정시장가액비율	1
공정위까지	1
공정위에	1
공정하고	1
공정하지	1
공조과시	1
공조로	1
공조방안	1
공조체제	1
공조해	1
공존하는	1
공중서	1
공중폭발로	1
공중폭발한듯	1
공직	1
공직선거법	1
공짜라더니	1
공짜평화	1
공천관리위	1
공천레이스	1
공천심사	1
공천심사때	1
공천않겠다	1
공천장	1
공통점	1
공판부	1
공포심리에	1
공포의	1
공포정치로	1
공포통치	1
공학	1
공학과	1
공항에	1
공항은	1
공항철도	1
공해로	1
공해상서	1
공허한	1
공헌한	1
공화반발	1
과감하게	1
과감한	1
과거사	1
과거사를	1
과거의	1
과격	1
과격시위자	1
과기	1
과기1차관	1
과기단체	1
과기부산업부	1
과기정통부방통위	1
과기혁신본부장	1
과대해석	1
과도군사위	1
과도하다	1
과로	1
과로사인지	1
과방위	1
과분한	1
과수학연구소	1
과시에	1
과시종합2보	1
과시할	1
과실	1
과실이	1
과실치사	1
과잉반응	1
과장광고	1
과장해	1
과정서	1
과제에	1
과제종합	1
과징금종합	1
과학강연	1
과학계	1
과학관육성	1
과학기술심의	1
과학기술연구회	1
과학기술자문회의	1
과학기술장관회의	1
과학기술전략회의	1
과학기술정보통신부	1
과학기술한림원	1
과학기술혁신본부	1
과학기술혁신본부에	1
과학기술혁신본부장	1
과학기술혁신역량	1
과학기자협회	1
과학기지	1
과학논문	1
과학뉴스에	1
과학대통령	1
과학성과	1
과학엘리트	1
과학영재단	1
과학외교	1
과학은	1
과학을	1
과학의	1
과학이	1
과학자상에	1
과학자와의	1
과학창의축전	1
과학축제	1
과학축제에	1
과학캠프	1
과학캠프서	1
과학콘텐츠	1
과학탐구관으로	1
곽효환	1
관객심사	1
관객참여	1
관건적	1
관건종합	1
관건종합2보	1
관계강화법	1
관계개선과	1
관계기관	1
관계부처	1
관계없이	1
관계에	1
관계자입법조사관	1
관광객에	1
관광객이	1
관광공사	1
관광기념품	1
관광명소로	1
관광버스	1
관광보트	1
관광복지	1
관광불편신고사이트	1
관광비자	1
관광사진	1
관광산업에	1
관광상품화	1
관광업	1
관광업계	1
관광열차	1
관광정보	1
관광종합상황반	1
관광지는	1
관광지도	1
관광지로	1
관광책자	1
관광청	1
관념적이었는지	1
관두는	1
관람종합	1
관람하는	1
관람하던	1
관련법	1
관련설	1
관련성	1
관련소식	1
관련인	1
관련자	1
관례	1
관리강화	1
관리비	1
관리센터	1
관리안	1
관리에	1
관리의	1
관리지역	1
관리책임	1
관리한다	1
관리해요	1
관망세	1
관망종합	1
관망중	1
관문	1
관문만	1
관방	1
관세청	1
관세협상	1
관심도	1
관심사	1
관심은	1
관심있는	1
관심있다	1
관여	1
관여하는	1
관영매체	1
관영매체들	1
관용	1
관전포인트	1
관점	1
관제서비스	1
관제시스템	1
관중도	1
관중들	1
관중석	1
관중석서	1
관중에게	1
관찰하고	1
관측이래	1
관치금융	1
관타나모	1
관통하는	1
관통할	1
관한	1
관행	1
괌	1
괌서	1
괌에서도	1
광고도	1
광고모델료	1
광고물	1
광고보이콧	1
광고비	1
광고비용	1
광고사업	1
광고서비스	1
광고시장	1
광고시청률	1
광고에	1
광고영상	1
광고인	1
광고주에	1
광년	1
광대역가입자망	1
광대하고	1
광동성의	1
광란의	1
광란이	1
광명성	1
광모듈	1
광물가격	1
광물수입	1
광물자원공사	1
광복의	1
광복회에	1
광부	1
광산	1
광안리해수욕장	1
광역시	1
광역의원	1
광역자원봉사센터	1
광역출마자	1
광인이	1
광인프라	1
광저우	1
광주광역시로	1
광주교통방송	1
광주기상청	1
광주서	1
광주서갑	1
광주선언은	1
광주세계수영대회에	1
광주시	1
광주시교육청	1
광주시당	1
광주시에	1
광주시의회	1
광주시청사에서	1
광주에	1
광주전남보도사진전	1
광주찾아	1
광주총선	1
광케이블	1
광통신	1
광폭행보종합	1
광풍	1
광화문광장	1
광화문광장서	1
광화문광장에	1
광화문에	1
괘불	1
괜찮네요	1
괴력의	1
괴로운	1
괴물센터	1
괴물외인	1
괴산고추축제	1
괴한	1
괴한이	1
교감하는	1
교과서에	1
교단서	1
교도관	1
교도소내	1
교도소에서도	1
교란	1
교류증진	1
교류회의	1
교문위	1
교민	1
교민단체들	1
교민들	1
교보문고서	1
교보영풍	1
교복	1
교섭단체	1
교수형	1
교양	1
교양만화로	1
교양서	1
교역확대	1
교육까지	1
교육도	1
교육부에	1
교육사상가	1
교육서비스	1
교육시설	1
교육시장	1
교육위	1
교장선생님들	1
교재	1
교전	1
교전에	1
교전으로	1
교정서	1
교정에	1
교차투표	1
교착	1
교체된	1
교체로	1
교체설에	1
교체주기	1
교체출전	1
교체할	1
교체해야	1
교통	1
교통단속	1
교통량	1
교통영향평가	1
교통정리	1
교환종합	1
교황에게	1
교황푸틴	1
교회를	1
교훈	1
구	1
구간에	1
구경시켜줄	1
구글나우	1
구글도	1
구글로	1
구글앱	1
구글어스로	1
구글이	1
구글홈	1
구글홈보다	1
구내식당서	1
구단도	1
구단들	1
구단사장	1
구단에	1
구도를	1
구독료	1
구독자	1
구동되는	1
구두경고	1
구두로	1
구라모토	1
구례	1
구룡포	1
구류됐던	1
구리	1
구리선	1
구매국	1
구매상담회	1
구매시	1
구매자	1
구매자에	1
구매하면	1
구매해	1
구멍뚫린	1
구미	1
구별법	1
구병모	1
구분	1
구사	1
구석구석	1
구석기	1
구설수	1
구성에	1
구성종합	1
구속된	1
구속수사감	1
구속수사에	1
구속심사	1
구시대	1
구시대적	1
구원	1
구원투수상	1
구의원	1
구입자금도	1
구입자에게	1
구장	1
구제	1
구제금융	1
구제역	1
구제청구	1
구조개혁	1
구조물	1
구조조정자금	1
구조종합	1
구조한	1
구종	1
구주주청약	1
구찌	1
구창모	1
구청	1
구체	1
구체화	1
구체화해야	1
구축사업	1
구축용	1
구출	1
구출에	1
구태의연한	1
구하기	1
구할듯	1
구했지만	1
구형폰	1
구혜선	1
구호물품	1
구호차량	1
국	1
국가rd	1
국가가	1
국가공인	1
국가과학기술심의회	1
국가과학기술자문회의	1
국가과학원	1
국가교육위원회	1
국가균형발전	1
국가균형발전지원단	1
국가기관	1
국가기념일	1
국가기념일로	1
국가기능	1
국가기밀	1
국가기술안전관리	1
국가대표에	1
국가대표팀서도	1
국가리스크	1
국가무형문화재	1
국가배상	1
국가보훈	1
국가부채	1
국가신용등급	1
국가안보는	1
국가안보실장	1
국가안보전략에	1
국가에	1
국가연구비로	1
국가연구시설장비	1
국가예산지출	1
국가와	1
국가위기	1
국가자격증	1
국가자산	1
국가재난사태	1
국가재정전략회의	1
국가전략프로젝트	1
국가정보보증협회	1
국가정책	1
국가철도망	1
국가체육지도위원장	1
국가통계발전을	1
국가통치체계	1
국감이슈	1
국경과	1
국경방문	1
국경없는기자회	1
국경없는기자회와	1
국경을	1
국경절	1
국경지대	1
국군의	1
국기관	1
국내도	1
국내법원에	1
국내보다	1
국내서	1
국내서도	1
국내시장	1
국내에도	1
국내에서	1
국내여행도	1
국내요금	1
국내이슈	1
국내입항	1
국내최대	1
국력	1
국론분열	1
국립공원별	1
국립공원서	1
국립극장장	1
국립대학에	1
국립무형유산원	1
국립문화재연구소	1
국립발레단	1
국립병원	1
국립여성사전시관	1
국립오페라단	1
국립전통예술고	1
국립중앙과학관장	1
국립중앙과학관후원회	1
국립중앙박물관	1
국립현대무용단	1
국립현대미술관서	1
국립현충원	1
국립현충원서	1
국무장관이	1
국무조정실	1
국무조정실장	1
국무조정실장에	1
국무총리비서실장과	1
국무회의서	1
국민경제자문회의	1
국민권익위언론진흥재단	1
국민당에	1
국민대화	1
국민생명	1
국민소통수석	1
국민안전	1
국민에게	1
국민연금공단	1
국민연금은	1
국민영예상	1
국민영웅으로	1
국민우려	1
국민으로	1
국민은	1
국민은행티맥스	1
국민의당과	1
국민의당바른정당	1
국민임대주택	1
국민참여평가단	1
국민청원	1
국민청원에	1
국민체감	1
국민투표결과	1
국민투표는	1
국민투표에	1
국민헌법자문특위	1
국방무기체계	1
국방부는	1
국방비	1
국방위원장	1
국방은	1
국방차관	1
국보	1
국빈급으로	1
국빈만찬	1
국산화에	1
국세수입	1
국세청에	1
국수	1
국악극	1
국영	1
국영석유회사	1
국왕과	1
국외	1
국외독립유공자	1
국장급협의	1
국적박탈	1
국정구상	1
국정기조	1
국정농단	1
국정다잡기	1
국정동반자로서	1
국정목표	1
국정수행의	1
국정연설에	1
국정조사	1
국정지지율	1
국정책임	1
국정챙기기	1
국정현안점검조정회의	1
국정협력에	1
국제갤러리	1
국제고문	1
국제공조	1
국제관계	1
국제구조위	1
국제규칙	1
국제기구에	1
국제기준	1
국제남자농구	1
국제도서전	1
국제로밍	1
국제범죄	1
국제법	1
국제블랙리스트	1
국제선	1
국제수직마라톤대회	1
국제신문	1
국제안보연구소	1
국제영화제	1
국제오르간콩쿠르	1
국제오페라	1
국제유소년	1
국제유소년축구대회	1
국제인도주의	1
국제자산신탁	1
국제적	1
국제적십자위	1
국제적십자위원회	1
국제전문가	1
국제전화	1
국제정세	1
국제제재에도	1
국제종합기계	1
국제증권감독기구	1
국제축구평의회	1
국제협력	1
국제화에	1
국조실장	1
국채도	1
국토계획	1
국토교통과학기술진흥원에	1
국토위	1
국토위원장	1
국토종합계획	1
국호변경	1
국화	1
국회논의	1
국회는	1
국회다운	1
국회돼야	1
국회로	1
국회법에	1
국회열어	1
국회와	1
국회의	1
국회의장	1
국회의장과	1
국회의장단	1
국회의장들	1
국회의장에	1
국회정상화	1
국회통과에	1
국회혁신특별위원회	1
군간부들	1
군경	1
군국주의	1
군기지	1
군대가	1
군무원	1
군벌사령관에	1
군복무	1
군부가	1
군부대	1
군부대에	1
군부주도	1
군비경쟁	1
군비통제	1
군사	1
군사개입	1
군사고문	1
군사기지화	1
군사력	1
군사분계선	1
군사용	1
군사충돌	1
군사통제구역	1
군사행동	1
군사행보	1
군산	1
군산경제	1
군산공장	1
군산상고	1
군산시	1
군수지원협정	1
군인에	1
군인연금	1
군작전	1
군정보기관장	1
군차량	1
군최고사령관	1
군축	1
군축대사	1
군파견	1
군포서	1
군함도에	1
군항제까지	1
굳게	1
굳는다	1
굳은	1
굴	1
굴뚝이	1
굴러라	1
굴레	1
굴레방다리의	1
굴복하지	1
굴욕	1
굵은	1
굿뉴스코	1
굿판	1
궁극적으로	1
궁장녹수전	1
궁중만찬	1
궁할까	1
권력서열	1
권력에	1
권력을	1
권력의	1
권력이양	1
권력자	1
권력투쟁	1
권력협상	1
권리	1
권리행사액	1
권성동	1
권양숙	1
권에	1
권역별	1
권오현	1
권총	1
권하고	1
권한분산	1
권한의	1
권함	1
궤도	1
궤도수정	1
궤멸종합2보	1
궤변	1
궤변종합	1
귀경	1
귀경객	1
귀국부터	1
귀국불허	1
귀국예정이었다	1
귀국종합	1
귀국하는	1
귀국한	1
귀를	1
귀막은	1
귀성	1
귀스타브	1
귀향투표	1
귀화선수	1
귀환하는	1
규격	1
규명한	1
규정위반	1
규제개혁은	1
규제는	1
규제받는	1
규제방안	1
규제에	1
규제완화	1
규제자유특구기획단	1
규제해야	1
규제혁신	1
규칙	1
규탄에도	1
규탄한다	1
균열	1
균형발전	1
균형보도	1
균형잡힌	1
그것이	1
그곳으로	1
그날	1
그냥	1
그는	1
그대를	1
그들이	1
그때에	1
그때와는	1
그라운드x	1
그라폴리오	1
그란달	1
그란폰도	1
그랜드	1
그랜드뷰	1
그러나	1
그런	1
그럴까	1
그려낸	1
그룹리스크	1
그룹승계	1
그룹지원	1
그룹통합	1
그리다	1
그리스서	1
그리운	1
그리워할	1
그리웠다	1
그리핀	1
그린닷으로	1
그린란드	1
그린란드에	1
그림손	1
그림에	1
그림을	1
그림자	1
그림책들종합	1
그만큼	1
그만하고	1
그시대의	1
그알	1
그저	1
그쳐10일	1
그쳐종합	1
그치자	1
그칠	1
극강	1
극단선택	1
극단적	1
극단처방	1
극동연방대서	1
극명히	1
극복한	1
극에	1
극우단체	1
극우성향	1
극우인사	1
극우정당	1
극우정당에	1
극우정치인	1
극우정치인에	1
극우확산	1
극장을	1
극저온	1
극찬받은	1
극한대립	1
극한에서	1
극히	1
근거없는	1
근거없다	1
근거없다고	1
근대문화	1
근대화는	1
근로계약	1
근로조건	1
근무제	1
근본대책	1
근본변화종합	1
근본을	1
근본적	1
근속	1
근심	1
근육량	1
근절을	1
근절한다	1
근접	1
근접비행	1
글과	1
글로도	1
글로모	1
글로벌기업	1
글로벌리더십	1
글로벌인프라펀드	1
글로벌자금	1
글로벌코리아스테이션	1
글로벌파트너링	1
글로컬	1
글리벡	1
글자는	1
금감원예보	1
금강송	1
금광	1
금리도종합	1
금리부담	1
금리상승	1
금리역전	1
금리역전에도	1
금리우대	1
금리인하에	1
금물	1
금속박막	1
금수산태양궁전	1
금수저	1
금수저출신	1
금연연구보급기지	1
금연운동	1
금요예배	1
금융감독원	1
금융감독원장	1
금융그룹	1
금융기관	1
금융당국	1
금융데이터	1
금융민원	1
금융사들과	1
금융상품	1
금융상황	1
금융서비스	1
금융소득종합과세	1
금융소비자국장에	1
금융안정위	1
금융에	1
금융위기	1
금융의	1
금융자료	1
금융정책통	1
금융제재	1
금융지주	1
금융투자협회장	1
금자탑	1
금자탑종합	1
금자탑종합2보	1
금주구역	1
금주초	1
금지는	1
금지법안	1
금지약물	1
금지위배	1
금지종합	1
금지하는	1
금지한	1
금통위	1
금통위서	1
금투업계	1
금품	1
금품수수	1
금한령	1
금호산업	1
금호아트홀	1
금호타이어	1
금화피에스시	1
급감했지만	1
급거귀국국토안보	1
급격한	1
급격히	1
급등에	1
급락에	1
급락장에도	1
급랭	1
급변동시	1
급상승	1
급상승할	1
급선무	1
급선회	1
급여	1
급증세	1
급증은	1
급증종합	1
급증하는	1
급증할	1
급진적	1
급하다고	1
급한데	1
급히	1
기가라이브	1
기각종합	1
기간에	1
기강	1
기관들	1
기관사	1
기관장	1
기관팔자에	1
기금	1
기금운용본부	1
기기는	1
기기용	1
기네스북	1
기념관	1
기념구	1
기념비적	1
기념식종합	1
기념우표	1
기념음악회	1
기념음악회서	1
기념일	1
기념종합	1
기념촬영	1
기는	1
기능과	1
기능은	1
기다려야	1
기다려진다	1
기다리자	1
기다릴	1
기대감도	1
기대되네	1
기대만큼	1
기대수명	1
기대하세요	1
기독교가	1
기돈	1
기동훈련	1
기득권포기	1
기량	1
기량이	1
기록검토팀	1
기록경쟁	1
기록에	1
기록의	1
기록한	1
기류변화	1
기류에	1
기류종합	1
기른	1
기름	1
기름값은	1
기반으로	1
기보만도	1
기본계획	1
기본권	1
기부금	1
기부액	1
기부행렬	1
기쁨	1
기쁨으로	1
기사단장	1
기사도	1
기사배열	1
기상악화	1
기상청	1
기상청의	1
기상청장에게	1
기선제압	1
기성용은	1
기세	1
기세꺾인	1
기세에	1
기소권	1
기소는	1
기소명령	1
기소종합	1
기소할	1
기수론	1
기술경쟁보단	1
기술교육에	1
기술기준	1
기술까지	1
기술냉전	1
기술력	1
기술설명회	1
기술싸움	1
기술에	1
기술역량	1
기술영향평가	1
기술이	1
기술적	1
기술진	1
기술침투	1
기술협력	1
기술협의	1
기술확보	1
기습	1
기습철거	1
기승30일	1
기싸움	1
기싸움도종합	1
기약	1
기약없는	1
기약종합	1
기억하는	1
기억하시나요	1
기억하자	1
기업가치평가	1
기업결합	1
기업기밀	1
기업도시	1
기업부담	1
기업엔	1
기업여신에	1
기업은	1
기업회선	1
기여한	1
기온차	1
기원을	1
기원종합	1
기자만	1
기자상	1
기자상에	1
기자협회동행	1
기자협회와	1
기재위	1
기적적	1
기조발언	1
기조실장	1
기존약정자도	1
기존폰	1
기종	1
기종서	1
기죽으면	1
기지	1
기질	1
기체	1
기초과학	1
기초과학관	1
기초수급자	1
기초원천	1
기타리스트	1
기틀	1
기폭장치	1
기폭제	1
기피	1
기항	1
기활법은	1
기회겠죠	1
기회다	1
기회로	1
기회를	1
기회에	1
기회형창업	1
기획안	1
기획전시	1
기후	1
기후기술	1
기후문제	1
기후위성	1
기후재앙	1
긱스	1
긴급대책회의	1
긴급의제로	1
긴급의총	1
긴급자금	1
긴급점검	1
긴급체포	1
긴급회의	1
긴밀히	1
긴장감	1
긴장감으로	1
긴장고조	1
긴축강요	1
긴축경영	1
길거리에서	1
길게	1
길고	1
길까	1
길놀이	1
길들임의	1
길목	1
길목서	1
길병민	1
길었구나	1
길을	1
김	1
김경민	1
김경협과	1
김광규	1
김광림	1
김광민	1
김구	1
김금희	1
김기남	1
김기사	1
김기웅	1
김기철	1
김기태	1
김기훈	1
김낙현	1
김대중	1
김도훈	1
김동식	1
김동연박명재	1
김동훈	1
김명관	1
김명식으로	1
김문환	1
김민	1
김민성	1
김민식	1
김민우	1
김민호	1
김민호의	1
김방훈	1
김범수	1
김병관	1
김병기	1
김병양	1
김병준에	1
김복동	1
김비서가	1
김상곤	1
김상균	1
김상식	1
김석진	1
김선동	1
김선형	1
김선형의	1
김성수	1
김성현	1
김세연	1
김소니아	1
김수민	1
김수지	1
김수현	1
김승규도	1
김승기	1
김신욱	1
김신욱과	1
김어준주진우	1
김연경의	1
김연수	1
김영권의	1
김영남과	1
김영준	1
김영환	1
김용균	1
김용진	1
김우재	1
김우중	1
김웅	1
김유정	1
김유정문학상	1
김윤	1
김은경	1
김의겸	1
김인성은	1
김일성광장서	1
김일성을	1
김재수	1
김재원	1
김재형	1
김재호	1
김정은시진핑	1
김정은오늘	1
김정은의	1
김정은폼페이오	1
김정은푸틴	1
김정재	1
김정태	1
김제동	1
김종	1
김종규	1
김종대	1
김종문	1
김종석	1
김종인의	1
김주원	1
김주찬	1
김중석	1
김진욱	1
김진태	1
김천	1
김철수	1
김치	1
김치우	1
김태균	1
김태종	1
김태훈	1
김포공항	1
김포시	1
김하성	1
김학민	1
김학범의	1
김한정	1
김해	1
김해시의회	1
김해신공항	1
김해영	1
김현수	1
김현수에	1
김현식	1
김현아와	1
김현웅	1
김현종	1
김형	1
김형오	1
김혜순	1
김혜진	1
김홍박	1
김홍신	1
김환기	1
김희옥	1
깃든	1
깊어가는	1
깊어지는	1
까다로워	1
까닭	1
까먹었다	1
깜깜이	1
깜박	1
깜짝쇼크	1
깜짝실적	1
깨끗한	1
깨다	1
깨뜨린	1
깨물어보는	1
깨야	1
깨자	1
깨졌다	1
깨지면	1
꺼	1
꺼낸	1
꺼낼	1
꺼려	1
꺼진	1
꺾	1
꺾었다	1
꺾이니	1
껍데기	1
껑충종합	1
껴도	1
꼬리자르기	1
꼬여	1
꼭두이야기	1
꼼수	1
꽂히다	1
꽃과	1
꽃길이다	1
꽃길처럼	1
꽃다발	1
꽃도	1
꽃벽정원	1
꽃봉오리	1
꽃지해변	1
꽃축제	1
꽃피우자	1
꽈당	1
꾸릴	1
꾸미는	1
꾸준한	1
꾸준히	1
꿀	1
꿀벌의	1
꿀재미	1
꿇고	1
꿇었나	1
꿈꾸게	1
꿈꾸는	1
꿈꾸다	1
꿈꾸며	1
꿈꾼	1
꿈꿔요	1
꿈마을	1
꿈은	1
꿈을	1
꿈틀대	1
꿈품교실	1
끄는	1
끄덕	1
끄떡없는	1
끄떡없다	1
끈끈함	1
끈다	1
끈적괴물	1
끊고	1
끊기고	1
끊기나	1
끊긴	1
끊어	1
끊어야	1
끊이지	1
끊임없는	1
끌려간	1
끌어내야	1
끌어올리겠다	1
끓는	1
끓은	1
끔찍한	1
끙끙	1
끝나	1
끝나고	1
끝나는	1
끝나도	1
끝나서	1
끝날	1
끝날지	1
끝났어	1
끝났으니	1
끝났지만	1
끝내고	1
끝내고요	1
끝내기승	1
끝내야	1
끝내자	1
끝내지	1
끝낸	1
끝이	1
끝자락	1
끝장	1
끝장낼	1
끝장레슨	1
끼니	1
끼웠다	1
끼친다	1
나가고	1
나가는	1
나가도	1
나가서	1
나가자	1
나간	1
나간다	1
나갔다	1
나경채	1
나날	1
나날이	1
나네요	1
나노	1
나노분야	1
나노융합	1
나노캠텍에	1
나누고파	1
나눔올스타	1
나눠갚는	1
나눠쓴다	1
나눠야	1
나눠준	1
나는데	1
나답게	1
나라나	1
나라다	1
나라장터	1
나로	1
나루히토	1
나름	1
나무가도	1
나무라는	1
나미야	1
나부터	1
나쁠수록	1
나사	1
나서는	1
나서종합	1
나섰나	1
나스닥	1
나아가겠다	1
나아졌겠지	1
나아질	1
나야	1
나약	1
나에게	1
나오길	1
나오니	1
나오도록	1
나오면	1
나와라	1
나와서	1
나와야	1
나왔다종합	1
나이	1
나이스신평	1
나이스정보통신	1
나이키	1
나이트클럽서	1
나인원	1
나주	1
나중에	1
나체풍자	1
나치수용소	1
나카소네	1
나카소네는	1
나타난	1
나토의	1
나포	1
나포는	1
나포된	1
나한테	1
나혜석	1
나혜석거리	1
나홀로	1
나흘	1
나흘간	1
나흘에	1
낙관론	1
낙관은	1
낙마	1
낙서	1
낙인	1
낙점종합	1
낙천에	1
낙하	1
낙하산	1
낙하하면	1
낙후지역서	1
낚시	1
낚싯배	1
낚은	1
난감한	1
난관종합	1
난기류	1
난동	1
난맥상	1
난민문제	1
난민선	1
난민선에서	1
난민수용	1
난민에겐	1
난민위기	1
난민이	1
난민정책	1
난민표류	1
난색종합	1
난수	1
난수방송	1
난입	1
난제	1
난처한	1
난타	1
난타전	1
난파	1
날개부분	1
날려	1
날려보내	1
날렸어요	1
날리기도	1
날리자	1
날린	1
날린다	1
날씨로	1
날씨에도	1
날아가	1
날아온	1
날인	1
날짜	1
날치기	1
남겨	1
남겨종합	1
남겨진	1
남고	1
남궁훈	1
남긴건	1
남녀부문	1
남녘에서	1
남도	1
남도문화재단	1
남동부	1
남들이	1
남미	1
남미순방	1
남미예선	1
남발	1
남부서	1
남부에	1
남북갈등	1
남북경협주	1
남북고위급	1
남북공동	1
남북공동편찬	1
남북교류협력법	1
남북군사공동위서	1
남북대결	1
남북대결서	1
남북대화	1
남북미	1
남북미회담	1
남북연락사무소	1
남북연합	1
남북전	1
남북통일농구경기	1
남북학술대회	1
남북한과	1
남북합의	1
남북현안	1
남북회담본부장	1
남북회담은요	1
남수단에서	1
남아	1
남아있다	1
남아종합	1
남양	1
남용은	1
남을	1
남이섬	1
남이섬서	1
남자들은	1
남자배구대표팀	1
남자팀	1
남쪽서	1
남쪽으로	1
남측과	1
남측이	1
남탓담화	1
남태평양	1
남파랑길	1
남편과	1
남편의	1
남포항에	1
남하	1
남하해	1
남학생의	1
남한	1
남한강축제서	1
남한이	1
남한전역	1
남해	1
납북자	1
납북자단체	1
납세	1
납세내역	1
납세문제	1
납입	1
납치	1
납치돼	1
납품	1
낭독공연	1
낭독회	1
낭만	1
낭만에	1
낭보	1
낭비	1
낭자	1
낮고	1
낮기	1
낮다	1
낮밤	1
낮부터는	1
낮에는	1
낮에도	1
낮엔	1
낮은	1
낮을	1
낮지만	1
낮최고	1
낮추겠다	1
낮추는	1
낮춘다	1
낮춰야	1
낯설지가	1
낳아	1
낳았을	1
낳았지	1
내각기강	1
내각도	1
내걸어종합	1
내고	1
내구성	1
내국인	1
내나라여행박람회서	1
내년에	1
내놓아야	1
내놓은	1
내놔	1
내놔보라	1
내놔야	1
내달8일	1
내달부터	1
내던	1
내딛는	1
내라종합2보	1
내려간	1
내려놓겠다	1
내려놓고	1
내려놓으세요	1
내려드립다	1
내려야	1
내려오는	1
내려왔을	1
내려질까	1
내렸고	1
내리나	1
내리다	1
내리지	1
내며	1
내몰리는	1
내무	1
내보내는	1
내보낸	1
내보자	1
내부분석자료	1
내부서	1
내부서도	1
내부자가	1
내분	1
내비	1
내사	1
내성결핵치료제	1
내셔널리그	1
내셔널축구선수권	1
내야	1
내용도	1
내음	1
내일tv	1
내일은	1
내일이면	1
내장산리조트	1
내전격화	1
내전문제	1
내전사태	1
내전속	1
내정간섭	1
내정자	1
내정자도	1
내정종합3보	1
내주더	1
내주초	1
내줘종합2보	1
내지	1
냄새	1
냈으면	1
냉가슴	1
냉각	1
냉동	1
냉면값	1
냉방	1
냉정	1
너	1
너는	1
너라도	1
너무한	1
너무해종합	1
넉달간	1
넉달반	1
넉달여	1
넌	1
널널	1
넓은	1
넓히는	1
넓힐까	1
넘겨라	1
넘겨야	1
넘겨종합	1
넘보지	1
넘본다	1
넘실	1
넘어가나	1
넘어갈	1
넘어서	1
넘어서겠다	1
넘어선	1
넘어설	1
넘어온	1
넘으려면	1
넘으면	1
넘을것종합	1
넘을듯	1
넘쳐	1
넘쳐나	1
넛크래커	1
넛크랙커	1
넣기까지	1
넣는	1
넣어	1
넣은	1
넣을듯	1
네게바	1
네덜란드에	1
네덜란드와	1
네덜란드총리에	1
네바다	1
네번째	1
네안데르탈인	1
네오	1
네오위즈게임즈	1
네이마르바르사	1
네이버고려대	1
네이버랩스퀄컴테크놀로지	1
네이버로	1
네이버에도	1
네이버연세대	1
네이버와	1
네이버페이	1
네이션스리그	1
네이처리퍼블릭	1
네타냐후가	1
네타냐후와	1
네트워크장비	1
네패스	1
넥센은	1
넥센타이어	1
넥쏘	1
넵튠에	1
넷	1
년	1
년의	1
노경은	1
노는	1
노다지	1
노동개혁특위	1
노동교화형	1
노동권	1
노동미사일	1
노동법	1
노동부	1
노동시장	1
노동이사제	1
노동인권	1
노동인권자료	1
노동자가	1
노동자들	1
노동자들의	1
노동자의	1
노동친화적으로	1
노란	1
노란불	1
노란색	1
노란조끼	1
노랑	1
노랗게	1
노래해요	1
노량진	1
노력은	1
노력을	1
노력의	1
노렸나	1
노렸다	1
노렸다가	1
노로바이러스	1
노루	1
노르웨이항공	1
노리는	1
노림수	1
노모	1
노무라	1
노무현	1
노무현재단이사장	1
노벨문학상	1
노벨물리학상	1
노벨물리학상은	1
노벨상의	1
노사협상기술	1
노사확약	1
노쇼	1
노예	1
노예계약과	1
노인과	1
노인들에	1
노장부	1
노조가	1
노조간부	1
노조위원장	1
노조진주시	1
노조활동	1
노준	1
노출종합2보	1
노트	1
노트7	1
노트7보다	1
노트9	1
노트르담	1
노화개선	1
노후대비	1
노후자금	1
노후차량	1
노후화된	1
노히트노런	1
녹색	1
녹색돌풍	1
녹색창에서	1
녹소연	1
녹원씨아이등	1
녹음	1
녹음파일	1
녹조	1
녹조라떼	1
논객	1
논란끝	1
논란속	1
논란엔	1
논란의	1
논리	1
논문건수는	1
논문기여도	1
논문이라는	1
논설위원실장	1
논술로	1
논의기구	1
논의에서	1
논의키로	1
논의해야	1
논평종합	1
논하는	1
논할	1
놀고	1
놀다	1
놀라	1
놀라운	1
놀란	1
놀이판까지	1
놀자	1
농	1
농가	1
농구감독	1
농구국가대표	1
농구선수	1
농구선수들	1
농구야	1
농구협회	1
농단	1
농담을	1
농도	1
농락행위	1
농민공	1
농민수당	1
농성하는	1
농식품부	1
농아인	1
농어촌도	1
농업	1
농업연구원	1
농업은	1
농업이	1
농업인	1
농업총조사	1
농작물	1
농촌	1
농촌에	1
농축산	1
농축수산물	1
농축시설	1
농축종합	1
농협	1
농협은행장	1
농협캐피탈	1
농협하나로마트	1
높고	1
높아졌다	1
높아진	1
높아진다	1
높음	1
높이고	1
높이려면	1
높인	1
높일	1
놓다	1
놓은	1
놓인	1
놓지	1
놓쳤나	1
놓치면	1
뇌물수수	1
뇌물여부	1
뇌물죄	1
뇌신경망	1
뇌에	1
뇌우에	1
뇌의	1
누	1
누구에	1
누구와도	1
누리과정	1
누리예산	1
누린	1
누설은	1
누워서	1
누이네요종합	1
누적시청	1
눈18일	1
눈돌려	1
눈발	1
눈보라에	1
눈부시도록	1
눈부신	1
눈사태로	1
눈살	1
눈속임	1
눈쌓인	1
눈앞서	1
눈앞종합	1
눈에는	1
눈으로	1
눈이	1
눈치작전	1
눌렀다	1
뉘앙스	1
뉴로텐신	1
뉴미디어	1
뉴스공유플랫폼	1
뉴스공장	1
뉴스도	1
뉴스라인	1
뉴스로	1
뉴스룸	1
뉴스미디어	1
뉴스앵커	1
뉴스에	1
뉴스타파와	1
뉴스통신사세계대회	1
뉴스판에	1
뉴스편집	1
뉴욕과	1
뉴욕에서	1
뉴욕을	1
뉴욕주	1
뉴욕증시	1
뉴욕타임스	1
뉴욕현대미술관	1
뉴질랜드선수들	1
뉴햄프셔도	1
느긋하게	1
느껴	1
느끼기만	1
느끼길	1
느낀	1
느낄	1
느낌	1
느낌의	1
느낌이	1
느낌있는	1
느랭이골의	1
느린	1
는다	1
늘고	1
늘듯	1
늘려줘	1
늘리기	1
늘리는	1
늘리면	1
늘릴	1
늘어나	1
늘어난	1
늘어진	1
능력	1
능수매	1
늦어	1
늦어종합	1
늦어지고	1
늦어지는	1
늦어진다	1
늦었지만	1
늦은밤	1
늦춰져	1
늦춰질까	1
늪에	1
늪에빠진	1
니스서	1
니스전	1
니제르	1
니카라과	1
닛산차	1
다가갑니다	1
다가서	1
다가서는	1
다각포석종합	1
다공성	1
다나스로	1
다녀간	1
다녀갔다	1
다녀오겠습니다	1
다녀오세요	1
다닌다	1
다닐수록	1
다단계	1
다당제보다	1
다도해	1
다듬는	1
다락휴	1
다루스만	1
다룬다	1
다룰	1
다뤄	1
다르니까	1
다르다	1
다르빗슈	1
다르빗슈에	1
다르푸르	1
다를까	1
다름없다	1
다리	1
다리역할	1
다마스쿠스	1
다무네	1
다문화한마당	1
다방	1
다보스	1
다보스서	1
다보스포럼	1
다보스포럼서	1
다분	1
다비드	1
다산	1
다선의원에	1
다섯번째	1
다스	1
다시는	1
다양	1
다양성은	1
다영이가	1
다우디	1
다운받는데	1
다운증후군	1
다음에종합	1
다음웹툰	1
다음으로	1
다음주	1
다음주까지	1
다이닝	1
다이아	1
다이아티비	1
다이애나빈	1
다이어트도	1
다이어트로	1
다이얼로그	1
다자회담서	1
다저	1
다저스와	1
다정한	1
다져	1
다져야	1
다중수어	1
다짐종합	1
다채로운	1
다쳐서	1
다치고	1
다큐서	1
다크	1
다툰	1
다하라	1
다함께	1
다해	1
다했다종합	1
닥쳤다	1
단거리미사일	1
단거리발사체	1
단계로	1
단교	1
단단히	1
단독국감	1
단독러셀	1
단독정부	1
단독출마한	1
단독출시	1
단독회동	1
단둥서	1
단말	1
단말기자급제	1
단백질로도	1
단백질에	1
단백질의	1
단비	1
단상으로	1
단색화	1
단속강화	1
단속에도	1
단순도박	1
단식이	1
단식중단	1
단식투쟁으로	1
단양팔경	1
단어를	1
단연	1
단원고	1
단원에	1
단원이	1
단위	1
단위기간	1
단위까지	1
단일	1
단일된	1
단일원자	1
단일종	1
단임제로	1
단장으로	1
단전	1
단정	1
단정하지	1
단종설	1
단죄	1
단죄하라	1
단죄한	1
단체가	1
단체관광	1
단체관광객	1
단체로부터	1
단체상봉	1
단체응원전	1
단체장과	1
단체행동	1
단추	1
단톡방	1
단편소설	1
단풍길	1
단풍맛	1
단합과	1
단행본	1
단행본의	1
단호하게	1
단호히	1
닫은	1
닫혔던	1
달걀	1
달굴	1
달궜다	1
달기	1
달동네	1
달라져	1
달라졌다	1
달라지나	1
달라진게	1
달래기종합	1
달러당	1
달러로	1
달러매도에	1
달러에	1
달러의	1
달러채권	1
달러패권	1
달러화예금	1
달려	1
달려들었던	1
달려보니	1
달려왔다	1
달력	1
달리는	1
달리며	1
달린다	1
달빛걷기	1
달성종합	1
달성한	1
달아나	1
달아나라	1
달아난	1
달째	1
달착륙은	1
달콤커피가	1
달콤한	1
달탐사	1
달한	1
달해	1
닭갈비로	1
닭의	1
담	1
담겼죠	1
담기나종합	1
담는	1
담담한	1
담라우의	1
담배농사	1
담백하고	1
담보가치	1
담아	1
담았죠	1
담을지	1
담장	1
담철곤	1
담판	1
담판종합	1
담화	1
담화2보	1
답답	1
답답한	1
답방	1
답변안해	1
답사기	1
답이다	1
답하는	1
답해	1
닷새동안	1
닷새만	1
닷새만에	1
닷새에	1
당국에	1
당국엔	1
당국의	1
당국자	1
당권경쟁	1
당권레이스	1
당권주자	1
당권주자들	1
당규약에	1
당기순이익	1
당내서도	1
당뇨	1
당뇨에도	1
당당하고	1
당론으로	1
당무위	1
당부종합	1
당비	1
당사	1
당사국	1
당사에	1
당사자	1
당선1보	1
당선돼도	1
당선무효	1
당선자	1
당신이	1
당심	1
당에	1
당에서	1
당연속보	1
당연한	1
당연히	1
당원	1
당원권정지	1
당원도	1
당이	1
당일꾼	1
당일에야	1
당정청은	1
당직자	1
당진	1
당창건일	1
당청화합	1
당했는데	1
당현실	1
당협위원장	1
당협위원장들에	1
당협위원장직	1
당혹속	1
당혹스런	1
대가	1
대가검증협의체	1
대가성	1
대결도	1
대경기계기술	1
대공	1
대공개	1
대공세	1
대공유도무기	1
대관탈락	1
대구로	1
대구세계여자비치발리볼	1
대구시	1
대구시민운동장	1
대구에	1
대구전남도	1
대국민	1
대국세계	1
대권가도	1
대권레이스	1
대권주자였던	1
대기록	1
대기업과	1
대기업집단	1
대기업집단에	1
대남도발	1
대남위협	1
대납의혹	1
대단하다	1
대단히	1
대도무문종합2보	1
대도시서	1
대란	1
대량생산	1
대량탈북	1
대리처방	1
대림산업	1
대립	1
대립에	1
대립종합	1
대만b에	1
대만단교	1
대만독립	1
대만에	1
대만에도	1
대만정책	1
대망론에	1
대면	1
대면하나	1
대미수출	1
대미얀마	1
대미외교	1
대박에	1
대방출	1
대범한	1
대법관에	1
대법원을	1
대변인과	1
대보름	1
대본집	1
대부가	1
대부업	1
대부업으로	1
대북대화론에	1
대북매체	1
대북봉쇄	1
대북사업에	1
대북수해지원금	1
대북제재에	1
대북제제	1
대북지원	1
대북특사	1
대불호텔	1
대붕괴	1
대비위해	1
대비중	1
대비책	1
대비태세종합	1
대비하라	1
대사가	1
대사급	1
대사와	1
대산문학상	1
대상국	1
대서양서	1
대선가도	1
대선결과	1
대선경선	1
대선시계도	1
대선에	1
대선쟁점	1
대선정국	1
대선지지도	1
대선출마	1
대설경보로	1
대설내린	1
대설특보	1
대세론	1
대수	1
대수비	1
대수비로	1
대심제	1
대안	1
대안세력	1
대안없는	1
대안은	1
대안입니다	1
대안정당	1
대어급	1
대여총공세	1
대여투쟁	1
대역	1
대역전극으로	1
대오각성하고	1
대왕	1
대외관계	1
대외변수가	1
대우조선과	1
대우조선해양	1
대우조선해양에	1
대웅제약	1
대유그룹	1
대유위니아	1
대응기조	1
대응방안	1
대응예산	1
대응은	1
대응조치	1
대응종합	1
대응할것	1
대응해	1
대응해야	1
대응해야종합	1
대이란	1
대일	1
대작으로	1
대재앙의	1
대전광주	1
대전망	1
대전세종충남	1
대전소식	1
대전시티즌	1
대전시하나금융	1
대전에도	1
대전충남	1
대전코레일	1
대정부	1
대조	1
대좌	1
대주주	1
대중가요의	1
대중음악	1
대중이	1
대중적	1
대진표28일	1
대차거래	1
대책마련	1
대책에	1
대책에도	1
대책위	1
대책회의	1
대척점에	1
대체공휴일	1
대체선박	1
대체선발	1
대체인력	1
대체자는	1
대체할	1
대체할까	1
대축제	1
대출건전성	1
대출규제	1
대출규제에도	1
대출금리도	1
대출심사	1
대출은	1
대출잔액	1
대치종합	1
대타협하자종합	1
대테러기구	1
대토보상권	1
대통령3당	1
대통령감	1
대통령김정은	1
대통령김종인	1
대통령도	1
대통령부터	1
대통령상에	1
대통령시	1
대통령아베	1
대통령여야대표	1
대통령의	1
대통령이정현	1
대통령제가	1
대통령최순실재단	1
대통령트럼프	1
대통령홍준표	1
대파	1
대패로	1
대포차	1
대표vna	1
대표가	1
대표는	1
대표들	1
대표들과	1
대표로	1
대표부	1
대표부대표	1
대표성	1
대표자	1
대표축제	1
대표팀서	1
대표팀서도	1
대표팀에	1
대표팀의	1
대피령	1
대피시켜야종합	1
대하의	1
대학갈때까지	1
대학교수	1
대학교수들	1
대학농구	1
대학로	1
대학로서	1
대학살	1
대학생기자단	1
대학야구	1
대학에	1
대학입학가능자원	1
대학입학정보박람회	1
대학축구	1
대학평가	1
대한건설협회	1
대한골프협회	1
대한민국농구협회	1
대한민국발레축제	1
대한민국에	1
대한민국연극제	1
대한민국예술원	1
대한배구협회	1
대한수학회	1
대한응급의학회	1
대한제국	1
대한제국의	1
대한제분	1
대한축구협회에	1
대한항공에	1
대한항공우	1
대한항공의	1
대항마	1
대해	1
대행도	1
대행업체	1
대혁명기념일	1
대형로펌에	1
대형사업자	1
대형산불로	1
대형정당	1
대화나누는	1
대화론	1
대화상대	1
대화서	1
대화에	1
대화와	1
대화통한	1
대화할	1
대회서	1
대회에	1
대회의실에서	1
대회전	1
댄스월드컵	1
댓글수사에	1
더뎌질듯	1
더딘	1
더러운	1
더럽게	1
더로전	1
더로전과	1
더민주무소속	1
더불어	1
더불어민주당	1
더불어한국당	1
더블더블	1
더블할인	1
더비카운티에	1
더위까지	1
더위에	1
더위종합	1
더캐피탈그룹컴퍼니스	1
더하다	1
더하면	1
덕담	1
덕유산	1
덕큐리로	1
덕후들	1
던져	1
던졌는지도	1
던지겠다	1
던지며	1
덜어내고	1
덜어준다	1
덥고	1
덩달아	1
덩샤오핑	1
덫	1
덮쳐	1
데가	1
데까지	1
데려가겠다	1
데려가라	1
데리다를	1
데리다와	1
데뷔승	1
데뷔전도	1
데스노트	1
데스크톱	1
데이비드	1
데이에	1
데이터경제	1
데이터소모	1
데이터에	1
데이터요금제	1
데이터저널리즘코리아	1
데이트하듯	1
덴버	1
델리미트	1
뎀벨레	1
도가니	1
도구	1
도난당해	1
도난분실	1
도널드슨과	1
도달	1
도달가능	1
도덕성	1
도덕적	1
도둑	1
도둑의	1
도둑질	1
도드람	1
도레의	1
도로공사도	1
도로공사로	1
도루까지	1
도루에	1
도마에	1
도망치던	1
도매가	1
도매시장	1
도모종합	1
도박꾼	1
도박사	1
도박으로	1
도발은	1
도배	1
도보다리에서	1
도서개발촉진법	1
도서는	1
도서전에	1
도시계획조례	1
도시공원	1
도시를	1
도시서	1
도시재생	1
도심서	1
도심속	1
도심에서	1
도에	1
도와야죠	1
도와주는	1
도우미	1
도우미까지	1
도운	1
도움될	1
도의원	1
도이체방크	1
도입은	1
도입한다	1
도입해야	1
도저히	1
도전에	1
도전은	1
도지사	1
도착시각	1
도착시간	1
도출하겠다	1
도쿄돔	1
도쿄지사에	1
도피	1
도핑스캔들	1
도하서	1
도화엔지니어링	1
독거노인	1
독과점	1
독극물	1
독도	1
독도경비대에	1
독립군처럼	1
독립기관	1
독립기업	1
독립만세	1
독립서점	1
독립성	1
독립영화로	1
독립유공자후손	1
독립제작사	1
독살미수	1
독서	1
독서축제	1
독선이	1
독설	1
독수리	1
독식	1
독일과	1
독일기자가	1
독일작곡가협회	1
독일하원	1
독자가	1
독자노선	1
독자들	1
독자들이	1
독자의	1
독자해제	1
독재	1
독재국가	1
독재로	1
독재의	1
독주에	1
독주한	1
독차지	1
독특한	1
돈나룸마	1
돈도	1
돈되는	1
돈방석도	1
돈벌려는	1
돈보다	1
돈세탁	1
돈없는	1
돈으로	1
돈이	1
돌	1
돌담길	1
돌려	1
돌려달라	1
돌려막기	1
돌려받아	1
돌려보냈을	1
돌려보는	1
돌려준다	1
돌렸다	1
돌발악재에	1
돌아가신	1
돌아가야	1
돌아갈듯	1
돌아다니면	1
돌아보고	1
돌아보며	1
돌아온다	1
돌아올	1
돌아올까	1
돌파구	1
돌파예상	1
돌파종합	1
돌파카드	1
돕겠다	1
돕기	1
돕는	1
돗토리현	1
동거	1
동결이	1
동결종합	1
동결한	1
동계올림픽기간	1
동굴피아	1
동기보다	1
동남부	1
동남아서도	1
동났다	1
동동	1
동력은	1
동료들에게	1
동맹	1
동맹국과	1
동맹도	1
동맹파업	1
동물	1
동물들	1
동물보호	1
동물실험서	1
동물용의약품	1
동물의	1
동물해방	1
동반성장위원회	1
동반우승	1
동반자의	1
동반종합	1
동반하락	1
동반한	1
동부건설	1
동부군벌	1
동부권	1
동부대우전자	1
동부지역	1
동북권	1
동북아공동체	1
동북아재단	1
동산담보	1
동상	1
동상이몽	1
동서고속도로	1
동서남해서	1
동성	1
동성결혼	1
동성결혼반대	1
동수	1
동승해	1
동시공개	1
동시관측	1
동시세일	1
동시접속	1
동시출격	1
동시출시	1
동심초	1
동아엘텍	1
동아프리카	1
동양피엔에프	1
동영상도	1
동우크라이나	1
동원	1
동원해	1
동유럽	1
동의여부	1
동의한	1
동의할	1
동의해야	1
동점골	1
동점포	1
동정여론	1
동조	1
동족대결광	1
동참해야	1
동침	1
동탄	1
동탄2신도시	1
동판	1
동학농민혁명	1
동학에서	1
동해로	1
동해무릉제	1
동해상	1
동해안권	1
동해안서도	1
동해안은	1
동행명령	1
동향	1
동호인이	1
동화기업	1
동화를	1
돼도	1
돼서도	1
돼지	1
돼지열병	1
됐는데	1
됐으면	1
됐죠	1
되기	1
되나종합	1
되니	1
되돌릴	1
되돌아간	1
되돌아간다	1
되면	1
되살아난	1
되새기자	1
되어볼까	1
되자	1
되자종합	1
되찾기	1
되찾았지만	1
되풀이되나	1
된다는	1
될것	1
될것종합	1
될래요	1
될수없는	1
됩니다	1
두근거리는	1
두껍고	1
두나라	1
두뇌게임	1
두뇌유출	1
두는	1
두다멜	1
두달	1
두더지쥐의	1
두둑하게	1
두둥실	1
두드러져	1
두들겨	1
두문불출	1
두바이에	1
두배	1
두번째종합	1
두산건설	1
두산마저	1
두산분당센터	1
두산아트센터	1
두산은	1
두산테크포럼	1
두차례	1
둔화에도	1
둘	1
둘다	1
둘러싸고	1
둘의	1
둘이	1
둥근	1
둥지	1
둬야	1
뒤따라	1
뒤로	1
뒤로종합	1
뒤샹전	1
뒤섞인	1
뒤에는	1
뒤엔	1
뒤지다	1
뒤집어	1
뒤집어쓴	1
뒤집었다	1
뒤집을까	1
뒤집힌	1
뒤쫓아	1
뒤척뒤척	1
뒤흔드나	1
뒤흔드는	1
뒷돈	1
뒷뜰서	1
뒷마당	1
뒷북종합	1
뒷심	1
듀랜트까지	1
듀랜트와	1
듀얼스크린	1
듀얼심	1
듀얼카메라	1
듀크	1
드	1
드나들어	1
드라기	1
드라마본부	1
드라이브	1
드라이브로	1
드래프트	1
드러나	1
드러나는	1
드러나다	1
드러났다	1
드러내통일부	1
드러냈나	1
드러누울	1
드레스코드	1
드려요	1
드론사업	1
드론에	1
드론이	1
드롭	1
드리우는	1
드리운	1
드림	1
드림올스타	1
드림팀되자	1
드억	1
득세에	1
득실	1
득점포	1
득표율은	1
득표종합	1
든	1
든든하네	1
든든한	1
듣겠다	1
듣고	1
듣기로	1
들끓게	1
들끓는	1
들끓는데	1
들러	1
들려주시오	1
들려줄	1
들썩들썩	1
들썩인	1
들어간다	1
들어서도	1
들어올	1
들어와	1
들어왔는데	1
들어요	1
들었다	1
들었을수록	1
들여	1
들여다보다	1
들여다봐야	1
들은	1
들이는	1
들이받아	1
듯속보	1
듯한	1
등교시간	1
등극종합	1
등급제	1
등기이사	1
등단	1
등록신청서	1
등록엑스포	1
등반가	1
등번호	1
등산	1
등서	1
등원	1
등장종합	1
등재해야	1
등정	1
등지서	1
등판에	1
등판하는	1
등판해	1
디그	1
디그롬과	1
디렉터	1
디바이스	1
디스플레이가	1
디스플레이에	1
디스하는	1
디아스포라	1
디아이씨	1
디자이너	1
디자이너를	1
디자인도	1
디자인의	1
디자인이	1
디종	1
디지털세	1
디지털시대	1
디지털저널리즘	1
디지털콘텐츠	1
디턴족	1
디트로이트전	1
디펜딩	1
디펜딩챔프	1
디플레	1
딜라이브카카오	1
딜리트	1
딜은	1
딥	1
딥러닝용	1
따내	1
따냈다	1
따돌리고	1
따뜻	1
따뜻하고	1
따뜻함	1
따뜻해져	1
따뜻했네	1
따라잡아	1
따라잡을	1
따로없어	1
따르겠다	1
따를	1
따자	1
따져보니	1
따져야	1
따지기보다	1
딱이네종합	1
딱정벌레	1
딱지	1
딸도	1
땀에	1
땅끝마을	1
땅볼	1
땅부자	1
땅에도	1
땅으로	1
땅을	1
땅이	1
땅콩회항	1
때까지	1
때는	1
때론	1
때리기에도	1
때리기의	1
때문종합	1
때울	1
때종합	1
땡문뉴스	1
떠나고	1
떠나기	1
떠나기보단	1
떠나다	1
떠나야	1
떠난다고	1
떠도는	1
떠들썩	1
떠오르는	1
떠올라	1
떡	1
떡볶이	1
떨군	1
떨림과	1
떨어졌는데	1
떨어지며	1
떨치려	1
떴다	1
떴다방	1
떴다방식	1
떼고	1
떼써요	1
떼일뻔	1
뗀	1
뗄까	1
또렷한	1
똑같은	1
똑같은데	1
똑똑한	1
똑똑해진다종합	1
똘똘	1
똥	1
뚜루뚜루	1
뚝뚝	1
뚫린	1
뚫을까	1
뛰고	1
뛰는	1
뛰던	1
뛰어넘어	1
뛰어든다종합2보	1
뛰자	1
뛴	1
뜨거웠다	1
뜨거웠다종합	1
뜨네	1
뜨는	1
뜨지	1
뜬공	1
뜰까	1
뜻밖의	1
띄우고	1
띄우는	1
띄운다	1
띄워준다	1
라농	1
라니에리	1
라닉스	1
라디오서	1
라리가	1
라마포사	1
라멜라	1
라면	1
라바리니식	1
라바리니호	1
라벤더	1
라스트	1
라오스	1
라오스에	1
라온	1
라우리	1
라울과	1
라윤	1
라이다	1
라이벌전	1
라이베리아	1
라이베리아서	1
라이브로	1
라이브사이트로	1
라이브에	1
라이브케어	1
라이언의	1
라이언킹	1
라이칭더	1
라이트	1
라이트론	1
라이트백	1
라이프	1
라이프스타일	1
라이프에	1
라인야후재팬	1
라인웍스	1
라인플러스	1
라임자산운용	1
라트비아에	1
라트비아와	1
라틴	1
람보	1
래시가드	1
랜선	1
랜섬웨어도	1
랜섬웨어의	1
랩으로	1
랩탑	1
랭햄	1
랴오닝성	1
랴오닝에	1
랴오닝함	1
랴오닝함에	1
러북	1
러브	1
러브콜에	1
러빙	1
러서방	1
러셀	1
러시아군의	1
러시아로부터	1
러시아산	1
러시아와	1
러시아월드컵	1
러시아월드컵에서	1
러시아전서	1
러우크라	1
러이	1
러이란	1
러이스라엘	1
러츠	1
러트럼프	1
럭셔리호텔	1
런닝맨	1
런닝맨까지	1
런웨이	1
레그테크	1
레너드	1
레넌	1
레드삭스	1
레드삭스는	1
레디	1
레버쿠젠전	1
레볼루션	1
레비	1
레사	1
레스터	1
레스터시티에	1
레스터시티전	1
레스토랑	1
레시피	1
레오강	1
레이건참모도	1
레이더	1
레이더갈등도	1
레이더갈등에	1
레이더로	1
레이블로	1
레이싱	1
레이저	1
레이쥔	1
레이커스	1
레일리	1
레일바이크	1
레저	1
레저축제	1
레전드캐피탈	1
레전설의	1
레지던스서도	1
레지던스에	1
레진엔터	1
레진코믹스	1
레짐	1
레포츠	1
레프트로	1
렉처	1
렌치	1
렌터카	1
로건	1
로드리게스	1
로드맵	1
로드쇼	1
로또	1
로또아파트	1
로마	1
로마대사	1
로마사	1
로마시	1
로마에서	1
로마의	1
로미오와	1
로밍	1
로밍on	1
로밍온	1
로밍요금	1
로버트	1
로보비	1
로보어드바이저	1
로보틱스	1
로봇기사	1
로봇사업	1
로봇카페	1
로비	1
로비서	1
로숙영	1
로스앤젤레스관광청	1
로엔엔터	1
로엔엔터테인먼트	1
로열브루나이항공	1
로저	1
로저스	1
로펌	1
록	1
록밴드	1
록하이머	1
론스타	1
론스타가	1
롤로웨이	1
롤모델로	1
롯데렌탈	1
롯데마트	1
롯데백화점에	1
롯데손해보험	1
롯데쇼핑	1
롯데수사	1
롯데월드타워서	1
롯데의	1
롯데카드	1
롯데콘서트홀	1
롯데호텔서울	1
뢰브	1
루	1
루니에게	1
루마니아	1
루머	1
루빈	1
루이스	1
루트로닉	1
루프트한자	1
룰라	1
룰의	1
룰이	1
룸메이트	1
류스	1
류중탁	1
류지혁	1
류현진은	1
르네상스	1
르네상스편	1
르완다군이	1
르펜	1
리	1
리거	1
리그도	1
리니지	1
리니지2	1
리더	1
리더스포레에	1
리룡남	1
리바운드	1
리바운드스틸블록슛	1
리버풀전서	1
리버풀전에서	1
리베로의	1
리뷰	1
리비아에서	1
리빌딩	1
리수용	1
리스크도	1
리스크업종	1
리얼	1
리얼리즘	1
리얼리티쇼	1
리에베르만	1
리옹에	1
리옹토리노	1
리용선	1
리우에	1
리츠	1
리치에츠키	1
리커브	1
리커창	1
리켐	1
리쿠드당	1
리쿠드당야	1
리터러시	1
리튬이온	1
리튬전지용	1
리트윗한	1
리프트	1
리허설작전	1
린동원	1
린드블럼은	1
링컨센터	1
링컨시티	1
링크트인	1
마감1보	1
마감종합2보	1
마감한	1
마곡사	1
마구	1
마녀사냥	1
마늘값도	1
마니아	1
마니아층	1
마다가스카르서	1
마당놀이	1
마두로측	1
마드리드뮌헨	1
마드리드에	1
마드리드와	1
마드리드지로나전	1
마드리드회담	1
마라	1
마라도	1
마라도나의	1
마라톤	1
마러라고	1
마러라고서	1
마련에	1
마련종합	1
마련하라	1
마루의	1
마르케스의	1
마르코스독재	1
마르쿠스	1
마른	1
마리아	1
마리아도	1
마리오	1
마리오처럼	1
마린시티자이	1
마마스건	1
마무리는	1
마무리에도	1
마무리종합	1
마무리캠프	1
마법	1
마비법	1
마비시킨	1
마산	1
마산문신미술관	1
마산편	1
마스크까지	1
마스크쓴	1
마스터	1
마스터스에	1
마시고	1
마시며	1
마식령스키장	1
마쓰자카	1
마야	1
마약과의	1
마약단속기구	1
마약성	1
마운드	1
마윈	1
마음으로	1
마이너리그	1
마이너스	1
마이런	1
마이애미	1
마이크	1
마이클	1
마중	1
마진	1
마차도에	1
마찰탈퇴종합2보	1
마치	1
마켓컬리	1
마크	1
마크롱에	1
마트	1
마트의	1
마포	1
마포아트마켓	1
마피아	1
마한	1
마한항공	1
막강	1
막강한	1
막기	1
막는	1
막아내종합	1
막아냈다	1
막아달라	1
막아야	1
막으려는	1
막으면	1
막자	1
막장	1
막지	1
막혔다	1
막후	1
막히나요	1
막히는	1
만개	1
만개한	1
만경봉호	1
만기임박	1
만끽하며	1
만나겠다	1
만나기	1
만나니	1
만나러	1
만나리라	1
만나면	1
만날까	1
만남의	1
만드는	1
만드는가	1
만드세요	1
만들겠다	1
만들어드립니다	1
만들어온	1
만들어요	1
만들어지길	1
만들자종합	1
만루에서	1
만루홈런	1
만류	1
만류에도	1
만리방화벽	1
만리장성	1
만리장성에	1
만발한	1
만세	1
만원관중	1
만장일치	1
만장일치는	1
만전속보	1
만족감	1
만주	1
만지고	1
만지는	1
만찬은	1
만찬장으로	1
만찬종합2보	1
만취	1
만취난동	1
만하다	1
만한	1
만행	1
만행의	1
만화가협회	1
만화대상에	1
만화로	1
만화시편	1
만화축제	1
만화카페	1
만회실패	1
많겠지만	1
많다가	1
많다더니	1
많다종합	1
많아진다	1
많아질	1
많지	1
맏언니	1
맏형의	1
말그대로	1
말기	1
말도	1
말라가에	1
말라위서	1
말레이시아에	1
말로	1
말리려고	1
말리와	1
말말말	1
말보다	1
말실수	1
말씀	1
말아야죠	1
말은	1
말을	1
말이	1
말자	1
말펜사	1
말폭탄	1
말하고	1
말한	1
말할지	1
말해	1
맑아	1
맑은	1
맑지만	1
맘스터치	1
맘에	1
맘편히	1
맛과	1
맛본다	1
맛울림축제	1
맛의	1
망	1
망간단괴	1
망라	1
망명신청자수	1
망분할기술	1
망사용료	1
망상	1
망신주기	1
망언	1
망중립성	1
망쳐선	1
망하게	1
망하지	1
맞나	1
맞대결종합2보	1
맞댄	1
맞댄다	1
맞먹는	1
맞물려종합	1
맞불종합2보	1
맞서야	1
맞수	1
맞아서	1
맞아요	1
맞았다	1
맞으며	1
맞을	1
맞을까	1
맞춰	1
맞춰야	1
맞춰졌다	1
맡겠다	1
맡겨	1
맡기로	1
맡나	1
맡나종합	1
맡는다	1
맡아	1
맡아달라고	1
매각설에	1
매기나	1
매나포트	1
매너	1
매니지먼트사	1
매단	1
매도공세에	1
매도기업	1
매도종합	1
매디슨	1
매력은	1
매료	1
매매가	1
매매가격	1
매매가격지수	1
매매보다	1
매매시장도	1
매매차익	1
매머드	1
매몰	1
매복작전	1
매서운	1
매수상위	1
매수세	1
매수세에	1
매슈	1
매입임대주택	1
매입해	1
매장구석에	1
매주	1
매진종합2보	1
매체서	1
매체수소탄	1
매춘	1
매출로	1
매출액이	1
매출에도	1
매출은	1
매치	1
매치서	1
매트릭스	1
매파적	1
매화	1
맥그리거	1
맥도날드	1
맥스셔저	1
맥을	1
맨	1
맨눈으로	1
맨시티는	1
맨유는	1
맨유로	1
맨체스터	1
맴섬의	1
맵	1
맷	1
맹공종합	1
맹비난종합2보	1
맹위	1
맹타	1
맹폭에	1
맺어진	1
머리띠	1
머리이식	1
머리카락	1
머릿속	1
머물며	1
머물지말고	1
머슴	1
머슴축제	1
먹거리	1
먹고	1
먹고사는	1
먹구름에	1
먹기	1
먹먹한	1
먹어도	1
먹어보고	1
먹통	1
먹혔다	1
먼길	1
먼지	1
멀다종합2보	1
멀베이니가	1
멀어	1
멀어져	1
멀어지나	1
멀티골로	1
멀티무선	1
멀티뷰	1
멀티히트	1
멈추는	1
멈추면	1
멈출	1
멈춤	1
멈춰라	1
멈춰선	1
멈춰야	1
멋과	1
멍	1
멍때리기는	1
멍멍	1
메가브랜드로	1
메가스터디	1
메가엠디	1
메고	1
메뉴	1
메뉴와	1
메달로	1
메디	1
메디컬테스트	1
메디힐장학재단에	1
메뚜기떼	1
메르켈의	1
메르코수르	1
메리	1
메리츠	1
메릴린치	1
메모	1
메밀꽃밭	1
메쉬코리아	1
메시에게	1
메시지는	1
메울까	1
메이데이	1
메이스	1
메이스의	1
메이슨도	1
메이트북x프로	1
메이플쏘프	1
메인	1
메인프레스센터	1
메일	1
메일까지	1
메츠	1
메츠와	1
메츠전	1
메타트론	1
멕시코도	1
멕시코리그서	1
멕시코전	1
멕시코전반	1
멕시코협상	1
멘토링	1
멜론	1
멜파스	1
멤버	1
멧돼지	1
면담에	1
면담하는	1
면면도	1
면밀	1
면밀히	1
면세유	1
면역검사	1
면역항암제가	1
면적	1
면제	1
면죄부	1
멸종	1
멸종위기	1
멸종위기종	1
멸종한	1
명기	1
명기기본권	1
명꼴로	1
명동으로	1
명령종합	1
명말청초	1
명목	1
명문	1
명문대도	1
명문악단	1
명문화	1
명백한	1
명백히	1
명소는	1
명소마다	1
명수	1
명승부	1
명암	1
명예롭게	1
명예퇴직	1
명예퇴진	1
명예회복	1
명예회복돼야	1
명의	1
명의도용	1
명인	1
명작창작	1
명장	1
명장면	1
명절음식을	1
명창	1
명칭에	1
명품시장이	1
명품폰	1
명확한	1
몇	1
몇달	1
몇몇	1
모감주나무	1
모교	1
모교에	1
모금	1
모기	1
모나코	1
모델로	1
모독	1
모독했다	1
모두발언	1
모두에게	1
모두투어	1
모드로	1
모란봉악단	1
모략	1
모레까지	1
모레부터	1
모로코	1
모른다	1
모를	1
모리셔스에	1
모멘티브	1
모면	1
모바일3	1
모바일결제isp	1
모바일내비	1
모바일뉴스에	1
모바일도	1
모바일서	1
모바일은	1
모방종합	1
모방해	1
모범	1
모범기업	1
모범선수	1
모빌리티	1
모색2보	1
모서리	1
모습도	1
모신	1
모아	1
모양의	1
모양이	1
모을	1
모이면	1
모이세요	1
모인다	1
모임서	1
모집에	1
모처럼	1
모토로라	1
목	1
목격	1
목격자들	1
목격했던	1
목도리	1
목마른	1
목사의	1
목선	1
목성	1
목성궤도	1
목소리로	1
목숨을	1
목양면	1
목에	1
목요일	1
목욕시키고	1
목이	1
목재실종	1
목적은	1
목적지	1
목적지는	1
목포에	1
목포지역	1
목표액	1
목표전환펀드	1
몫	1
몫까지	1
몰고올	1
몰도바	1
몰두하나종합	1
몰랐던	1
몰려온다	1
몰려종합	1
몰린다	1
몰린다종합	1
몰릴	1
몰아	1
몰아간다	1
몰아냈지만	1
몰아넣어	1
몰아주기	1
몰아치기	1
몰카	1
몰카사범	1
몰타	1
몰테일	1
몰표	1
몸무게	1
몸부림	1
몸싸움으로	1
몸에	1
몸에는	1
몸으로	1
못견디는	1
못내	1
못내놓는	1
못뛴다	1
못미뤄	1
못받아	1
못받은	1
못쓰게	1
못알려	1
못여는	1
못이루는	1
못찾는	1
못찾은	1
못피해가는	1
못한다	1
못해봤잖아요	1
못했는데도	1
못했다	1
못했으니	1
몽펠리에	1
묘	1
묘사	1
묘사되길	1
묘소	1
묘에	1
묘역	1
묘역도	1
무겁다	1
무게인가	1
무게종합3보	1
무계좌	1
무고사	1
무고한	1
무관	1
무관의	1
무궁화	1
무궁화수목원	1
무궁화위성	1
무너뜨린	1
무너졌다	1
무너진	1
무노동	1
무능	1
무단복사	1
무단열람	1
무단전송	1
무단침입에	1
무대서	1
무대에도	1
무더기	1
무더위속	1
무더위종합	1
무도한	1
무득점	1
무등산	1
무등산공원사무소	1
무디스	1
무력도발	1
무력사용	1
무력시위종합2보	1
무력진압에	1
무력화	1
무례	1
무료진단	1
무료체험	1
무리하게	1
무리하지는	1
무명들의	1
무모하고	1
무반주	1
무비데이	1
무비자	1
무삭제	1
무산되나	1
무산된	1
무산될	1
무산시키는	1
무산위기	1
무산위기강원지사배	1
무상감자	1
무상원조	1
무상제공	1
무상증정	1
무서워진	1
무서워하지	1
무선설비	1
무선인터넷	1
무선인터넷에	1
무선충전에도	1
무세베니	1
무소속에	1
무승부로	1
무시하는게	1
무실점으로	1
무실점의	1
무안타에	1
무약정	1
무약정폰	1
무엇이	1
무엇인가	1
무엇인가종합	1
무역담판	1
무역위	1
무역은	1
무역의	1
무역전쟁만으론	1
무역전쟁에도	1
무역협상차	1
무역회담	1
무용	1
무용계를	1
무용론	1
무용수들	1
무이자	1
무인	1
무인이동체	1
무임금	1
무자격선수	1
무장대원	1
무장론	1
무장조직	1
무전통신	1
무제	1
무제한요금	1
무주	1
무주서	1
무주택자	1
무진기행	1
무차입	1
무책임	1
무척	1
무한	1
무허가	1
무형문화재	1
무형유산	1
무효선언으로	1
묵념	1
묵념도종합	1
묵은	1
묵인	1
묶는다	1
문건유출	1
문건은	1
문단	1
문닫는다	1
문답	1
문대통령에	1
문대통령의	1
문란	1
문미옥	1
문서로	1
문서상	1
문신	1
문예위원장	1
문우람	1
문의장여야	1
문의한적	1
문자로	1
문자안내	1
문자전쟁	1
문장	1
문장은	1
문정인에	1
문제는	1
문제소설	1
문제없다	1
문제없다에	1
문제없었다	1
문제없이	1
문제에	1
문제와	1
문제점	1
문집	1
문체	1
문체부광주	1
문태종	1
문턱까지	1
문학계	1
문학과지성	1
문학교수들이	1
문학구장서	1
문학그림전	1
문학단체들	1
문학독자를	1
문학동네	1
문학상	1
문학세계	1
문학세계종합	1
문학실험실	1
문학으로	1
문학은	1
문학의	1
문학제	1
문학축제서	1
문학활성화	1
문형표	1
문화가	1
문화계	1
문화교류	1
문화까지	1
문화누리카드	1
문화로	1
문화에	1
문화여행	1
문화예술계	1
문화예술계에	1
문화예술위	1
문화예술위원장에	1
문화예술인에	1
문화예술청년	1
문화유산	1
문화유산답사기	1
문화재단	1
문화재소식	1
문화재에	1
문화재재단	1
문화재지킴이날	1
문화적	1
묻는다	1
묻혀	1
물가상승률	1
물고기	1
물곰	1
물곰의	1
물기	1
물꼬	1
물난리였는데	1
물놀이	1
물담배	1
물동량	1
물들이다	1
물량난	1
물러나는게	1
물러나야종합2보	1
물러난	1
물러서지	1
물러설	1
물로	1
물류	1
물류시장	1
물리적	1
물밑선	1
물벼락	1
물씬	1
물안개	1
물어뜯어	1
물어보세요	1
물어봐라종합2보	1
물어봐야	1
물어야	1
물어종합2보	1
물이	1
물적분할	1
물질에	1
물질현상	1
물체에	1
물타기	1
물폭탄	1
물품대금	1
뭄바이	1
뭉쳐달라	1
뭉친	1
뭐든	1
뭐든지	1
뭐였지	1
뭐죠	1
뭐해	1
뭐했나	1
뭔가	1
뭘까	1
뮌헨	1
뮌헨서	1
뮌헨에	1
뮌헨전	1
뮤지션	1
뮤지엄	1
뮤직나잇	1
뮤직비디오까지	1
뮬러특검	1
미6	1
미개방	1
미국계	1
미국내	1
미국대학스포츠	1
미국도	1
미국은	1
미국을	1
미국인들	1
미국인에	1
미국인의	1
미국재대만협회	1
미국축구대표	1
미국특허	1
미군기지	1
미군기지철수	1
미군이	1
미궁	1
미끄러운	1
미끼	1
미네소타덴버	1
미네소타에	1
미니멀	1
미달로	1
미달사태	1
미달한	1
미등록	1
미디어는	1
미디어대전	1
미디어데이	1
미디어로그	1
미디어브릿지와	1
미디어셀러	1
미디어아트	1
미디어촌	1
미디어패드	1
미라클	1
미래공동체	1
미래과학자거리	1
미래기술	1
미래당	1
미래를	1
미래부로	1
미래아이앤지	1
미래에	1
미래에너지	1
미래에셋대우증권	1
미래에셋생명	1
미래에셋운용	1
미래에셋은퇴연구소	1
미래의	1
미래지향적	1
미래창조과학부	1
미래컴퍼니	1
미래폰	1
미러	1
미룰	1
미뤄놔야	1
미르	1
미르에	1
미리보기	1
미묘한	1
미미	1
미방송분	1
미사로	1
미사용	1
미사일도	1
미사일방어능력	1
미사일에	1
미사일지침	1
미서	1
미성년	1
미성년자에	1
미세근육염좌	1
미세먼지로	1
미세먼지주의보	1
미소지으며	1
미소짓는	1
미숙한	1
미술	1
미술가	1
미술로	1
미술시가감정협회	1
미술시장	1
미술은행	1
미술이야기	1
미술작품	1
미술전	1
미술주간	1
미술책을	1
미스터	1
미시간서	1
미시령	1
미시시피	1
미신	1
미안하게	1
미안하다는	1
미야자키	1
미얀마로	1
미얀마에	1
미용실	1
미이행	1
미일동맹은	1
미제출	1
미중갈등	1
미중갈등으로	1
미중정상	1
미지정	1
미첼	1
미쳐라	1
미치는	1
미치는가	1
미코	1
미편성	1
미합의시	1
미혼남녀	1
민간공원	1
민간교류	1
민간업체	1
민간연구소	1
민간자본	1
민간추진협의회	1
민간축제	1
민감	1
민감군주의보	1
민경욱	1
민경환	1
민낯	1
민낯을	1
민노총위원장	1
민변	1
민변에	1
민병대	1
민병대가	1
민병욱	1
민생경제점검회의서	1
민생고	1
민생에	1
민생예산	1
민생지역경제미래가	1
민생챙기며	1
민선7기	1
민속박물관	1
민심을	1
민음	1
민음사	1
민의와	1
민정업무	1
민정이양	1
민정이양은	1
민족	1
민족운동	1
민족이라는	1
민족주의	1
민주광장	1
민주기사의	1
민주노총	1
민주당서	1
민주당의	1
민주언론상에	1
민주에	1
민주여성동맹	1
민주여성위	1
민주연구원장	1
민주주의가	1
민주주의도	1
민주질서	1
민주파친중파	1
민주평통	1
민중가수	1
민중미술가들이	1
믿는	1
믿는구석	1
믿는다	1
믿어도	1
믿어준	1
믿었던	1
밀당	1
밀라노	1
밀란에	1
밀레니얼	1
밀레니얼과	1
밀려나	1
밀려드는	1
밀려오는	1
밀려종합	1
밀리던	1
밀반입시켜	1
밀실에	1
밀어	1
밀어내기	1
밀어붙여	1
밀어주기	1
밀워키전에서도	1
밀입국자	1
밀입국하려다	1
밀집	1
밀착으로	1
밀크셰이크	1
밋밋한	1
밑	1
밑그림	1
밑돌면	1
밑돌아	1
바가지업소	1
바그너	1
바그너부터	1
바꾸면	1
바꾸세요	1
바꾼다	1
바꿔도	1
바꿔라	1
바꿔보자	1
바꿔볼까	1
바꿔야	1
바꿔줄	1
바꿨다	1
바꿨습니다	1
바뀌나	1
바뀌지	1
바나나잎	1
바다를	1
바다마을	1
바다미술제	1
바다분수	1
바다서	1
바다에도	1
바다에서	1
바닷가	1
바닷물	1
바둑	1
바라는	1
바라본다	1
바라봐야	1
바람과	1
바람도	1
바람직하다는	1
바람직하지	1
바랬는데	1
바로결제	1
바르사에서	1
바르사와	1
바르사의	1
바르샤	1
바르셀로나b	1
바르셀로나는	1
바르셀로나서	1
바른	1
바른ict	1
바른미래당과	1
바사리	1
바스라서	1
바시르에	1
바위	1
바이	1
바이럴	1
바이럴영상	1
바이로메드	1
바이아웃	1
바이오매스	1
바이오에탄올	1
바이오연구지원센터	1
바이오특별위	1
바이오헬스	1
바이올렛	1
바이체커	1
바자우	1
바짝종합	1
바쳐진	1
바친	1
바친다	1
바퀴	1
바탕	1
바티칸	1
바티칸서	1
바흐부터	1
박	1
박격포	1
박경미	1
박관용	1
박관천	1
박광온	1
박근혜역적패당	1
박기수	1
박기원최태웅	1
박능후	1
박대통령	1
박동원	1
박람회	1
박람회종합	1
박막례	1
박맹호	1
박물관	1
박물관장	1
박범계와	1
박병석	1
박빙	1
박빙이지만	1
박삼구	1
박상륭	1
박서원	1
박선희	1
박성제	1
박성제씨	1
박세웅	1
박세진	1
박수종합	1
박수현	1
박순자	1
박영진	1
박영희	1
박완서의	1
박재동	1
박정원	1
박정의	1
박정진	1
박정환	1
박정희	1
박정희는	1
박종진	1
박주영	1
박주현	1
박주홍	1
박지수냐	1
박지원과	1
박지현	1
박차고	1
박찬경	1
박천규	1
박치기하고	1
박탈된	1
박한철	1
박항서의	1
박혜민	1
반감	1
반갑습니다	1
반격의	1
반격카드	1
반공화국	1
반군과	1
반군과도	1
반군단체	1
반군점령지	1
반군지역서	1
반기종합	1
반나절	1
반난민	1
반년	1
반대도	1
반대속보	1
반대운동	1
반대의견	1
반대하는	1
반도체라인	1
반독점	1
반등에	1
반딧불축제	1
반목말고	1
반미벽화	1
반미정서	1
반민족적	1
반민특위	1
반박종합	1
반박한다	1
반발종합2보	1
반발짝	1
반발한	1
반복	1
반복됐던	1
반복될까	1
반복종합	1
반복한	1
반부패	1
반부패사정	1
반부패회의	1
반세기	1
반얀트리	1
반영종합	1
반영한	1
반응은	1
반이민	1
반인도적	1
반일	1
반입금지	1
반입놓고	1
반작용	1
반정부시위대	1
반정부시위로	1
반정부시위에	1
반짝인다	1
반체제	1
반테러	1
반토막	1
반통합파	1
반한	1
반환하나	1
받게	1
받고	1
받기로	1
받드는	1
받들어	1
받아보세요	1
받았으면	1
받으면	1
받을	1
발각되자	1
발걸음	1
발견돼종합	1
발견된	1
발견안돼	1
발견한	1
발광	1
발굴종합	1
발굴한다	1
발급요건	1
발기인	1
발길에	1
발끈종합	1
발달장애인	1
발돋움	1
발레리나	1
발령종합	1
발롱도르	1
발명가	1
발목잡기	1
발묶여종합	1
발묶인	1
발발	1
발병	1
발사장	1
발사종합	1
발사징후	1
발사체	1
발사체사업본부	1
발사하면	1
발사한	1
발사할	1
발사했나	1
발상	1
발생률	1
발생하나	1
발생한	1
발언으로	1
발열검사	1
발음	1
발의권	1
발의카드로	1
발전계획	1
발전방향	1
발전사업자들	1
발전에	1
발전을	1
발전하겠다	1
발주처	1
발진	1
발칵	1
발칸반도	1
발판마련	1
발판만들기	1
발판으로	1
발포로	1
발표될	1
발표될까	1
발표에	1
발표에도	1
발표치	1
발표회	1
발해	1
발행계획종합	1
발행사	1
발행으로	1
발행인	1
발화	1
발화사고	1
발화점들	1
밝기	1
밝아	1
밝아지는	1
밝혀야종합3보	1
밝혀종합	1
밝혔다속보	1
밝히는	1
밝힌	1
밝힌다	1
밝힐	1
밝힐것	1
밟고	1
밟는다	1
밤9일	1
밤까지	1
밤늦게	1
밤바다	1
밤새	1
밤엔	1
밤은	1
밤의	1
밤이	1
밤치기	1
밥상민심	1
밥캣상장이	1
방강수1보	1
방공미사일	1
방과후	1
방금	1
방기	1
방만	1
방면	1
방면키로	1
방문2보	1
방문규	1
방문길	1
방문앞	1
방문은	1
방문자	1
방문종합2보	1
방문판매	1
방문하시면	1
방문한다	1
방문해	1
방문허가	1
방법으로	1
방법종합	1
방북목적	1
방북한	1
방불종합	1
방불케	1
방사능감측지휘부	1
방사선	1
방사성동위원소	1
방사포	1
방송견학	1
방송공룡	1
방송기술로	1
방송대상	1
방송독립시민행동	1
방송망	1
방송센터	1
방송시설	1
방송에	1
방송의날	1
방송장비	1
방송제도	1
방송통신심의위원회	1
방송통신위성종합2보	1
방송통신위원장	1
방송통신위원회	1
방수되는	1
방식에	1
방식으로	1
방식은	1
방어	1
방어율	1
방어적	1
방어전략에	1
방어체계	1
방에	1
방영했다	1
방위비	1
방위비분담금	1
방위상	1
방전	1
방중에	1
방지캠페인	1
방직공장	1
방출	1
방치되는	1
방콕서	1
방탄사고	1
방탄소년단	1
방통위로	1
방통위원	1
방패의	1
방한에	1
방한하는	1
방해	1
방해책동	1
방향으로	1
방화의	1
배경으로	1
배경은	1
배곯은	1
배구대회	1
배구밖에	1
배구용품	1
배구협회	1
배달	1
배당종합2보	1
배럴	1
배로	1
배민	1
배반	1
배병준	1
배상	1
배상해야	1
배송사고	1
배수아	1
배수진종합2보	1
배신	1
배신자를	1
배아	1
배우	1
배우로	1
배우자	1
배우처럼	1
배운	1
배울	1
배움과	1
배웅	1
배웅나온	1
배웅행사	1
배유나	1
배임종합	1
배임혐의	1
배점	1
배제될	1
배제시	1
배제종합	1
배제하며	1
배지	1
배짱	1
배짱도	1
배출시	1
배치계획	1
배치까지	1
배치도	1
배치에	1
배치하길	1
배치해야	1
배현진에	1
배후같다	1
배후는	1
배후단지	1
배후로	1
배후에	1
백건우	1
백금	1
백낙청	1
백낙청이	1
백남기	1
백두산발전소	1
백두산으로	1
백령	1
백령도	1
백범	1
백사마을	1
백색테러	1
백서	1
백선생	1
백스테이지까지	1
백승호이승우	1
백신	1
백업	1
백의종군	1
백인시위대	1
백인우월주의자의	1
백자	1
백정현	1
백제까지	1
백제의	1
백조	1
백지화하나	1
백지화해야	1
백혈병	1
백화원에	1
백화점	1
밴드	1
밴드도	1
밸런타인데이	1
밸런타인데이에	1
뱀과	1
뱅앤올룹슨과	1
뱅크샐러드와	1
버그	1
버는것	1
버닝	1
버닝썬	1
버드랜드	1
버려서	1
버려야종합	1
버리고	1
버리는	1
버스정보시스템	1
버스투어	1
버저비터	1
버전으로	1
버즈빌	1
버지니아대	1
버튼네	1
버틀러	1
버틸	1
버팀목	1
번꼴	1
번리	1
번번이	1
번복	1
번역기	1
번역을	1
번역지원	1
번영종합	1
번지나	1
번지는	1
번진	1
번째로	1
번째였지만	1
번호	1
번호안내114	1
번호유출	1
벌금폭탄	1
벌떡	1
벌랜더	1
벌랜더에	1
벌려종합	1
벌벌떠는	1
벌어가	1
벌어져	1
벌인	1
벌집	1
벌크캐시	1
범sbs	1
범가너	1
범대책위원회에서	1
범민주	1
범부처	1
범실	1
범실은	1
범위	1
범인	1
범인은	1
범정부	1
범죄경력	1
범죄라고요	1
범죄로	1
범죄사실	1
범죄인	1
범죄자들	1
범죄자로	1
범죄행위	1
범행	1
법과	1
법규정	1
법대로	1
법대로라면	1
법따라	1
법률보조는	1
법률비용	1
법률상담	1
법리점검	1
법막고	1
법무장관과	1
법사위원들	1
법사위원장	1
법원도	1
법원에	1
법원이	1
법의학자가	1
법인에	1
법적	1
법적대응	1
법적보증	1
법적분쟁	1
법적용어는	1
법정근로시간	1
법정서	1
법정시한	1
법정으로	1
법정행	1
법제처와	1
법제처장	1
법제화	1
법조	1
법질서부터	1
벗겠다	1
벗고	1
벗어나	1
벗어나자	1
벗어날	1
벗어날까	1
벚꽃로에	1
베	1
베냉서	1
베네수엘라와	1
베네치아	1
베네치아서	1
베드신	1
베르캄프	1
베스	1
베스트카메라	1
베어	1
베이스	1
베이조스	1
베젤	1
베젤리스	1
베컴	1
베타	1
베테랑의	1
베토벤이	1
베트	1
베트남uae	1
베트남과	1
베트남북한	1
베트남서	1
베트남으로	1
베트남을	1
베트남인	1
베트남인을	1
베트남종전	1
베트남축구	1
베트남팬들	1
베팅으로	1
베풀면	1
벤살라	1
벤슨에	1
벤처육성	1
벤처투자가	1
벤치클리어링	1
벤치클리어링종합	1
벤테케가	1
벤피카	1
벨기에에	1
벨기에전	1
벨라	1
벨라루스	1
벨로스터	1
벵거는	1
벽돌맞은	1
벽돌폰부터	1
벽화	1
변경심사	1
변경회생계획	1
변동	1
변동과	1
변론지원	1
변명할	1
변상욱	1
변신종합	1
변액보험	1
변어빙이	1
변준형	1
변천사	1
변코비보다	1
변한	1
변함없는	1
변함없다	1
변함없이	1
변해	1
변했나	1
변했단	1
변혁	1
변협회장	1
변형	1
변형작물	1
변호사가	1
변호사서	1
변화만드는	1
변화속도	1
변화에	1
변화유도	1
별관신축	1
별명이	1
별세종합	1
별을	1
별의	1
별이	1
병사에	1
병역	1
병역논란에	1
병역문제로	1
병영도서관	1
병적증명서	1
병풍의	1
병합해	1
보	1
보강	1
보강에	1
보건복지부	1
보건의료	1
보고대회	1
보고서는	1
보고서상	1
보고서에	1
보고에	1
보고회	1
보관규모	1
보궐선거	1
보궐이사	1
보금자리	1
보급	1
보급형	1
보기는	1
보기를	1
보내	1
보내고	1
보내기	1
보내는	1
보내자	1
보너스	1
보니야	1
보다도	1
보다전	1
보답	1
보답하겠다	1
보답하는	1
보답할것	1
보도사진	1
보도한	1
보도할까	1
보도했다종합2보	1
보따리	1
보따리상	1
보라	1
보라스는	1
보란	1
보란듯	1
보령	1
보령서	1
보류에	1
보류종합	1
보름	1
보름달	1
보릿고개	1
보면	1
보복말라	1
보복받아	1
보복전	1
보복조치	1
보복조치할	1
보복카드	1
보복할	1
보상금	1
보상받으면	1
보상비	1
보상종합	1
보상판매가	1
보상평가	1
보상하라종합	1
보선	1
보수논객	1
보수단체	1
보수야당에도	1
보수의	1
보수적	1
보스니아	1
보스턴전	1
보안강화	1
보안결함	1
보안관제	1
보안기능	1
보안기업에	1
보안리더	1
보안서비스	1
보안의혹	1
보안태세	1
보약	1
보여	1
보여드린	1
보여주길	1
보여주려	1
보여준다	1
보여줄	1
보여줘	1
보여줘요	1
보여줬다면	1
보완대책	1
보완됐나	1
보완할	1
보완해	1
보위총국	1
보유국은	1
보유율	1
보유종목수	1
보육지원	1
보은	1
보이나	1
보이스	1
보이스피싱에	1
보이싱피싱	1
보이지	1
보이콧이	1
보잉737맥스	1
보잉기	1
보자	1
보장해달라	1
보좌관회의	1
보좌종합	1
보증금	1
보증법	1
보증연장	1
보츠와나에	1
보컬	1
보타를	1
보트난민	1
보트서	1
보편복지	1
보편요금제는	1
보합권	1
보행	1
보행로	1
보행자	1
보험다모아서	1
보험도	1
보험사	1
보험사기	1
보호계획	1
보호망	1
보호방안	1
보호법	1
보호에	1
보호예수	1
보호장치	1
보호하는	1
보훈심사	1
보훈지청	1
복간	1
복간본	1
복구에	1
복구할	1
복귀속보	1
복귀시키기로	1
복귀전에	1
복귀파	1
복귀프로	1
복귀하고	1
복귀하나	1
복귀하라	1
복귀하지	1
복귀한	1
복귀했지만	1
복당신청	1
복당파문	1
복덩이	1
복면괴한에	1
복면금지법	1
복면기왕	1
복무기간	1
복사꽃	1
복수를	1
복수비자	1
복스	1
복용해	1
복원기회	1
복잡해진	1
복장	1
복지	1
복지공약	1
복합단지	1
복합리조트	1
복합재료	1
복합점포	1
복합화력발전소	1
본격적인	1
본격착수	1
본능	1
본받고	1
본받아야	1
본보기는	1
본부	1
본부에	1
본사서	1
본선경쟁력	1
본선행	1
본인인증종합	1
본점	1
본즈	1
본토	1
본토까지	1
본토인	1
본토인에	1
본회의서	1
본회의처리	1
볼로냐	1
볼리비아	1
볼리비아에	1
볼모	1
봄기운	1
봄꽃들	1
봄꽃으로	1
봄꽃축제	1
봄나들이	1
봄놀이산	1
봄바람	1
봄바람에	1
봄밤	1
봄에	1
봄철	1
봇	1
봉변	1
봉사주간	1
봉사확인서	1
봉송하다	1
봉쇄	1
봉우리	1
봉하마을	1
봐	1
봐주고	1
봐준	1
봤나	1
부	1
부과	1
부과에	1
부근서	1
부글	1
부글부글종합	1
부나	1
부녀	1
부는	1
부다페스트	1
부담되지만	1
부담될까	1
부당징계	1
부당편집	1
부당한	1
부대에종합	1
부도칸	1
부동산114	1
부동산공시가격알리미에서	1
부동산규제	1
부동산담보가	1
부동산부터	1
부동산전망	1
부동층	1
부러워	1
부러웠다	1
부러지며	1
부르는	1
부르카	1
부른	1
부름의	1
부마민주항쟁	1
부마민주항쟁을	1
부마항쟁	1
부마항쟁단체	1
부모님	1
부모보다	1
부문장	1
부문장이	1
부분적인	1
부사관	1
부사장에	1
부사장은	1
부산경찰청장	1
부산관광	1
부산교육청	1
부산바다축제	1
부산불꽃축제	1
부산시	1
부산시당	1
부산시청	1
부산시티투어	1
부산신항	1
부산으로	1
부산의	1
부산주공	1
부산카자흐	1
부산해남	1
부상병동	1
부상선수	1
부상이	1
부상자	1
부상종합6보	1
부소장	1
부스	1
부스서	1
부스에	1
부시참모도	1
부실수사	1
부실의심	1
부실학회	1
부실한	1
부실합병	1
부심	1
부양책	1
부양하는	1
부업으로	1
부엉이	1
부여	1
부여된	1
부위	1
부위는	1
부의	1
부인종합	1
부인한	1
부인할	1
부인했는데	1
부자들	1
부자증세	1
부자증세부터	1
부장관	1
부적격	1
부적정	1
부정부패	1
부정이용	1
부정적이지	1
부조리	1
부족간	1
부족한	1
부지내	1
부지에	1
부진에도	1
부진으로	1
부진은	1
부진한	1
부진힌	1
부채비율	1
부채의	1
부처가	1
부처별	1
부처별로	1
부천서	1
부쳤다	1
부총리에게	1
부총재보	1
부추긴	1
부친	1
부킹	1
부통령에	1
부통령이	1
부티지지에도	1
부패는	1
부패예방책	1
부폰	1
부폰에게	1
부풀려진	1
부풀리기는	1
부풀린	1
부품사	1
부활종합	1
부회장과	1
부회장사	1
부회장이	1
북극서	1
북극이사회	1
북남대화	1
북동부	1
북미간	1
북미공동성명	1
북미교착속	1
북미대표단	1
북미대화	1
북미무역협정	1
북미수교	1
북미에	1
북미접촉	1
북미정상회담서	1
북미합의	1
북미협상	1
북방	1
북방정책	1
북부권	1
북부내륙	1
북부는	1
북부도	1
북부소방서	1
북부지방	1
북부지역에	1
북상에	1
북상종합	1
북소행설은	1
북아일랜드전	1
북아일랜드전서	1
북아프리카	1
북악산	1
북에서	1
북유럽	1
북유럽으로	1
북으로	1
북적거려	1
북적이는	1
북중교역	1
북중친선	1
북측의	1
북클럽	1
북한강	1
북한단신	1
북한도	1
북한산	1
북한서	1
북한선수	1
북한에	1
북한에서	1
북한은	1
북한이주민인권	1
북한인	1
북한인권	1
북한인권정보센터	1
북한인권특사	1
북한적	1
북한전문가	1
북한전문사이트	1
북핵개발	1
북핵공조	1
북핵대응	1
북핵대표	1
북핵실험에	1
북핵위기	1
북핵위기에	1
북핵위협	1
북핵은	1
북핵포기	1
북핵해결	1
북핵해결은	1
분규	1
분기	1
분기매출	1
분기별	1
분노의	1
분담금	1
분란속	1
분리	1
분리공시	1
분리독립투표	1
분리될수	1
분리징수	1
분리하고	1
분만	1
분배	1
분분	1
분사	1
분산개최	1
분석까지	1
분석에	1
분석중3보	1
분석한	1
분석해야	1
분수령으로	1
분신	1
분야로	1
분야별	1
분야에	1
분양보증	1
분양심사	1
분양열기	1
분양행복주택	1
분원	1
분위기는	1
분유	1
분자기계	1
분쟁	1
분쟁조정	1
분쟁조정상담	1
분쟁지역에	1
분전에도	1
분점	1
분출	1
분할합병안	1
분해촉매	1
분향소	1
분화	1
불가론	1
불갑사	1
불검출	1
불과한	1
불교	1
불구속	1
불균형	1
불꽃접촉	1
불꽃축제	1
불러볼까	1
불러일으키는	1
불로소득	1
불륜	1
불리하게	1
불만족	1
불발시	1
불발종합	1
불법게시물	1
불법구금	1
불법대출	1
불법도박	1
불법드론	1
불법배출	1
불법보조금	1
불법사보임vs	1
불법사용	1
불법사행산업	1
불법수집	1
불법열람	1
불법이민자	1
불보듯	1
불복해	1
불붙나	1
불빛으로	1
불사	1
불성실	1
불쇼에	1
불시착	1
불신임	1
불씨	1
불씨되나	1
불안요소로	1
불안정	1
불안정한	1
불안한	1
불안했어요	1
불어	1
불에	1
불완전판매	1
불완전판매시	1
불용	1
불용의지	1
불운	1
불원	1
불응지시	1
불의	1
불이익	1
불지른다	1
불지피나	1
불참종합	1
불참한듯	1
불청객	1
불태워종합	1
불투명스페인	1
불투명한	1
불판	1
불펜서도	1
불펜에서	1
불편해	1
불평등	1
불합격	1
불합리한	1
불행하지	1
불허에	1
불허종합	1
불화설	1
불확실성이	1
불황에	1
불황에도	1
불황터널	1
붐박스	1
붐비는	1
붓다께서	1
붓의	1
붕괴사고	1
붕괴사고로	1
붕괴와	1
붕괴했지만	1
붙는	1
붙는다	1
붙었다	1
붙으면	1
붙은	1
붙이면	1
붙잡고	1
붙잡는	1
뷔시	1
뷰티	1
브라질아르헨티나	1
브라질축구	1
브람스	1
브레이크	1
브렉시트까지	1
브렉시트당	1
브렉시트되면	1
브렉시트부	1
브렉시트에	1
브렉시트협상	1
브로미치	1
브루나이런던	1
브루노	1
브루클린에	1
브룩스	1
브뤼셀서	1
브뤼셀테러	1
브리핑룸	1
브이라이브	1
블라디역서	1
블랙	1
블랙록	1
블랙보리	1
블랙프라이데이	1
블랙홀에	1
블로킹	1
블록	1
블록딜	1
블록버스터	1
블록슛	1
블루밸리	1
블루투스	1
블루홀	1
블룸버그는	1
비23일	1
비강남권	1
비거리	1
비겨	1
비결을	1
비관	1
비관세장벽	1
비교후	1
비까지	1
비나	1
비난은	1
비난전	1
비난전종합	1
비난한	1
비너스	1
비닐봉지에서	1
비대면계좌에	1
비대위원	1
비대위원들	1
비대위원장직	1
비디오아트	1
비디오타워	1
비디오판독	1
비례	1
비례대표제공수처	1
비로소	1
비록	1
비료공장	1
비룡	1
비만도	1
비무장지대	1
비물리적	1
비밀부터	1
비밀은	1
비밀정원	1
비박	1
비박과	1
비박은	1
비발디파크	1
비방전	1
비번인	1
비법은	1
비보	1
비보가	1
비상경영체제	1
비상계획도	1
비상구는	1
비상근무	1
비상대응반	1
비상대책위원회	1
비상사태	1
비상시국에	1
비상체제	1
비상한	1
비상행동	1
비서가	1
비서실장과	1
비선실세	1
비선진료	1
비선참모	1
비소식	1
비슷	1
비슷한	1
비싸다	1
비싸진다	1
비야	1
비어라인	1
비에이치아이	1
비엣젯항공	1
비열하기	1
비열한	1
비오고	1
비올	1
비욘세	1
비우고	1
비위의혹에	1
비위첩보	1
비위행위	1
비은행	1
비이성적	1
비이자이익	1
비자거부에	1
비자도	1
비자신청	1
비장애	1
비전도	1
비정상들	1
비제조업은	1
비조치의견서	1
비준	1
비준동의	1
비준하자	1
비준해야	1
비즈니스딜	1
비즈니스포럼서	1
비즈메카	1
비켜가는	1
비통일규격주권	1
비트	1
비틀기	1
비티	1
비판내용	1
비판도	1
비판론	1
비판여론	1
비판여론에	1
비판을	1
비핵화문제	1
비핵화에	1
비핵화와	1
비행기로	1
비행보드로	1
비행한듯	1
비현실적	1
비확산회의	1
빅뉴스	1
빅데이터가	1
빅딜종합3보	1
빅뱅	1
빅터	1
빅토르	1
빅히트	1
빈곤	1
빈곤의	1
빈곳	1
빈발	1
빈센트	1
빈소에	1
빈에서	1
빈틈없는	1
빌딩옥상	1
빌려준	1
빌려준다	1
빌리지	1
빌린	1
빌릴	1
빌은	1
빌클린턴	1
빗길에	1
빗셀	1
빙과	1
빙그레	1
빙상연맹	1
빙어축제	1
빙어축제마저도	1
빙판	1
빙하시대	1
빚	1
빚기	1
빚내서	1
빚어낼	1
빚을까	1
빚을까종합	1
빛	1
빛난	1
빛으로	1
빛의	1
빛터널	1
빠뜨리고	1
빠르네	1
빠르다	1
빠르면	1
빠져나간	1
빠져선	1
빠졌나	1
빠지는	1
빨간불종합	1
빨강	1
빨라진	1
빨라질듯	1
빵	1
빵값	1
빼내려	1
빼내려다	1
빼돌려	1
빼들어	1
빼앗겨	1
빼앗겼다종합	1
뺀다종합	1
뺄거냐	1
뺏겨	1
뺏기고	1
뼈아픈	1
뽀로로	1
뽀뽀	1
뽐내	1
뽑고	1
뽑아도	1
뽑아주세요	1
뽑자	1
뽑혀	1
뿌듯하지만	1
뿌려	1
뿌리	1
뿌리친	1
뿌연	1
뿐인데	1
뿔테안경	1
쁘라윳	1
삐꺽	1
사	1
사거리서	1
사건과	1
사건에	1
사건의	1
사격지도	1
사격훈련	1
사고에	1
사고영역에	1
사고의	1
사고파는	1
사과속보	1
사과에도	1
사과요구	1
사과해야종합	1
사과했다속보	1
사그라들지	1
사기행각	1
사내이사	1
사냥은	1
사단	1
사대부들은	1
사드는	1
사드로	1
사드보복에	1
사드비판에	1
사드철수하겠다	1
사들였다	1
사라	1
사라져종합	1
사라지는	1
사라지던	1
사라진	1
사라질까	1
사람도	1
사람들과	1
사람들은	1
사람들의	1
사람의	1
사람종합	1
사랑에	1
사랑합니다	1
사랑해줘서	1
사령탑이	1
사례는	1
사례부터	1
사로잡는	1
사로잡았다	1
사르데냐	1
사막	1
사망률도	1
사망사고	1
사망종합2보	1
사망종합3보	1
사망한	1
사망했는데	1
사면권	1
사면초가	1
사면초가에	1
사면한	1
사무금융노조	1
사무총장에게	1
사무총장회담	1
사물	1
사물인터넷iot	1
사민	1
사민당	1
사바시아	1
사방이	1
사법개혁	1
사법개혁안	1
사법개혁특위	1
사법공조	1
사법처리	1
사법체제	1
사변	1
사보타주	1
사뿐히	1
사살된	1
사살종합	1
사상의	1
사상일꾼회의	1
사색의	1
사설주차대행	1
사소한	1
사실이라면	1
사실이면	1
사실확인	1
사악한	1
사안들	1
사안은	1
사야겠습니다	1
사양은	1
사업가에	1
사업공모	1
사업구조	1
사업부문	1
사업부지	1
사업자에	1
사업자와	1
사업자협회와	1
사업재편종합	1
사업총화	1
사연	1
사외이사후보	1
사용자보다	1
사용자에	1
사용정보	1
사용하나	1
사용하면	1
사우디도	1
사우디예멘반군	1
사우디왕세자와	1
사우샘프턴	1
사유는	1
사유로	1
사유로부터	1
사은품	1
사의표명	1
사이드카	1
사이렌에	1
사이로	1
사이버계엄령	1
사이버공격	1
사이버보안전문단	1
사이버안보	1
사이버안보비서관에	1
사이버위기대응	1
사이버윤리	1
사이버커뮤니케이션학회와	1
사이버테러	1
사이비	1
사이언스데이	1
사이에드	1
사이영상급	1
사이클	1
사이클론	1
사이트에	1
사인받아	1
사인을	1
사인하다가	1
사인훔치기	1
사임서	1
사임키로	1
사임해야	1
사자는	1
사자종합	1
사장단	1
사장에	1
사장후보자	1
사재출연	1
사저	1
사전개통에	1
사전검열	1
사전계약	1
사전심의한다	1
사전예약분	1
사전적격성평가	1
사전조건	1
사전캠프	1
사전투표율	1
사정권	1
사정종합2보	1
사제들	1
사죄	1
사죄한	1
사주한	1
사직서	1
사진부터	1
사진으로	1
사진은	1
사진을	1
사진작가	1
사진찍는	1
사진현장	1
사찰요원	1
사천성	1
사촌과	1
사출장치	1
사치	1
사태로	1
사퇴문	1
사퇴압박	1
사퇴요구에	1
사퇴하라	1
사퇴하라종합	1
사퇴해야종합2보	1
사표수리	1
사하소서	1
사하을	1
사형은	1
사형집행	1
사회가치연대기금도	1
사회간접자본	1
사회갈등	1
사회공헌에	1
사회공헌협약	1
사회로	1
사회를	1
사회인	1
사회인리그	1
사회적금융	1
사회적비용	1
사회정책	1
사회주택	1
사회학	1
사후지원	1
사흘간	1
사흘만에	1
삭발	1
삭발은	1
삭제된다	1
삭제해	1
삭제했다가	1
산과	1
산기협	1
산나물	1
산나물축제	1
산낙지	1
산단재생	1
산림	1
산림복구	1
산림장관	1
산맥	1
산문	1
산불조심	1
산불피해	1
산불피해지	1
산불현장처럼	1
산사	1
산사로	1
산사태로	1
산수도	1
산수유	1
산수화	1
산악에서	1
산업경쟁력	1
산업계	1
산업관광지	1
산업기술에	1
산업기술혁신	1
산업부	1
산업시대	1
산업재	1
산업전략	1
산업혁명에	1
산업현장	1
산업화해야종합	1
산울림	1
산유국	1
산재	1
산재사망	1
산정	1
산정때	1
산책과	1
산책을	1
산책하기	1
산책할	1
산천	1
산천어	1
산천어축제	1
산청에	1
산출	1
산타	1
산토스	1
산티아고에	1
산하기관	1
산학협력	1
산행	1
산행하는	1
살다	1
살렸다	1
살리는	1
살린다	1
살릴까	1
살림종합	1
살면	1
살비니	1
살상무기	1
살아	1
살아나던	1
살아난	1
살아난다	1
살아남기	1
살아남았는가	1
살아났다	1
살았다	1
살인	1
살인미수	1
살짝	1
살처분말고	1
살펴보겠다	1
살펴보는	1
살펴볼	1
살풀이춤	1
살피는	1
살필	1
살해당한	1
살해된	1
살해범	1
살해하고	1
삶에서	1
삶은	1
삶을	1
삶이	1
삼강엠앤티	1
삼바보다	1
삼바축구	1
삼보일배	1
삼성sdi	1
삼성교통	1
삼성그룹	1
삼성디스플레이	1
삼성디스플레이톈진과	1
삼성물산제일모직	1
삼성뮤직	1
삼성바이오	1
삼성바이오로직스	1
삼성보다	1
삼성생명공익재단	1
삼성스팩2호	1
삼성자산운용	1
삼성전자sbs	1
삼성전자와	1
삼성페이도	1
삼성페이로	1
삼성페이입니다	1
삼성폰과	1
삼성행복대상	1
삼아야	1
삼양홀딩스	1
삼엄한	1
삼정검	1
삼진만	1
삼청동	1
삼총사	1
삼켰다	1
삼행시	1
삼화페인트공업	1
삿대질	1
삿포로	1
샀어요	1
상견례	1
상관마라	1
상금	1
상납	1
상납종합	1
상단	1
상담센터	1
상당수	1
상당한	1
상대는	1
상대라	1
상대방	1
상대종합	1
상대팀	1
상륙한	1
상륙함	1
상륙함까지	1
상륙해	1
상명대	1
상무위원	1
상반기보다	1
상반된	1
상벌위에	1
상법	1
상복	1
상사화	1
상상	1
상상된	1
상상력이	1
상상했던	1
상상허브	1
상생경영	1
상생협력시대	1
상생협약	1
상설공연	1
상세한	1
상승세에	1
상승추세	1
상승할	1
상아	1
상아2차	1
상아무역	1
상암	1
상어	1
상업	1
상업가동	1
상용망에	1
상용의	1
상용화시대	1
상용화종합	1
상원의원	1
상위직	1
상위직급	1
상응	1
상응대가	1
상응조치에	1
상의	1
상임위	1
상임위원장	1
상장기업	1
상장요건	1
상장하면	1
상장할	1
상점	1
상정종합	1
상주	1
상지카일룸	1
상징조형물	1
상처	1
상처에	1
상춘객	1
상태서	1
상파울루	1
상품개발	1
상품권	1
상품권으로	1
상품성	1
상품촬영	1
상하이부터	1
상하이서	1
상한가	1
상한액	1
상해보험	1
상호	1
상호검증에	1
상호작용	1
상호협력	1
상환시한	1
상환조건	1
상황대응	1
상황악화	1
상황에	1
새규정	1
새기며	1
새길	1
새누리는	1
새누리당원	1
새누리당이	1
새는	1
새단장	1
새대표	1
새로운보수당	1
새만금	1
새벽에	1
새보수당	1
새빨간	1
새시대	1
새에	1
새연정	1
새처럼	1
새크라멘토에	1
새판짜기	1
새해전망	1
새희망홀씨	1
색깔	1
색깔공방	1
색다른	1
색상의	1
색채	1
색출도	1
샌더스도	1
샌드박스에	1
샌디에이고에	1
샌디에이고에서	1
샌디에이고전	1
샘슨	1
샘터	1
생가	1
생가에	1
생각만	1
생각보다	1
생각으로	1
생각이	1
생각지	1
생각한	1
생각해야	1
생겨	1
생겨나	1
생겼나	1
생겼다	1
생겼어요	1
생겼죠	1
생기면	1
생길	1
생명	1
생명나눔	1
생명력은	1
생명수	1
생명의	1
생방송에	1
생보업계	1
생사확인	1
생산부문장에	1
생산성	1
생산속도	1
생산시설	1
생산업체	1
생산용	1
생산적	1
생산중단	1
생산현장은	1
생생한	1
생생히	1
생선	1
생성	1
생성비밀	1
생전퇴위	1
생제르맹	1
생존	1
생존경쟁	1
생존기	1
생존력	1
생존법	1
생존비결은	1
생존전략은	1
생존한다	1
생체	1
생체삽입형	1
생체신호	1
생크림으로	1
생크림파이	1
생테티엔	1
생활권	1
생활체육축구대회	1
샤페코엔시	1
샤프론	1
샬럿	1
샴페인종	1
샹그릴라	1
섀도데이터	1
섀도보팅	1
서강언론인상	1
서구을	1
서귀포	1
서기실에	1
서남원	1
서남해	1
서는	1
서늘	1
서대문구	1
서동철	1
서라	1
서른이지만	1
서리꽃	1
서머타임제	1
서면경고	1
서명검증	1
서명국	1
서명부	1
서명안해	1
서명운동	1
서명하는	1
서명후	1
서민	1
서민금융	1
서방에	1
서방의	1
서버	1
서별관회의청문회	1
서병수	1
서부경남	1
서부권	1
서부서	1
서부지구	1
서부콘퍼런스	1
서북	1
서브에	1
서브킹	1
서비스경쟁	1
서비스들	1
서비스부문	1
서비스소비	1
서비스종합	1
서소문	1
서식	1
서신	1
서안	1
서안도	1
서영교	1
서예작품	1
서울개인택시조합	1
서울과학고에서	1
서울관광발전포럼	1
서울광장	1
서울교육청	1
서울교통공사	1
서울국제도서전	1
서울국제도서전에	1
서울국제무용콩쿠르	1
서울국제문학포럼	1
서울국제유아전서	1
서울국제트래블마트	1
서울답방	1
서울대미술관	1
서울대병원	1
서울대회	1
서울도시가스	1
서울마리나베이	1
서울무용제	1
서울문고	1
서울미래연극제	1
서울보다	1
서울부산	1
서울스프링실내악축제	1
서울시립과학관	1
서울시장	1
서울시장은	1
서울신라호텔	1
서울신문	1
서울아트쇼	1
서울에서	1
서울역	1
서울연극제	1
서울올림픽	1
서울외신기자클럽	1
서울을	1
서울의	1
서울인구	1
서울지검장	1
서울지역	1
서울지하철	1
서울형	1
서유구	1
서유럽통종합	1
서은경	1
서재	1
서재에서	1
서적도매상	1
서점	1
서점가	1
서점으로	1
서천	1
서청원	1
서촌을	1
서프라이즈는	1
서피비치서	1
서피비치에서	1
서핑	1
서해5도	1
서해상	1
서훈과	1
석권	1
석달	1
석면	1
석방결의안	1
석방돼	1
석방된다고	1
석방에	1
석방종합	1
석방한	1
석유나는데	1
석유시장	1
석유왕국	1
석유화학제품	1
석촌호수에	1
석탄	1
석탄가스화연구소	1
석패율	1
석현준	1
섞고	1
선거개입	1
선거결과에	1
선거구호	1
선거구획정	1
선거로	1
선거사무소	1
선거서	1
선거연기	1
선거연대도	1
선거연령	1
선거운동	1
선거운동하나	1
선거유세	1
선거인단	1
선거전	1
선거전략가	1
선거캠프	1
선거혁명	1
선교센터	1
선글라스	1
선다	1
선덜랜드	1
선덜랜드에	1
선덜랜드전	1
선도산업	1
선동	1
선동열과	1
선동하면	1
선두경쟁	1
선두다툼	1
선두로	1
선명성	1
선물보내	1
선물하기	1
선박들	1
선박에	1
선박은	1
선발선수	1
선발역할	1
선발출전	1
선발한	1
선발해	1
선방에도	1
선배	1
선배는	1
선배들의	1
선배에게	1
선보일	1
선사	1
선사하는	1
선상	1
선생님이	1
선서문	1
선선	1
선선한	1
선수공개선발	1
선수는	1
선수단과	1
선수단도	1
선수들에게	1
선수들을	1
선수들의	1
선수등록	1
선수로는	1
선수선발	1
선수영입에	1
선양서	1
선언15주년	1
선언3보	1
선언도	1
선언문	1
선언속보	1
선언에	1
선언하고	1
선언한	1
선언할	1
선영있는	1
선우예권	1
선원	1
선의의	1
선임부터	1
선임안	1
선임종합	1
선전서	1
선전용	1
선전종합	1
선전하겠다	1
선전한	1
선정돼	1
선정적	1
선정절차	1
선제적	1
선제전략	1
선제타격태세	1
선주협회장	1
선진국	1
선진국의	1
선착순	1
선착장	1
선처	1
선출종합	1
선출종합3보	1
선출해	1
선친	1
선택과	1
선택근로시간제	1
선택약정	1
선택이	1
선택지	1
선택할	1
선택해달라	1
선포종합3보	1
선행	1
선행돼야	1
선후배	1
섣부른	1
설계용역	1
설국	1
설날	1
설렁설렁한다	1
설립도	1
설립할	1
설맞이	1
설명없어	1
설명없이	1
설명의무	1
설명하겠다	1
설문	1
설문조사	1
설악권	1
설악산	1
설연휴에	1
설왕설래	1
설욕	1
설욕전	1
설욕하고	1
설욕할까	1
설치기사	1
설치는	1
설치돼	1
설치미술의	1
설치장소	1
설치종합	1
설치하라	1
설치한	1
설탕을	1
설파에	1
섬귀성	1
섬들의	1
섬마을도	1
섬유단지	1
섭섭해	1
섭테크	1
성격도	1
성공드라마	1
성공신화	1
성공위해	1
성공으로	1
성공적으로	1
성공전략	1
성공한	1
성공할	1
성과공유대회	1
성과는	1
성과도	1
성과창출	1
성관계	1
성균관대	1
성남시장	1
성남안산안양권	1
성남에	1
성남일반산단에	1
성노동자	1
성능개선	1
성능시험	1
성능을	1
성능의	1
성능평가	1
성당	1
성당서	1
성도이엔지	1
성동조선	1
성락원	1
성료	1
성매매처벌법	1
성명2보	1
성명에	1
성범죄영상	1
성범죄정보	1
성분	1
성사되나	1
성사를	1
성사시킨	1
성사에	1
성사한	1
성산	1
성산은	1
성산일출봉	1
성수	1
성수기	1
성수기까지	1
성수기에도	1
성숙하고	1
성신	1
성신양회	1
성실의무	1
성악	1
성원	1
성윤모	1
성인	1
성인물	1
성장과	1
성장동력은	1
성장성	1
성장세	1
성장수혜	1
성장엔진	1
성장으로	1
성장전망	1
성장종합	1
성장지원	1
성장해야	1
성장호조	1
성적표	1
성주는	1
성주로구나	1
성주야	1
성찰	1
성추행부터	1
성추행피해	1
성토종합	1
성평등	1
성향	1
성화	1
성화를	1
성황리	1
성희롱사건	1
세계가	1
세계경제	1
세계대학	1
세계댄스연맹	1
세계로종합	1
세계를	1
세계문화예술교육	1
세계미래보고서	1
세계사	1
세계사를	1
세계선수권대회서	1
세계수영대회	1
세계시장	1
세계식량계획	1
세계야구소프트볼연맹	1
세계에	1
세계의	1
세계전파통신회의서	1
세계점유율	1
세계종교	1
세계증시	1
세계지식재산기구	1
세계최고	1
세계축제	1
세균	1
세균서	1
세네갈	1
세네갈과	1
세대	1
세대공감	1
세대교체	1
세대의	1
세력재편	1
세례	1
세례에도	1
세르비아	1
세리머니	1
세리에a	1
세메두	1
세무당국에	1
세밀한	1
세밑	1
세밑에도	1
세배	1
세븐	1
세비야의	1
세상과	1
세상의	1
세수	1
세수확보	1
세우고	1
세우라는	1
세우려는	1
세울	1
세워달라	1
세워져	1
세워진	1
세월호와	1
세월호특조위	1
세율	1
세이브왕	1
세인트루이스	1
세일즈	1
세제혜택보다	1
세조길	1
세종문화회관서	1
세종서	1
세종입니다	1
세지나	1
세진	1
세차례	1
세트플레이	1
세포	1
섹션	1
섹션홈	1
센카쿠문제	1
센트럴파크	1
셀러	1
셀비	1
셀트리온	1
셀트리온헬스케어	1
셀피	1
셈	1
셈법	1
셋	1
셔저와	1
셔츠에	1
셧다운에	1
셧아웃	1
셰일오일	1
셰크먼	1
셰프와	1
셰프컬렉션	1
솅겐가입	1
소강	1
소개프로	1
소개합니다	1
소규모	1
소극	1
소나기16일	1
소나무	1
소녀	1
소녀시대	1
소년의	1
소년이로	1
소두증	1
소득	1
소득공제율	1
소득기준	1
소득도	1
소득분배	1
소득에	1
소득주도성장	1
소득증가	1
소라피스	1
소련	1
소로카에게	1
소리부터	1
소리책	1
소리축제에밀레전	1
소망은	1
소멸	1
소멸될	1
소명	1
소방관서장	1
소방당국	1
소방청	1
소변	1
소비는	1
소비쇼크	1
소비자가	1
소비자경보	1
소비자매거진	1
소비자민원	1
소비자부담	1
소비자원	1
소비재에	1
소비전력	1
소상공인시장진흥공단과	1
소상공인연합	1
소상히	1
소설가로	1
소설가의	1
소설가종합	1
소설도	1
소설에	1
소설종합	1
소설종합2보	1
소속으로	1
소속팀에	1
소속팀은	1
소송냈지만	1
소송전	1
소송전에도	1
소송준비	1
소수민족	1
소수의견	1
소수이사	1
소시에다드	1
소식을	1
소식통	1
소양촉진2구역	1
소외계층에	1
소용없네	1
소용없다	1
소원성취	1
소위에	1
소자	1
소장에	1
소장품전	1
소재업체	1
소중한	1
소중히	1
소지	1
소지자가	1
소집에	1
소집요구	1
소집허가신청	1
소크라테스가	1
소통제안	1
소프라노	1
소프트뱅크벤처스	1
소프트뱅크와	1
소프트웨어업계	1
소프트웨어에	1
소형pc	1
소형다짐	1
소형보트	1
소형아파트	1
소형출판사	1
소홀함없이	1
소환종합	1
소회	1
속내	1
속도감있게	1
속도는	1
속도제한에	1
속만	1
속사정은	1
속상해해	1
속수무책	1
속에서도	1
속임수	1
속전속결	1
속절없이	1
속지	1
속지마라	1
속초는	1
속히	1
손가락이	1
손경식	1
손글씨	1
손넣어	1
손배소	1
손배소에서	1
손병두	1
손병석	1
손병우	1
손보미	1
손본다	1
손시헌	1
손실	1
손실보상해야	1
손아귀에	1
손안에서	1
손열음	1
손으로	1
손익	1
손익악화	1
손자와	1
손잡았다	1
손정의부터	1
손준호	1
손질	1
손질로	1
손짓도	1
손편지	1
손학규와	1
손해배상해야	1
손현종	1
손화연	1
손흥민에	1
손흥민을	1
솔로몬제도	1
솔로포	1
솔루에타	1
솔솔	1
솔직한	1
솟구칠	1
송	1
송가인	1
송건호	1
송곳검증	1
송곳회동	1
송금	1
송년의	1
송도록페스티벌	1
송명근	1
송수신	1
송어낚시대회	1
송언석	1
송영무를	1
송영훈이	1
송이	1
송인배는	1
송일준	1
송출	1
송편	1
송호근	1
송환문제	1
송환법시위	1
송환요구에	1
쇄신	1
쇠고기	1
쇼	1
쇼스타코비치까지	1
쇼케이스	1
쇼핑몰에	1
쇼핑에	1
숌로니	1
수가	1
수개월	1
수거	1
수고했다	1
수괴	1
수꼴	1
수녀님	1
수뇌부와	1
수능개편안	1
수능교재	1
수단에	1
수도권이	1
수도속보	1
수도이전론에	1
수도장악	1
수두룩	1
수련	1
수련생	1
수렴	1
수령	1
수록한	1
수료식	1
수를	1
수림문학상	1
수만	1
수만명	1
수면상태서	1
수면습관	1
수명	1
수명이	1
수모	1
수문장	1
수밖에	1
수백만건	1
수백명씩	1
수복지구는	1
수비라인	1
수비로	1
수비에	1
수비전술	1
수사결과에	1
수사관	1
수사기간	1
수사기관에	1
수사기록	1
수사단장	1
수사당국	1
수사부터	1
수사선상에	1
수사안해	1
수사에	1
수사의뢰종합	1
수사종합	1
수사종합2보	1
수사지휘	1
수사팀	1
수사팀장	1
수사해야	1
수산과학원	1
수산생물	1
수상경력	1
수상레저	1
수상소식에	1
수상이냐	1
수상자가	1
수상자들	1
수상자에게	1
수상팀	1
수상한	1
수색	1
수석객원지휘자로	1
수석보좌관회의는	1
수석부위원장	1
수석부회장	1
수석코치에	1
수석특사	1
수성	1
수성구	1
수소전기차	1
수송로	1
수수료율	1
수수방관	1
수순	1
수순에	1
수순종합	1
수술도	1
수술받는다	1
수습에	1
수습책	1
수습하며	1
수시	1
수시검사	1
수신	1
수신료	1
수신용	1
수십편	1
수어	1
수어통역	1
수업	1
수업서	1
수여식	1
수역	1
수염	1
수영에	1
수요낭독공감	1
수요조사	1
수용속보	1
수용시설	1
수용할	1
수원공연	1
수원과	1
수원에	1
수원울산	1
수원팬이	1
수위	1
수위조절	1
수은주	1
수익배분	1
수익시설	1
수익에	1
수익형	1
수일	1
수입보험료	1
수입액	1
수입의존도	1
수입차	1
수입품목	1
수있나	1
수장과	1
수장들	1
수장에	1
수장의	1
수정한	1
수조원	1
수주로	1
수주종합	1
수중	1
수중전력	1
수직비행	1
수집한다	1
수천명	1
수축	1
수출감소	1
수출국에	1
수출규제로	1
수출된	1
수출로	1
수출막힌	1
수출물류	1
수출선도	1
수출액	1
수출업체	1
수출입은행장에	1
수출하려	1
수탁	1
수탁고	1
수학	1
수해	1
수해복구서	1
수해지원	1
수해차량	1
수해현장엔	1
수행	1
수행원들과	1
수험생	1
수험생들	1
수혈	1
수협중앙회와	1
수혜	1
수혜주들	1
숙고	1
숙명	1
숙박공유	1
숙박요금	1
숙박음식점업	1
숙박일수	1
숙소	1
숙원	1
숙청	1
숙취	1
순간이었습니다	1
순거래	1
순교자	1
순례	1
순매수	1
순방종합	1
순서	1
순서는	1
순수한	1
순위변동	1
순위표	1
순이익	1
순조	1
순조로운	1
순종말라	1
순직군인	1
순찰	1
순천	1
순투자	1
순항미사일	1
술	1
술광고	1
술렁이는	1
술은	1
술집서	1
숨37	1
숨겨주는	1
숨겼다고	1
숨기기	1
숨긴	1
숨져종합	1
숨죽인	1
숨지고	1
숨통	1
숫자로	1
숭고한	1
숭의여고	1
숲	1
숲속	1
숲속에	1
숲속의	1
숲에서	1
쉬고	1
쉬네	1
쉬쉬	1
쉬어가는	1
쉬어갈게요	1
쉬어야죠	1
쉬운	1
쉬워	1
쉬워진다	1
쉬워질	1
쉬웠다	1
쉴수	1
쉽진	1
슈라이버	1
슈만을	1
슈만의	1
슈머	1
슈타인마이어	1
슈터	1
슈톨퍼슈타인	1
슈팅	1
슈퍼	1
슈퍼vr	1
슈퍼라운드서	1
슈퍼마켓도	1
슈퍼식물	1
슈퍼신인	1
슈퍼위크	1
슈퍼주총데이	1
슈퍼카	1
슈퍼컴	1
슈퍼컴퓨터로	1
슛	1
스낵	1
스노우	1
스님	1
스리런	1
스리백	1
스릴러	1
스마일게이트	1
스마일카드	1
스마트광고	1
스마트로봇	1
스마트미디어	1
스마트스피커	1
스마트시티	1
스마트오피스	1
스마트제조혁신과	1
스마트초이스	1
스마트폰과	1
스마트폰도	1
스마트폰시장	1
스마트폰에	1
스마트폰으로	1
스마트폰으로만	1
스마트폰이	1
스마트폰중	1
스마트하게	1
스마트홈트	1
스모	1
스모그에	1
스무살	1
스물	1
스미스	1
스베틀라노프	1
스승상	1
스승의	1
스완지	1
스완지전	1
스웨덴과	1
스웨덴도	1
스웨덴의	1
스웨덴판	1
스웨덴행	1
스위스와	1
스윙으로	1
스즈키	1
스즈키자동차	1
스카이런	1
스카이박스는	1
스카이스포츠	1
스카이워크	1
스캐너	1
스캑스	1
스캘리아	1
스케이트	1
스케일업	1
스코틀랜드수반에	1
스크리팔	1
스크린엑스	1
스크린이	1
스키	1
스킨	1
스타가	1
스타는	1
스타봇	1
스타워즈	1
스타트에도	1
스탁론	1
스탈린식	1
스태프	1
스털링	1
스테디셀러	1
스테이	1
스테이어	1
스테이지	1
스텔스	1
스토리를	1
스토어카메라	1
스톡옵션에	1
스톤	1
스튜디오썸머	1
스튜어트	1
스트라스버그	1
스트롬볼리섬서	1
스트링	1
스티븐	1
스티커	1
스틸웰	1
스팅	1
스팅어	1
스파이	1
스팍스운용	1
스팸문자	1
스팸신고	1
스팸차단앱	1
스페셜	1
스페이스	1
스페이스x	1
스페인서	1
스펙은	1
스포츠경매	1
스포츠도시	1
스포츠에	1
스포츠의류	1
스포츠인에	1
스포츠카	1
스포츠피싱페스티벌	1
스폰서	1
스폰서로	1
스폰서십	1
스폰서에	1
스피드	1
스핀트랜지스터	1
슬라이더	1
슬라이드	1
슬라이크와	1
슬럼프	1
슬로건은	1
슬로바키아	1
슬로바키아와	1
슬로베니아	1
슬로프	1
슬퍼	1
슬픈초	1
슬픔과	1
슬픔을	1
슬픔의	1
습관을	1
습관적	1
승강	1
승률종합	1
승리로	1
승리를	1
승리마다	1
승리투수	1
승리할	1
승리해	1
승무	1
승무원	1
승부수종합2보	1
승부욕	1
승부조작	1
승부차기	1
승부처에	1
승부한	1
승소	1
승인하는	1
승자가	1
승종합	1
승진	1
승진종합	1
승차권	1
승패는	1
승합차	1
승효상	1
시각	1
시각특수효과	1
시간낭비가	1
시간선택제	1
시간소요되면	1
시간싸움	1
시간외	1
시간을	1
시간이	1
시계	1
시계가	1
시계로	1
시계보는	1
시공	1
시공사	1
시국기도회	1
시그니처에디션	1
시급한	1
시급히	1
시기상조였다	1
시나이반도서	1
시낭송	1
시내버스에서	1
시내서	1
시네마	1
시노스틸부터	1
시노펙	1
시니낫	1
시달렸던	1
시대로	1
시대에서	1
시대와	1
시대유감	1
시도당위원장	1
시도에	1
시도종합	1
시도지사들과	1
시도할	1
시드	1
시드니까지	1
시드니서	1
시런	1
시름	1
시리아난민	1
시리아내	1
시리아는	1
시리아북부	1
시리아터키군	1
시먼스	1
시멘트부두	1
시무식	1
시문학상	1
시민검증단	1
시민공청회	1
시민과	1
시민권	1
시민권자	1
시민도	1
시민들이	1
시민사회	1
시민사회단체	1
시민속으로	1
시민에	1
시범경기서	1
시범공연	1
시범서비스	1
시범서비스용	1
시범아파트	1
시범철수속보	1
시베리아	1
시베리아로	1
시벨리우스의	1
시비	1
시사종합	1
시사종합2보	1
시사토론	1
시사토크	1
시사토크로	1
시선집	1
시선집중	1
시설공사	1
시설서	1
시설아동	1
시세의	1
시스코와	1
시스템반도체	1
시승	1
시신과	1
시신으로	1
시애틀과	1
시애틀전서	1
시애틀행	1
시에라리온에서	1
시와	1
시원하게	1
시위대경찰	1
시위대는	1
시위의	1
시위재발	1
시위종합	1
시인들	1
시인선	1
시일	1
시작2보	1
시작돼야	1
시작된	1
시작부터	1
시작일뿐	1
시작점종합2보	1
시작하겠다	1
시작한	1
시작합니다	1
시작했나	1
시작했다	1
시장경쟁	1
시장과점	1
시장교란	1
시장규모	1
시장금리	1
시장에	1
시장에서	1
시장은	1
시장조성계약	1
시장통제	1
시장효과	1
시장후보	1
시점은	1
시정	1
시정권고	1
시정명령	1
시정연설	1
시조카	1
시중	1
시즌10	1
시즌2로	1
시즌권	1
시즌권으로	1
시즌제	1
시진핑이탈리아	1
시집을	1
시찰에	1
시청자	1
시청자가	1
시청자권익보호위원회	1
시청종합	1
시카고상품거래소	1
시카고전에서	1
시큐리티	1
시트로엥	1
시트콤	1
시하다	1
시행속보	1
시행종합	1
시험계획	1
시험대에	1
시험대종합	1
시험대종합2보	1
시험발사	1
시험은	1
시황변동	1
시흥	1
식당은	1
식도암	1
식료품	1
식물	1
식물의	1
식민통치	1
식별되면	1
식수	1
식수로	1
식욕	1
식은	1
식전	1
식중독	1
식품안전문제	1
식품회사들	1
식히는	1
식힐	1
신간중국을	1
신개념	1
신격호	1
신경쓰겠다	1
신경연결이	1
신고가	1
신고가종합	1
신고도	1
신고로	1
신고리	1
신고용	1
신고의무	1
신고재산	1
신고하면	1
신공항론으로	1
신과함께	1
신관	1
신군부	1
신규가입	1
신규고객	1
신규구독	1
신규면세점	1
신규발급	1
신규약정	1
신규약정자부터1보	1
신규지정	1
신규직원	1
신기록도	1
신기록종합	1
신기술개발구	1
신기하네	1
신기한	1
신기후체제	1
신년기자회견	1
신년음악회는	1
신년인사회	1
신년회	1
신년회견	1
신더가드	1
신도시	1
신동엽문학상에	1
신동주	1
신동주측	1
신들린	1
신령	1
신뢰	1
신뢰구축	1
신뢰받는	1
신뢰하는	1
신뢰회복이	1
신명여중서	1
신문1면에	1
신문도	1
신문들도	1
신문방송편집인협회	1
신문법	1
신문윤리위	1
신문의	1
신미사일방어전략	1
신반포	1
신발공장서	1
신발업체	1
신부가	1
신분증	1
신비한	1
신사업	1
신사업에	1
신사옥	1
신산업분야	1
신상진	1
신설종합	1
신설해	1
신설회사	1
신성에프에이	1
신성철	1
신성한	1
신세계에서	1
신세계조선호텔	1
신속구조에	1
신속채택키로	1
신속히	1
신시내티	1
신약연구에	1
신어야	1
신언	1
신연경과	1
신영베테랑증권자투자신탁	1
신영자산운용	1
신영증권	1
신용대출	1
신용보증기금	1
신용분석모형개발	1
신용정보	1
신용정보법	1
신용조회회사	1
신용한	1
신원	1
신원조회	1
신원파악	1
신원확인	1
신음	1
신인드래프트	1
신인심판	1
신인왕	1
신인이냐	1
신일산업	1
신일제약	1
신임대사	1
신임대표에	1
신임투표	1
신입생	1
신장	1
신저가	1
신종	1
신주	1
신중모드	1
신중종합	1
신중하고	1
신중한	1
신중해야	1
신중했어야종합	1
신차	1
신청받는다	1
신청받아	1
신청설	1
신청한다	1
신청했지만	1
신체적	1
신탁거래	1
신탁자산	1
신평사	1
신풍속도	1
신학기	1
신한금융그룹	1
신한은행에	1
신협	1
신호탄vs좌파독재	1
신혼부부에	1
신혼여행은	1
신혼희망타운	1
신화	1
신화마을	1
신화용	1
신흥	1
신흥국펀드	1
신흥무관학교	1
싣는다	1
실	1
실각	1
실감나는	1
실거래	1
실격	1
실내온도	1
실내화	1
실력국회	1
실망종합	1
실명	1
실명제	1
실무미팅	1
실무팀	1
실무협의체	1
실무형	1
실무회담	1
실물경기	1
실물공개	1
실물사진	1
실상	1
실속폰	1
실속형	1
실속형이	1
실손보험료	1
실시간영상	1
실시속보	1
실시에	1
실시하겠다	1
실업	1
실업률	1
실업수당청구건수	1
실업팀	1
실용금융	1
실을까	1
실장	1
실적개선은	1
실적발표	1
실적부담	1
실적시즌에	1
실적에	1
실적종합2보	1
실적회복	1
실제는	1
실제도발	1
실제흐름	1
실종자	1
실종종합	1
실증사업	1
실질대비책	1
실질성과로	1
실질통화량	1
실질협력	1
실책까지	1
실천할	1
실체	1
실체는	1
실크박물관서	1
실탄에	1
실탄은	1
실태와	1
실패로	1
실패만	1
실패무리한	1
실패종합	1
실행	1
실행계획	1
실행한	1
실험실	1
실험에	1
실현	1
실현되지	1
실현불가능한	1
실효적인	1
싫어하는	1
싫어해	1
심기	1
심기일전	1
심리따라	1
심리학	1
심사기준	1
심사로	1
심사시	1
심사하고	1
심상치않은	1
심야의총	1
심어	1
심어줬다	1
심의규정	1
심의기준	1
심의는	1
심의회의	1
심장	1
심장병	1
심재철에	1
심정으로	1
심판과	1
심판대	1
심판대상	1
심판들	1
심판에	1
심판진에	1
심포니	1
심포지엄dance	1
심하게	1
심하면	1
심해저	1
심화시킬	1
십리대숲	1
싱가포르에서	1
싱스틸러로	1
싱크홀	1
싱클레어와	1
싶다고	1
싶다종합2보	1
싶어도	1
싶어요	1
싶었는데	1
싶었던	1
싶었지만	1
싶죠	1
싶지	1
싸고	1
싸늘종합	1
싸우게	1
싸우겠다	1
싸우는	1
싸운	1
싸울까	1
싸워	1
싸졌다	1
쌀딩크	1
쌍둥이	1
쌍용차	1
쌍포	1
쌓기	1
쌓나	1
쌓으면	1
써서	1
썰렁한	1
썰매장	1
썼나	1
썼으면	1
쏜	1
쏟아내	1
쏟아내종합	1
쏟아붓겠다	1
쏟아지는	1
쏟아진다	1
쏠	1
쏠리는	1
쏠린	1
쏠림현상	1
쐐기	1
쐐기타	1
쐰다	1
쑥대밭	1
쓰겠다	1
쓰기	1
쓰는지	1
쓰다듬는	1
쓰러져	1
쓰레기장	1
쓰레기통	1
쓰세요	1
쓰쓰고	1
쓰일	1
쓰임새	1
쓰자	1
쓰지마	1
쓰지만	1
쓴다종합	1
쓴소리도	1
쓸	1
쓸까	1
쓸데없는	1
쓸만해	1
쓸쓸히	1
씀서	1
씨름종합	1
씨사이드파크	1
씨알콜렉티브	1
씨킴	1
씨티은행	1
씩	1
씻겨	1
씻고	1
씽씽	1
아가메즈노재욱	1
아가메즈는	1
아가메즈문성민	1
아가방	1
아궤로	1
아기	1
아끼는	1
아난	1
아내와	1
아너소사이어티	1
아널드	1
아는	1
아니냐	1
아니냐고요	1
아니다종합	1
아니다종합2보	1
아니더라도	1
아니라고요	1
아니야	1
아니어서	1
아닌데	1
아닐	1
아담과	1
아델만	1
아델이	1
아동강제동원	1
아동용	1
아동음란물	1
아동청소년	1
아동포르노	1
아동학대범죄	1
아들과	1
아디다스	1
아라비아반도	1
아라비아반도에	1
아랍	1
아랍국가	1
아랍국가에	1
아랍어	1
아랍에미리트	1
아랍영화제	1
아랍의	1
아랑곳	1
아르헨에	1
아름다운가게와	1
아름다움으로	1
아름답고	1
아리랑5호	1
아마도	1
아마존도	1
아마존웹서비스	1
아마존웹서비스의	1
아마추어	1
아무	1
아무래도	1
아바나	1
아바스	1
아버지와	1
아버지종합	1
아베끄	1
아베내각	1
아베와	1
아브리니	1
아브야드서	1
아비규환	1
아사드도	1
아사드와	1
아산나눔재단	1
아산서	1
아산에	1
아세안서도	1
아세안에	1
아쉬워요	1
아쉬워종합	1
아스널에	1
아스널팬들	1
아스트	1
아시아대회	1
아시아서	1
아시아선수	1
아시아선수권대회	1
아시아선수권서	1
아시아의	1
아시아재균형	1
아시아판	1
아시안	1
아시안게임에서	1
아시안컵까지는	1
아시안컵엔	1
아시안컵이	1
아시안피스컵	1
아우디	1
아우디컵	1
아우베스	1
아우크스는	1
아우크스부르크	1
아우토반	1
아웃사이더	1
아육대	1
아이가	1
아이돌의	1
아이들에게	1
아이디	1
아이디로	1
아이만	1
아이서울유	1
아이스크림	1
아이스하키단일팀	1
아이에	1
아이에게	1
아이오닉	1
아이와	1
아이즈3	1
아이콘	1
아이패드	1
아이폰11	1
아이폰6	1
아이폰6s	1
아이폰7플러스	1
아이폰x보다	1
아이폰서도	1
아이폰용	1
아이폰으로	1
아이폰의	1
아인슈타인의	1
아일랜드	1
아일랜드의	1
아잉교	1
아지트	1
아직2보	1
아찔종합	1
아치로	1
아침까지	1
아침을	1
아컴스튜디오	1
아쿠냐	1
아키	1
아텀	1
아테나	1
아테네	1
아테네에	1
아토피피부염	1
아트라스bx	1
아트랩에	1
아트마켓	1
아트바젤	1
아트윈도	1
아트토이	1
아틀란타에	1
아파트도	1
아파트서	1
아포엘에	1
아프간서	1
아프간에	1
아프로서비스그룹	1
아프리카계	1
아프리카로	1
아프리카서	1
아프리카에	1
아프리카와	1
아프리카중동한인총연합회장에	1
아프리카축구연맹	1
아픔을	1
아현국사	1
아홉수	1
악덕기업	1
악동	1
악마	1
악몽이	1
악수는	1
악순환	1
악장	1
악재로	1
악화에	1
악화할	1
안가고	1
안간힘	1
안간힘종합	1
안건조정위원회	1
안건형	1
안겨줄까	1
안규백	1
안기고	1
안기나종합	1
안긴	1
안까지	1
안나	1
안내책자	1
안늘릴	1
안델손	1
안도의	1
안돼도	1
안돼종합	1
안됐는데	1
안되면	1
안될	1
안될것	1
안드로이드용	1
안드로이드의	1
안락사	1
안만난다	1
안맡고	1
안먹혔나	1
안받고	1
안받아	1
안방	1
안방서	1
안병길	1
안보가	1
안보는	1
안보동맹	1
안보브리핑	1
안보상황	1
안보상황점검회의	1
안보시설	1
안보에	1
안보위협	1
안보이는	1
안보적	1
안보지원사	1
안보행보	1
안보협력	1
안산	1
안산전에	1
안상수	1
안심	1
안심거래	1
안심대출	1
안심번호	1
안심벨소리	1
안심보험	1
안심시키기	1
안심으로	1
안심하기는	1
안쓰러웠죠	1
안쓴다	1
안양시	1
안에서	1
안영준	1
안익훈	1
안전망대출로	1
안전사고	1
안전사고시	1
안전시설	1
안전시설물	1
안전에서	1
안전을	1
안전의	1
안전의식	1
안전자산	1
안전장치	1
안전정보	1
안전조치	1
안전종합2보	1
안전체계	1
안전하게	1
안정된	1
안정성에	1
안정세데일리nk	1
안정적	1
안정조치	1
안정화	1
안정환	1
안졌던	1
안주했다	1
안지키면	1
안진	1
안철상	1
안철수계	1
안타까운	1
안타까워	1
안타에	1
안트로젠	1
안티드론	1
안팎	1
안한다	1
안한다종합	1
안할	1
안할듯	1
안해2보	1
안해종합	1
안해종합2보	1
안호상	1
앉는	1
앉히는	1
않	1
않게	1
않기	1
않네	1
않는게	1
않는다는	1
않는한	1
않습니다	1
않아요	1
않아종합2보	1
않았지만	1
않으려고	1
알고도	1
알고리즘	1
알고리즘에	1
알고서도	1
알과핵이	1
알기	1
알기쉬운	1
알기쉽게	1
알다	1
알던	1
알뜰소비	1
알뜰폰협회	1
알라딘	1
알레나	1
알렉산더	1
알려달라	1
알려드리겠다	1
알려야종합	1
알려주는	1
알려준다종합	1
알려지길	1
알록달록	1
알루미늄	1
알리기	1
알리면	1
알리바바	1
알리자	1
알릴	1
알바니아	1
알사드	1
알선	1
알아	1
알아두면	1
알아보고	1
알아사드	1
알아야할	1
알아종합	1
알자지라	1
알제리서	1
알카에다	1
알코올질환	1
알투디투	1
알파고의	1
알파고종합	1
알파인	1
앓는	1
앓던	1
암살	1
암세포	1
암줄기세포	1
암초	1
암초에	1
암치료의	1
암표팔다	1
암호잠금	1
암호화	1
암환자에	1
암흑물질	1
압니다	1
압도적	1
압록강	1
압류영장	1
압류요청	1
압박종합2보	1
압박해야	1
압박효과	1
압색	1
압수수색1보	1
압수수색2보	1
압수수색받는	1
압수수색시	1
압수수색에	1
압수수색에도	1
압수수색종합	1
압수수색종합3보	1
압수영장종합	1
앗아간	1
앙숙	1
앙코르는	1
앞날	1
앞당겨	1
앞당겨야	1
앞당겨질	1
앞뒤	1
앞바다서	1
앞바다에	1
앞서는	1
앞서종합	1
앞선	1
앞에서	1
앞장서나	1
애경산업	1
애국가	1
애국교육	1
애국주의	1
애국집회	1
애니메이션	1
애니메이션의	1
애도	1
애로신고센터	1
애로해소	1
애리조나	1
애리조나가	1
애리조나에	1
애리조나전에서	1
애절한	1
애타는	1
애틀랜타에	1
애플과	1
애플리케이션	1
애플삼성	1
애플스토어	1
애플에	1
애플워치3	1
애플은	1
애플이	1
애플코리아	1
애플퀄컴	1
애플페이	1
액면분할	1
액션캠	1
액정	1
액트아웃	1
액티브x	1
액티비티로	1
앤더슨	1
앤드	1
앤디	1
앨러다이스	1
앨리스	1
앱서	1
앱에	1
앱으로	1
앱종합	1
앳킨슨	1
앳킨슨은	1
앵커에	1
야3당	1
야간축제	1
야구거리	1
야구경기를	1
야구계	1
야구교실	1
야구단	1
야구대표팀	1
야구세상	1
야구에	1
야구용품	1
야구인	1
야구천재	1
야권과	1
야권연대는	1
야당교체	1
야당까지	1
야당대표	1
야당에	1
야마구치도	1
야생	1
야스쿠니	1
야시장	1
야외서	1
야지디족	1
야후재팬	1
약간의	1
약물	1
약세장	1
약속종합	1
약속하며	1
약점	1
약정기간	1
약정요금할인	1
약정할인	1
약진	1
약탈적	1
약한	1
약함	1
약해지는	1
약혼녀	1
약화	1
약화됐지만	1
얀	1
얇고	1
얇은	1
양강구도로	1
양강도	1
양경규	1
양국갈등으로	1
양국만의	1
양궁	1
양당	1
양도종합	1
양동근	1
양면전략	1
양면전술	1
양방향	1
양보	1
양보안	1
양보할건	1
양복	1
양산구상	1
양산생활	1
양산시청에	1
양산형	1
양서	1
양성반응종합	1
양성원	1
양손잡이	1
양수인	1
양식장	1
양심고백	1
양심도	1
양양공항	1
양양군	1
양양은	1
양의지	1
양의지는	1
양자	1
양자택일	1
양자통신칩	1
양자회담	1
양적완화정책	1
양정철	1
양정철은	1
양창섭	1
양키스보스턴	1
양팀	1
양파	1
양평	1
양향자	1
양현종	1
양형	1
양호한	1
양홍석	1
양희종의	1
얕고	1
어닝	1
어닝서프라이즈종합	1
어두운	1
어둠	1
어둠속	1
어드민피	1
어드벤처	1
어디	1
어디가	1
어디에도	1
어디에서	1
어딜	1
어때	1
어떨까요	1
어떻게든	1
어라운드	1
어려워져	1
어려워종합	1
어려웠어요	1
어렵다고요	1
어렵다속보	1
어렵죠	1
어렵지만	1
어리둥절	1
어린이까지	1
어린이돕기	1
어린이병원	1
어린이재단과	1
어린이처럼	1
어머니	1
어묵바	1
어버이날	1
어버이연합	1
어벤져스	1
어보	1
어빙	1
어선서	1
어쇼어	1
어수선한	1
어워드에	1
어워즈	1
어워즈서	1
어제	1
어젠다는	1
어쩌나	1
어찌해야	1
어플	1
억류됐던	1
억류된	1
억류해야	1
억만장자	1
억새	1
억압	1
억울하다	1
억제	1
억제력	1
억제종합	1
억지사과	1
억측	1
언	1
언급없어	1
언급종합	1
언급할	1
언니	1
언론매체에	1
언론사가	1
언론사들	1
언론상에	1
언론세미나	1
언론소송	1
언론에	1
언론인들	1
언론자유조형물건립추진위원회	1
언론재단서울건강가정지원센터	1
언론종합	1
언론중재위	1
언론중재위원회	1
언론통제	1
언어도단	1
언어연구교육원	1
언어와	1
언어장벽	1
언쟁	1
언제든	1
언제든지	1
언제쯤	1
언체인	1
언팩	1
얻어	1
얻었다	1
얻으려	1
얻지	1
얼굴로	1
얼굴은	1
얼굴을	1
얼굴이	1
얼라이언스	1
얼룩	1
얼리버드	1
얼리어댑터	1
얼마든지	1
얼만큼	1
얼음	1
얼음과	1
얼지	1
얽힌	1
엄동설한	1
엄수	1
엄숙함	1
엄정수사	1
엄중도발	1
엄중히	1
엄지	1
엄청	1
엄포	1
업	1
업그레이드	1
업데이트하면	1
업무설명회	1
업무용	1
업무용포털	1
업무협약식	1
업무환경	1
업셀링	1
업소	1
업자에	1
업체들	1
없네	1
없는데	1
없는한	1
없다고	1
없다종합2보	1
없던	1
없던일로	1
없도록	1
없애	1
없애고	1
없애달라	1
없애야	1
없앤	1
없앤다더니	1
없어1보	1
없어vs당사에	1
없을까	1
없이도	1
없죠	1
엎치락뒤치락	1
에게	1
에너전트	1
에너지값	1
에너지원	1
에너지절감장치	1
에넥스텔레콤	1
에드	1
에디션	1
에러	1
에로비디오의	1
에르난데스	1
에르도안과	1
에르빈	1
에릭	1
에릭센	1
에릭슨	1
에만	1
에버랜드로	1
에버랜드에	1
에버랜드에서	1
에볼라	1
에비아섬	1
에서	1
에스더	1
에스앤씨엔진그룹	1
에스에프에이	1
에스엔텍	1
에스원	1
에스티아이	1
에스티큐브	1
에스티팜	1
에스피지	1
에어버스	1
에어비앤비	1
에어비앤비에	1
에어쇼	1
에어액션	1
에어컨	1
에어포스원	1
에이드	1
에이스는	1
에이스일	1
에이앤티앤	1
에이치엘비	1
에이치엘비생명과학	1
에인절스에	1
에인절스전서	1
에지	1
에코넥션	1
에콰도르서	1
에트루리아전	1
에티오피아에	1
엑소더스	1
엑스페리아	1
엑스페리아xz1	1
엑스포서	1
엑시노스	1
엑자시바시	1
엔고	1
엔리케	1
엔씨	1
엔씨문화재단	1
엔젤투자	1
엔터	1
엔터메이트에	1
엔터테인먼트	1
엘니뇨	1
엘드림	1
엘리트	1
엘시시	1
엘앤케이바이오메드	1
엠비드	1
엠코르셋	1
여객	1
여객기서	1
여객기와	1
여건되면	1
여겨야	1
여교사의	1
여군들	1
여기는	1
여기자상에	1
여당제1야당	1
여덟번째	1
여러분	1
여력	1
여론몰이	1
여론에	1
여름바다에	1
여름을	1
여름이다	1
여름전력수요	1
여름축제	1
여름휴가	1
여름휴가는	1
여망	1
여민수	1
여배우	1
여부도	1
여부를	1
여부에	1
여사와	1
여섯번째	1
여성과기인지원	1
여성긴급전화	1
여성대통령	1
여성들에	1
여성들은	1
여성들이	1
여성살해	1
여성수학자들	1
여성시장	1
여성역량	1
여성은	1
여성파워	1
여성표	1
여수사위	1
여수에	1
여수의	1
여신	1
여신금융협회장	1
여야4당	1
여야정	1
여우	1
여운은	1
여유가	1
여유로운	1
여의도까지	1
여자대표팀	1
여자배구대표팀	1
여자야구월드컵	1
여자축구에	1
여자축구팀	1
여자친구	1
여자프로농구	1
여자프로농구에	1
여전한	1
여정	1
여중	1
여중생	1
여직원들에	1
여직원들에게	1
여직원은	1
여진에	1
여파로	1
여학생	1
여행객에	1
여행박람회	1
여행산문집	1
여행수입	1
여행수지	1
여행에세이	1
여행영상	1
여행용	1
여행의	1
여행자	1
여행자보험시장	1
여행자의	1
여행작가	1
여행주간에	1
여행지	1
여행지급	1
여행지들	1
여행책	1
여행할	1
역귀성	1
역량	1
역량평가에	1
역사교육	1
역사서	1
역사속으로	1
역습	1
역에	1
역전골	1
역전의	1
역전패	1
역학구도	1
역할론	1
역할에	1
역할이라면	1
역할했는지	1
연결돼야	1
연결들	1
연결성	1
연결영업익	1
연계종합	1
연고점	1
연고점종합	1
연고지역	1
연골	1
연관	1
연관된	1
연광철의	1
연구가	1
연구개발	1
연구개발특구	1
연구결과	1
연구과제	1
연구기관	1
연구로	1
연구반	1
연구법인	1
연구부정	1
연구비관리시스템	1
연구비로	1
연구산업	1
연구성과실용화진흥원	1
연구소와	1
연구시설	1
연구실안전주간	1
연구원	1
연구원들	1
연구자들	1
연구장비	1
연구지원이	1
연구책임자	1
연구투자	1
연구할	1
연구협력	1
연구환경	1
연극으로	1
연극의	1
연기가	1
연기된	1
연기될	1
연기종합2보	1
연기하라	1
연내비준에	1
연달아	1
연대기	1
연대는	1
연대불가	1
연대한다면	1
연동형	1
연락	1
연락받은	1
연락사무소장	1
연락주세요	1
연령	1
연령대	1
연령별	1
연례화	1
연료	1
연료전지	1
연루의혹종합2보	1
연륙교	1
연말까지만	1
연말에	1
연말연시를	1
연말정산	1
연맹	1
연명으로	1
연못서	1
연방보안국	1
연변	1
연봉은	1
연봉킹은	1
연상	1
연설로	1
연설에	1
연세대고려대	1
연소시험	1
연속안타	1
연속타자	1
연쇄충돌	1
연수자	1
연수프로그램	1
연습	1
연습경기	1
연습하자며	1
연신	1
연애	1
연애담	1
연예기사	1
연이은	1
연이틀	1
연인이	1
연임은	1
연잎	1
연장거부	1
연장에	1
연장한다	1
연장할	1
연저점	1
연정이냐	1
연정협상	1
연좌	1
연좌농성	1
연좌제	1
연주	1
연주로	1
연주자	1
연주회	1
연준의장	1
연차총회	1
연체가산금리	1
연초엔	1
연출가상에	1
연출의	1
연타석	1
연타석포	1
연탄	1
연패에	1
연평도	1
연필로	1
연필에	1
연하장	1
연합뉴스wam통신	1
연합뉴스를	1
연합에	1
연합체에	1
연합회	1
연합훈련	1
연합훈련에	1
연해주	1
연행	1
연휴기간	1
연휴로	1
연희로	1
열공	1
열공모드	1
열광	1
열기구	1
열기도	1
열다	1
열대성폭풍	1
열대야는	1
열도	1
열람은	1
열려있다종합	1
열려있어	1
열렬히	1
열렸다	1
열리자	1
열리지	1
열린관광지	1
열릴	1
열망종합2보	1
열매에	1
열받은	1
열병식으로	1
열쇠	1
열심히	1
열악	1
열어둬종합	1
열어야	1
열어종합	1
열전소자	1
열정페이에	1
열풍에	1
열풍은	1
열혈	1
열흘만에	1
염경엽	1
염기	1
염기훈	1
염좌	1
엿새	1
영공통과	1
영광에	1
영광을	1
영국계	1
영국과	1
영국군	1
영국독립당	1
영국은	1
영국의	1
영국인에	1
영국해협	1
영덕	1
영도구청장	1
영동은	1
영리를	1
영리병원	1
영리한	1
영문운전면허증	1
영미	1
영불해협	1
영사	1
영사관	1
영상10도	1
영상감상	1
영상과	1
영상권	1
영상물	1
영상물에	1
영상분석	1
영상서	1
영상을	1
영상의료장비	1
영상콘텐츠로	1
영서	1
영세중립	1
영속성	1
영신	1
영실	1
영어공부	1
영어교육	1
영어뉴스	1
영어랩으로	1
영어수업	1
영어학습서	1
영업	1
영업시간	1
영업이익률	1
영업이익종합	1
영업익종합2보	1
영업점	1
영역	1
영예종합	1
영웅들	1
영웅묘역	1
영원할	1
영원히	1
영유권	1
영유아	1
영의	1
영입경쟁	1
영입시도	1
영입에	1
영입인사들과	1
영입한	1
영입효과	1
영장기각	1
영장기각에	1
영장류	1
영장심사종합	1
영장종합	1
영재와	1
영종도	1
영종도서	1
영주권	1
영토로	1
영토분쟁	1
영풍그룹에	1
영해침입	1
영향권	1
영향을	1
영향줬나종합	1
영혼	1
영화감독	1
영화관서	1
영화를	1
영화음악	1
영화의	1
영화의전당서	1
영화처럼	1
영화화	1
옆에	1
예감	1
예견한	1
예고2보	1
예고된	1
예금계좌	1
예금금리	1
예년보다	1
예능	1
예능으로	1
예대금리차	1
예루살렘	1
예루살렘서	1
예매	1
예매로	1
예멘반군	1
예멘반군과	1
예방에	1
예방조치	1
예방종합	1
예방하세요	1
예방한	1
예비당첨자에서	1
예비비	1
예비율은	1
예비입주자	1
예비청약자들	1
예비추진단	1
예비특보	1
예비후보자	1
예쁘다	1
예산군	1
예산권	1
예산만	1
예산배분	1
예산부수법안	1
예산부족	1
예산정보	1
예산철에	1
예산팽창에	1
예산편성	1
예상경로	1
예상못한	1
예상보다	1
예상속보	1
예상시기	1
예상외	1
예상치	1
예상했던	1
예술감독	1
예술과	1
예술대상서	1
예술엔	1
예술원	1
예술인	1
예술인들	1
예술작품	1
예술적	1
예술품	1
예스	1
예스티	1
예식	1
예약받아	1
예약없이	1
예약제	1
예약하고	1
예열	1
예열모드	1
예외국도	1
예외없이	1
예전같지	1
예정3보	1
예정대로1보	1
예측	1
예측대비	1
예측모형	1
예측불허	1
예측에	1
예측으로	1
예판	1
옐리치에	1
옛길	1
옛이야기	1
오거돈과	1
오고	1
오너를	1
오너보다	1
오늘날	1
오늘로	1
오다	1
오대산	1
오동재	1
오디오북센터	1
오락	1
오락솔	1
오랑우탄	1
오레오	1
오렌지	1
오렌지라이프	1
오롯한	1
오르간	1
오르겠다	1
오르나	1
오르반	1
오른	1
오른다는데	1
오를	1
오름	1
오리	1
오리무중	1
오리엔트	1
오리온에	1
오리지널	1
오만과	1
오만하고	1
오만한	1
오물	1
오바마와	1
오바마의	1
오바마케어	1
오바마힐러리	1
오바메양	1
오버	1
오버행	1
오보	1
오빠	1
오사카서	1
오산	1
오색	1
오성엘에스티	1
오성운동	1
오성운동에	1
오세근의	1
오세훈	1
오송역	1
오스카의	1
오스테오닉	1
오스템임플란트	1
오승환의	1
오시나	1
오시라더니	1
오신	1
오심	1
오싹한	1
오인	1
오작동	1
오재일	1
오재일아	1
오전부터	1
오전엔	1
오존	1
오즈모	1
오직	1
오찬때	1
오케스트라에	1
오클랜드전	1
오키나와에서	1
오타와	1
오텍	1
오판	1
오페라무대	1
오포에	1
오프	1
오프라인서점	1
오픈랩	1
오픈마켓	1
오픈톡	1
오피스텔	1
오하이오주립대	1
오해	1
오해하거나	1
오후2시	1
오후에도	1
옥상	1
옥새행방	1
옥천	1
온나라부동산포털서	1
온당치	1
온두라스	1
온두라스전	1
온라인대출정보연계	1
온라인서점	1
온라인수출	1
온라인으로	1
온몸에	1
온비드	1
온상	1
온실효과	1
온천체험	1
온통	1
온화한	1
온힘	1
올데이	1
올드보이의	1
올드트래퍼드에서	1
올들어	1
올때도	1
올라선데	1
올라설	1
올라온	1
올라종합	1
올랐던	1
올랜도사태	1
올랜도에	1
올레tv	1
올레tv모바일서	1
올레드냐	1
올려야	1
올리면	1
올린다	1
올릴	1
올림피아코스와	1
올림픽오늘부터	1
올림픽파크	1
올바른	1
올스타전도	1
올스타팀	1
올시즌	1
올여름은	1
올해로	1
올해부터	1
올해에만	1
옮겨	1
옮길	1
옳다종합	1
옳았다종합	1
옳은	1
옴진리교	1
옷값	1
옷을	1
옹기종기	1
옹색한	1
옹진	1
와르르	1
와르르종합	1
와이드2	1
와이번스	1
와이파이로	1
와일드카드	1
와해	1
완납처리	1
완도국제해조류박람회장	1
완료돼	1
완만한	1
완벽투	1
완벽하진	1
완성되는	1
완성으로	1
완성이	1
완수한	1
완전고립	1
완전무장	1
완전복구	1
완전성공	1
완전차단1보	1
완투	1
완투는	1
완투승	1
완판	1
완판종합	1
완화도	1
완화에	1
완화적	1
완화적인	1
완화정도	1
왓슨	1
왓챠플레이	1
왓츠앱	1
왓퍼드전에서	1
왔다던	1
왔어요	1
왔으니까요	1
왔으면	1
왔을까	1
왔죠	1
왔지만	1
왕	1
왕년	1
왕년의	1
왕따	1
왕래	1
왕복	1
왕비의	1
왜곡날조	1
왜곡종합	1
왝더독	1
외계행성	1
외곽	1
외관	1
외교가	1
외교갈등	1
외교관계	1
외교교류	1
외교단에	1
외교단지	1
외교당국자	1
외교부서	1
외교분쟁	1
외교사령탑	1
외교수장	1
외교실수	1
외교안보에	1
외교위원장	1
외교의	1
외교적	1
외교청서	1
외국군	1
외국문학	1
외국에서	1
외국인과	1
외국인선수	1
외국인은	1
외국인자금	1
외국회사	1
외면	1
외면에	1
외무는	1
외무장관과	1
외무장관들	1
외벽	1
외벽단열시스템은	1
외부감사제도	1
외부압력	1
외빈들	1
외설	1
외신들도	1
외에	1
외연	1
외인선수	1
외인에	1
외인용병	1
외자	1
외주제작	1
외쳐라	1
외출	1
외치는	1
외침	1
외통위	1
외투	1
외형	1
외화	1
외화증권	1
외환거래법	1
외환시장	1
요	1
요건	1
요건완화	1
요격체계	1
요구돼	1
요구안해	1
요구하겠다	1
요구하며	1
요구했다종합	1
요금개편	1
요금정책보다	1
요금할인율	1
요금할인이	1
요리스	1
요리축제	1
요미우리	1
요스바니	1
요약	1
요양병원	1
요엘	1
요인	1
요절	1
요지부동	1
요청대로	1
요청받고	1
요청종합2보	1
요충지	1
욕망	1
욕먹지	1
욕심내지	1
욕심에	1
욕을	1
용	1
용기	1
용기에	1
용납할	1
용도로	1
용병도	1
용병하기	1
용산공원에	1
용서로	1
용성	1
용역대금	1
용역비로	1
용의선상에	1
용의자들	1
용지	1
용평	1
우간다도	1
우간다서	1
우거지게	1
우는여	1
우대상품	1
우도	1
우뚝	1
우랄	1
우량기업	1
우려가	1
우려종합	1
우려했나	1
우롱	1
우루과이로	1
우루과이전	1
우리나라도	1
우리동네서	1
우리들제약	1
우리를	1
우리만화	1
우리말을	1
우리보다	1
우리시대	1
우리아스	1
우리은행kb	1
우리은행에	1
우리의	1
우리카드에서	1
우리카드현대캐피탈	1
우박	1
우발	1
우버와	1
우버이츠	1
우산	1
우상향	1
우선공급	1
우선순위	1
우선으로	1
우선은	1
우선적용	1
우선조치	1
우선처리	1
우선추천	1
우선협상대상자	1
우선협상대상자로	1
우세	1
우수ib로	1
우수기업	1
우수사례	1
우수작	1
우습게	1
우승까지	1
우승에	1
우승월드컵	1
우승으로	1
우승은	1
우승을	1
우승자	1
우승컵	1
우승팀만	1
우승하고	1
우승한	1
우완	1
우의	1
우익	1
우정사업본부	1
우정사업본부장배	1
우정저축은행	1
우주개발국	1
우주개발시대	1
우주개발에	1
우주개발이	1
우주과학	1
우주관광	1
우주군	1
우주쇼	1
우주에서	1
우주와	1
우주적	1
우주전문가	1
우주정거장	1
우주탐사	1
우즈베키스탄에	1
우진비앤지	1
우진인베스트	1
우체국	1
우클릭종합	1
우파	1
우편번호	1
우회	1
우회결제망	1
우회앱	1
운구	1
운동가가	1
운동권	1
운동사	1
운동에	1
운동으로	1
운동은	1
운동의	1
운명으로	1
운명은	1
운반로켓	1
운반선	1
운송원가	1
운영경비	1
운영권	1
운영매장	1
운영위서	1
운영자	1
운영종합	1
운영키로	1
운영한	1
운전사	1
운전자에	1
운전종합2보	1
운전하던	1
운전한다	1
운하	1
운항중단	1
운행허용	1
울긋불긋	1
울다	1
울다가	1
울려퍼질	1
울린	1
울림	1
울산경찰	1
울산경찰청	1
울산과기원	1
울산대	1
울산본부	1
울산사람	1
울산서도	1
울산소식	1
울산시장	1
울산신문	1
울산신문사	1
울산여행	1
울산옹기축제	1
울산종합일보	1
울산커플마라톤대회	1
울산한마음축구대회	1
울산해경	1
울주	1
울지	1
울창한	1
움베르토	1
움직여	1
움직이는가	1
움직이다	1
움직임에	1
움직임종합	1
움츠린	1
웃게	1
웃다	1
웃다가	1
웃다종합	1
웃돌아	1
웃돌아종합	1
웃으며	1
웃으면서도	1
웃을수	1
웃음으로	1
웃음의	1
웃지	1
워낙	1
워드	1
워싱턴dc	1
워싱턴dc에	1
워싱턴서	1
워싱턴에	1
워치	1
워크	1
워크독스에	1
워크숍서	1
워크아웃	1
웍스모바일	1
원가	1
원격으로	1
원격축구교실	1
원금	1
원내	1
원내대표가	1
원내대표단	1
원내대표단에	1
원내대표에	1
원내대표와	1
원내지도부	1
원내지도부와	1
원년	1
원래	1
원로와	1
원로자문단과	1
원룸	1
원맨	1
원맨쇼	1
원산	1
원산블라디보스토크	1
원스톱	1
원스트라이크아웃제	1
원시	1
원시티	1
원심분리기	1
원심분리기에	1
원안대로	1
원안위	1
원외	1
원유수익	1
원유수입	1
원유수입금지	1
원유수출	1
원유시장	1
원익	1
원익ips	1
원인일	1
원자력에	1
원자력연구기관	1
원작	1
원작자	1
원장님	1
원점서	1
원정경기	1
원정명단	1
원정응원	1
원조규모가	1
원조반입	1
원주	1
원주로	1
원주민	1
원주혁신도시	1
원천	1
원천기술	1
원초적	1
원치	1
원칙을	1
원톱으로	1
원팀	1
원포인트	1
원하는	1
원하면	1
원해도	1
원했던	1
원혜영	1
원화값	1
원화결제계좌도	1
원희룡	1
월경한	1
월드	1
월드갈라	1
월드댄스컵	1
월드비전에	1
월드시리즈	1
월드컵보다	1
월드컵서	1
월드컵예선서	1
월드컵으로	1
월드컵준비	1
월드컵처럼	1
월말	1
월성계곡	1
월세	1
월세거래	1
월인석보	1
월정액	1
월평균	1
웜비어	1
웡	1
웨스트	1
웨스트브로미치	1
웨스트브롬	1
웨스트브룩	1
웨어러블기기	1
웨어러블시장서	1
웨이드	1
웨이브	1
웨일	1
웰빙	1
웹	1
웹드라마	1
웹문서	1
웹보드게임	1
웹사이트로	1
웹사이트서	1
웹콘텐츠	1
웹툰도	1
웹툰스토리	1
웹하드	1
위구르	1
위기감	1
위기경보	1
위기관리	1
위기관리모드	1
위기극복을	1
위기단계별	1
위기도	1
위닝시리즈	1
위대하게에	1
위대한	1
위력	1
위력적인	1
위례신도시	1
위로가	1
위로에도	1
위를	1
위메이드	1
위메프서	1
위배	1
위법	1
위법사례	1
위법없다	1
위법행위	1
위상	1
위상수학	1
위성발사	1
위성방송	1
위성우	1
위성항법시스템	1
위스콘신서	1
위시	1
위안부피해	1
위약금	1
위에서	1
위원들과	1
위원장과	1
위원장과의	1
위원장까지	1
위장한	1
위장해	1
위조	1
위주	1
위중한	1
위즈	1
위증과의	1
위촉장	1
위축될	1
위축에	1
위치시키나	1
위치정보	1
위치정보사업	1
위치해	1
위크	1
위클리스마트	1
위키피디아	1
위탁운영	1
위탁운영팀	1
위태	1
위태로운	1
위태로워	1
위해서는	1
위해서라도	1
위해성	1
위헌성	1
위험상품	1
위험성	1
위험자산	1
위험해져	1
위협구에	1
위협론	1
위협에	1
위협적	1
위협한	1
위협할	1
윈터리그	1
윌리엄스는	1
윌림	1
윗선	1
윗세오름	1
윙백	1
윙백보다	1
유가의	1
유가인상	1
유가족	1
유감종합	1
유권자	1
유남석	1
유니	1
유니버설발레단	1
유니버스서	1
유니세프	1
유니시티	1
유니온페이	1
유니콘	1
유니콘기업	1
유니폼만	1
유대	1
유대감	1
유대교도	1
유대교회당	1
유대인	1
유대인에	1
유대학교	1
유도선	1
유도훈	1
유동성	1
유럽국들	1
유럽마저	1
유럽산	1
유럽시장	1
유럽여자축구선수권	1
유럽예선	1
유럽원정	1
유럽으로	1
유럽은행	1
유럽이	1
유럽이란	1
유럽인	1
유럽증시	1
유럽챔스리그	1
유럽축구	1
유럽축구연맹	1
유럽파	1
유력매체	1
유력시	1
유력인사로	1
유력전망	1
유력종합	1
유력종합2보	1
유령함대	1
유로	1
유로2016	1
유로는	1
유로스타트	1
유로화	1
유로화로	1
유료관중	1
유료방송시장	1
유료방송업계와	1
유료호출만으론	1
유리천장	1
유리할까	1
유망기술	1
유망기업	1
유망주	1
유명산은	1
유명해질래요	1
유목민	1
유무	1
유무선	1
유묵	1
유물	1
유바이오로직스	1
유발한	1
유보1보	1
유보적	1
유비쿼스와	1
유산균으로	1
유상철	1
유세	1
유세에	1
유세장	1
유세종합	1
유소년야구	1
유소년이	1
유심기변	1
유심요금제	1
유안타	1
유안타증권	1
유앤아이	1
유언비어	1
유엔거버넌스센터	1
유엔난민기구	1
유엔대사	1
유엔대표부	1
유엔도	1
유엔안보리에	1
유엔제재	1
유엔제재로	1
유엔제재상	1
유엔총장	1
유엔총회서	1
유연	1
유연성	1
유연한	1
유예로	1
유예해야	1
유용시	1
유용한	1
유원지마다	1
유의속보	1
유의하고	1
유의해야	1
유인물	1
유인택	1
유인해	1
유일	1
유일한	1
유임	1
유입종합	1
유작	1
유작소설	1
유적지서	1
유전자가	1
유전자교정법	1
유전자치료제	1
유전체	1
유족	1
유죄종합2보	1
유증	1
유지될	1
유지보수용	1
유지속보	1
유지종합	1
유지하기	1
유지하는	1
유지하다	1
유지한	1
유지할	1
유지할듯	1
유진투자	1
유창근	1
유채꽃	1
유출자	1
유치한	1
유키	1
유턴	1
유테크	1
유통되는	1
유통망	1
유통업계	1
유통위원회	1
유통한	1
유튜버도	1
유튜버에	1
유튜브가	1
유튜브에	1
유포돼	1
유포된	1
유플런서	1
유플레이어스	1
유학	1
유해성	1
유해정보	1
유행되겠어	1
유행은	1
유혈사태	1
유혈진압	1
유혈참사에	1
유혹	1
유혹의	1
유화	1
유화적	1
유효종합	1
육군대장	1
육군참모총장	1
육박종합	1
육박종합2보	1
육불화우라늄	1
육사생도들	1
육상	1
육성기록집	1
육성센터에	1
육성에	1
육성한다	1
육성해	1
육성해야	1
육성해야종합	1
육아의	1
육지는	1
윤관석	1
윤규진	1
윤덕여호	1
윤리	1
윤리교육	1
윤범모	1
윤병세	1
윤석산	1
윤성환	1
윤소하	1
윤아	1
윤영글	1
윤영찬	1
윤장현	1
윤재옥	1
윤종오	1
윤종원	1
윤창호	1
윤태호	1
윤호영	1
윤후명의	1
윤희상	1
융복합	1
융합ict	1
융합연구	1
으뜸기업	1
으로	1
으로종합	1
은닉해	1
은빛	1
은산분리	1
은퇴하는	1
은퇴한다	1
은평	1
은평스카이뷰자이	1
은폐	1
은폐와	1
은행노조	1
은행도	1
은행원	1
은행으로	1
은행장	1
은혜에	1
을	1
음담패설	1
음료	1
음모에도	1
음바페에게	1
음반과	1
음색	1
음성검색	1
음성보다	1
음성은	1
음식배달	1
음식숙박	1
음식에서	1
음악가	1
음악가를	1
음악감독	1
음악감상용으로도	1
음악스트리밍	1
음악에	1
음악외교의	1
음악으로	1
음악편지	1
음악회에	1
음원	1
음원업계	1
음주운전	1
음주행사	1
음질	1
음해가	1
응급	1
응급환자	1
응답	1
응답하다	1
응답해야종합	1
응수종합	1
응시	1
응시하며	1
응용	1
응원왔나	1
응원전	1
응원하러	1
응웬	1
응징	1
응하겠다	1
응하도록	1
응할	1
응해야	1
의견거절	1
의견교환1보	1
의견서	1
의견수렴	1
의견일치	1
의견제한	1
의견진술	1
의결속보	1
의결정족수	1
의결종합	1
의구심	1
의도에도	1
의도적	1
의도종합	1
의례적	1
의뢰종합	1
의료	1
의료기기업체	1
의료기기에	1
의료비	1
의료사고	1
의료진단을	1
의리없어	1
의무이행	1
의문도	1
의문의	1
의미	1
의미인지	1
의미하지	1
의식불명	1
의식잃어	1
의식하며	1
의식한	1
의심종합	1
의심했다	1
의암호	1
의약품에	1
의욕	1
의원도	1
의원불패	1
의원실	1
의원에	1
의원연맹회의	1
의원은	1
의원직	1
의의	1
의장국	1
의장단	1
의장사	1
의장여야	1
의전차량	1
의젓해	1
의정보고회	1
의정부남양주권	1
의정부시에	1
의정서	1
의지로	1
의지에	1
의총은	1
의혹받는	1
의혹종합	1
의회가	1
의회에서	1
의회의장	1
이강래	1
이강원	1
이건희	1
이것도	1
이것이	1
이게	1
이겨내종합	1
이견없다	1
이견종합3보	1
이겼다종합	1
이그제큐티브타워로	1
이근호는	1
이글스	1
이기겠다	1
이기기	1
이기긴	1
이기주	1
이기택	1
이긴다	1
이길까	1
이끈	1
이끌고	1
이끌라	1
이끌어	1
이내에	1
이념	1
이노베이션랩	1
이노션	1
이니에스타와	1
이다영	1
이달내	1
이달말	1
이달말까지	1
이달말부터	1
이달안에	1
이대은	1
이대총장	1
이도훈	1
이도희	1
이동중종합	1
이동통신사	1
이동통신시장	1
이동하기도종합	1
이들립	1
이들에게만	1
이들을	1
이라크군	1
이라크내	1
이란계	1
이란과의	1
이란대통령	1
이란방문	1
이란방송에	1
이란측도	1
이란특별대표	1
이란항공	1
이란핵합의	1
이래서	1
이러다	1
이런건	1
이례적으로	1
이루는	1
이루려면	1
이룰	1
이뤄가야	1
이뤄내겠다	1
이뤄져야2보	1
이뤄진	1
이뤄질	1
이뤘다	1
이륜차	1
이른시일내	1
이를	1
이마진	1
이마트24	1
이매방	1
이모티콘	1
이미경	1
이민규	1
이민법	1
이민은	1
이민청	1
이발사	1
이범호	1
이베스트증권	1
이베이코리아	1
이병근	1
이병기	1
이북	1
이브의	1
이쁜큰누나들	1
이사국중	1
이사수요	1
이사할	1
이사회운영규정	1
이산화탄소	1
이산화탄소로	1
이상고온	1
이상기후에	1
이상도	1
이상열	1
이상으로	1
이상이	1
이상징후	1
이상호	1
이상화	1
이색선물	1
이석준	1
이선규	1
이성의	1
이소영	1
이소영은	1
이수빈	1
이수화학	1
이슈로	1
이슈화	1
이스라엘과	1
이스라엘과의	1
이스라엘까지	1
이스라엘서	1
이스라엘에	1
이스라엘팔레스타인	1
이스라엘폴란드	1
이스트소프트	1
이슬람사원	1
이승엽야구장학재단	1
이승엽의	1
이승엽장학재단	1
이승우에	1
이승원	1
이승호	1
이시구로	1
이시구로의	1
이시영	1
이식	1
이야기꾼	1
이야기들	1
이야기엔	1
이야기죠	1
이야기하는	1
이양종합	1
이어가	1
이어가길	1
이어온	1
이어져종합2보	1
이어졌다	1
이어지는	1
이어진	1
이언주	1
이영	1
이영택	1
이영표	1
이영하에	1
이영훈	1
이완	1
이용객에	1
이용계약	1
이용권	1
이용기간	1
이용도	1
이용률	1
이용률은	1
이용사업	1
이용수기	1
이용자들	1
이용자보호	1
이용자에도	1
이용해	1
이웃	1
이원욱	1
이원욱종합	1
이월	1
이유정	1
이윤택	1
이윤택도	1
이윤택이	1
이을	1
이의	1
이익보호	1
이익에	1
이인영2보	1
이자람	1
이자비용만	1
이장	1
이장석	1
이재명sbs	1
이재민	1
이재민에게	1
이재영의	1
이재웅	1
이재원	1
이적료	1
이적생	1
이적시장에서	1
이적시켜줘	1
이적은	1
이적할	1
이전보다	1
이전설	1
이전에	1
이전으로	1
이정서씨	1
이정현드림팀이	1
이정현선출에	1
이정협	1
이정후만큼	1
이주민보트	1
이주영	1
이준석	1
이중고종합	1
이중잣대	1
이즈모급	1
이지	1
이지스	1
이지윤	1
이집트에서	1
이집트와	1
이철성	1
이청준	1
이춘재	1
이춘희	1
이치로는	1
이탈로	1
이탈리아독일	1
이탈리아서	1
이탈리아스웨덴	1
이탈리아와	1
이탈리아판	1
이탈리아행	1
이탈할	1
이태석	1
이통3사에	1
이통3사의	1
이통사도	1
이통사에	1
이튿날	1
이틀만에	1
이틀째도	1
이하면서	1
이해못해	1
이해성	1
이해속보	1
이해하거나	1
이행률	1
이행점검	1
이행축소	1
이행하라	1
이형종	1
이호철	1
이혼청구	1
이흥련	1
이희진	1
이희호	1
이희호권양숙	1
익명신고시스템	1
익명화한	1
익산여성영화제	1
익스피리언서	1
인	1
인가받아	1
인간띠	1
인간성	1
인간실격	1
인간이	1
인공장기	1
인공지능에	1
인공지능에서	1
인공지능의	1
인공지능이	1
인공지진파	1
인공태양	1
인구가	1
인구쇼크	1
인구유출에	1
인구지도	1
인구집중화	1
인권결의	1
인권과	1
인권대표	1
인권문제와	1
인권범죄	1
인권법	1
인권변호사	1
인권보고서	1
인권보도상	1
인권상황	1
인권선언	1
인권운동가	1
인권위기자협회	1
인권위서	1
인권제재	1
인권참상	1
인권최고대표	1
인권침해	1
인권행보	1
인기몰이	1
인기몰이종합	1
인내가	1
인내심	1
인니에	1
인덱스주식펀드는	1
인도네시아	1
인도네시아서	1
인도네시아에	1
인도시장서	1
인도양	1
인도에서	1
인도이야기	1
인도적으로	1
인도종합	1
인도지점	1
인도청구	1
인력거꾼	1
인력만	1
인류무형유산	1
인류에게	1
인류학자가	1
인류학자는	1
인문교류행사	1
인물	1
인민배우	1
인민보안부장	1
인민보안상	1
인민복과	1
인민에서	1
인민은행	1
인바디	1
인보사	1
인사권	1
인사쇄신	1
인사에	1
인사종합	1
인사청문회	1
인산인해	1
인삼송어축제	1
인상될	1
인상론	1
인상안	1
인상적	1
인생에서	1
인센티브	1
인수과정서	1
인수금융	1
인수로	1
인수를	1
인수위내각	1
인수의향서	1
인수자금	1
인스타	1
인스타그램으로도	1
인스티튜트에	1
인스퍼	1
인식기술	1
인식차	1
인양되지	1
인양을	1
인연도	1
인연은	1
인원	1
인원추방	1
인재공약	1
인재도	1
인재영입위원장	1
인재유출	1
인재육성	1
인적개편	1
인적분할	1
인적사항	1
인정받은	1
인정종합	1
인정하지	1
인정한	1
인종차별과의	1
인종청소	1
인증대체부품	1
인지기능	1
인지도	1
인지해야	1
인질로	1
인천공항도심	1
인천관광	1
인천대	1
인천도	1
인천마카오	1
인천본사	1
인천상륙작전	1
인천서	1
인천수원	1
인천유럽	1
인천으로	1
인천의	1
인터넷망	1
인터넷매체	1
인터넷방송	1
인터넷사업자	1
인터넷서점	1
인터넷신문	1
인터넷신문위원회인터넷윤리학회	1
인터넷업계	1
인터넷은	1
인터넷자율정책기구	1
인터불스	1
인터파크	1
인터파크가	1
인터파크도서	1
인턴액티브	1
인턴채용종합	1
인텔	1
인텔이	1
인파종합	1
인판티노	1
인플레	1
인플레에	1
인하론	1
인하에도	1
인하할	1
인해	1
인해전술	1
인허가	1
일각서	1
일감	1
일감몰아주기	1
일거리	1
일격	1
일곱	1
일관성	1
일괄보상종합	1
일괄사의	1
일괄수매	1
일국양제에	1
일궈낸	1
일기	1
일단락	1
일대로	1
일대위기	1
일러스트까지	1
일렉트릭	1
일로	1
일률	1
일문일답종합2보	1
일반가맹점도	1
일반분양	1
일반이사회	1
일방통보에	1
일베	1
일보후퇴	1
일본경제침략특위로	1
일본과	1
일본군	1
일본까지	1
일본대사관	1
일본산	1
일본시리즈	1
일본어판	1
일본으로	1
일본인은	1
일본전	1
일본축구	1
일본특위	1
일본폴란드	1
일부만	1
일부서	1
일부선	1
일부중단	1
일상로5g길	1
일상화	1
일상화된	1
일색	1
일신	1
일어나	1
일어선	1
일왕과	1
일원화	1
일으켜야	1
일으키나	1
일으키는	1
일으키려	1
일으킨다	1
일의	1
일이	1
일임형	1
일자	1
일자리만들기	1
일자리의	1
일자리중심	1
일자리창출	1
일정상	1
일정으로	1
일정은	1
일정이	1
일정재개	1
일정조율	1
일정조정	1
일제강점기	1
일제단속	1
일제정비	1
일종합	1
일주	1
일주일만에	1
일주일여만에	1
일주일째	1
일지끝	1
일촉즉발	1
일출	1
일터	1
일하게	1
일하고	1
일할	1
읽었는데	1
읽었을까	1
읽을까	1
읽을듯	1
읽히지만	1
잃은	1
잃을수도	1
임금은	1
임금체불	1
임기단축	1
임기마치고	1
임기만료	1
임대등록	1
임대료	1
임대업자	1
임대주택의	1
임대형	1
임도재	1
임도헌호	1
임동혁	1
임명강행	1
임명공직	1
임명동의	1
임명동의안	1
임명동의제	1
임명에	1
임명제청	1
임명종합	1
임명했을	1
임박영국	1
임박한	1
임박했나	1
임성순	1
임시	1
임시국회내	1
임시대통령	1
임시대통령에	1
임시대통령으로	1
임시운행허가	1
임시의정원	1
임시정부	1
임신	1
임신부	1
임실	1
임영희	1
임용후보자	1
임원들과	1
임원진	1
임의	1
임의로	1
임의제출이	1
임종헌	1
임지훈	1
임진각	1
임팩트	1
임플란트	1
임하겠다	1
임할	1
임해야	1
입	1
입각까지	1
입경	1
입구조사	1
입국2보	1
입국자	1
입국종합2보	1
입국종합3보	1
입니다	1
입단은	1
입담	1
입당불허	1
입당은	1
입대	1
입맛에	1
입문교육	1
입문서	1
입법전쟁	1
입법화	1
입법회	1
입법회점거	1
입성종합	1
입소문	1
입어본	1
입으로	1
입을	1
입장문	1
입장불허	1
입장속보	1
입장에도	1
입장차	1
입장표명에	1
입장한	1
입주	1
입주권	1
입주할	1
입증될	1
입증할까종합	1
입증해야	1
입증해야종합	1
입찰요청서	1
입찰참가	1
입체	1
입체파	1
입추	1
입학	1
입항거부로	1
입항하는	1
입혀라	1
입혀야	1
입히고	1
입히기	1
입히니	1
잇는다	1
잇따르는	1
잇따른	1
있나요	1
있네	1
있는거지	1
있다고	1
있다종합	1
있던	1
있었나	1
있었는가	1
있으면	1
있음에	1
잉크	1
잊어라	1
잊었다	1
잊으면	1
잊은	1
잊을만	1
잊히지않는	1
잊힌	1
자	1
자가	1
자격미달에도	1
자격위해	1
자격있나	1
자구	1
자구안	1
자구안에	1
자국민	1
자국장교	1
자국출신	1
자국항공사	1
자극	1
자극적	1
자금돼	1
자금몰이	1
자금부족에	1
자금세탁방지기구	1
자금수급	1
자금시장	1
자금조달계획서	1
자금줄	1
자금지원	1
자급	1
자급제폰	1
자기자본	1
자기주식	1
자녀들	1
자녀와	1
자다가도	1
자동심사모형	1
자동차공업소서	1
자동차보험	1
자동차부품주	1
자동차생산국	1
자동추천종합2보	1
자동통과시켜야종합	1
자동폐기	1
자동화	1
자랑스러운	1
자랑스럽다	1
자랑하는	1
자력	1
자료는	1
자료전으로	1
자료제출	1
자료화	1
자립	1
자릿수	1
자막	1
자막영상	1
자만말라	1
자메이카	1
자메이카관광청	1
자멸의	1
자문단	1
자문료	1
자문변호사	1
자문사	1
자문센터	1
자문위	1
자문위원장	1
자민당	1
자민련	1
자백	1
자본	1
자본규제	1
자본비율	1
자본시장활성화특위	1
자본확충	1
자부심	1
자산건전성	1
자산관리	1
자산관리세미나	1
자산동결	1
자산동결에	1
자살조장	1
자살한	1
자선단체가	1
자선재단	1
자성	1
자성메모리	1
자세히	1
자수하겠다	1
자숙해	1
자신의	1
자신있게	1
자신있다	1
자연	1
자연성	1
자연어	1
자연재해처럼	1
자영업	1
자외선지수	1
자욱한	1
자위대에	1
자유를	1
자유무역	1
자유북한방송	1
자유사회	1
자유시점	1
자유의	1
자유인	1
자유침해	1
자유투	1
자율개선	1
자율기구	1
자율삭제	1
자율성	1
자율정화체계	1
자율협력주행	1
자이언츠	1
자임	1
자전거로	1
자정노력종합	1
자제종합	1
자제촉구	1
자제하라	1
자주권	1
자주적으로	1
자책골	1
자책하는	1
자청	1
자체분석	1
자체신용제	1
자체운영	1
자축	1
자축종합	1
자취를	1
자치	1
자치구	1
자치권	1
자치법규	1
자치정부	1
자카르타	1
자카르타에	1
자크	1
자태	1
자평	1
자폐증도	1
자폭테러	1
자행	1
자회사	1
자회사로	1
작가들	1
작가들과	1
작가들에	1
작가들의	1
작가로	1
작가를	1
작가명	1
작가와	1
작가의	1
작곡	1
작곡가로	1
작년동기	1
작년동기비	1
작동하네	1
작렬한	1
작물개발에	1
작별상봉만	1
작별종합	1
작성	1
작성하는	1
작업거부	1
작업복귀	1
작업일지를	1
작용했다	1
작은딸	1
작전의	1
잔고	1
잔뜩	1
잔루율	1
잔류로	1
잔류승격	1
잔류파	1
잔액	1
잔액기준	1
잔치	1
잘나가는	1
잘나가던	1
잘된	1
잘버는	1
잘하겠다	1
잘하고	1
잘하는	1
잘한	1
잘해서	1
잘했다	1
잠금화면앱	1
잠든	1
잠들다종합	1
잠들었다	1
잠룡	1
잠못	1
잠실	1
잠실5단지	1
잠실구장	1
잠실야구장에	1
잠실의	1
잠을	1
잠잠	1
잠재력	1
잠재성장률	1
잠재울까	1
잠정폐쇄	1
잡	1
잡나종합	1
잡는것보다	1
잡아	1
잡아가종합	1
잡아달라	1
잡으려	1
잡은	1
잡을까	1
잡을때도	1
잡음	1
잡지	1
잡지를	1
잡혀	1
잡혀있을	1
잡혀종합	1
잡화점의	1
잡히나	1
잡히자	1
잡힌	1
잣대	1
장강명	1
장관과	1
장관급	1
장관에	1
장군멍군	1
장군봉까지	1
장군봉에서	1
장기적	1
장기채무	1
장기통계	1
장기하와얼굴들	1
장기화에	1
장기화하나	1
장남이	1
장년층	1
장대비	1
장대환	1
장동현	1
장례	1
장례식같은	1
장례식서	1
장례위원으로	1
장마당	1
장막	1
장맛비에도	1
장면	1
장미는	1
장미의	1
장민재	1
장벽예산	1
장병	1
장비로	1
장사익	1
장사익이	1
장생포서	1
장서	1
장석남	1
장성들	1
장소	1
장소는	1
장소에	1
장수비결	1
장식들	1
장신세터	1
장쑤	1
장악한	1
장애선수	1
장애인기능올림픽	1
장애인도	1
장애인사이클	1
장애인스포츠	1
장애인의	1
장애인직업안정연구원과	1
장애종합3보	1
장원삼	1
장인의	1
장자연사건	1
장점종합	1
장차관	1
장차관들에	1
장착종합	1
장착한다	1
장충의	1
장타	1
장타만	1
장편소설	1
장학생만	1
장학재단에	1
장한	1
잦아드나	1
잦아들까	1
재가동이	1
재가동전	1
재개관	1
재개는	1
재개방	1
재개에	1
재개종합	1
재개한	1
재검토	1
재검토종합	1
재경기서	1
재계	1
재계약이요	1
재계약하자고	1
재계약할	1
재고소진	1
재고해야	1
재공모	1
재공연	1
재기	1
재기를	1
재깍대던	1
재난문자	1
재난정보	1
재난지역	1
재난참사들	1
재논의해야	1
재능기부	1
재대만협회	1
재도전하겠다	1
재도전하는	1
재독시인	1
재래시장	1
재량근로제	1
재무부	1
재무안전성	1
재무장관	1
재무장관의	1
재무책임자	1
재무컨설팅까지	1
재미가	1
재미로	1
재미를	1
재밌게	1
재밌는	1
재밌지만	1
재발견	1
재발방지	1
재방송	1
재배치	1
재벌개혁	1
재빨리	1
재산까지도	1
재산세	1
재산신고	1
재선임안	1
재선임종합	1
재소환	1
재송신	1
재수	1
재수사하라	1
재시도할	1
재신임	1
재앙	1
재약정	1
재연하는	1
재영입	1
재외공관	1
재외국민들	1
재의	1
재의할	1
재일	1
재일동포	1
재일본한국ymca회관	1
재임명	1
재임시	1
재임차	1
재입경	1
재작년부터	1
재정건전성	1
재정립	1
재정비	1
재정정책	1
재정지출	1
재정착	1
재정협약	1
재조사해야	1
재즈	1
재즈선언	1
재즈클럽으로	1
재직기념패에	1
재진입체	1
재진입하나	1
재총선	1
재추적종합	1
재추진	1
재출격	1
재충돌	1
재탕	1
재택근무	1
재투표	1
재판받을	1
재판부	1
재판은	1
재판증언	1
재판처럼	1
재해석한	1
재허가	1
재현	1
재현해	1
재협상은	1
재확립	1
재활시설서	1
재활치료	1
잭슨발레콩쿠르서	1
잭팟	1
잰걸음	1
잿빛	1
쟁의	1
쟁점과	1
쟁점될까	1
쟁점서	1
쟁점화	1
저가폰	1
저감	1
저금리	1
저금리에	1
저금리전셋값	1
저널리즘의	1
저녁까지	1
저녁에	1
저녁이	1
저렴	1
저명	1
저울질했던	1
저자	1
저자가	1
저작권신탁단체	1
저장	1
저장공간	1
저장소는	1
저장하는	1
저점	1
저점매수	1
저지냐	1
저지르면	1
저지른	1
저지에	1
저지종합	1
저지하고	1
저질정보	1
저축	1
저축못해	1
저출산대책까지	1
저평가된	1
저항종합	1
저해	1
적격	1
적격담보	1
적과의	1
적극역할종합	1
적극재정	1
적극적으로	1
적금	1
적금도	1
적금상품	1
적대적	1
적립	1
적발금액	1
적발종합	1
적법화	1
적보다	1
적설	1
적설종합	1
적성	1
적시는	1
적시타종합	1
적신	1
적십자회담	1
적어	1
적외선까지	1
적용받아야	1
적용종합	1
적용한	1
적용할	1
적으로	1
적은	1
적임자	1
적임자인가	1
적자도	1
적자종합	1
적자폭	1
적재적소	1
적절할수도종합	1
적정성	1
적지에서	1
적지침투훈련	1
적힌	1
전가	1
전가을	1
전개	1
전격방문	1
전격회동	1
전공생은	1
전광판	1
전구단	1
전국대학학생회네트워크	1
전국동시조합장선거	1
전국동시지방선거	1
전국여자축구대회	1
전국적	1
전국체전	1
전국퇴직금융인협회	1
전국투어	1
전극소재용	1
전기봉에	1
전기비행기	1
전기요금	1
전기차배터리	1
전기화물차	1
전기화학	1
전남도kbs광주	1
전남도청서	1
전년대비	1
전년비	1
전달받고	1
전달종합	1
전달종합2보	1
전달할	1
전담조직	1
전담팀	1
전담해설사	1
전대러브스토리로	1
전대식	1
전도	1
전라감영길	1
전라지역	1
전략기획위원장에	1
전략까지	1
전략무기	1
전략무기로	1
전략에	1
전략자산	1
전략폭격기	1
전략회의	1
전력굴기	1
전력난	1
전력사용	1
전력수급	1
전력투구	1
전력화	1
전말기	1
전망경로와	1
전망과	1
전망은	1
전망종합	1
전매제한	1
전면개장	1
전면개정안	1
전면공세	1
전면금지	1
전면적인	1
전면전	1
전면중단에	1
전면폐지	1
전무	1
전문가가	1
전문가는	1
전문강사	1
전문관	1
전문매장	1
전문성	1
전문업체	1
전문에	1
전문인력	1
전문직	1
전문채널	1
전반에	1
전방	1
전방지역	1
전범	1
전범기업에	1
전병헌	1
전보다	1
전부터	1
전북과	1
전북대	1
전북언론사	1
전북의	1
전북지부	1
전분기보다	1
전사들	1
전사워크숍	1
전설에게	1
전성기	1
전성시대	1
전성현	1
전세	1
전세가	1
전세거래	1
전세대출	1
전세도	1
전세보증	1
전셋값	1
전속계약	1
전송기술	1
전송량	1
전송장비	1
전술	1
전시논란계속	1
전시된	1
전시서	1
전시작가	1
전시장에	1
전시장에서	1
전액손실	1
전야	1
전역자	1
전열	1
전용경기장	1
전용공간	1
전용기	1
전용매대	1
전용열차	1
전용패키지	1
전우회	1
전운	1
전운에도	1
전원추방종합	1
전월	1
전월비	1
전월세도	1
전이	1
전이경	1
전인범	1
전자	1
전자계약	1
전자금융결제수단별	1
전자기기	1
전자발찌	1
전자상거래	1
전자식	1
전자증권시스템	1
전자지갑	1
전자책유통사	1
전자파	1
전작의	1
전장관	1
전쟁강간	1
전쟁과	1
전쟁광	1
전쟁에	1
전쟁위기	1
전쟁은	1
전쟁이	1
전쟁터	1
전쟁터와	1
전쟁행위	1
전제로	1
전조일까	1
전주	1
전주고	1
전주권	1
전주방송총국	1
전주특례시	1
전주한옥마을의	1
전주한옥마을종합	1
전지	1
전직대사들	1
전직도	1
전직총리현직대통령	1
전진	1
전진하겠다종합	1
전차	1
전처	1
전천후	1
전철	1
전체적으로	1
전초기지	1
전초기지로	1
전초전서	1
전태일	1
전통복식	1
전통예술	1
전통장류	1
전통적	1
전통춤	1
전투기가	1
전투장비	1
전파기술	1
전파는	1
전파사용료	1
전파해요	1
전해	1
전해주는	1
전해질	1
전혀	1
전현희	1
전화위복	1
전화통화	1
전화호출	1
전환도	1
전환율	1
전환종합	1
절감	1
절규	1
절단	1
절박	1
절반에	1
절반으로	1
절반은	1
절벽에	1
절실했다	1
절실히	1
절정에	1
절차가	1
절하할까	1
젊게	1
젊은과학자상	1
젊은이	1
젊은이들	1
젊음의	1
점검단	1
점검차	1
점검팀	1
점검한	1
점과	1
점등	1
점령한	1
점수는	1
점수화	1
점입가경	1
점자도서관에	1
점프	1
점프도	1
점화	1
점화시킨	1
접경에로	1
접경지	1
접근종합	1
접속경로	1
접속때	1
접속불가	1
접속차단	1
접수된	1
접안1보	1
접어든	1
접이식	1
접전서	1
접전이	1
접점	1
접촉하지	1
접촉할까	1
젓가락페스티벌	1
젓는	1
정갑석	1
정개	1
정경두	1
정경두에	1
정경심영장에	1
정계개편론까지	1
정국위기	1
정국혼란	1
정권서	1
정권에	1
정권이탈	1
정권인수	1
정권입맛	1
정권자멸	1
정권주민	1
정규기관으로	1
정규리그에서만	1
정규성	1
정규직화	1
정기	1
정기공연	1
정기국회서	1
정기주총	1
정기현	1
정년연장	1
정당대표	1
정당들	1
정당들과	1
정당별	1
정당에	1
정당화할	1
정대영	1
정동	1
정동근	1
정동야행	1
정동영과	1
정례적	1
정론관	1
정리	1
정리에서	1
정리종합	1
정리한	1
정립	1
정말	1
정말로	1
정면대결	1
정면대응	1
정면돌파종합	1
정면비판	1
정면승부	1
정면충돌	1
정몽준	1
정무수석	1
정무수석과	1
정무위	1
정무위원들	1
정무장관직	1
정미경	1
정밀심사	1
정밀타격	1
정밀하게	1
정박	1
정보공개	1
정보동맹	1
정보로	1
정보보호대상	1
정보보호인력	1
정보부의	1
정보에	1
정보원	1
정보유입을	1
정보통신	1
정보통신기술진흥센터	1
정보통신서비스	1
정보통제	1
정보화	1
정보활용역량은	1
정부tf서	1
정부광고가	1
정부군분리주의	1
정부는	1
정부반군	1
정부선박	1
정부에	1
정부에서	1
정부와	1
정부정책	1
정부지원책	1
정부출연	1
정부통신3사	1
정부혁신	1
정비	1
정비단지	1
정비도	1
정상간	1
정상근무	1
정상급과	1
정상에	1
정상운항	1
정상의	1
정상적으로	1
정상통화	1
정상포럼	1
정상화에	1
정상회담도	1
정상회담때	1
정상회담서	1
정상회담에	1
정상회담종합3보	1
정서	1
정선아리랑극	1
정세	1
정세균계	1
정세균에	1
정세불안	1
정세브리핑	1
정세에도	1
정수기	1
정수장학회	1
정수처리	1
정식공연으로	1
정신감정	1
정신이면	1
정악단	1
정약용	1
정양석	1
정연주	1
정운천	1
정유라	1
정읍	1
정의로운	1
정의를	1
정의선	1
정의에	1
정의용에	1
정의의	1
정의장	1
정장	1
정쟁	1
정쟁유발	1
정쟁중단	1
정적	1
정적인	1
정전으로	1
정전협정	1
정정	1
정정공고	1
정정불안	1
정정요청	1
정제하면	1
정조위	1
정족수	1
정종섭	1
정주영	1
정중동	1
정지석은	1
정직	1
정진호	1
정착촌	1
정찬형	1
정찰기	1
정찰영상	1
정책기획	1
정책기획위원회	1
정책발표회	1
정책설명	1
정책소통	1
정책수립	1
정책안	1
정책에	1
정책연구소장에	1
정책워크숍	1
정책위의장	1
정책의총	1
정책자문위	1
정책제안	1
정책조정수석	1
정책포럼	1
정책회견	1
정책효과	1
정체는	1
정체되는	1
정체성	1
정체종합	1
정취를	1
정취에	1
정치개혁	1
정치계	1
정치국위원	1
정치국회의원	1
정치권에	1
정치권은	1
정치문서	1
정치범	1
정치부장	1
정치아웃사이더	1
정치의	1
정치인들	1
정치인생을	1
정치인에	1
정치입문	1
정치자금	1
정치지형	1
정치책무	1
정치체제일까	1
정치한풀이	1
정치해석	1
정치헌금	1
정치혐오	1
정치화	1
정크로	1
정통	1
정파마다	1
정파성	1
정한	1
정한다	1
정해서	1
정했는데	1
정현백	1
정협위원	1
정확하지	1
정확한	1
정확해진	1
정황	1
정황종합	1
제11기	1
제1206호	1
제18차	1
제1당은	1
제1야당	1
제1야당까지	1
제1차	1
제1회	1
제21회	1
제23회	1
제24회	1
제25회	1
제27차	1
제2데이터센터	1
제2소위	1
제2천막당사	1
제30회	1
제31차	1
제3국	1
제3국서	1
제3인터넷은행	1
제3자배정	1
제3차	1
제4	1
제47대	1
제47회	1
제4신평사	1
제4회	1
제5의	1
제5차	1
제62회	1
제68주년	1
제7차	1
제가	1
제가슴도	1
제거법	1
제거하지	1
제공권	1
제공권에	1
제공자	1
제공하는	1
제공하라	1
제공한	1
제공해야	1
제구가	1
제국신도의	1
제국주의	1
제기능하려면	1
제기할	1
제넥신	1
제도개선합의안	1
제동에	1
제로금리	1
제로베이스서	1
제로에너지	1
제로페이	1
제록스	1
제막식	1
제목	1
제보도종합	1
제보에	1
제소	1
제시한	1
제시해야	1
제안도	1
제안서	1
제안수용	1
제안에	1
제안종합	1
제안할	1
제압해	1
제약사도	1
제어실	1
제왕	1
제왕되려는	1
제외시	1
제외종합	1
제외하고	1
제외한	1
제원	1
제의한	1
제이피에셋투자로	1
제일기획	1
제임스의	1
제자	1
제자리에	1
제작극장	1
제작사가	1
제작자	1
제작한	1
제작현장	1
제재도	1
제재반발	1
제재에	1
제재에도	1
제재완화	1
제재완화가	1
제재종합	1
제재하면	1
제정돼야	1
제조	1
제조능력	1
제조방법	1
제조법	1
제조사별	1
제조업체	1
제조업체에	1
제주공항에	1
제주국제공항	1
제주도는	1
제주도당위원장	1
제주상사화	1
제주소식	1
제주시갑	1
제주에서	1
제주올레	1
제주의	1
제주지사	1
제주포럼	1
제지용인듯	1
제천서	1
제천시	1
제출자료	1
제출하는	1
제칠	1
제트기	1
제트기일반	1
제품은종합	1
제한적일	1
제한종합	1
제휴할인	1
젠20	1
젠더폭력	1
젠트리피케이션	1
졌지만	1
조각가	1
조각공원에	1
조강특위	1
조건은	1
조경의	1
조경태	1
조국에	1
조국연대	1
조국측	1
조국통일	1
조국통일민주주의전선	1
조금씩	1
조기대선	1
조기상환	1
조기지급	1
조기진단	1
조기총선시	1
조기출시	1
조기통과돼야	1
조끼	1
조난한	1
조달계약물품보다	1
조달물품	1
조달방안	1
조달종합	1
조달종합2보	1
조달종합3보	1
조던	1
조던구단주로는	1
조동원	1
조력	1
조력자	1
조롱말라	1
조류	1
조류독감	1
조립	1
조명으로	1
조명하는	1
조반니	1
조사관들	1
조사까지	1
조사냐	1
조사대상	1
조사서	1
조사업무	1
조사종합	1
조사중인	1
조사촉구	1
조사해달라	1
조선기자재업	1
조선기자재업체	1
조선신보	1
조선인들	1
조선총련	1
조선학교	1
조성부세르게이	1
조성종합	1
조성하자	1
조성환	1
조세소위	1
조세정책도	1
조세특혜	1
조세회피의혹	1
조세회피처	1
조소현	1
조슈아	1
조심조심	1
조심해야	1
조에서	1
조영욱	1
조용한	1
조울증	1
조울증이나	1
조원동	1
조원태	1
조윤선	1
조율종합	1
조율종합2보	1
조의	1
조이시티	1
조인다종합	1
조인트벤처	1
조장	1
조장종합	1
조절로	1
조절통제	1
조절하는	1
조정때	1
조정래가	1
조정신청	1
조정종합	1
조정할	1
조종간	1
조종묵	1
조종사는	1
조준사격	1
조지아인	1
조직관리	1
조직원	1
조직원들	1
조직위	1
조직적인	1
조직정비	1
조짐종합	1
조촐해진	1
조총과	1
조추첨	1
조추첨에	1
조치2보	1
조치로	1
조치종합	1
조치할	1
조코위	1
조평통	1
조평통도	1
조평통위원장	1
조폭유착	1
조해진	1
조현배	1
조현병	1
조현아	1
조현오	1
조회	1
조회서	1
족쇄없는	1
존경	1
존속에서	1
존슨에	1
존재로서의	1
존중하겠다	1
존쿡	1
졸도	1
졸업의	1
좀비	1
좁아지던	1
좁혀	1
좁히는	1
종결	1
종교소식	1
종교와	1
종교적으로	1
종교화해	1
종근당	1
종근당바이오	1
종로	1
종료일에	1
종목	1
종묘제례악	1
종별선수권	1
종부세	1
종신보험	1
종업원들의	1
종이로	1
종이책의	1
종전상태	1
종전을	1
종편	1
종합검사	1
종합대회	1
종합적	1
종합적으로	1
종합평가	1
좋네	1
좋다	1
좋다는	1
좋다종합	1
좋아진다	1
좋아질	1
좋아하는	1
좋음	1
좋지	1
좌고우면	1
좌익수는	1
좌장	1
좌파매체	1
좌파정권	1
좌파정당이	1
죄송스럽게	1
죄수	1
죈다	1
주5일	1
주가급등	1
주가급락	1
주가도	1
주간관심주	1
주간사로	1
주간지	1
주거비부담지수	1
주고	1
주권상장법인	1
주급	1
주기	1
주노	1
주니오	1
주담대	1
주도권	1
주도에서	1
주도한	1
주도해야	1
주독	1
주력은	1
주로	1
주루플레이	1
주류가	1
주름	1
주말까지	1
주말도	1
주말엔	1
주말전후	1
주말집회	1
주말집회종합	1
주먹으로	1
주목되는	1
주목받는	1
주목하라	1
주무부처	1
주문하고	1
주문하세요	1
주민동의	1
주민들	1
주민번호	1
주민센터	1
주민소환	1
주민위원	1
주민투표	1
주방가전	1
주변	1
주변에	1
주북	1
주사아줌마	1
주상복합	1
주상복합아파트	1
주석과	1
주세종	1
주소록에	1
주식관련사채	1
주식담보	1
주식시장	1
주식양수도	1
주식투자도	1
주식투자로	1
주신	1
주심	1
주심에	1
주에는	1
주에도	1
주역	1
주역들	1
주연테크	1
주요도시	1
주유권	1
주유소	1
주의보에	1
주의보종합	1
주의원	1
주이란	1
주이스탄불	1
주인	1
주인공이	1
주인과	1
주인이다	1
주입	1
주자는	1
주자들	1
주자마다	1
주장2보	1
주장을	1
주장이니	1
주장한	1
주장해	1
주전	1
주전들에	1
주제	1
주제는	1
주제로	1
주제판	1
주주	1
주주가	1
주주들이	1
주주명부	1
주주우대	1
주주총회	1
주주추천공모제	1
주중	1
주중대사	1
주지사	1
주창혁	1
주체위성	1
주최로	1
주최측	1
주축의	1
주택가에	1
주택건설	1
주택경기	1
주택공사와	1
주택금융공사	1
주택금융공사와	1
주택매매가격	1
주택복구	1
주택브랜드	1
주택사업	1
주택서	1
주택수	1
주택시장도	1
주택청약	1
주한대사	1
주한미군	1
주한미군은	1
주한호주대사	1
주행	1
주행거리	1
주행시험장	1
주형환	1
주호영	1
주홍콩총영사관	1
주효	1
죽	1
죽을	1
죽음	1
죽음학	1
죽이기	1
죽이는가	1
죽이는가종합	1
죽이려	1
죽인다	1
준결승	1
준다	1
준비가	1
준비됐다	1
준비되어	1
준비로	1
준비위	1
준비위원들	1
준비작업하나	1
준비작업하나종합	1
준비태세	1
준비할	1
준수할	1
준연동형	1
준우승	1
줄거나	1
줄다리기	1
줄리아니와	1
줄리엣	1
줄면서	1
줄부상	1
줄서기	1
줄어든다	1
줄었던	1
줄이기	1
줄이는	1
줄이려는	1
줄일게요	1
줌	1
줌아웃	1
중가폰	1
중간점검	1
중거리미사일	1
중거리핵전력조약	1
중견	1
중계권	1
중계권료	1
중계도	1
중계방송	1
중계시간	1
중고차	1
중국견제	1
중국경찰	1
중국계	1
중국과학원	1
중국군이	1
중국기업	1
중국몽은	1
중국미술관	1
중국산	1
중국수교	1
중국인들	1
중국인에	1
중국전	1
중국전서	1
중국판	1
중국팬	1
중국팬들	1
중국폰의	1
중국학생	1
중국행은	1
중기부	1
중기청	1
중기청장	1
중단없이	1
중단종합	1
중단한	1
중단할	1
중단할수도	1
중대고비	1
중대기로종합	1
중대도발	1
중대형	1
중도	1
중도상환수수료	1
중도성향	1
중도연합	1
중도우파	1
중도정당	1
중도정당과	1
중도하차	1
중독	1
중동정세는	1
중동지역	1
중동팀에	1
중동평화안	1
중동평화에	1
중동현안	1
중등	1
중량측정	1
중러	1
중력파	1
중립지대	1
중무장한	1
중문골프장서	1
중미	1
중미투자	1
중부권	1
중부발전	1
중북부	1
중산간	1
중성자별	1
중세	1
중소	1
중소거래소	1
중소기업과	1
중소기업사장	1
중소기업에	1
중소기업의	1
중소기업인과	1
중소기업전용	1
중소상공인	1
중소형이	1
중수로	1
중시한다	1
중심가서	1
중심가에	1
중심국	1
중심에	1
중심으로	1
중심의	1
중심지	1
중앙경제공작회의	1
중앙로	1
중앙보고회	1
중앙선관위	1
중앙아	1
중앙은행서	1
중앙일보	1
중앙정부가	1
중요종합	1
중요한가	1
중요할	1
중요해져	1
중위권	1
중의	1
중이온가속기	1
중일	1
중장거리	1
중재력	1
중재역인가	1
중재위	1
중저가요금제	1
중저가폰에	1
중종합	1
중지	1
중진들	1
중진들과	1
중징계	1
중징계받은	1
중징계해야	1
중추	1
중태종합	1
중화기	1
줘	1
줘야	1
쥐가	1
쥐났어요	1
즉시	1
즉시연금	1
즉위식에	1
즐겨	1
즐겨보세요	1
즐기고	1
즐비	1
증가가	1
증가세는	1
증가액	1
증가종합2보	1
증가하고	1
증감	1
증강	1
증강에	1
증강현실	1
증거가	1
증거인멸을	1
증권사와	1
증권사의	1
증권업	1
증권업종	1
증권투자자금	1
증명하겠다	1
증시에도	1
증시충격	1
증시풍향계	1
증언	1
증언도	1
증언사고전후	1
증언집	1
증언하는	1
증오범죄로	1
증원	1
증인공방	1
증인들	1
증인선서	1
증인채택	1
증진	1
증진해야	1
증평정보고	1
지경	1
지구관측위성	1
지구날씨에도	1
지구유출	1
지금까지	1
지금껏	1
지기	1
지나도	1
지나치게	1
지나친	1
지난주보다	1
지난해만	1
지능범죄수사대	1
지능형반도체	1
지능화경제종합	1
지니	1
지니뮤직	1
지니언스	1
지니톡	1
지단처럼	1
지도가	1
지도반출	1
지도부도	1
지도부부터	1
지도자에	1
지독한	1
지뢰도발	1
지뢰제거	1
지른	1
지리는	1
지명에	1
지명종합2보	1
지명직	1
지명타자제	1
지목	1
지목에	1
지목하자	1
지목한	1
지문	1
지방	1
지방강연	1
지방경기	1
지방분권	1
지방분권개헌국민회의	1
지방선거서	1
지방선거와	1
지방세	1
지방언론사	1
지방은행	1
지방자치	1
지방정부	1
지방정부들	1
지배	1
지배권력과	1
지배지분	1
지배하면	1
지분율	1
지분이	1
지불	1
지브롤터가	1
지상욱	1
지상파방송	1
지성준	1
지소연	1
지속가능경영	1
지속가능성	1
지속가능채권	1
지속가능한	1
지속리얼미터	1
지속이냐	1
지스타서	1
지시로	1
지시에	1
지시종합	1
지식인의	1
지식재산	1
지식재산권	1
지식패권	1
지신노협	1
지양해야	1
지어	1
지역경제에	1
지역구에	1
지역도	1
지역반발	1
지역방송	1
지역별	1
지역사회	1
지역서도	1
지역선관위	1
지역신문발전기금	1
지역언론인	1
지역에	1
지역엔	1
지역위원장	1
지역은	1
지역정서	1
지역주택조합	1
지역총국	1
지역활력센터	1
지역활성화	1
지연에	1
지연하면	1
지옥	1
지옥에서	1
지옥으로	1
지옥훈련	1
지와이커머스	1
지용제	1
지원금상한제	1
지원까지	1
지원단체에	1
지원물자	1
지원사격에	1
지원센터	1
지원의지	1
지원종합	1
지원중단	1
지원체계	1
지원한다	1
지웠다	1
지웰시티	1
지자체와	1
지자체의	1
지자체장	1
지장	1
지적도종합	1
지적엔	1
지적호기심	1
지점	1
지정된다	1
지정제도	1
지정한다	1
지지기반	1
지지는	1
지지받은	1
지지발언	1
지지에	1
지지율은	1
지지자	1
지지종합	1
지지종합2보	1
지지하나	1
지지하는	1
지지하지	1
지지한다	1
지지호소	1
지진경보	1
지진경보시스템	1
지진대책종합	1
지진도	1
지진알람까지	1
지진으로	1
지친	1
지카바이러스도	1
지켜본다	1
지켜와	1
지켜준	1
지켜줬죠	1
지켰다	1
지켰다고	1
지키	1
지키기	1
지키는	1
지키려	1
지키며	1
지키면	1
지킨	1
지킨다	1
지킨다면	1
지탱하는	1
지펠	1
지평	1
지폐	1
지핀	1
지하묘지	1
지하상가	1
지하서	1
지하철과	1
지하철서	1
지하철역	1
지하철역서	1
지향1보	1
지휘관	1
지휘의	1
직거래장터	1
직격탄에	1
직관도	1
직구만	1
직급	1
직면한	1
직무연수	1
직무정지	1
직무정지안	1
직무정지종합	1
직업교육	1
직원들과	1
직원메일	1
직원성과	1
직원에	1
직원이	1
직원자녀도	1
직원평가시	1
직위로	1
직장어린이집	1
직전의	1
직접협상	1
직책	1
직통령	1
직항편	1
직행	1
진	1
진급자들에	1
진단까지	1
진단서	1
진단종합	1
진단한	1
진도서	1
진땀	1
진력	1
진로개척	1
진먼다오	1
진미	1
진보의	1
진보정당	1
진상규명	1
진상규명도	1
진선미	1
진성태	1
진수	1
진실과미래위원회	1
진실말하는지	1
진실입니까	1
진심으로	1
진은숙	1
진입규제	1
진입도로	1
진입시	1
진입예정	1
진입종합	1
진입해	1
진전돼야	1
진전된	1
진전시키는	1
진정국면	1
진정성	1
진정세	1
진정에도	1
진주시	1
진지위	1
진지위로	1
진지하게	1
진짜로	1
진천	1
진출종합	1
진출토대종합	1
진출하자	1
진출한	1
진해	1
진행속보	1
진행자	1
진행종합2보	1
진행할수록	1
진화위해	1
진화율	1
진흥	1
진흥법	1
진흥위해	1
질긴	1
질러라	1
질롱	1
질롱코리아	1
질린	1
질문도	1
질문세례엔	1
질서	1
질서회복	1
질의	1
질의응답	1
질의하는	1
질적	1
질주종합	1
질타종합	1
질환으로	1
짐싼다	1
짐처리	1
집결해	1
집계약	1
집계와	1
집권당원	1
집권땐	1
집권여당	1
집권후반기	1
집단괴롭힘	1
집단소송	1
집단탈당	1
집단탈옥	1
집단항의로	1
집배원	1
집세	1
집안	1
집안싸움	1
집어	1
집어낸다	1
집에	1
집에서	1
집유	1
집유종합	1
집으로	1
집주인	1
집중1보	1
집중공략	1
집중단속	1
집중돼	1
집중포화	1
집중한게	1
집중형	1
집중호우	1
집행	1
집행위원	1
집행위원단	1
집행유예	1
집행유예로	1
집회서	1
집회에	1
짓나	1
징검다리	1
징계는	1
징계율	1
징벌적	1
징수	1
징역2년	1
징크스	1
징후시	1
짖어도	1
짚어가는	1
짚와이어	1
짜고친	1
짜릿한	1
짜야	1
짜장면	1
짝	1
짝꿍	1
짝이	1
짧게	1
짧고	1
짱기자가	1
쩍	1
쩐의	1
쩔쩔	1
쪼개고	1
쪼개지고	1
쪽배축제	1
쫓기는	1
쫙	1
쭉	1
찌워야	1
찍다	1
찍어	1
찍어내는	1
찍었나	1
찜통더위에	1
찝찝한	1
찢고	1
찢기	1
찢기고	1
찢은	1
찢청	1
차가	1
차고	1
차고스제도	1
차관에게	1
차관페북	1
차근차근	1
차는	1
차두리	1
차드와	1
차등	1
차등화	1
차량시위	1
차량에서	1
차량용	1
차량폭탄	1
차량호출	1
차려서	1
차로	1
차명	1
차명계좌	1
차바	1
차범근과	1
차범근축구상	1
차분	1
차분종합	1
차분한	1
차상현	1
차세대시스템	1
차우찬	1
차움의원	1
차원종합	1
차이	1
차이나블루로	1
차이콥스키	1
차지종합	1
차질없다	1
착수종합	1
착잡한	1
착착	1
착한기업	1
찬바람에	1
찬반양론	1
찬반표결	1
찬스서	1
참가는	1
참가에	1
참가절차	1
참가종합	1
참가팀	1
참가한	1
참가해야죠	1
참가활동정지	1
참견	1
참관단	1
참맛	1
참무섭다	1
참배로	1
참배에	1
참석자들과	1
참석차	1
참석했을뿐	1
참수작전	1
참아	1
참아야	1
참여가	1
참여기업	1
참여자들	1
참여키로	1
참여하고	1
참여해달라	1
참여형	1
참을	1
참의원선거	1
참패로	1
창구	1
창구로	1
창당발기인	1
창당정신	1
창당추진위	1
창당하려면	1
창립기념식	1
창비와	1
창사	1
창설	1
창업경진대회	1
창업멘토	1
창업추진위	1
창으로	1
창의	1
창의력을	1
창의력의	1
창의성의	1
창의축전	1
창의콘텐츠	1
창작	1
창작극	1
창작물	1
창작뮤지컬	1
창작썰매들	1
창작자	1
창작지원	1
창작춤	1
창작판소리	1
창정5호	1
창조경제박람회	1
창조경제센터	1
창조경제타운	1
창조경제혁신센터	1
창조센터장	1
창조에	1
창조적	1
창조하라	1
창출에	1
창출해	1
찾겠다종합	1
찾고	1
찾나종합	1
찾는다종합	1
찾아가는	1
찾아갑니다	1
찾아낸다	1
찾아낼	1
찾아라	1
찾아서	1
찾아온	1
찾아올	1
찾아종합2보	1
찾을까	1
채굴	1
채권단	1
채권단에	1
채권은	1
채권자	1
채권형은	1
채권형펀드	1
채널과	1
채널에	1
채무	1
채무불이행	1
채무상환	1
채무조정협상	1
채비	1
채성필	1
채용비리	1
채용은	1
채용인력	1
채용하면	1
채운	1
채운다	1
채택된	1
채택종합	1
채팅으로	1
책은	1
책을	1
책의	1
책이	1
책읽기	1
책임감	1
책임감으로	1
책임공방하며	1
책임근무제	1
책임도	1
책임문제로	1
책임보험	1
책임연구원	1
책임일까	1
책임자들	1
책임자에	1
책임지겠다종합	1
책임총리	1
책임총리로	1
책정	1
챔스서	1
챔프	1
챔프전부터	1
챔프전서	1
챔프전은	1
챔피언결정전	1
챔피언스리그	1
챔피언스리그서	1
챔피언스컵	1
챔피언십	1
챔피언전	1
챗봇	1
챗봇으로	1
챙겼다	1
챙기기	1
처가	1
처리건수는	1
처리에	1
처리에도	1
처리키로	1
처리해야	1
처리해야종합	1
처벌조항	1
처벌해야	1
처분종합2보	1
처분한다	1
처서	1
처용	1
처음엔	1
처지	1
척결	1
척결해야	1
척척	1
척추	1
척추고정장치	1
천	1
천거종합	1
천경자	1
천관율의	1
천국	1
천명	1
천명할	1
천문학적	1
천병혁의	1
천사에서	1
천사의	1
천상의	1
천신만고	1
천안함	1
천안함사건	1
천연잔디구장	1
천정배박주선	1
천지	1
천하	1
천해성	1
천혜절경의	1
천호식품	1
철거되는	1
철군계획	1
철군이	1
철도	1
철도공동체	1
철도노조	1
철도망	1
철도사업	1
철도연결	1
철도착공식	1
철벽	1
철벽엄호	1
철수는	1
철수완료종합3보	1
철수하는	1
철수하자	1
철야농성	1
철옹성	1
철의	1
철인	1
철저스모킹건	1
철퇴	1
철학자	1
철학자들	1
철회제도	1
첨단기술	1
첨단의료시스템	1
첩보	1
첩보이첩	1
첩보전에	1
첩첩산중	1
첫과제	1
첫눈	1
첫만남	1
첫발	1
첫번째는	1
첫예산	1
첫주재	1
첫판	1
첫회담	1
청	1
청각	1
청각장애인	1
청계광장에서	1
청계천	1
청과	1
청구소송	1
청구한	1
청년대변인	1
청년들	1
청년비례	1
청년위	1
청년위원장	1
청년이사로	1
청년작가공모전	1
청년정책연구소	1
청년학생	1
청년학생들	1
청년희망펀드	1
청두	1
청량리농수산물시장서	1
청량리역에	1
청렴사회	1
청룽	1
청문대전	1
청문회를	1
청문회법은	1
청문회해야	1
청문회후	1
청바지로	1
청백당에	1
청부사	1
청사서	1
청사진	1
청산	1
청산하러	1
청산하자	1
청산해야	1
청소년과	1
청소년들의	1
청소년복합문화센터	1
청소년을	1
청소년클럽팀	1
청소노동자	1
청소부터	1
청송	1
청신호종합	1
청약률	1
청약시스템	1
청약에	1
청약자의	1
청와대도	1
청와대부터	1
청와대서	1
청원	1
청원에	1
청원중	1
청장	1
청정	1
청주불교방송	1
청춘마이크	1
청탁금지	1
청탁금지법	1
체	1
체감경기	1
체결키로	1
체납	1
체류	1
체류객	1
체류인원	1
체르노빌	1
체벌	1
체불임금	1
체온으로	1
체육관	1
체육교류	1
체육성	1
체육시설	1
체육장관	1
체육회담	1
체인지	1
체제붕괴까지	1
체제영향	1
체제전환	1
체조하면	1
체질	1
체코	1
체포2보	1
체포동의안	1
체포돼	1
체포됐던	1
체포된	1
체포에	1
체포영장	1
체포와	1
체포자는	1
체포종합2보	1
체포했다가	1
체험공간	1
체험관	1
체험교실	1
체험기	1
체험부터	1
체험으로	1
체험전시	1
체험하러	1
체험해보니	1
체험해요	1
첼로	1
첼시리버풀	1
첼시전	1
쳐	1
초강세	1
초개인화	1
초겨울	1
초격차	1
초계기	1
초고강도	1
초고령사회	1
초고속	1
초과생산분	1
초과세수로	1
초급당위원장대회	1
초급당위원장대회서	1
초기부터	1
초기작	1
초기타격	1
초까지	1
초단타	1
초당	1
초당적협조	1
초대합니다	1
초등교	1
초등교사	1
초등부는	1
초등학교	1
초등학생	1
초등학생들	1
초라	1
초래된	1
초래한	1
초록우산	1
초반부터	1
초뽀	1
초선까지	1
초속	1
초신성	1
초연결	1
초연결사회	1
초예측	1
초월한	1
초월회	1
초유의	1
초이스	1
초저온전자현미경	1
초저지연	1
초점종합	1
초쯤	1
초청강연	1
초청에	1
초청은	1
초청작	1
초청종합	1
초청하겠다	1
초청한다	1
초코파이	1
초프리미엄	1
초프리미엄폰	1
촉구종합	1
촉매의	1
촉발	1
촉발한	1
촉진	1
촉진방안	1
촉진자	1
촌극	1
촛불로	1
촛불민심	1
촛불시위	1
촛불의	1
촛불혁명	1
총격범	1
총격사건	1
총격으로	1
총기규제	1
총기난사	1
총기난사는	1
총기든	1
총기참사로	1
총기참사종합5보	1
총기판매	1
총독	1
총량	1
총력대응	1
총리yonhap	1
총리감	1
총리도	1
총리들	1
총리로	1
총리사퇴로	1
총리에게	1
총리의	1
총리종합2보	1
총망라	1
총매출	1
총무성과	1
총무성차관	1
총무에	1
총부채	1
총사령관	1
총사퇴	1
총상	1
총상금	1
총선에도	1
총선연기론	1
총선용	1
총선이	1
총선이냐	1
총성	1
총수익지수	1
총수일가	1
총에	1
총자산	1
총정리	1
총출동에	1
총탄세례	1
총통	1
총통선거	1
총통선거에	1
총판	1
총회서	1
촬영물	1
촬영제안	1
촬영지	1
촬영하는	1
촬영한	1
최강종합	1
최강추위	1
최강한파	1
최강한파에	1
최경환	1
최고2보	1
최고경영자	1
최고과학기술인상	1
최고는	1
최고수위	1
최고액은	1
최고위급	1
최고위원으로	1
최고위원회의	1
최고점	1
최고제품	1
최고조	1
최고증가율	1
최고참	1
최남수	1
최다골	1
최다득점	1
최다선이냐	1
최다승	1
최다안타	1
최다타이	1
최다홈런	1
최단	1
최단기	1
최단기간	1
최대낙폭종합	1
최대변수	1
최대압박	1
최대압박의	1
최대애로는	1
최대전력	1
최루탄	1
최부일	1
최빈국서	1
최상의	1
최상인	1
최석기	1
최선	1
최선다해달라	1
최선의	1
최선종합	1
최선호	1
최선호주	1
최선호주는	1
최선희	1
최소등재기간	1
최소한	1
최소화대책	1
최소화하라	1
최소화해	1
최순실사태	1
최순실에	1
최승호	1
최신폰	1
최악은	1
최연소로	1
최영미	1
최용수	1
최우수	1
최우수선수에	1
최은영	1
최익제	1
최인훈	1
최장거리	1
최재경은	1
최재성	1
최저소득보장제	1
최저승률	1
최저연봉팀	1
최저연수	1
최저인	1
최저임금법	1
최저치리얼미터	1
최적	1
최전선에	1
최종목표는	1
최종일인	1
최종전	1
최종전으로	1
최종합의종합	1
최종훈련	1
최주환	1
최준용	1
최준우	1
최지만과	1
최첨단	1
최초의	1
최측근으로	1
최태원	1
최하	1
최홍석마저	1
최후	1
최후보루	1
최후통첩한	1
추가공격	1
추가공급	1
추가대책	1
추가대책도	1
추가데이터	1
추가배치	1
추가요금	1
추가유예안	1
추가전개	1
추가제한속보	1
추가지원	1
추가토록	1
추가할인	1
추격형	1
추경심사	1
추경은	1
추경처리	1
추경추진	1
추구	1
추구하는	1
추궁	1
추대4보	1
추대되나	1
추대론	1
추돌	1
추동하나	1
추락리얼미터	1
추락사고	1
추락에	1
추락하는	1
추락한듯	1
추모벽	1
추모식	1
추모열기속	1
추모일에	1
추모제	1
추모행사	1
추문제조기	1
추방3보	1
추방속보	1
추방으로	1
추방하려	1
추상적인	1
추석물가	1
추석에	1
추세	1
추세는	1
추승균	1
추신수는	1
추억	1
추억을	1
추워도	1
추워요	1
추워져	1
추월한	1
추위가	1
추위도	1
추위에	1
추인	1
추일승	1
추정물체	1
추정종합	1
추정종합2보	1
추진단계	1
추진돼야종합	1
추진방안	1
추진은	1
추진종합2보	1
추진한다종합	1
추진할	1
추진해야	1
추천방식	1
추천에	1
추천위	1
추천을	1
추천제품	1
추천한	1
추천합니다	1
추천해야	1
추천해주세요	1
추첨식	1
추첨행사	1
추출	1
추측	1
추행한	1
추후	1
축구감독	1
축구경기	1
축구공	1
축구꿈나무	1
축구는	1
축구단	1
축구대표팀과	1
축구대표팀에	1
축구대회서	1
축구도	1
축구로	1
축구리그	1
축구선수는	1
축구신화	1
축구에	1
축구인들	1
축구장에서	1
축구클럽	1
축구팬	1
축구학교	1
축구황제	1
축복	1
축사한	1
축제는	1
축제로	1
축제서	1
축제의	1
축제장	1
축출돼종합3보	1
축출됐던	1
축출된	1
축출한	1
축하난	1
축하받는	1
축하서한	1
축하인사	1
축하합니다	1
춘계중고농구연맹전	1
춘분	1
춘제	1
춘천mbc	1
춘천국제레저대회	1
춘천닭갈비막국수축제	1
춘천서	1
춘천시	1
춘천에서	1
춘천을	1
춘천인형극제	1
출간된	1
출격할	1
출고	1
출고고객에	1
출고식	1
출구	1
출구도	1
출구조사서	1
출구찾기	1
출국하는	1
출근대란	1
출근시간	1
출동현장을	1
출두	1
출두에	1
출렁다리	1
출력하듯	1
출마도	1
출마선언종합	1
출마하냐	1
출발에도	1
출발해	1
출범한다	1
출범후	1
출사	1
출사표	1
출산장려	1
출산주도성장	1
출생률	1
출석명령	1
출석한	1
출시될	1
출시에	1
출시일	1
출시합니다	1
출시행사	1
출신고	1
출연기관장협의회	1
출연진	1
출입금지	1
출입기자단과	1
출입인원	1
출입제한	1
출자전환	1
출장비	1
출전국	1
출전명단	1
출전하고파	1
출전하면	1
출전한	1
출정식종합	1
출판계는	1
출판기념회	1
출판노조협의회	1
출판문화협회	1
출판물에	1
출판사가	1
출판사업	1
출판산업	1
출판업자	1
출판지원	1
출품작	1
출항종합	1
춤	1
춤의	1
춥고	1
춥다	1
충격에	1
충격의	1
충격적	1
충격적인	1
충남기자협회	1
충남대	1
충남소식	1
충당부채	1
충돌우려	1
충돌현장	1
충방전장비	1
충북경찰	1
충북경찰청	1
충북도당	1
충북서	1
충북소식	1
충분히	1
충성	1
충성경쟁	1
충성맹세	1
충원	1
충장축제	1
충전율	1
충전한다고	1
충청대망론	1
충청모임	1
취급은	1
취득에	1
취득절차	1
취미생활	1
취소2보	1
취소돼	1
취소에	1
취소종합	1
취소하라종합	1
취약계층에	1
취업수험서	1
취업시켜주고	1
취업청탁	1
취업청탁일뿐	1
취임식에	1
취임한	1
취재현장의	1
취하겠다종합	1
취하는	1
취하다	1
취한	1
취할	1
취향	1
취향대로	1
취향저격	1
측근들	1
측에	1
치고도	1
치던	1
치러종합	1
치료비	1
치료용	1
치료효과	1
치르기로	1
치르는	1
치른	1
치마는	1
치마속에	1
치면	1
치명타	1
치악산	1
치우는	1
치운	1
치즈는	1
치차리토	1
치켜든	1
치킨	1
친	1
친eu	1
친구로	1
친구에게	1
친미	1
친박에서	1
친박은	1
친서	1
친선	1
친선경기서	1
친선예술축전	1
친선협조관계	1
친일논란	1
친일행위	1
친정체제	1
친정팀	1
친중	1
친중여론	1
친형	1
친환경농산물	1
친환경차	1
칠레와	1
칠레전	1
침략	1
침략으로	1
침몰종합	1
침묵종합	1
침묵하면	1
침수위기	1
침입한	1
침체	1
침통한	1
침투	1
침해대응	1
침해받지	1
칩	1
칩디자이너	1
칩셋	1
칭기즈칸	1
칭얼	1
칭찬해야	1
카	1
카길생명과학상에	1
카니발	1
카드는	1
카드발급	1
카드수수료율	1
카드업계	1
카라지치	1
카르바할	1
카르텔에	1
카메라맨	1
카메라앱	1
카메라에	1
카메라타	1
카메룬	1
카메룬은	1
카메오로	1
카바니	1
카바니와	1
카슈미르	1
카스트로	1
카스트로에	1
카시야스	1
카오스의	1
카오스재단	1
카운티의	1
카이로서	1
카이로에서	1
카이저	1
카이클	1
카잔	1
카잔의	1
카지노	1
카지노업체와	1
카카오m과	1
카카오내비	1
카카오메이커스	1
카카오메일	1
카카오미니	1
카카오미니c	1
카카오뱅크	1
카카오앱	1
카카오와	1
카카오의	1
카카오택시	1
카카오페이지와	1
카카오프렌즈	1
카카오프렌즈가	1
카타르에	1
카타르와	1
카터	1
카톡방	1
카톡에	1
카펫	1
카풀	1
카플레이	1
칼리파	1
칼바람까지	1
칼바람에	1
칼호텔	1
캄보디아서	1
캄보디아에	1
캄프	1
캉	1
캐나다로	1
캐나다산	1
캐나다에서	1
캐나다인	1
캐나다항공	1
캐스터가	1
캐시슬라이드	1
캐치프레이즈	1
캐치히어로즈	1
캔디	1
캠시스	1
캠프모바일	1
캠프서	1
캠핑장	1
캡	1
캡슐로	1
캣대디	1
커넥트	1
커넥티드	1
커녕	1
커들로	1
커리	1
커리어	1
커머스	1
커밍아웃	1
커버리지	1
커보여	1
커브드에서	1
커브로	1
커제	1
커져종합2보	1
커졌다	1
커진	1
커질	1
커피도	1
커피처럼	1
컨버전스	1
컨벤션서	1
컨설턴트	1
컨설팅	1
컨셉코리아	1
컨슈머리포트	1
컨테이너선	1
컬렉션	1
컬처럴	1
컬페퍼	1
컴퓨터	1
컴퓨터로	1
컴퓨터에	1
컴퓨팅	1
컵	1
컵대회	1
컵스전	1
컵스휴스턴전서	1
컷오프배제자	1
케냐서	1
케르치	1
케리	1
케빈	1
케어	1
케이로스	1
케이뱅크도	1
케이블tv	1
케이블tv도	1
케이블tv업계	1
케이블tv에	1
케이식	1
케이식에	1
케이식은	1
케이옥션	1
케이툰	1
케일린	1
켈	1
켈로부대	1
켜고	1
켜진	1
코	1
코네티컷	1
코넥스	1
코드커터	1
코디	1
코딩	1
코딩교육로봇	1
코딩스쿨	1
코랄	1
코레일	1
코리아그랜드세일	1
코리아는	1
코리아둘레길	1
코리아세일	1
코리아센터	1
코리아오픈	1
코리아코너	1
코리아팀	1
코리안더비	1
코리안심포니오케스트라	1
코미디	1
코바코화이인베스트먼트	1
코브라	1
코빈	1
코스닥도	1
코스닥시장	1
코스닥은	1
코스맥스	1
코스메카코리아	1
코스모스	1
코스모스축제	1
코스피보다	1
코스피와	1
코엑스서	1
코엑스에서	1
코엑스여기어때	1
코엔텍	1
코오롱생명과학	1
코오롱생명과학에	1
코오롱하늘채	1
코즈모폴리탄	1
코치가	1
코치나	1
코치뉴	1
코치에	1
코카인	1
코코본드	1
코코스코프	1
코트디부아르	1
코트에서	1
코픽스	1
콘서트로	1
콘서트장	1
콘셉트카	1
콘테스트	1
콘텐츠도	1
콘텐츠펀드	1
콘트롤타워	1
콘퍼런스기술설명회	1
콘퍼런스서	1
콜	1
콜과	1
콜드워	1
콜레라	1
콜로라도에서	1
콜로키움	1
콤팩트	1
콩고	1
콩그레스에	1
콩순이	1
콩순이부터	1
콩쿠르에서	1
콰르텟	1
콰트로	1
쾌재	1
쾌조의	1
쾌청한	1
쾰른	1
쿠드스의	1
쿠르드계	1
쿠르드군과	1
쿠릴열도서	1
쿠바특사	1
쿠쿠홀딩스	1
쿠티뉴도	1
쿠팡	1
쿠팡에	1
쿠폰	1
쿡으로	1
쿵	1
쿼드캠	1
퀀텀닷oled	1
퀄리티	1
퀴어	1
큐레이션	1
큐레이터	1
큐리언트	1
크	1
크고	1
크기	1
크기의	1
크다는	1
크라운제과	1
크래프트	1
크레머	1
크레타섬서	1
크렘린	1
크로스	1
크로아	1
크로아티아그리스	1
크롬	1
크루셜텍	1
크루즈가	1
크리스	1
크리스마스엔	1
크리스털팰리스	1
크리스토퍼	1
크리스퍼	1
큰걸음	1
큰듯	1
큰불종합	1
클락슨의	1
클래스	1
클래식과	1
클래식의	1
클러스터	1
클럽메드	1
클럽서	1
클럽에서	1
클럽월드컵	1
클럽챔피언십서	1
클럽하우스	1
클레이튼	1
클리블랜드전	1
클린베이스볼	1
클린에너지	1
키	1
키노트와	1
키는	1
키르기스스탄	1
키르기스스탄에서	1
키스를	1
키오스크로	1
키우자	1
키운다종합3보	1
키웠지만	1
키이스트	1
키즈	1
키즈교실	1
키즈맘	1
키즈테인먼트	1
키케	1
키트로	1
킨텍스	1
킬체인	1
타	1
타격권	1
타격목표	1
타격전력	1
타격줄까	1
타격코치	1
타고난	1
타구	1
타구가	1
타구에	1
타국	1
타깃으로	1
타네	1
타다	1
타당성	1
타도제국주의동맹	1
타들어	1
타려면	1
타법인	1
타사에	1
타석부터	1
타악	1
타이거즈	1
타이기록	1
타이어월드에	1
타이종합	1
타이중에서	1
타이틀	1
타인	1
타임라인에서	1
타자다	1
타자들과	1
타자들이	1
타자로	1
타점	1
타조	1
타지역	1
타지키스탄	1
타진했을	1
타파	1
타협	1
탁구	1
탄광	1
탄도	1
탄도로켓	1
탄두중량	1
탄력근로	1
탄력받나	1
탄력받은	1
탄생종합	1
탄생했지만	1
탄성이	1
탄소섬유	1
탄소직물	1
탄약고서	1
탄자니아서	1
탄핵가결	1
탄핵보고서	1
탄핵사유	1
탄핵소추	1
탄핵소추위	1
탄핵안	1
탄핵여론	1
탄핵위기	1
탄핵정국	1
탄핵조사	1
탄핵패션도	1
탄핵표결	1
탈꼴찌	1
탈당계	1
탈당배수진	1
탈당선봉	1
탈당파도	1
탈당파와	1
탈락종합	1
탈락팀들	1
탈레반과	1
탈레반과의	1
탈북민	1
탈북민은	1
탈북시도에도	1
탈북에	1
탈북작가의	1
탈북종합2보	1
탈북할	1
탈북했다	1
탈선테러	1
탈선해	1
탈세	1
탈영	1
탈원전	1
탈출엔	1
탈출종합	1
탈취	1
탈퇴파	1
탈핵정책	1
탈환종합2보	1
탐구	1
탐사도종합	1
탐사선	1
탐색	1
탐색한	1
탐지	1
탑승	1
탑승자	1
탔어요	1
탕펑	1
탕평채	1
태	1
태국내	1
태국불교	1
태국에서	1
태권도부	1
태권도시범단	1
태권소녀	1
태극	1
태극낭자들	1
태극마크	1
태극전사들	1
태극전사에	1
태극제약	1
태릉선수촌	1
태백시	1
태양광발전소	1
태어나	1
태어날	1
태영건설	1
태영호는	1
태용호	1
태운다종합2보	1
태움	1
태워	1
태평무	1
태평양에	1
태평양함대	1
태풍경보	1
태풍상륙날	1
태풍에	1
택지	1
택할	1
탭	1
탱고	1
탱고발레	1
탱크를	1
탱크맨	1
터너	1
터너는	1
터무니없는	1
터졌다	1
터지고	1
터진다	1
터질	1
터칭의	1
터키발	1
터키와	1
터키조종사	1
터트리면	1
턱걸이	1
턱밑	1
턴	1
턴키계약	1
텀블러와	1
텃밭	1
텅	1
테니스즐겨	1
테라세미콘	1
테라젠이텍스	1
테러개입	1
테러단체	1
테러도	1
테러를	1
테러범	1
테러선전	1
테러에	1
테러영상	1
테러와의	1
테러위협	1
테러자금지원	1
테러조직으로	1
테러지원국서	1
테러피해자에	1
테러현장	1
테리	1
테마여행	1
테마주	1
테스	1
테스트베드	1
테슬라	1
테이블로	1
테이크아웃	1
테일러	1
테크	1
테헤란서	1
텍사스는	1
텍스트	1
텐	1
텔콘	1
템플스테이	1
톈궁	1
톈진	1
토끼간	1
토니모리	1
토레스	1
토론토로	1
토론토서	1
토론토에	1
토론토와	1
토론회에서	1
토론회장	1
토마스	1
토머스	1
토성	1
토성으로	1
토요일	1
토요일마다	1
토종브랜드에	1
토지	1
토지가액	1
토지에	1
토카예프	1
토크쇼	1
토크콘서트	1
토트넘을	1
토하는	1
톤즈를	1
톤플러스	1
톰프슨	1
톱	1
톱3	1
톱5	1
톱시드	1
톱타자	1
통계	1
통계청과	1
통과가	1
통과법안	1
통과시켜야	1
통과시켜야종합	1
통과에	1
통과종합	1
통과종합2보	1
통과한다	1
통과할	1
통과해야	1
통렬	1
통로	1
통번역	1
통보에	1
통보종합2보	1
통상본부장	1
통상절차	1
통설	1
통수권	1
통신가입자	1
통신감시	1
통신공룡들의	1
통신공사업체	1
통신대란	1
통신망	1
통신망으로	1
통신모듈	1
통신사들	1
통신사에	1
통신사와	1
통신시설	1
통신업계	1
통신업체	1
통신은	1
통신자료	1
통신포털	1
통역	1
통역과	1
통일거점	1
통일과	1
통일교육원	1
통일교육위원	1
통일그림동화	1
통일농구경기	1
통일대박론	1
통일박람회	1
통일부장관	1
통일부장관과	1
통일비서관에	1
통일시집	1
통일시험장	1
통일의	1
통일장관과	1
통일차관	1
통장	1
통장이	1
통전부장	1
통전부장에	1
통제당해	1
통제안돼	1
통제하는	1
통제할까	1
통제해야	1
통찰	1
통첩	1
통추협	1
통치력	1
통치하라	1
통쾌한	1
통큰	1
통통tv	1
통통영상	1
통통통	1
통학	1
통할	1
통할까	1
통합ti	1
통합관리시스템	1
통합관리제	1
통합관제센터	1
통합극단	1
통합논의	1
통합마케팅종합	1
통합우승으로	1
통합조회에	1
통합하려	1
통합하면	1
통해요	1
통화기록에	1
통화내용	1
통화량	1
통화로	1
통화유출	1
통화정책	1
통화품질	1
통화하고	1
통화하는	1
톺아보다	1
퇴거	1
퇴근길	1
퇴보하는	1
퇴사	1
퇴사를	1
퇴사자	1
퇴역	1
퇴역장교	1
퇴임까지	1
퇴임앞둔	1
퇴장까지	1
퇴장조치	1
퇴조하는	1
퇴직종합2보	1
퇴진당론에	1
퇴진시켜야	1
퇴진운동	1
퇴진하지	1
퇴진후	1
퇴짜에	1
퇴치	1
투	1
투구에	1
투구종합	1
투기과열지구	1
투기자본감시센터	1
투니버스	1
투명	1
투명성	1
투명에	1
투수가	1
투수상	1
투수상이	1
투스크	1
투스크와	1
투어공연	1
투어리즘	1
투어챌린저	1
투영	1
투옥	1
투입은	1
투입할지	1
투입해야	1
투자계약	1
투자냐	1
투자는	1
투자만	1
투자매력	1
투자상품	1
투자성향	1
투자숙려제도	1
투자심리	1
투자에	1
투자자	1
투자자는	1
투자자문사	1
투자자산	1
투자전문회사들	1
투자중개망	1
투자키로	1
투자펀드	1
투자하는	1
투자해야	1
투자협약	1
투척소동	1
투표서도	1
투표소	1
투표와	1
투표현장	1
투혼	1
툭툭	1
툴젠	1
튀니지대통령	1
튤립	1
튤립축제	1
트는	1
트라우트는	1
트라우트에게	1
트라이아웃에	1
트랙맨	1
트러스트부동산	1
트럭과	1
트럼프급	1
트럼프김정은	1
트럼프내들러	1
트럼프라이언	1
트럼프로	1
트럼프발	1
트럼프에겐	1
트럼프이스라엘	1
트럼프캠프	1
트레이너	1
트레이드건	1
트레일러	1
트레킹	1
트렌드는	1
트로피는	1
트롬건조기	1
트리오	1
트리오는	1
트리플캠	1
트윈스	1
트윗	1
특가	1
특감반	1
특감반원	1
특강	1
특검법	1
특검보고서에	1
특검수사	1
특검에게	1
특검팀	1
특구평가에	1
특권귀족노조	1
특급열차	1
특별감시	1
특별감찰관	1
특별감찰반이	1
특별검사	1
특별공천	1
특별기까지	1
특별당비	1
특별대우	1
특별방송	1
특별법	1
특별보고관	1
특별상	1
특별상품	1
특별수사	1
특별예산	1
특별위원회	1
특별지원	1
특별프로그램	1
특보	1
특사단	1
특사에	1
특사파견	1
특산품에	1
특성	1
특수관계	1
특수부	1
특수부대	1
특수통	1
특위	1
특이경력	1
특전부대	1
특전사	1
특정국가	1
특정인	1
특조위	1
특집다큐	1
특집방송	1
특징	1
특징은	1
특징은종합	1
특판	1
특허료	1
특허출원	1
특허침해	1
특혜	1
특혜지원	1
특활비	1
튼다	1
튼튼한	1
틈메우기	1
틈새공략도	1
틈새시장	1
틔우나	1
티맥스os	1
티볼리	1
티비	1
티저	1
틸먼	1
팀당	1
팀워크	1
팀의	1
팀장과	1
팀재건	1
팀종합	1
팀타율	1
파견검사	1
파견법은	1
파견요청	1
파고	1
파괴될것	1
파괴적	1
파국	1
파급력	1
파급효과	1
파기	1
파다르는	1
파다르보다	1
파도를	1
파동	1
파라과이	1
파라다이스	1
파라다이스zip	1
파리기후협정	1
파리모터쇼	1
파리에서의	1
파리테러	1
파리협정	1
파문에	1
파스시장	1
파스타	1
파악이	1
파악종합	1
파악해야	1
파업에	1
파업이라고요	1
파업하는	1
파운드	1
파워	1
파율루	1
파이낸셜리더스	1
파이어스	1
파이터	1
파이팅하는	1
파인	1
파인텍	1
파일	1
파장에	1
파주	1
파충류	1
파충류보다는	1
파커	1
파크히어	1
파키스탄서	1
파키스탄에	1
파튜의	1
파트너	1
파트너로	1
파트너스	1
파파고	1
파행에	1
판결촉구	1
판교	1
판교점	1
판권	1
판도	1
판도라tv	1
판독장치	1
판로	1
판매가격	1
판매금지	1
판매로	1
판매수익금	1
판매액	1
판매은행에	1
판매자	1
판매전	1
판매점서	1
판매점에	1
판매중단	1
판매처	1
판문점대표부	1
판문점도끼사건은	1
판문점선언에	1
판사들까지	1
판세	1
판에서	1
판작업진행중	1
판정부	1
판정해	1
판촉행사	1
판테온	1
판형열교환기	1
판화성서	1
팔	1
팔렘방에서	1
팔리네	1
팔린	1
팔릴	1
팔릴까	1
팔며	1
팔아라	1
팔카오	1
팜	1
팝	1
팝니다	1
팝스타	1
팝업	1
팟캐스터가	1
팟캐스트	1
팟캐스트는	1
팡팡	1
패권몽	1
패권주의	1
패권탐욕	1
패기	1
패널	1
패널업계	1
패닉	1
패륜적	1
패배를	1
패배한	1
패션쇼	1
패싱	1
패자	1
패자부활	1
패장	1
패치해야	1
패키지	1
패키지에	1
패턴	1
패트리엇까지	1
패하고도	1
패했지만	1
팬이	1
팬클럽	1
팬텀싱어	1
팬투어	1
팬투표	1
팰리스	1
팰리스와	1
팹리스	1
팻핑거	1
팽목항	1
팽창	1
퍼블리싱	1
퍼스트래디	1
퍼스트젠틀맨	1
퍼져	1
퍼즐조각이	1
펀더멘털	1
펀드수익률	1
펀드슈퍼마켓	1
펀드에	1
펑크난	1
페덱스	1
페르난데스	1
페리선에	1
페리스코프	1
페미니즘	1
페블레	1
페스티벌에	1
페이	1
페이스	1
페이스id	1
페이스북은	1
페이스북코리아	1
페이지	1
페이지만	1
페이퍼스	1
펜스	1
펜스의	1
펜타카메라로	1
펠레	1
펠로시	1
펭수	1
펴는데	1
편견	1
편대	1
편도항공권	1
편볍증여	1
편성키로	1
편안하게	1
편안한	1
편의성	1
편의점시장	1
편의점에서	1
편익	1
편입	1
편지로	1
편집국장	1
편집에	1
편집은	1
편집한다	1
편파	1
편하고	1
편하다	1
편향	1
편혜영의	1
펼치고	1
펼치는	1
펼칠	1
폄훼	1
평가기관	1
평가서	1
평가전서	1
평가종합2보	1
평가지표서	1
평가해달라	1
평가해주실	1
평균가격	1
평균구속	1
평균기온	1
평균소비성향	1
평균연봉	1
평균자책점도	1
평균집값	1
평남지역	1
평년기온	1
평년대비	1
평년의	1
평당	1
평등선거	1
평론가가	1
평생	1
평양공항에	1
평양과	1
평양남북정상회담	1
평양도착	1
평양떠난	1
평양선언	1
평양시	1
평양에	1
평양의	1
평양정상회담문대통령	1
평양정상회담북한	1
평양하노이	1
평전	1
평정한	1
평창군민	1
평창에	1
평창에디션	1
평할	1
평화가	1
평화기원	1
평화로운	1
평화로웠던	1
평화를	1
평화시위할것	1
평화애호국	1
평화올림픽	1
평화위해	1
평화유지	1
평화유지군	1
평화적	1
평화적으로	1
평화정착	1
평화체제	1
평화체제에	1
평화촉진	1
평화학교	1
폐기물	1
폐막식	1
폐섬유	1
폐쇄기간	1
폐쇄된	1
폐쇄때	1
폐암	1
폐업위기서	1
폐지는	1
폐지법안	1
폐지의	1
폐회식	1
포	1
포개진다	1
포괄협의	1
포그바	1
포근하고	1
포근해요	1
포기압박	1
포기한	1
포로로	1
포로셴코	1
포로셴코젤렌스키	1
포로피랍	1
포르도	1
포르쉐	1
포르스베리	1
포르테	1
포상제	1
포상하는	1
포석	1
포석종합2보	1
포수론	1
포스에	1
포스코ict	1
포스코엠텍	1
포스코와	1
포스코케미칼	1
포스코플랜텍	1
포스텍	1
포에	1
포용	1
포용국가	1
포용성장	1
포인트는	1
포즈	1
포지션을	1
포천	1
포청천	1
포켓수첩	1
포털규제	1
포틀랜드	1
포퓰리스트	1
포퓰리즘	1
포퓰리즘과	1
포함에	1
포함종합2보	1
포함해야	1
포항kbs	1
포항북	1
포항은	1
포항지사	1
포효	1
포효한	1
폭격기에	1
폭격종합2보	1
폭력에	1
폭력진압	1
폭로자	1
폭로전	1
폭리	1
폭발력	1
폭발로	1
폭발물수거	1
폭발사고	1
폭발성물질	1
폭발적	1
폭발참사	1
폭발하는	1
폭설로	1
폭스뉴스	1
폭스브레인홀딩스	1
폭스콘도	1
폭압	1
폭언	1
폭염에	1
폭염엔	1
폭우에	1
폭죽값	1
폭탄전화로	1
폭파	1
폭풍성장하는	1
폭행사건	1
폭행사건과	1
폭행종합	1
폭행한	1
폭행혐의	1
폰보다	1
폴	1
폴더2	1
폴더블폰에	1
폴더폰	1
폴더형	1
폴란드도	1
폴란드슬로바키아	1
폴란드에	1
폴란드회의	1
폼페이오가	1
표기	1
표류	1
표류사태	1
표류하던	1
표명에	1
표명하라	1
표시종합	1
표심에	1
표심잡기	1
표어	1
표정도	1
표정으로	1
표준api	1
표준감사시간	1
표준협회	1
표지논문	1
표창원	1
표출	1
표현의	1
푸	1
푸는	1
푸드쇼케이스	1
푸드윈도	1
푸르른	1
푸른숲	1
푸에르토리코	1
푸이그	1
푸이그에게	1
푸이그의	1
푸틴김정은	1
푸틴아베	1
푸틴에르도안	1
푸홀스	1
푹	1
푼	1
푼도	1
풀고	1
풀까	1
풀려나	1
풀릴까	1
풀백이	1
풀스윙	1
풀스크린	1
풀어야	1
풀어줄	1
풀자	1
풀타임케인	1
품격	1
품목	1
품은	1
품질인증제	1
풋볼	1
풋살파크	1
풍계리는	1
풍계리서	1
풍기는	1
풍년	1
풍덩	1
풍력	1
풍부한	1
풍선	1
풍선폭탄에	1
풍성종합	1
풍성한	1
풍속	1
퓨전	1
퓨처리스트	1
퓨처스리그	1
퓨처스팀	1
프라하의	1
프랑스놈들	1
프랑스로	1
프랑스문학	1
프랑스식	1
프랑스어의	1
프랑스에	1
프랑스월드컵	1
프랑스이란	1
프랑스인	1
프랑크푸르트공항서	1
프랜차이즈	1
프럼파스트	1
프레스코	1
프로6	1
프로골퍼	1
프로그램의	1
프로야구결산	1
프로야구선수	1
프로야구선수협회	1
프로젝트도	1
프로축구연맹	1
프로팀과	1
프리	1
프리랜서	1
프리미어12	1
프리미엄급	1
프리베이식스	1
프리시즌	1
프리워커로	1
프리킥골	1
플라자합의	1
플래그	1
플래시메모리	1
플랜트본부	1
플랫폼에	1
플레이송스	1
플레이스	1
플레이어에	1
플레이오프	1
플로	1
플로레스는	1
플로리다서	1
플루서	1
플루토늄	1
플리바겐	1
플리토	1
피겨대회	1
피겨스	1
피격에	1
피고인	1
피곤	1
피날레	1
피닉스	1
피란수도	1
피렌체	1
피묻은	1
피바람	1
피부로	1
피부양	1
피부에	1
피뿌리풀	1
피서여행지로	1
피서인파	1
피서지	1
피서지마다	1
피신	1
피싱	1
피앤이솔루션	1
피어나종합	1
피에스케이	1
피에스텍	1
피엘에이	1
피용	1
피우면	1
피의사실	1
피의자	1
피의자로	1
피자헛	1
피천득	1
피츠버그는	1
피츠버그신시내티	1
피츠버그애틀랜타	1
피칭	1
피칭머신	1
피칭으로	1
피폭	1
피플파워	1
피피아이	1
피하겠나	1
피하고	1
피하려	1
피하세요	1
피한	1
피해대책위원회	1
피해도	1
피해라	1
피해민	1
피해보다	1
피해예방	1
피해왔는데	1
피해자들이	1
피해자로	1
피해자에	1
피했지만	1
픽셀폰	1
핀	1
핀다	1
핀테크로	1
핀테크위크	1
핀테크인의	1
필	1
필까	1
필라델피아에	1
필라델피아에서	1
필리버스터	1
필리핀인들	1
필립공	1
필립스	1
필수설비	1
필승코리아	1
필요시	1
필요조건은	1
필요최소인력으로	1
필요하고	1
필요하면	1
필요한가	1
필요했다	1
필터링기능	1
필하모닉	1
핏비트	1
핑거터치	1
하	1
하강에	1
하겠다	1
하그	1
하기	1
하기엔	1
하길	1
하나금융그룹	1
하나금융투자	1
하나돼야	1
하나된	1
하나된다	1
하나로	1
하나였을	1
하나원	1
하나은행주금공	1
하나일뿐	1
하나제약	1
하나종합	1
하나카드	1
하남	1
하노버서	1
하늘광장	1
하늘길	1
하늘사랑	1
하니	1
하니깐	1
하다	1
하도급	1
하도급법위반	1
하도록	1
하락갤럽	1
하락세종합	1
하락에	1
하락으로	1
하락할	1
하러	1
하려	1
하려고	1
하려고요	1
하루를	1
하루만	1
하루빨리	1
하루에만	1
하루키	1
하루키의	1
하만	1
하메네이	1
하며	1
하반기경제	1
하반기에	1
하산해야	1
하석주	1
하세요	1
하순	1
하야	1
하야보다는	1
하야투	1
하양	1
하얗게	1
하언태	1
하와이	1
하위	1
하위법령	1
하위팀의	1
하이	1
하이원	1
하이즈항공	1
하이징스	1
하이테라와	1
하청기업	1
하프타르	1
하프타르와	1
하향조정	1
하현회	1
학과	1
학교비정규직연대회의	1
학교에	1
학대	1
학대당한	1
학대받던	1
학범슨	1
학생경찰	1
학생복지	1
학생에	1
학술	1
학술대회서	1
학술지	1
학습	1
학연	1
학자들	1
학회	1
한uae	1
한개도	1
한걸음	1
한계가	1
한계차주에	1
한광성	1
한국119소년단	1
한국4호스팩	1
한국eu	1
한국idc	1
한국ms	1
한국감정원	1
한국감정원과	1
한국거래소신한은행	1
한국건설산업연구원	1
한국고객	1
한국고고학저널	1
한국고대사	1
한국과학영재학교	1
한국관광의	1
한국괴물백과	1
한국금융지주	1
한국기업들	1
한국기자협회장	1
한국노총	1
한국노총은	1
한국당과	1
한국당도	1
한국당행	1
한국대표	1
한국도로공사	1
한국도로공사의	1
한국독립운동인명사전	1
한국멕시코전	1
한국무용제전	1
한국문화	1
한국미술	1
한국민주주의	1
한국방문	1
한국방송대상	1
한국법인	1
한국비자신청센터	1
한국사진기자협회	1
한국서도	1
한국서비스품질지수	1
한국성장금융	1
한국수입협회	1
한국스웨덴전	1
한국심장재단에	1
한국야구의	1
한국어교육	1
한국언론정보학회장에	1
한국언론학회	1
한국에는	1
한국에서는	1
한국연극연출가협회	1
한국영화와	1
한국영화제	1
한국오페라도	1
한국우즈베크전	1
한국운용	1
한국유럽연합	1
한국은행	1
한국음식	1
한국음악	1
한국이	1
한국이야말로	1
한국인물사전	1
한국인터넷거버넌스포럼	1
한국인터넷기자협회	1
한국작가회의	1
한국전력과	1
한국전력은	1
한국전쟁의	1
한국정보화진흥원대구시	1
한국정부의	1
한국주간	1
한국주행사	1
한국청년	1
한국총영사관	1
한국출판문화산업진흥원장에	1
한국측에	1
한국콜마	1
한국태국	1
한국토요타어린이안전재단	1
한국토지신탁	1
한국투자	1
한국패션	1
한국편종합	1
한국프레스센터에	1
한국항공우주	1
한국행	1
한국현대시의	1
한국형tdf	1
한글	1
한글과컴퓨터아이나무	1
한글날	1
한글도메인	1
한글에서	1
한글주택	1
한길사	1
한꺼번에	1
한남	1
한남3구역	1
한낮	1
한낮에도	1
한달간	1
한달도	1
한달새	1
한달여만에	1
한동민	1
한동희	1
한라ims	1
한라산의	1
한라에서	1
한류다큐	1
한류스타	1
한류에	1
한류열풍	1
한류콘텐츠	1
한마당축제	1
한목소리종합	1
한몫	1
한미관계	1
한미글로벌	1
한미동맹이	1
한미에	1
한미연합	1
한미연합훈련	1
한미정상회담서	1
한미훈련에	1
한민구	1
한민족방송의	1
한반도기	1
한반도를	1
한발	1
한발이라도	1
한밤의	1
한방글라데시	1
한벨기에	1
한병철	1
한복판	1
한복판서	1
한복판에	1
한부모	1
한부모가족	1
한사코	1
한상혁	1
한샘	1
한선교	1
한선수	1
한성백제문화제	1
한성백제박물관	1
한성숙	1
한세실업	1
한세트	1
한솔피엔에스	1
한솥밥	1
한수원과	1
한숨돌린	1
한승혁	1
한시적	1
한시조직에서	1
한신평	1
한양대박물관	1
한양언론인상	1
한양이	1
한오스트리아	1
한옥	1
한이란	1
한이스라엘	1
한인	1
한인도네시아	1
한인회	1
한일관계	1
한일외교장관	1
한일의원연맹	1
한일정상	1
한일정상회담	1
한자리서	1
한자리에종합	1
한자릿수로	1
한전kps	1
한전배구단	1
한전산업	1
한전아트센터	1
한전의	1
한정애	1
한정훈도	1
한줄기	1
한중관계	1
한중외교	1
한중일은	1
한중일패스	1
한지	1
한진그룹	1
한진그룹주	1
한진에	1
한진해운은	1
한진회장	1
한참	1
한척은	1
한컴그룹	1
한컴한국디지털미디어고	1
한터키	1
한파는	1
한파종합	1
한화가	1
한화손해보험	1
한화시스템	1
한화시스템한화sc	1
한화에	1
한화의	1
한화테크윈	1
한화투자증권	1
할것	1
할것종합	1
할까	1
할당	1
할듯	1
할로웨이	1
할말	1
할머니는	1
할부구매	1
할인고객도	1
할인판매	1
할인혜택에	1
할지도	1
핥기	1
함경북	1
함경북도	1
함께종합	1
함양	1
함양으로	1
함정수사에	1
함평엑스포공원	1
합격점	1
합금	1
합동기자회견	1
합동단속	1
합동대응팀	1
합동토론	1
합류한	1
합리적	1
합법적으로	1
합법화해야	1
합병선언	1
합병에	1
합병으로	1
합성고무	1
합의금	1
합의기대	1
합의나	1
합의는	1
합의대로	1
합의되면	1
합의불발	1
합의없는	1
합의이행	1
합의종합2보	1
합의탈퇴	1
합의하면	1
합의할	1
합의할듯	1
합의해서	1
합작	1
합작사업	1
합작할까	1
합종연횡	1
합창	1
합칠	1
핫플레이스	1
항고	1
항공	1
항공노선	1
항공료	1
항공마일리지	1
항공모함	1
항공사	1
항공사도	1
항공사에	1
항공우주	1
항공유	1
항공편	1
항구	1
항구도	1
항구의	1
항만공사가	1
항모에	1
항소	1
항소심	1
항암유전자	1
항암치료	1
항염증	1
항우연	1
항의로	1
항의방문	1
항의해	1
항쟁의	1
항저우	1
항저우로의	1
항해할	1
항행의	1
해wsj	1
해갈에	1
해결능력	1
해결될	1
해결시한	1
해결은	1
해결책은	1
해결하는	1
해결하면	1
해결할	1
해경국	1
해경선	1
해고는	1
해골	1
해군력	1
해군사령관	1
해군연합훈련	1
해군총장	1
해남	1
해남군	1
해낸데	1
해넘이	1
해녀와	1
해달라	1
해당언론	1
해독제가	1
해리	1
해리스	1
해리포터	1
해명	1
해명은종합2보	1
해법과	1
해변에서	1
해병대원	1
해보고	1
해볼	1
해볼만하다	1
해빙기	1
해산	1
해상	1
해상용	1
해상작전	1
해상통신망	1
해석	1
해설도	1
해설영상	1
해설진으로	1
해설하는	1
해속보	1
해수욕장으로	1
해안경비대	1
해야죠	1
해양경찰	1
해양경찰청	1
해양경찰청장에	1
해양구조물	1
해양기술	1
해양안보	1
해양연구선	1
해양연구에	1
해양플랜트	1
해역	1
해역서	1
해외ib	1
해외ir	1
해외검열단	1
해외기술교류	1
해외문화홍보원장	1
해외발전사업	1
해외방송사	1
해외서	1
해외서도	1
해외서버로	1
해외선	1
해외송금	1
해외송금서비스	1
해외에	1
해외에서	1
해외점포	1
해외조달시장	1
해외조사단	1
해외조회율	1
해외주식	1
해외통화	1
해외투자	1
해외파	1
해외파생상품	1
해외펀드	1
해운	1
해운대서	1
해운대해수욕장	1
해운업	1
해운업계	1
해운협정	1
해운회의소	1
해임건의안	1
해임결의안	1
해임안	1
해임하라	1
해임한	1
해적	1
해주니	1
해지절차	1
해지환급금	1
해직	1
해처럼	1
해체작업	1
해쳐	1
해충에	1
해커의	1
해킹당해도	1
해킹돼	1
해킹방지	1
해킹에	1
해킹위험	1
해킹할	1
해태제과	1
해태제과식품	1
해트트릭에	1
해피	1
해피오더와	1
핵기술	1
핵도발	1
핵도발로	1
핵무기로	1
핵무기없는	1
핵무기연구소	1
핵무장	1
핵무장하면	1
핵문제	1
핵문제에	1
핵보유	1
핵보유국에	1
핵보유국회의	1
핵실험에	1
핵심기술	1
핵심은	1
핵심장치	1
핵심표적	1
핵억제력	1
핵잠	1
핵잠수함	1
핵탄두수	1
핵테러리즘	1
핵포기	1
핵폭주	1
핵폭탄	1
핸즈코퍼레이션	1
핼러윈축제	1
핼러윈호러나이츠축제	1
햄슨	1
햇볕에	1
했나	1
했다	1
했다가	1
했다종합	1
했더니	1
했어요	1
했으니	1
했으면	1
했을	1
행동에	1
행동으로	1
행렬에	1
행렬은	1
행렬종합	1
행보로	1
행보에	1
행보종합	1
행복리포트	1
행복주택	1
행복해요	1
행사금지	1
행사에도	1
행사하면	1
행사한다면	1
행사할	1
행성에도	1
행성의	1
행안위	1
행안위서	1
행안장관	1
행운	1
행운의	1
행위이자	1
행위종합	1
행자부	1
행자부유엔	1
행정규제기본법	1
행정명령	1
행정부에	1
행정안전부	1
행정에	1
행정장관에	1
행정절차	1
행정정보	1
행정지도	1
행정처리	1
행태	1
향기	1
향기로	1
향방	1
향방은	1
향배	1
향배엔	1
향상위해	1
향상한다	1
향상해야	1
향수에	1
향취	1
향토박물관	1
향토박물관도	1
허가신청	1
허경민	1
허난성서	1
허들	1
허리케인	1
허리케인의	1
허브나라농원	1
허사비스	1
허상	1
허수경	1
허수봉	1
허식	1
허영만	1
허용법	1
허용여부	1
허용하라	1
허용하며	1
허용한	1
허용할	1
허위사실	1
허위신고	1
허위조작정보	1
허재호	1
허점	1
허점종합	1
허정무	1
허찔린	1
허탕	1
허황한	1
헌	1
헌법기관장들과	1
헌법소원	1
헌법재판관들	1
헌법재판소	1
헌법재판소가	1
헌법재판소장과	1
헌법질서	1
헌재와	1
헌정시	1
헌정질서	1
헌터	1
헌트	1
헌팅턴씨병	1
헌팅틴	1
헐값	1
헐크처럼	1
험난했던	1
험로	1
헛발질	1
헤가지	1
헤레베헤	1
헤아	1
헤아려	1
헤어지겠지	1
헤이더	1
헤일	1
헤즈볼라	1
헤지펀드	1
헤쳐모여식	1
헬멧	1
헷갈리지	1
혁명기념일	1
혁명이어야	1
혁명화	1
혁신경쟁	1
혁신과	1
혁신방안	1
혁신분야로	1
혁신상종합	1
혁신성	1
혁신성장대전	1
혁신성장종합	1
혁신센터	1
혁신에	1
혁신연합체	1
혁신위	1
혁신적인	1
혁신종합2보	1
혁신해야	1
현금거래	1
현금자산	1
현대ep	1
현대건설과	1
현대건설남동발전	1
현대건설은	1
현대글로비스메쉬코리아	1
현대기아차	1
현대까지	1
현대로보틱스	1
현대로보틱스가	1
현대로템	1
현대미술	1
현대미술로	1
현대미포조선	1
현대백화점	1
현대사회	1
현대씨앤에프	1
현대엔지니어링	1
현대오토에버	1
현대위아에	1
현대일렉트릭	1
현대자동차	1
현대적	1
현대제철	1
현대중	1
현대중공업그룹	1
현대차lg화학	1
현대카드	1
현대캐피탈과	1
현대화	1
현대화해야	1
현명한	1
현상	1
현상금	1
현송월	1
현실과	1
현실성	1
현실적으로	1
현실적인	1
현실정치	1
현실화	1
현실화되고	1
현실화에	1
현안	1
현안대응	1
현안보고	1
현역도	1
현역의원	1
현장간담회	1
현장검사	1
현장경영	1
현장관계자	1
현장구입	1
현장규제	1
현장방문하나	1
현장서	1
현장에	1
현장점검	1
현장점검종합2보	1
현장최고위	1
현장형	1
현저한	1
현주소는	1
현지법인	1
현지병력	1
현지인들	1
현진이	1
현판식	1
현혹	1
혈액줄기세포	1
혈투서	1
혐오발언	1
혐의도	1
혐의없음	1
혐의에	1
협공받는	1
협력강화	1
협력거점	1
협력방안	1
협력세미나	1
협력에	1
협력은	1
협력종합	1
협력중단	1
협력체계	1
협력키로	1
협력프로젝트	1
협력하고	1
협력합의	1
협력해	1
협력협정	1
협력확대방안	1
협박메시지	1
협박받아	1
협박에	1
협박편지에	1
협상대표	1
협상마감	1
협상서	1
협상여지	1
협상으로	1
협상은	1
협상이라는	1
협상중	1
협상참여	1
협상테이블에	1
협상해야	1
협약식	1
협의에는	1
협의중종합	1
협정에	1
협조하기로	1
협조해야	1
협찬	1
협치내각	1
협치불씨	1
협회로	1
형님들한테	1
형들	1
형사고발	1
형사처벌도	1
형식은	1
형에	1
형태가	1
혜경궁	1
혜경궁김씨	1
혜민	1
혜성	1
호감도	1
호국보훈	1
호기심	1
호나우지뉴	1
호날두에	1
호날두와	1
호날두의	1
호남방문	1
호남부터	1
호남지역	1
호남혈투	1
호령하는	1
호르무즈서	1
호르무즈해협	1
호른	1
호른의	1
호명	1
호반건설	1
호브	1
호소하는	1
호소하는가	1
호소하는가종합	1
호소한	1
호소할듯	1
호수별빛축제	1
호수비	1
호수비도	1
호수예술축제	1
호실적에	1
호얏셍	1
호우예비특보	1
호위함	1
호재	1
호전적	1
호조세	1
호조세종합	1
호주대사	1
호주에서	1
호주와	1
호주프로야구	1
호캉스족	1
호텔도	1
호텔들	1
호텔롯데	1
호텔업계	1
호텔에서	1
호텔용품까지	1
호화생활	1
호흡곤란으로	1
호흡으로	1
혼돈	1
혼란에	1
혼란의	1
혼사	1
혼선	1
혼자서만	1
혼합백신	1
혼합복식	1
홀	1
홀려야	1
홀트	1
홈경기도	1
홈런공장	1
홈런까지	1
홈런까지종합	1
홈런더비	1
홈런보다	1
홈런쇼	1
홈런종합	1
홈버튼	1
홈으로	1
홈플러스리츠	1
홈피	1
홈허브	1
홍걸	1
홍기택	1
홍대	1
홍미노트	1
홍보관	1
홍보대사로	1
홍보비	1
홍보종합2보	1
홍보하는	1
홍보해주세요	1
홍보행사	1
홍성	1
홍세화의	1
홍수	1
홍역	1
홍은선	1
홍종학	1
홍채인식	1
홍채인증	1
홍천강	1
홍천군	1
홍콩경찰	1
홍콩도로	1
홍콩에	1
홍콩에서	1
홍콩은	1
홍콩정부	1
홍콩증시	1
홍해상	1
화가	1
화가들	1
화기애애	1
화기애애종합	1
화끈함	1
화난	1
화났다	1
화답종합	1
화동으로	1
화두	1
화두로	1
화들짝	1
화들짝종합	1
화력	1
화력발전소	1
화물기	1
화물열차	1
화물차	1
화산	1
화색	1
화성10	1
화성의	1
화성착륙도	1
화성탐사선	1
화약고	1
화염병	1
화월송도	1
화웨이는	1
화웨이도	1
화웨이처럼	1
화이브라더스	1
화이트리스트	1
화이트삭스	1
화이트삭스에	1
화이트삭스와	1
화이트해커	1
화이팅	1
화장실	1
화재안전	1
화재피해	1
화전	1
화제	1
화천	1
화천군	1
화천군수	1
화천산천어축제용	1
화천산천어축제장	1
화천토마토축제	1
화천토마토축제로	1
화학	1
화학공단	1
화학산업	1
화학소재에	1
화학의	1
화합과	1
화합물	1
화합에	1
화해치유재단	1
화환	1
확	1
확고히	1
확대개편	1
확대되는	1
확대된	1
확대땐	1
확대설치	1
확대속보	1
확대에	1
확대정상회담	1
확대할	1
확대해달라	1
확립	1
확립돼야	1
확보가	1
확보계획	1
확보에	1
확보하며	1
확보한	1
확보한다	1
확보해	1
확보해야	1
확산종합2보	1
확산하나	1
확산하자	1
확성기	1
확성기방송	1
확신에	1
확실한	1
확인서	1
확인안된	1
확인하는	1
확인하세요	1
확인해야	1
확인해주는	1
확인했다	1
확장공사	1
확장재정	1
확정될듯	1
확정설	1
확정안	1
확충해	1
환경론자가	1
환경오염	1
환경장관에	1
환경장관회의	1
환금성	1
환노위	1
환노위서	1
환담도	1
환담하는	1
환대	1
환동해권	1
환멸	1
환상적	1
환송공연장으로	1
환송오찬장서	1
환송행사종합2보	1
환수는	1
환승편의	1
환시개입	1
환영만찬서	1
환영받는	1
환영사	1
환영사하는	1
환영하는	1
환영합니다	1
환전규제에	1
환하게	1
환호하는	1
환희	1
활기	1
활동가에	1
활동까지	1
활동으로	1
활동재개는	1
활로찾은	1
활성화로	1
활성화종합	1
활성화해	1
활용도까지	1
활용법	1
활용서	1
활용이	1
활판인쇄	1
황경민	1
황금	1
황금세대	1
황금연휴	1
황금펜상	1
황동일	1
황동일과	1
황사영향	1
황사예보	1
황석영	1
황선홍	1
황연주	1
황우석	1
황우여	1
황의조의	1
황인범	1
황재균	1
황정민과	1
황정환	1
황제복식	1
황태자없는	1
황해북도	1
황홀한	1
횃불행진	1
회견국민	1
회견문	1
회계감독	1
회계감사	1
회계사	1
회계위반	1
회계처리기준	1
회고록에	1
회담결과	1
회담장	1
회담하는	1
회동되길	1
회동서	1
회동종합	1
회동종합2보	1
회동해야	1
회복2보	1
회복세	1
회복세종합	1
회복에	1
회복은	1
회복종합2보	1
회복하겠다	1
회복한	1
회복해야	1
회복훈련으로	1
회사	1
회사가	1
회사에	1
회사채	1
회사측	1
회색인간	1
회생계획안	1
회생안	1
회생절차	1
회수는	1
회원	1
회원수	1
회원작품	1
회의방해	1
회의실	1
회의장	1
회의적	1
회전	1
회전카메라	1
회피	1
회항종합	1
회화록	1
획기적으로	1
획정기준	1
획정위원장에	1
횡단	1
횡령	1
효능	1
효도5법	1
효력	1
효모	1
효율적	1
효율적속보	1
효율적인	1
효자	1
효창	1
효창공원과	1
효창운동장을	1
후계자	1
후기부터	1
후끈종합	1
후려치기	1
후련합니다	1
후면	1
후면에	1
후반기에도	1
후방테러	1
후배들	1
후보라는	1
후보로	1
후보를	1
후보인데	1
후보지	1
후보확정은	1
후분양	1
후속	1
후속조치에	1
후손의	1
후손찾기	1
후순위	1
후에는	1
후엔	1
후원자였을	1
후퇴종합	1
후티	1
후폭풍에	1
후회	1
훈	1
훈련량	1
훈련으로	1
훈련중단	1
훈련캠프	1
훈련한다	1
훈장	1
훌륭한	1
훌쩍인	1
훔치려다	1
훔치면	1
훔친	1
훨씬	1
훨훨	1
훼손될	1
훼손종합2보	1
휘고	1
휘날리며	1
휘날린	1
휘는	1
휘닉스	1
휘말려	1
휘발유	1
휘발유값	1
휘청종합	1
휘파람	1
휘팍스키장	1
휠라코리아	1
휠러	1
휠체어	1
휠체어농구대회	1
휩싸여	1
휴가기간	1
휴가복귀	1
휴가에만	1
휴가지	1
휴간	1
휴게소	1
휴교	1
휴교령까지	1
휴보가	1
휴보와	1
휴스턴도	1
휴스턴영화제서	1
휴스턴전서	1
휴식기	1
휴식기를	1
휴양	1
휴양지에서	1
휴일엔	1
휴일연장근로	1
휴장	1
휴전제안	1
휴전협정	1
흉내	1
흉상	1
흐드러진	1
흐들한	1
흐려져	1
흐림	1
흐뭇	1
흐뭇한	1
흑백갈등	1
흑백사진	1
흑인소녀	1
흑인시위	1
흑인영웅	1
흑인운동가와	1
흑인표심	1
흑자전환종합	1
흑자폭은	1
흑자행진	1
흑해	1
흔들렸다	1
흔들리는	1
흔들림	1
흔들림없이	1
흔들어라	1
흔들종합	1
흘리지	1
흘린	1
흡사종합2보	1
흡수	1
흡수하는	1
흥	1
흥겨운	1
흥국	1
흥국생명도	1
흥국생명도로공사전	1
흥국생명에	1
흥국생명전	1
흥국에프엔비	1
흥미진진	1
흥미진진한	1
흥이	1
흥행몰이	1
흩어진	1
희귀질환	1
희망가	1
희망공동체	1
희망농구	1
희망없어	1
희망을	1
희망이고	1
희망정당으로	1
희망주는	1
희망퇴직	1
희비	1
희생	1
희생정신	1
흰	1
흰색	1
히든	1
히딩크	1
히로시마	1
히로시마서	1
히말라야원정대	1
히스패닉	1
히어로	1
히어로즈와	1
히트곡	1
히틀러까지	1
힐러리가	1
힐러리를	1
힐러리와	1
힘내자	1
힘들어	1
힘모아	1
힘모아야	1
힘실어주기	1
힘썼어요	1
힘에	1
힘으로	1
힘입어	1
힘주고	1
힘주는	1
힙합	1
