word	count
대통령	1560
첫	1057
출시	767
게시판	750
이란	710
등	681
감독	677
kt	671
신간	638
트럼프	625
것	607
한국	548
5g	515
개최	486
만에	462
정부	453
삼성	446
개발	408
문	400
올해	393
중	393
김정은	392
네이버	390
월드컵	390
lg	384
공개	380
전	377
류현진	370
작년	370
더	361
새	360
중국	352
국내	349
그래픽	338
시즌	333
사망	328
연속	327
skt	324
꺾고	318
최대	315
터키	314
1위	313
또	311
서울	311
개막	309
미국	308
서비스	306
한	301
최고	297
mlb	296
세계	289
내년	287
영업익	287
추진	287
코스피	286
프로농구	282
총리	277
듯	276
북한	275
스마트폰	271
ai	270
아시안게임	270
sk	269
전국	266
특징주	266
시리아	262
증가	258
후	257
논란	256
돌파	251
가능성	250
주말	250
지원	248
손흥민	247
방문	242
결정	241
내달	241
내일	240
경기	237
논의	237
여행	232
vs	231
규모	230
속	229
러시아	228
승리	228
시작	226
안	226
홍콩	225
강화	224
올림픽	220
확대	218
eu	215
민주	214
오늘	214
여야	211
국회	209
하락	209
러	208
비	207
lgu	206
사우디	204
부상	203
삼성전자	201
nba	200
역대	198
상승	197
일본	197
진출	197
다시	196
한국당	195
감소	194
발표	194
우려	194
1분기	193
이스라엘	193
수	192
영상	190
전망	190
대표	189
문대통령	189
위한	189
총선	187
합의	186
외국인	185
홈런	185
선정	184
n	179
없어	178
공격	176
기술	175
위해	173
앞두고	171
2분기	170
기대	170
sk텔레콤	169
실적	169
판매	169
내	167
추가	167
가장	165
선수	165
시위	165
투자	165
lg전자	164
구글	164
두산	164
장관	164
다저스	162
미사일	162
여자농구	162
제재	162
시장	161
함께	160
우승	159
의혹	156
카카오	153
대선	152
도입	152
사장	151
이상	150
검토	149
유럽	149
확정	149
모바일	147
촉구	147
3분기	146
미세먼지	146
회장	146
계약	145
날씨	145
성공	145
제주	145
협력	145
미	144
관련	143
독일	143
부산	143
후보	143
경찰	142
기업	142
오후	142
두	141
피해	141
못	140
준비	139
글로벌	138
브렉시트	138
여성	138
더민주	137
선두	135
유엔	135
눈	134
복귀	134
남북	133
여자배구	133
협상	133
추신수	132
프로배구	132
이후	130
마지막	129
에	129
영향	129
필요	129
is	128
계속	128
대표팀	128
시	128
애플	128
예상	128
전북	128
출전	128
충북	128
큰	128
평양정상회담	128
행사	127
폭발	126
대상	125
발사	124
프랑스	124
가능	123
대응	123
문제	123
베트남	123
사상	123
언론	123
요구	123
이라크	123
목표가	122
미래부	122
해제	122
대비	121
반대	121
화웨이	121
앱	120
조사	120
최지만	120
검찰	119
발견	119
아파트	119
없다	119
일부	119
때	118
최다	118
롯데	117
선발	117
대한항공	116
시진핑	116
앞둔	116
kbs	115
국민	115
인기	115
회동	115
2위	114
아베	114
이탈리아	114
주장	114
강원	113
갤럭시	113
놓고	113
있다	113
지속	113
금리	112
낮	112
위기	112
베네수엘라	110
확인	110
lg유플러스	109
대구	109
수사	109
없는	109
정상회담	109
2명	108
난민	108
대화	107
영입	107
코스닥	107
한반도	107
매체	106
선언	106
공연	105
상반기	105
맞아	104
멕시코	104
인터넷	104
중단	104
힐러리	104
개시	103
경고	103
경쟁	103
도전	103
정상	103
모든	102
배구	102
사업	101
시대	101
이벤트	101
최소	101
최초	101
출신	101
국민의당	100
운영	100
인도	100
주목	100
출간	100
방통위	99
영업이익	99
탈출	99
단독	98
브라질	98
축제	98
팀	98
게임	97
날	97
넥센	97
데이터	97
인공지능	97
달	96
아시아	96
원내대표	96
의원	96
제공	96
출발	96
테러	96
경제	95
남북정상회담	95
수상	95
연기	95
위협	95
하루	95
강정호	94
드론	94
매출	94
모집	94
스마트	94
오바마	94
원달러	94
잘	94
체포	94
환율	94
2년	93
4월	93
공모	93
교체	93
대만	93
사드	93
신임	93
인천	93
조국	93
가입자	92
강세	92
관광객	92
뉴스	92
압박	92
축구	92
핵합의	92
미중	91
비판	91
착수	91
참여	91
첫날	91
마감	90
주요	90
개선	89
모두	89
지지	89
출범	89
비핵화	88
콘텐츠	88
갤럭시s8	87
베스트셀러	87
연	87
이어	87
좋은	87
차	87
패배	87
프로야구	87
회복	87
5월	86
mvp	86
관심	86
구축	86
반발	86
수도권	86
안철수	86
우리	86
이해찬	86
청와대	86
통과	86
현대캐피탈	86
kbo	85
현대모비스	85
뒤	84
수도	84
실패	84
연장	84
충돌	84
플랫폼	84
광주	83
회담	83
kia	82
mbc	82
대	82
맨유	82
아프리카	82
우리은행	82
제압	82
회의	82
db	81
mou	81
전환	81
집중	81
참가	81
페이스북	81
푸틴	81
프로축구	81
한화	81
효과	81
1년	80
보도	80
수단	80
어떻게	80
에르도안	80
인수	80
전문가	80
최저	80
평화	80
3명	79
다음	79
대결	79
사태	79
새로운	79
없이	79
위반	79
제안	79
혐의	79
3연승	78
8월	78
넘어	78
안돼	78
연결	78
체결	78
태풍	78
해	78
훈련	78
10월	77
급증	77
길	77
늘어	77
당대회	77
방송	77
유조선	77
일	77
특검	77
g6	76
sns돋보기	76
강조	76
개인	76
결과	76
불법	76
상장	76
스페인	76
씽큐	76
우리카드	76
일정	76
9월	75
fa	75
가을	75
간담회	75
공식	75
군	75
예멘	75
요청	75
참석	75
통산	75
호날두	75
ok저축은행	74
경북	74
고객	74
구성	74
기록	74
배터리	74
3년	73
내일날씨	73
로봇	73
리비아	73
상대	73
상용화	73
성장	73
수출	73
예고	73
적용	73
캐나다	73
한은	73
핵실험	73
4분기	72
공급	72
기념	72
당	72
대신	72
반군	72
봄	72
외무	72
4년	71
기능	71
뚝	71
무안타	71
선거	71
수주	71
연구	71
영하	71
인상	71
지난해	71
최순실	71
한국전력	71
할인	71
힘	71
gs칼텍스	70
iot	70
갈등	70
규제	70
김연경	70
대규모	70
목표	70
미래	70
비난	70
새해	70
아냐	70
예약판매	70
오픈	70
왜	70
인사	70
일자리	70
증시	70
지도부	70
펀드	70
호주	70
경남	69
네타냐후	69
미군	69
북핵	69
업무협약	69
올라	69
작가	69
정책	69
주식	69
주의	69
지역	69
2연승	68
7월	68
epl	68
개편	68
기회	68
대책	68
법원	68
역사	68
영화	68
울산	68
유력	68
이집트	68
직접	68
질주	68
차기	68
평창올림픽	68
필리핀	68
할	68
tv	67
가격	67
개성공단	67
기온	67
많은	67
부동산	67
역전승	67
연휴	67
열려	67
요금제	67
재개	67
쿠르드	67
토트넘	67
확산	67
휴스턴	67
1명	66
20대	66
거부	66
계획	66
로	66
박지수	66
이번엔	66
잇단	66
클라우드	66
평균	66
평창	66
포함	66
폭염	66
15일	65
남자배구	65
대북제재	65
사건	65
신청	65
않아	65
전쟁	65
통화	65
한미	65
활용	65
후보자	65
nc	64
po	64
개통	64
겨냥	64
과기부	64
기반	64
설	64
성과	64
이총리	64
전시	64
종료	64
지분	64
진행	64
찾은	64
처리	64
추정	64
평양	64
합류	64
휴대전화	64
흥국생명	64
5명	63
개헌	63
결장	63
곳곳	63
공동	63
마련	63
문재인	63
법안	63
부진	63
선임	63
설치	63
위클리	63
유지	63
자금	63
차세대	63
하는	63
해외	63
11월	62
rd	62
경기도	62
내가	62
다른	62
대북	62
사용	62
상대로	62
속도	62
알뜰폰	62
영국	62
제한	62
탑재	62
통일부	62
핵	62
3위	61
mwc	61
v30	61
끝	61
바른미래	61
선	61
실시	61
오전	61
올	61
위원장	61
조성	61
책	61
초청	61
취소	61
타율	61
3월	60
6월	60
kist	60
경선	60
기념식	60
무실점	60
본격화	60
부인	60
신규	60
이야기	60
입장	60
있는	60
출마	60
페스티벌	60
해결	60
흐리고	60
ict	59
강력	59
강한	59
갤s8	59
공방	59
광고	59
내주	59
대전	59
먼저	59
발간	59
보안	59
시도	59
시위대	59
아직	59
은행	59
이	59
이닝	59
점검	59
챔프전	59
프로그램	59
허용	59
귀국	58
발언	58
북적	58
새누리	58
소설	58
어린이	58
여부	58
완료	58
인하	58
잇따라	58
전달	58
제외	58
폼페이오	58
확보	58
4강	57
vr	57
결승	57
금지	57
긴장	57
도발	57
무료	57
발행	57
실종	57
완파	57
정규리그	57
조기	57
종합	57
1월	56
lte	56
uae	56
가동	56
구단	56
규탄	56
달러	56
대체로	56
대출	56
레알	56
면담	56
박항서	56
변경	56
보고	56
사퇴	56
완승	56
장중	56
주의보	56
지지율	56
카메라	56
탄핵	56
한국인	56
현장	56
협의	56
화재	56
4명	55
국방부	55
김종인	55
다	55
대통령과	55
대회	55
많이	55
본격	55
북	55
세미나	55
세월호	55
수원	55
시범경기	55
아침	55
이틀째	55
인삼공사	55
중동	55
지정	55
추락	55
하반기	55
현대건설	55
2차	54
금감원	54
돌입	54
민주당	54
벤투호	54
변화	54
부총리	54
신인	54
신태용호	54
예선	54
예정	54
이달	54
제임스	54
중요	54
취임	54
통합	54
패스트트랙	54
하나금투	54
환영	54
황교안	54
fifa	53
갤노트7	53
갤노트8	53
골든스테이트	53
과기정통부	53
기성용	53
기자	53
당국	53
도약	53
동반	53
불참	53
신설	53
연내	53
유상증자	53
직원	53
청년	53
축구대표팀	53
축소	53
출격	53
취득	53
통신	53
가족	52
간	52
개혁	52
거래	52
곧	52
만든다	52
메시지	52
아닌	52
아이폰x	52
예산	52
온라인	52
이란에	52
이용자	52
정권	52
카드	52
2배	51
같은	51
그리스	51
기부	51
달성	51
대신증권	51
돌아온	51
말	51
메시	51
반정부	51
밤	51
비상	51
소집	51
약세	51
외교	51
있어	51
정보	51
증시신상품	51
지방선거	51
추석	51
투입	51
혜택	51
황총리	51
희망	51
3경기	50
g7	50
국가	50
급등	50
도로공사	50
목표주가	50
발생	50
번째	50
부담	50
사고	50
삼성화재	50
손학규	50
수준	50
올해의	50
유승민	50
유튜브	50
육박	50
의회	50
이통사	50
이틀	50
적자	50
철수	50
출국	50
투수	50
wnba	49
개장	49
거래소	49
공급계약	49
남자농구	49
될	49
맞대결	49
북미	49
승인	49
역할	49
올스타전	49
워싱턴	49
이적	49
제출	49
조치	49
주당	49
청문회	49
추천	49
카드뉴스	49
평가	49
26일	48
3당	48
7일	48
nh투자	48
가입	48
건	48
것종합	48
공습	48
네이마르	48
된	48
박지원	48
반등	48
선물	48
설립	48
아니다	48
아이폰	48
연극	48
의	48
이재영	48
전남	48
지시	48
차단	48
토론회	48
혁신	48
30일	47
3개	47
4연승	47
4일	47
5년	47
골	47
구름	47
구조	47
기관	47
나경원	47
대사	47
마크롱	47
만의	47
메르켈	47
반도체	47
사과	47
상황	47
잡고	47
장비	47
점유율	47
총격	47
투표	47
하원	47
협약	47
활동	47
10년	46
10명	46
8일	46
나누는	46
대승	46
돈	46
등판	46
랜섬웨어	46
많아	46
매각	46
뮤지컬	46
버스	46
본회의	46
북미정상회담	46
시행	46
안타	46
안해	46
얘기	46
이용	46
이전	46
임박	46
책임	46
탬파베이	46
통해	46
호르무즈	46
25일	45
ag	45
d1	45
kcc	45
k리그	45
개막전	45
국고채	45
극우	45
너무	45
네트워크	45
노력	45
도착	45
등장	45
발의	45
안전	45
야당	45
여전히	45
유출	45
전략	45
전문	45
절반	45
제작	45
주도	45
주민	45
징계	45
참석한	45
폐쇄	45
홍영표	45
활약	45
16강	44
1호	44
5연승	44
관리	44
김무성	44
눈앞	44
마무리	44
무승부	44
배치	44
보는	44
불	44
사망종합	44
생중계	44
시스템	44
신한은행	44
여름	44
이승우	44
이제	44
임명	44
주가	44
주택	44
폐지	44
항의	44
행진	44
현대	44
활성화	44
20일	43
22일	43
23일	43
27일	43
28일	43
5개	43
5일	43
9일	43
개인정보	43
격돌	43
김동연	43
나란히	43
남부	43
뉴욕	43
대한	43
돼	43
만나	43
부회장	43
분석	43
블록체인	43
사실상	43
사진	43
서	43
시동	43
시인	43
신고	43
아프간	43
어떤	43
영업손실	43
완화	43
우크라	43
이유는	43
이행	43
인정	43
존슨	43
진입	43
찾아	43
키움증권	43
포털	43
합병	43
홈	43
2일	42
3사	42
겨울	42
과학기술	42
교육	42
구매	42
급락	42
남북정상	42
대설주의보	42
대한민국	42
동영상	42
따라	42
매수	42
명단	42
박차	42
발언하는	42
방한	42
세기의	42
승	42
안보	42
알파고	42
여자축구	42
입국	42
전용	42
차량	42
창립	42
태국	42
혐의로	42
홍준표	42
12일	41
24일	41
2연패	41
kbo리그	41
v리그	41
가빈	41
건설	41
국제	41
기승	41
네덜란드	41
더위	41
디지털	41
및	41
사람	41
살해	41
세터	41
소재	41
신한금투	41
오스트리아	41
우병우	41
유치	41
일제히	41
작년보다	41
중심	41
집회	41
참석하는	41
추미애	41
탄생	41
12월	40
6명	40
7이닝	40
8명	40
rfa	40
남성	40
농구	40
누구	40
데뷔	40
매우	40
맨시티	40
못해	40
백악관	40
별세	40
석방	40
소송	40
소식에	40
스위스	40
스타트업	40
안보리	40
않는	40
언급	40
연정	40
열기	40
온	40
워크숍	40
유니폼	40
이낙연	40
인간	40
인터뷰	40
잔류	40
적극	40
정상화	40
주식형	40
주재	40
찾았다	40
철회	40
총재	40
최근	40
판문점	40
현대차	40
4위	39
감사	39
갤럭시s9	39
관광	39
그	39
꿈	39
득점	39
리그	39
마드리드	39
만난	39
만든	39
무더위	39
벌써	39
법	39
보스턴	39
사망자	39
아시안컵	39
않을	39
압수수색	39
역전	39
연일	39
와	39
외인	39
이르면	39
자동차	39
젊은	39
정의용	39
체제	39
춘천	39
콘서트	39
탈환	39
통신비	39
포럼	39
해소	39
13일	38
29일	38
2개	38
2월	38
6일	38
가상화폐	38
개소	38
과	38
깜짝	38
끝에	38
내전	38
논란에	38
다음달	38
맑고	38
모색	38
방안	38
벌금	38
북한날씨	38
분양	38
삼성증권	38
선수들	38
손석희	38
솔루션	38
숨져	38
시간	38
쓴	38
열린	38
오후부터	38
유영민	38
의장	38
이유	38
이정현	38
이통3사	38
전역	38
제주도	38
제품	38
지원금	38
처음	38
초	38
콘퍼런스	38
팔레스타인	38
한투증권	38
한파주의보	38
11일	37
4연패	37
7명	37
kb증권	37
vnl	37
가	37
강원권	37
개설	37
개헌안	37
검색	37
고민	37
관계	37
기소	37
끝내기	37
단일팀	37
디스플레이	37
마치고	37
무역협상	37
미래에셋대우	37
본다	37
비중	37
소나기	37
신태용	37
연봉	37
열대야	37
옛	37
위험	37
유럽의회	37
육성	37
인사하는	37
전대	37
접수	37
제주권	37
주	37
주춤	37
지도자	37
청소년	37
최강	37
클리블랜드	37
포기	37
하나	37
한일	37
헝가리	37
1승	36
3연패	36
it	36
nh투자증권	36
갤노트9	36
게	36
결국	36
고조	36
기자회견	36
꼭	36
나쁨	36
내일부터	36
도움	36
등록	36
만남	36
무산	36
박근혜	36
방통위원장	36
본	36
부족	36
분야	36
사용자	36
사이버	36
손	36
아들	36
열어	36
오세요	36
원인	36
일대일로	36
전자랜드	36
정의당	36
정치	36
캠페인	36
텍사스	36
한파	36
호남권	36
16일	35
17일	35
18일	35
4차	35
5년간	35
강릉	35
개입	35
갤럭시s10	35
공략	35
공모전	35
공무원	35
공화	35
교수	35
교황	35
국제유가	35
나는	35
눈길	35
대국	35
대학생	35
레바논	35
마케팅	35
민간인	35
박병호	35
발목	35
방심위	35
보수	35
소폭	35
억류	35
연말	35
열린다	35
오리온	35
원정	35
유전자	35
의지	35
정의장	35
제기	35
중국서	35
출고가	35
충남	35
팬	35
한달	35
한때	35
10대	34
1차전	34
2019년	34
ceo	34
거포	34
경매	34
긴급	34
남자	34
누가	34
대부분	34
막판	34
맞은	34
본선	34
볼턴	34
빠진	34
사임	34
삼성생명	34
샌더스	34
서울시	34
선수단	34
소통	34
시리즈	34
시민들	34
신기록	34
아이폰8	34
아파트값	34
야권	34
업체	34
오승환	34
올스타	34
의견	34
이인영	34
저지	34
조선	34
즉각	34
즐기는	34
최저임금	34
핵심	34
혁명수비대	34
획득	34
14일	33
19일	33
2018년	33
30대	33
7년	33
cj	33
fa컵	33
p	33
경기북부	33
공사	33
나온다	33
다운로드	33
달라	33
담은	33
대체	33
돌풍	33
동부	33
둔화	33
딸	33
라바리니	33
맞춤형	33
명	33
물	33
바다	33
바람	33
붕괴	33
사이영상	33
산체스	33
스피커	33
야구	33
에이스	33
예약	33
올해도	33
외국	33
운항	33
위안부	33
은퇴	33
이름	33
인근	33
인증	33
전격	33
전면	33
중국인	33
지진	33
징역	33
체험	33
출근길	33
커	33
클래식	33
파견	33
파업	33
풍성	33
현금배당	33
협치	33
호우주의보	33
휴전	33
10일	32
9명	32
skb	32
sns	32
가는	32
가속	32
가치	32
강풍	32
공유	32
구자철	32
국가대표	32
기준	32
남북관계	32
대표단	32
도심	32
들어	32
마음	32
멀티골	32
미국의	32
보유	32
불발	32
상품	32
선박	32
선택	32
소개	32
수용	32
순방	32
순익	32
실시간	32
아마존	32
알제리	32
앞으로	32
언론노조	32
오존주의보	32
월	32
유감	32
음악	32
인니	32
작품	32
장맛비	32
전국에	32
지난달	32
진화	32
첼시	32
최대주주	32
추위	32
탓	32
토론토	32
통일	32
판단	32
프로젝트	32
21일	31
2경기	31
3년물	31
8개	31
kb손해보험	31
s400	31
간다	31
강력한	31
격파	31
경쟁력	31
과징금	31
관측	31
국경	31
나	31
낮부터	31
노조	31
말라	31
모델	31
무릎	31
문체부	31
반기문	31
반드시	31
방북	31
번역	31
빨리	31
사실	31
사흘째	31
삭제	31
산불	31
석유시설	31
선거제	31
소상공인	31
시리아서	31
싶다	31
여사	31
완패	31
응원	31
이번	31
자사주	31
정치적	31
줄줄이	31
최태웅	31
카슈끄지	31
코치	31
통신사	31
티켓	31
프리미엄	31
한진해운	31
황희찬	31
휴식	31
10승	30
1위는	30
1일	30
2020년	30
afc	30
la	30
lh	30
ms	30
공격에	30
관람	30
국민은행	30
규명	30
금리인상	30
기준금리	30
김정숙	30
나라	30
남중국해	30
당정청	30
대폭	30
대형	30
라틀리프	30
만나는	30
문화	30
박원순	30
반박	30
받은	30
빅데이터	30
사전	30
선출	30
성능	30
세	30
수익	30
시민	30
시상식	30
신형	30
아가메즈	30
안개	30
양키스	30
여전	30
요금	30
의사	30
이동통신	30
일교차	30
임종석	30
정진석	30
제휴	30
조명균	30
집권	30
침묵	30
커져	30
타고	30
한국의	30
해야	30
해임	30
호실적	30
1실점	29
30주년	29
4경기	29
6년	29
ebs	29
kb손보	29
u20월드컵	29
견제	29
경기서	29
고발	29
공	29
김성태	29
김호철	29
나선	29
나와	29
내정	29
무역전쟁	29
바르사	29
북부	29
분위기	29
서명	29
설명회	29
세상	29
송환	29
신경전	29
신작	29
않은	29
연합뉴스	29
온다	29
외교관	29
우수	29
이미지	29
이젠	29
절차	29
정식	29
줄	29
지상파	29
최고지도자	29
출석	29
충격	29
커쇼	29
트럼프와	29
평가전	29
하향	29
항공기	29
해킹	29
핵무기	29
홍용표	29
희생자	29
2골	28
2실점	28
3일	28
5경기	28
5위	28
6연패	28
els	28
gdp	28
mwc서	28
가자지구	28
결의안	28
고려	28
골프	28
국방	28
금융위	28
금투협	28
긍정적	28
기간	28
김영철	28
나선다	28
넘겨	28
노동당	28
당선	28
대기업	28
대우조선	28
도	28
독자	28
뜨거운	28
마친	28
무대	28
미네소타	28
민생	28
받아	28
발굴	28
방문한	28
베이징	28
보복	28
불만	28
산	28
선거법	28
순유출	28
스마트워치	28
심사	28
심포지엄	28
아스널	28
악화	28
앞서	28
여자	28
연계	28
연승	28
오찬	28
용의자	28
의원들	28
이달의	28
이사	28
이어져	28
이통	28
이효성	28
자제	28
자회사	28
재계약	28
정국	28
주파수	28
줄어	28
즐라탄	28
지도	28
지중해	28
집	28
채택	28
총	28
최선	28
최악	28
추경	28
치료	28
케인	28
콜롬비아	28
퇴진	28
파키스탄	28
폐막	28
폭염주의보	28
폴란드	28
피살	28
현재	28
호소	28
1차	27
3년간	27
5번째	27
kbl	27
nsc	27
개관	27
개방	27
개정	27
검증	27
계기	27
공장	27
구조조정	27
국제사회	27
국회법	27
귀환	27
금감원장	27
기가	27
김정일	27
뉴질랜드	27
당부	27
대거	27
대학	27
도쿄올림픽	27
떠나는	27
라인	27
르포	27
망명	27
맞는	27
무수단	27
미디어	27
배틀그라운드	27
보조금	27
빠른	27
새로	27
선관위	27
센터	27
소비자	27
아름다운	27
약속	27
여객기	27
연루	27
영하권	27
유원지	27
자율주행차	27
재건축	27
전략적	27
전력	27
전체	27
주문	27
중부	27
중소기업	27
지금	27
진전	27
차관	27
채용	27
챔스리그	27
처분	27
최고의	27
최종	27
쿠바	27
탄	27
탄도미사일	27
탈당	27
해수욕장	27
행보	27
향해	27
확장	27
환경	27
활짝	27
황창규	27
100주년	26
1조원	26
2주	26
31일	26
4개	26
8강	26
kb	26
pc	26
ps	26
가짜뉴스	26
갤노트10	26
걱정	26
공공기관	26
공백	26
관중	26
구속	26
국무부	26
군인	26
급감	26
기대감에	26
기아차	26
기원	26
김학범호	26
내부	26
논의종합	26
듣는	26
마두로	26
맑음	26
목소리	26
미국서	26
방중	26
불펜	26
비대위	26
사령탑	26
샤오미	26
세종	26
스타	26
시기	26
시사	26
시연	26
시청률	26
싸움	26
쓴다	26
앞	26
여당	26
우라늄	26
우리가	26
이메일	26
이하	26
일단	26
자리	26
질문에	26
추격	26
카톡	26
커리	26
켈리	26
타격	26
팀은	26
판문점선언	26
폭행	26
프로	26
한자리에	26
헌재	26
100만	25
2보	25
30년	25
3점포	25
4대	25
6개월	25
ar	25
k리그1	25
mlb닷컴	25
sbs	25
건물	25
경계	25
교환	25
국감	25
국정원	25
군부	25
그쳐	25
금융	25
기술로	25
김광현	25
김병준	25
끝까지	25
나왔다	25
나토	25
뇌	25
단장	25
단체	25
대표이사	25
댓글	25
도시	25
동남아	25
두번째	25
때문	25
리버풀	25
마을	25
매도에	25
매진	25
메이	25
모리뉴	25
무인기	25
미리	25
발전	25
방침	25
배당	25
벨기에	25
보험	25
볼넷	25
부상으로	25
부패	25
블랙리스트	25
새벽	25
생산	25
생태계	25
선보여	25
설명	25
성폭력	25
수입	25
스웨덴	25
시총	25
실험	25
심각	25
심의	25
압승	25
엇갈린	25
에티오피아	25
오늘의	25
오른	25
와이파이	25
움직임	25
이동국	25
장	25
적발	25
정부군	25
지명	25
차질	25
참사	25
철군	25
최초로	25
친박	25
캠프	25
탈퇴	25
트럼프에	25
특허	25
평균자책점	25
포근한	25
포항	25
한강	25
해법	25
허재	25
후원	25
휴대폰	25
1인	24
3번째	24
6개	24
kgc인삼공사	24
sw	24
wti	24
강추위	24
결승골	24
결의	24
공세	24
공항	24
과시	24
과이도	24
과정	24
국립현대미술관	24
기가지니	24
기자간담회	24
김여정	24
꼴찌	24
난	24
남은	24
내한공연	24
노린다	24
노벨상	24
단백질	24
단속	24
동시	24
동정	24
듯종합	24
디자인	24
때문에	24
무패	24
미국인	24
바로	24
반격	24
밤부터	24
범죄	24
보고서	24
보호	24
부정적	24
북미회담	24
사무총장	24
사회적	24
상장사	24
선고	24
선전	24
속보	24
쇼핑	24
수익률	24
신제품	24
심판	24
써보니	24
아이디어	24
업계	24
연구진	24
영남권	24
예방	24
오신환	24
인선	24
인터넷진흥원	24
일본서	24
일지	24
자국	24
작전	24
재확인	24
주간	24
지연	24
찜통더위	24
첫선	24
청주	24
최고치	24
최정	24
추이	24
축사하는	24
탈레반	24
통일농구	24
통제	24
퇴장	24
파문	24
페루	24
평점	24
폰	24
하나은행	24
한국은	24
한다	24
호남	24
혼란	24
화천산천어축제	24
회견	24
흑자전환	24
1등	23
1보	23
1이닝	23
9회	23
g20	23
kdb생명	23
keb하나은행	23
nhn엔터	23
v50	23
가세	23
감독의	23
검사	23
곳곳에	23
공약	23
구금	23
국회의원	23
국회의장	23
금융위원장	23
금주	23
김영란법	23
꽁꽁	23
내년부터	23
내용	23
눈물	23
다양한	23
다짐	23
단말기	23
대피	23
등에	23
만찬	23
맹비난	23
민주콩고	23
배제	23
벤투	23
부동산캘린더	23
부활	23
불허	23
브랜드	23
사람들	23
삼성물산	23
상승세	23
선거구	23
소니	23
소식	23
소프트웨어	23
속출	23
손잡고	23
수석	23
수장	23
심상정	23
아버지	23
아시아선수권	23
아이	23
악수하는	23
앞에서	23
양효진	23
어려워	23
역사적	23
역전패	23
연임	23
우리는	23
위성	23
의심	23
이란과	23
이미	23
이익	23
이제는	23
이청용	23
입장하는	23
잉글랜드	23
자동	23
장기화	23
재산	23
재선	23
전투기	23
절대	23
제동	23
조짐	23
중요한	23
중저가폰	23
지구	23
집권당	23
찬성	23
최종구	23
추모	23
캠코	23
쿠데타	23
클린턴	23
탈북	23
토종	23
투자전략	23
포수	23
폭탄	23
폴드	23
풀세트	23
플러스	23
피츠버그	23
하늘	23
현황	23
홍보	23
홍콩서	23
11개	22
14명	22
1군	22
5g폰	22
5이닝	22
ai스피커	22
ecb	22
kb금융	22
강남	22
강백호	22
갤s9	22
거리	22
격려	22
과제	22
국방장관	22
국정	22
국토부	22
권창훈	22
기기	22
나들이	22
나서	22
나의	22
나흘째	22
단	22
대처	22
대통령에	22
독립	22
동참	22
될까	22
떠난	22
마스크	22
막말	22
미국에	22
반	22
반영	22
받는다	22
발령	22
배후	22
보류	22
보상	22
부문	22
부통령	22
부품	22
불가	22
불가피	22
비예나	22
비용	22
산업	22
성적	22
성폭행	22
셔저	22
수비	22
수술	22
스키장	22
신문	22
아동	22
아프리카tv	22
않다	22
양국	22
언론사	22
여파	22
오늘부터	22
외교장관	22
유명	22
의무화	22
임기	22
있을까	22
자신감	22
자율주행	22
재판	22
전반기	22
전방위	22
전환사채	22
접전	22
정당	22
정동영	22
제대로	22
조	22
조심	22
조율	22
조작	22
종업원	22
진짜	22
총력전	22
총리와	22
최고기온	22
최하위	22
쾅	22
트럼프가	22
폭우	22
한국거래소	22
한미일	22
한중일	22
했다	22
현	22
현대상선	22
협조	22
홍남기	22
황의조	22
흥행	22
100년	21
11시	21
1주년	21
3배	21
4차산업혁명	21
5도	21
6연승	21
7도	21
a매치	21
era	21
ktb투자	21
s9	21
slbm	21
ytn	21
갈	21
개정안	21
결론	21
계열사	21
고	21
공정위	21
공화당	21
교보문고	21
김관영	21
김태형	21
남녀	21
내려	21
내륙	21
낸	21
높은	21
단통법	21
대화하는	21
도종환	21
동해안	21
되나	21
되는	21
들고	21
막바지	21
매력	21
매수에	21
맹활약	21
목적	21
몸값	21
무기	21
미니	21
미래에셋	21
박기원	21
벚꽃	21
변수	21
병원	21
빗방울	21
사물인터넷	21
사이	21
삼성페이	21
상생	21
상임위	21
새누리당	21
생각	21
서울대	21
서울서	21
성장률	21
수감자	21
수성	21
순위	21
승부	21
시간당	21
신년사	21
신뢰	21
신용등급	21
안정	21
앞세워	21
앞에	21
약	21
연간	21
연패	21
예보	21
오타니	21
외무장관	21
우세	21
원유	21
위기의	21
유입	21
응원단	21
의결	21
이민자	21
이주민	21
인권	21
인도네시아	21
일주일	21
전시회	21
전화	21
접속	21
제거	21
제도	21
제치고	21
조명	21
존재	21
주둔	21
증거	21
진단	21
집값	21
초읽기	21
최강희	21
최악의	21
추방	21
카타르	21
코리아	21
탈락	21
태극전사	21
태블릿	21
태영호	21
통보	21
튀니지	21
트위터	21
포켓몬고	21
폭격	21
표명	21
필라델피아	21
학교	21
한목소리	21
합작	21
향연	21
향하는	21
향한	21
현역	21
현지	21
후끈	21
17명	20
1안타	20
1억원	20
2016년	20
2차전	20
3개월	20
3종	20
5연패	20
70주년	20
7개	20
ks	20
mb	20
nyt	20
간부	20
검거	20
격차	20
격화	20
고소	20
고심	20
고지	20
공조	20
관세	20
그림	20
기대감	20
김부겸	20
김학범	20
내외	20
당정	20
대사관	20
독재자	20
뛴다	20
루니	20
리얼미터	20
매직	20
메이저리그	20
무선	20
무슬림	20
무제한	20
바시르	20
발언에	20
밝혀	20
번호이동	20
베테랑	20
보인다	20
복구	20
부사장	20
부상종합	20
비리	20
비밀	20
비서실장	20
사회	20
사흘	20
삶의	20
상륙	20
설전	20
수소탄실험	20
수요	20
순유입	20
스캔들	20
시민단체	20
시범	20
시상	20
신고가	20
신속	20
실적개선	20
실전	20
심각한	20
쓰고	20
아람코	20
악재	20
암	20
앞세운	20
언론인	20
얼굴	20
업데이트	20
연구팀	20
연속골	20
열차	20
오페라	20
완전	20
용병	20
원	20
웹툰	20
위촉	20
유소년	20
유진투자	20
의미	20
이동	20
이슈	20
이정미	20
이탈	20
인파	20
일왕	20
입항	20
잘못	20
장애	20
전원	20
절정	20
정상회의	20
정지석	20
정치권	20
제2의	20
제한적	20
조회공시	20
주력	20
중계	20
중인	20
지급	20
지난	20
진통	20
창단	20
채널	20
촉각	20
총력	20
촬영	20
최고가	20
축하	20
친이란	20
파리	20
페북	20
평양공동선언	20
폭염특보	20
풀타임	20
피격	20
하나금융	20
한국형	20
홍콩시위	20
화면	20
100명	19
12개	19
1순위	19
20년	19
2루타	19
4도	19
5선	19
8년	19
a	19
fc서울	19
gs건설	19
sk증권	19
tv토론	19
거론	19
거절	19
경신	19
경험	19
계정	19
고용	19
국민연금	19
국적	19
기업에	19
기업은행	19
기존	19
김기식	19
끝난	19
내각	19
노동자	19
노선	19
노인	19
높아	19
높이	19
뉴욕서	19
대관령	19
대치	19
데뷔전	19
동장군	19
두고	19
드라마	19
등극	19
라건아	19
리커창	19
막는다	19
말컹	19
매입	19
메신저	19
명령	19
몰려	19
미국과	19
발표하는	19
버튼	19
부결	19
부부	19
부산서	19
분양시장	19
블랙홀	19
비공개	19
비교	19
비행	19
생일	19
서브	19
선포	19
성명	19
소설가	19
소설집	19
수수료	19
스스로	19
시험	19
싶어	19
싹쓸이	19
악성코드	19
악수	19
않겠다	19
애도	19
없어종합	19
여론조사	19
연다	19
연대	19
연동	19
열풍	19
영향력	19
예술의전당	19
올해는	19
완파하고	19
왕이	19
우려에	19
우상호	19
우주	19
운행	19
이사회	19
이세돌	19
인재	19
일본인	19
입단	19
자신	19
자체	19
잠실	19
잠정	19
잡아라	19
적	19
전기차	19
전년	19
전직	19
정치인	19
제시	19
조정	19
좌절	19
중국의	19
중단해야	19
청구	19
체험존	19
최룡해	19
축구협회	19
출연	19
출자	19
측	19
킹	19
타결	19
탈세	19
터키군	19
통한	19
투구	19
트라이아웃	19
특별전	19
판결	19
패럴림픽	19
평화의	19
포로	19
포인트	19
폭설	19
피해자	19
한국에	19
한미정상	19
헤인즈	19
현대중공업	19
황사	19
후랭코프	19
힐만	19
10개	18
11명	18
13명	18
3점슛	18
3타수	18
4번째	18
6경기	18
kaist	18
ma	18
sk하이닉스	18
voa	18
가능한	18
개막전서	18
건립	18
것은	18
격추	18
결산	18
결제	18
경고종합	18
경기장	18
경영진	18
경품	18
고동진	18
고속도로	18
고위급	18
골란고원	18
곳	18
공영방송	18
과총	18
과태료	18
과학	18
관광지	18
국회서	18
군사작전	18
그린	18
금메달	18
기대에	18
기여	18
기지국	18
김종민	18
김주성	18
나이지리아	18
난항	18
노린	18
논쟁	18
다수	18
단축	18
당분간	18
대미	18
대북정책	18
대상에	18
동맹	18
동의	18
드루킹	18
디우프	18
딛고	18
뜬다	18
로밍	18
로버츠	18
로켓	18
만드는	18
말하는	18
먹통	18
몰린	18
몸	18
미국이	18
미흡	18
방러	18
방법	18
백두산	18
베일	18
볼	18
봇물	18
부과	18
분쟁	18
산간	18
삶	18
삼성폰	18
상태	18
서로	18
서부	18
서해	18
선동열	18
세종시	18
셀트리온	18
속속	18
숨진	18
시급	18
시점	18
시찰	18
신	18
신당	18
심화	18
싱가포르	18
쌍용차	18
아산	18
아쉬운	18
않았다	18
양승동	18
언제	18
역시	18
예탁원	18
오늘은	18
올가을	18
올겨울	18
올랜도	18
외교부	18
외무상	18
우버	18
우선	18
원전	18
원칙	18
웨어러블	18
위로	18
유명산	18
유커	18
음성	18
이끈	18
이마트	18
인사말하는	18
읽는	18
임명장	18
자격	18
자유	18
자유한국당	18
장마전선	18
전문가들	18
전복	18
전통	18
접근	18
정의	18
제조업	18
조현우	18
좋다	18
주목종합	18
주택대출	18
중국에	18
지방	18
지하철	18
진실	18
참가자	18
참배	18
창출	18
채	18
청약	18
체감온도	18
출시종합	18
침해	18
카카오게임즈	18
카카오톡	18
타자	18
택시	18
테러조직	18
표현	18
프리미엄폰	18
피서객	18
핀테크	18
학생	18
해결사	18
해체	18
행동	18
호텔	18
호흡	18
흑자	18
13개	17
16명	17
1회	17
2021년	17
2타수	17
50대	17
50억원	17
9도	17
icbm	17
kisa	17
psg	17
v30s	17
wp	17
wto	17
가스	17
감독과	17
감시	17
강원도	17
거듭	17
결함	17
경보	17
고강도	17
고개	17
고위	17
광복절	17
구글플레이	17
구호	17
국내외	17
국무회의	17
극적인	17
긴	17
김재환	17
꿈의	17
나도	17
나온	17
남자부	17
내한	17
넘었다	17
넘은	17
노르웨이	17
누적	17
늘려	17
능력	17
단풍	17
당대표	17
당선인	17
대법	17
대선후보	17
대통령이	17
도로	17
도전장	17
독일서	17
동결	17
된다	17
두테르테	17
듀랜트	17
따른	17
또는	17
뜻	17
랭킹	17
린드블럼	17
만족	17
말레이	17
매직넘버	17
모습	17
무역	17
문학	17
미투	17
민심	17
민주주의	17
바르셀로나	17
반응	17
발사체	17
방미	17
배	17
버전	17
분열	17
불과	17
불확실성	17
사업자	17
사진전	17
산업혁명	17
살	17
삼성바이오	17
상원	17
상정	17
상향	17
생활	17
서훈	17
선호	17
섬	17
성남	17
성추행	17
소말리아	17
소환	17
송환법	17
수립	17
수익성	17
수정	17
스포츠	17
시애틀	17
신공항	17
신소재	17
신승	17
아르헨	17
안드로이드	17
압축	17
양의지	17
어느	17
업무보고	17
없어도	17
엔진	17
연합이매진	17
열흘	17
오는	17
운명	17
원주	17
월드	17
유포	17
이대호	17
이사장	17
이슬람	17
이해	17
인스타그램	17
인식	17
인천공항	17
인프라	17
임원	17
입고	17
있었다	17
장애인	17
전년보다	17
전세계	17
정체	17
준수	17
중부지방	17
중재	17
증가종합	17
징역형	17
창업	17
최장	17
출판계	17
충청권	17
치료제	17
친구	17
크게	17
탄핵가결	17
퇴출	17
투런포	17
특별	17
특별한	17
특화	17
파괴	17
파다르	17
펄펄	17
포켓몬	17
피습	17
피아니스트	17
한국어	17
한류	17
할머니	17
해군	17
해트트릭	17
향상	17
현금	17
협력사	17
호투	17
화려한	17
황금연휴	17
효율	17
후폭풍	17
휴가	17
1년새	16
1도	16
1천명	16
20명	16
30도	16
3d	16
3대3	16
3실점	16
3점	16
4배	16
50주년	16
5대	16
5차전	16
5천만원	16
6강	16
6위	16
b컷	16
iaea	16
jtbc	16
ktx	16
nasa	16
sk텔링크	16
v40	16
강타	16
강화종합	16
개	16
개각	16
개인전	16
거짓말	16
건강	16
경영	16
공간	16
공격수	16
공격으로	16
관광공사	16
관훈클럽	16
국감현장	16
국정지지도	16
그대로	16
그래도	16
그룹	16
근로자	16
금융시장	16
기적	16
나서는	16
난민구조선	16
넷플릭스	16
노트북	16
달라진	16
대가	16
대타	16
더워	16
두바이유	16
듣는다	16
땐	16
라이벌	16
류현진의	16
마약	16
만날	16
맞고	16
맞서	16
매장	16
메모리	16
멕시코서	16
모레	16
못한	16
무소속	16
무죄	16
물결	16
바	16
바이든	16
박	16
박정호	16
박혜진	16
발	16
발족	16
밤에	16
배럴당	16
법무장관	16
보이콧	16
부여	16
불안	16
불투명	16
브리핑	16
비율	16
비행기	16
빅스비	16
사는	16
사랑	16
사례	16
사면	16
삼성sds	16
상한제	16
성황	16
소녀	16
손흥민의	16
시설	16
신영석	16
실제	16
심재철	16
쓰레기	16
아르헨티나	16
안전지대	16
않기로	16
어렵다	16
어선	16
얼마나	16
에너지	16
여행객	16
연구자	16
연쇄	16
예비후보	16
옵션	16
우간다	16
원장	16
월간	16
윤석열	16
음바페	16
일본에	16
일축	16
임금	16
자영업자	16
장현수	16
전광인	16
전에	16
정말	16
조만간	16
조성진	16
주장에	16
주총	16
즐기세요	16
지자체	16
지지도	16
지카	16
직전	16
차상현	16
차이잉원	16
처벌	16
체류	16
체험하는	16
초미세먼지	16
초여름	16
초점	16
총기	16
최고위원회의	16
추진종합	16
축전	16
충돌로	16
충청	16
칠레	16
카탈루냐	16
케냐	16
탄핵안	16
탈북민	16
테헤란	16
트렌드	16
팀내	16
판매량	16
펀드서	16
펠리페	16
편성	16
평년보다	16
포르투갈	16
폭력	16
프란치스코	16
프로농구전망대	16
필리버스터	16
한라산	16
한반도평화	16
한전	16
혁신성장	16
현실	16
화제의	16
후보들	16
휴일	16
흑인	16
흔들	16
100억원	15
10주년	15
1년만에	15
1인당	15
2017년	15
2기	15
2배로	15
2승	15
2종	15
30분	15
3곳	15
3도	15
3승	15
4타수	15
6도	15
6이닝	15
8도	15
8연승	15
dj	15
fta	15
gm	15
ibk기업은행	15
iptv	15
k리그2	15
lg폰	15
mbn	15
mwc19	15
nl	15
u23	15
uefa	15
ws	15
가결	15
가열	15
가이드라인	15
감독에	15
감동	15
감소종합	15
감염	15
강경화	15
개발에	15
검토종합	15
경주	15
경찰관	15
경찰에	15
공매	15
공수처	15
과거	15
과반	15
관계자	15
국민의	15
권고	15
규정	15
그리고	15
그만	15
극적	15
근거	15
금융사	15
기념촬영하는	15
남경필	15
넘는	15
넷마블	15
노딜	15
는	15
대세	15
대표와	15
대행	15
더불어민주당	15
던진	15
데이	15
덴마크	15
독주	15
동료	15
득점왕	15
들썩	15
등락	15
떨어져	15
라이브	15
레스터시티	15
로마	15
만난다	15
만들기	15
만루포	15
많고	15
맹공	15
메이스	15
멤버십	15
명품	15
문경은	15
문성민	15
문자	15
미술	15
바이오	15
반환	15
발매	15
번	15
법사위	15
변신	15
변호사	15
보러	15
복원	15
봄비	15
분양가	15
불꽃	15
불안한	15
비싼	15
사이트	15
사형	15
산지	15
상징	15
서울시향	15
서해안	15
성큼	15
세력	15
손실	15
수십명	15
스마트홈	15
승선	15
시신	15
시집	15
신세계	15
실수	15
아	15
아니라	15
안내	15
안랩	15
알렉스	15
알리	15
양성	15
어워드	15
엄마	15
없었다	15
엔트리	15
여수	15
연말까지	15
연설	15
영공	15
영웅	15
예산안	15
예측	15
오류	15
요금할인	15
우루과이	15
우원식	15
우크라이나	15
원조	15
유가	15
유로존	15
의도	15
이견	15
이란군	15
이란이	15
인가	15
인구	15
인사말	15
인종차별	15
인텔	15
일시	15
임직원	15
잇달아	15
있게	15
자료	15
잠수함	15
장병철	15
재활	15
전망치	15
전훈	15
접견	15
접촉	15
정보보호	15
정운찬	15
정취	15
제1회	15
제로	15
제천	15
조기총선	15
조직원	15
조처	15
주권	15
주인공	15
주장종합	15
준다	15
중력파	15
즐긴다	15
지동원	15
착공	15
참석차	15
창당	15
창조경제	15
채권	15
챔피언십	15
철도	15
초대	15
총수	15
최양희	15
최저치	15
추대	15
취재	15
콜	15
크리스마스	15
태양광	15
태양전지	15
터키의	15
테스트	15
통	15
트럼프의	15
트리플	15
파티	15
팔꿈치	15
평화협정	15
폴더블폰	15
풀려	15
프로모션	15
한국시리즈	15
한국여자배구	15
한도	15
한진칼	15
한파특보	15
한화투자	15
합동	15
항공편	15
해외여행	15
해지	15
행위	15
행정부	15
허가	15
헤즈볼라	15
현대증권	15
협박	15
호우특보	15
환자	15
후반	15
후반기	15
후보에	15
후임	15
100만원	14
10도	14
10만	14
12명	14
13연승	14
15년	14
1만명	14
1볼넷	14
2라운드	14
30억원	14
35도	14
3대	14
3주	14
3차	14
4곳	14
4이닝	14
5gx	14
7시간	14
cj헬로	14
kb국민은행	14
sk브로드밴드	14
wkbl	14
가능성종합	14
가득	14
가짜	14
각	14
갑질	14
강등	14
강연	14
강화해야	14
거부권	14
거센	14
검색어	14
결정에	14
고객에	14
고대영	14
곳곳서	14
공시	14
교류	14
교육과정	14
구상	14
군사	14
극우당	14
금융당국	14
기각	14
기대종합	14
기상청	14
기자들	14
기획전	14
기후변화	14
나경복	14
나들이객	14
나올까	14
나흘	14
남부지방	14
낮아	14
내린	14
내일까지	14
넘게	14
노래	14
노리는	14
노회찬	14
높이는	14
높인다	14
늘린다	14
니퍼트	14
다툼	14
대기	14
대란	14
대우건설	14
대파	14
데얀	14
독도	14
동기	14
동원	14
두경민	14
드래프트	14
등과	14
땅	14
떨어진	14
뛴	14
띄우기	14
라인업	14
르브론	14
리선권	14
릴레이	14
막는	14
만나다	14
말고	14
말아야	14
매도	14
모디	14
모스크바	14
목사	14
무관	14
무상증자	14
무슨	14
물질	14
민간	14
박영수	14
박지성	14
박탈	14
받는	14
밝히는	14
배구단	14
베를린	14
보도에	14
보통주	14
봉사활동	14
부각	14
부테플리카	14
붉은	14
비극	14
비판에	14
빅리그	14
빈	14
사살	14
사실무근	14
사의	14
사인	14
사전예약	14
산다	14
살펴보는	14
서정원	14
선거서	14
성화	14
소속	14
소행	14
속에	14
쇼핑몰	14
수렁	14
수상자	14
수여	14
숨	14
시리아에	14
시범경기서	14
시속	14
식당	14
신기술	14
신중	14
싶은	14
쌀쌀	14
썼다	14
아세안	14
아웃	14
아이패드	14
안팎	14
않고	14
않으면	14
야간	14
양현종	14
여론	14
여자부	14
연준	14
영광	14
예스24	14
예판	14
오늘도	14
오름세	14
오만	14
오세근	14
옥수수	14
온도	14
왔다	14
왜곡	14
외무부	14
외신	14
요인	14
위대한	14
의혹에	14
이란서	14
이재명	14
이정후	14
이통시장	14
인민일보	14
인상에	14
잃은	14
임도헌	14
임시국회	14
있을	14
자급제	14
자처	14
작은	14
잡는다	14
장기집권	14
장벽	14
재도전	14
재벌	14
적자전환	14
전당대회	14
전망에	14
전송	14
전주	14
절감	14
정경두	14
정신	14
제재로	14
조건	14
조별리그	14
좀	14
좋아	14
주민들	14
지배구조	14
질주종합	14
집단	14
집행위원장	14
차범근	14
차원	14
차지	14
찬반	14
창원	14
찾는다	14
촛불	14
총선서	14
최강한파	14
최우선	14
추석연휴	14
출전해	14
치열	14
카메라뉴스	14
캄보디아	14
컴퓨터	14
컵스	14
콘테	14
크루즈	14
키프로스	14
타이	14
터키서	14
토지	14
통증	14
투톱	14
파나마	14
패키지	14
팩트체크	14
편집	14
평화협상	14
포스코	14
포스터	14
포스트	14
폭	14
표승주	14
표준	14
프로축구2부	14
플레이오프	14
필요종합	14
필요한	14
하나의	14
하루키	14
하퍼	14
학생들	14
한국서	14
한국전	14
한중	14
한파에	14
합의안	14
해운대	14
핵보유국	14
향후	14
허위	14
헌법	14
헬기	14
협정	14
호세프	14
홈런왕	14
횡령	14
후퇴	14
흔적	14
10년간	13
10배	13
12년	13
18년	13
18명	13
1개	13
1천억원	13
23명	13
26점	13
2부	13
2차대전	13
2패	13
30점	13
3년만에	13
3파전	13
5g로	13
5배	13
6번째	13
7연승	13
9시	13
bbc	13
bmw	13
cctv	13
dlf	13
f35	13
icc	13
m	13
ok	13
tf	13
tv조선	13
vod	13
가고	13
가닥	13
가상현실	13
가속화	13
각국	13
간판	13
강세종합	13
강소휘	13
강진	13
강판	13
갤럭시노트8	13
거장	13
거점	13
결합	13
결항	13
경제정책	13
경질	13
고비	13
고성능	13
공모가	13
공습으로	13
공시지원금	13
공천	13
공포	13
과천과학관	13
국민께	13
국민에	13
국민투표	13
국왕	13
군벌	13
굳히기	13
권리	13
기사	13
기업들	13
김하성	13
꽃	13
꿈꾸는	13
끝내	13
나이지리아서	13
내주날씨	13
내홍	13
노출	13
농축	13
눈독	13
다룬	13
단식	13
답변하는	13
답하는	13
대결서	13
대대적	13
대림산업	13
대타로	13
더블더블	13
덥다	13
도서	13
됐다	13
러시아에	13
류중일	13
리더	13
리더십	13
리스크	13
막	13
만	13
만들	13
말레이시아	13
맛	13
매일	13
멀티히트	13
무대에	13
무더기	13
무역분쟁	13
문선민	13
문의장	13
문제로	13
문화소식	13
미얀마	13
민병대	13
민정수석	13
바다로	13
바쁜	13
바이러스	13
박영선	13
박정아	13
받고	13
발끈	13
발대식	13
발사에	13
발송	13
발표종합	13
발효	13
방식	13
방일	13
배구협회	13
배출	13
배포	13
법정	13
벼랑	13
병력	13
보다	13
부르키나파소서	13
부모	13
부적절	13
부정	13
부진에	13
북측	13
분노	13
분당	13
불편	13
비전	13
비트코인	13
빛	13
뿐	13
사드배치	13
사령탑에	13
사모펀드	13
살인	13
삼성전기	13
상승폭	13
상위	13
서아프리카	13
석진욱	13
선방	13
설욕	13
성장세	13
세대교체	13
세포	13
송인서적	13
수교	13
수리	13
수백명	13
수소	13
수출규제	13
순간	13
슈퍼화요일	13
스마트폰으로	13
승객	13
승자는	13
시카고	13
신약	13
신영철	13
쑥쑥	13
쓰는	13
쓸	13
아기	13
아래	13
아이들	13
압력	13
업무	13
없다종합	13
에디션	13
역풍	13
연구개발	13
연구비	13
열리는	13
열전	13
영	13
영업	13
영역	13
영토	13
오키나와	13
완성	13
왕웨이중	13
요구에	13
울고	13
원샷법	13
유망주	13
유벤투스	13
유세	13
윤곽	13
윤덕여	13
윤상현	13
음주운전	13
이래	13
이스라엘군	13
이용찬	13
이재용	13
이적료	13
이주열	13
이주의	13
인력	13
인터넷은행	13
입증	13
입지	13
잘츠부르크	13
장하성	13
쟁점	13
전기	13
전설	13
전지훈련	13
전하는	13
점령	13
정세	13
정세균	13
제2	13
제조장비	13
조롱	13
조배숙	13
주는	13
주역	13
중고폰	13
증가세	13
증권사	13
증언	13
지능형	13
지소미아	13
직행	13
질	13
질문	13
짙은	13
차별	13
찾기	13
처음으로	13
첨단	13
총파업	13
총회	13
최고령	13
최고위	13
최다승	13
최소화	13
추가도발	13
추구	13
축사	13
출연연	13
출정식	13
측근	13
침몰	13
침체	13
컵대회	13
테러방지법	13
통합우승	13
트레이드	13
트뤼도	13
파죽의	13
팔	13
팔려	13
편입	13
포체티노	13
폭동	13
품질	13
피날레	13
한계	13
한국기자협회	13
한국전력에	13
한일전	13
해리	13
호우경보	13
홈런포	13
회복종합	13
훼손	13
흡수합병	13
힐러리트럼프	13
10연승	12
1골	12
1년간	12
1억	12
1운동	12
1위로	12
1주당	12
1차전서	12
1천	12
1천만원	12
20주년	12
29도	12
2년간	12
2안타	12
2억원	12
3선	12
3조원	12
3차전	12
4실점	12
4월부터	12
50명	12
5차	12
7연패	12
9개	12
ai가	12
cnn	12
cns	12
d2	12
dmz	12
etf	12
fc바르셀로나	12
fomc	12
lg화학	12
nh농협은행	12
pd수첩	12
t맵	12
who	12
x	12
가계대출	12
가능할까	12
감축	12
강풍주의보	12
강행	12
같다	12
개표	12
거의	12
걸린	12
겨냥한	12
결별	12
결성	12
공감	12
공론화	12
공주	12
공직자	12
공짜	12
과도한	12
관건	12
관람객	12
관여	12
교섭단체	12
권력	12
권한	12
균열	12
근무	12
근접	12
금	12
급부상	12
기대치	12
기분	12
기억	12
김경수	12
김영남	12
김일성	12
김태년	12
까지	12
꽃샘추위	12
낙마	12
남해안	12
내리는	12
내줘	12
네	12
넥슨	12
노	12
논문	12
농구대표팀	12
농도	12
높인	12
뉴스키워드	12
단기	12
단일화	12
담금질	12
담판	12
답방	12
닷새	12
대량	12
대박	12
대법관	12
대변인	12
대선주자	12
더욱	12
덕분	12
데	12
도자기	12
도착한	12
도쿄	12
독려	12
독립운동가	12
돌파구	12
동계올림픽	12
동물	12
동안	12
동점	12
디종	12
또다시	12
런던	12
루카쿠	12
맑다가	12
맞춰	12
매체들	12
면세점	12
면접	12
모인	12
무게	12
문건	12
미만	12
바뀐다	12
바레인	12
박미희	12
박용택	12
박항서호	12
반값	12
반성	12
발탁	12
방	12
방향	12
법무부	12
법적	12
베네수	12
베로나	12
변동성	12
별	12
보낸	12
보세요	12
복귀전서	12
본인	12
봉쇄	12
부위원장	12
부채	12
부처	12
북서부서	12
북중	12
북한과	12
북한식당	12
분식회계	12
분양권	12
불공정	12
뷸러	12
비디오	12
비슷	12
뽑은	12
사기	12
사나이	12
사령관	12
사망종합2보	12
사무실	12
사상자	12
사표	12
삼성에	12
설비	12
성범죄	12
세계기자대회	12
세계적	12
소년	12
소동	12
소형	12
솔릭	12
송영길	12
수반	12
수소탄	12
수혜	12
숲	12
쉽지	12
스완지	12
스크린	12
스팸	12
승부수	12
시구	12
시군	12
시한	12
아우크스	12
아이폰7	12
아이폰xs	12
아카데미	12
안에	12
알고	12
압류재산	12
애틀랜타	12
앵커	12
어깨	12
어디로	12
어려울	12
없을	12
에버턴	12
에세이	12
에콰도르	12
연구소	12
연천	12
예술	12
오래	12
오후에	12
완전한	12
외	12
외출	12
용량	12
용인	12
우리나라	12
우린	12
우위	12
우즈베크	12
운전	12
운전자	12
원리	12
원유철	12
위원	12
유통	12
음악회	12
이건희	12
이끄는	12
이란은	12
이란의	12
이례적	12
이번주	12
이야기하는	12
이치로	12
이틀만에	12
입찰	12
있으면	12
작렬	12
장거리	12
장자연	12
재차	12
저하	12
전경련	12
전국서	12
전년비	12
전승	12
전체회의	12
점	12
점점	12
점프	12
정지	12
제	12
제어	12
제정	12
조직	12
조직개편	12
주시	12
주최	12
주택시장	12
줄고	12
중국군	12
중남미	12
쥐	12
증가율	12
지금은	12
지사	12
지역구	12
지휘	12
진땀승	12
진압	12
진영	12
짐바브웨	12
차례	12
차이	12
참의원	12
창간	12
찾는	12
챔프	12
챗봇	12
첫발	12
체력	12
초당적	12
초반	12
촉매	12
총리에	12
총장	12
최기영	12
최우수	12
최저기온	12
추워요	12
추월	12
추적	12
추첨	12
출루	12
출사표	12
출장	12
출품	12
충전	12
취항	12
친정	12
친환경	12
침범	12
카카오페이	12
코스닥은	12
코트	12
콜로라도	12
탄력	12
탄압	12
탓에	12
태권도	12
통신3사	12
통신망	12
투교협	12
투어	12
투자유치	12
트럼프는	12
트리플크라운	12
패전	12
펜스	12
평양서	12
평화당	12
포스트시즌	12
폭격기	12
표	12
표결	12
푸른	12
풍덩	12
풍성한	12
플라스틱	12
피서	12
피소	12
하락종합	12
하면	12
하이투자	12
한눈에	12
한번	12
한여름	12
한파경보	12
함께하는	12
합의종합	12
항공권	12
해수부	12
행렬	12
행복한	12
현실화	12
혈투	12
화성	12
화재로	12
확정종합	12
환불	12
회사	12
회원국	12
흐림	12
히어로즈	12
10시	11
10억	11
16년	11
1강	11
1주	11
1천만	11
200억원	11
20만명	11
20여명	11
24시간	11
2년만에	11
2대	11
2번째	11
2억	11
2천억원	11
2타점	11
2회	11
33도	11
3국	11
3루타	11
3위로	11
4년간	11
50년	11
52주	11
5시	11
5실점	11
82년생	11
8연패	11
acl	11
cj헬로비전	11
d3	11
imf	11
ipo	11
k팝	11
ml	11
가계부채	11
가구	11
가을야구	11
가자	11
가정	11
감독대행	11
강경	11
개발자	11
갤럽	11
걸	11
걸프	11
검찰총장	11
결단	11
결승포	11
결혼	11
경례하는	11
경쟁률	11
경제성장률	11
계곡	11
계절	11
고교	11
고은	11
고전	11
공개종합	11
공동연구	11
공연장	11
광화문	11
국내서	11
국립중앙박물관	11
국무장관	11
국방위	11
국산	11
국정농단	11
군사적	11
그래핀	11
그레인키	11
극복	11
글쎄	11
금리인하	11
금융권	11
금의환향	11
기구	11
기념행사	11
기다리는	11
기로	11
기본	11
기술이전	11
길따라	11
김정은에	11
김지영	11
김학의	11
김현수	11
깊은	11
꼽은	11
나서나	11
낙찰	11
남북대화	11
남아	11
남아공	11
남았다	11
노란	11
노키아	11
노트	11
노트르담	11
논의할	11
농협	11
누리꾼	11
뉴스테이	11
니스	11
다큐	11
달간	11
담긴	11
대남	11
대법원	11
대표에	11
덕에	11
도르트문트	11
도입종합	11
독일전	11
동	11
동시에	11
듀얼	11
든	11
등장한	11
때보다	11
뛸	11
라디오	11
러시아서	11
러시아행	11
레이스	11
레이커스	11
레전드	11
로맥	11
리뷰	11
마라	11
만났다	11
만들어	11
만들자	11
만화	11
맞손	11
맞이	11
맥주	11
머리	11
모르는	11
모임	11
목표는	11
몰래	11
몰타	11
몽골	11
무디스	11
물량	11
미정	11
민주평화당	11
밀양	11
바른미래당	11
박종훈	11
박주호	11
반란	11
밝혀야	11
밝힌	11
방명록	11
방문종합	11
방송사	11
방영	11
방출	11
방치	11
방화	11
배구대표팀	11
법무	11
법인	11
법정관리	11
베르베르	11
베스트	11
보도국장	11
보이는	11
볼리비아	11
봄이	11
부천	11
북부서	11
북상	11
분수령	11
비디오판독	11
비박	11
비서	11
비주류	11
뿌리	11
뿔난	11
사냥	11
사라진	11
사랑의	11
사업에	11
사이테크	11
사자	11
사장에	11
사전투표	11
산은	11
삼성중공업	11
상가	11
색상	11
샌프란시스코	11
생방송	11
생애	11
생존	11
서울옥션	11
석유	11
석탄	11
선보인다	11
성금	11
성인	11
세번째	11
소리	11
소비	11
속으로	11
솔로포	11
수상작	11
수순	11
수업	11
술	11
슛	11
스완지시티	11
스타트	11
승률	11
승리종합	11
시민권	11
시장서	11
시청	11
시험발사	11
신규상장	11
신바람	11
신장	11
신한카드	11
신호	11
아쉽다	11
아시아나항공	11
아이폰11	11
악영향	11
안우진	11
안종범	11
안희정	11
압도	11
야	11
양산	11
어려운	11
언론재단	11
언어의	11
에버랜드	11
에볼라	11
여객선	11
여는	11
여러	11
역사를	11
역투	11
연주	11
엿새째	11
예술단	11
옐리치	11
올들어	11
올여름	11
완판	11
요르단	11
운동	11
위	11
위원회	11
위치	11
위헌	11
윌슨	11
유도	11
유람선	11
유럽에	11
유죄	11
유치전	11
유튜버	11
음식	11
응징	11
의식	11
이근호	11
이라크서	11
이문규	11
이민아	11
이석수	11
이스라엘에	11
인명피해	11
인사청문회	11
일요일	11
일제	11
임대	11
자녀	11
작가들	11
작업	11
장정석	11
재검토	11
재활용	11
저축은행	11
적시타	11
전투	11
정개특위	11
정면돌파	11
정조준	11
정착촌	11
제소	11
제안에	11
제주공항	11
조건부	11
조심하세요	11
조용히	11
조평통	11
존재감	11
종목	11
준비하는	11
줄기세포	11
중순	11
중앙은행	11
지소연	11
지주사	11
직격탄	11
진	11
진정성	11
집단소송	11
차로	11
차바	11
찬	11
찬바람	11
찾아가는	11
찾아라	11
책임자	11
챔스	11
철거	11
체험관	11
초과	11
초기	11
초소형	11
촛불집회	11
최신	11
출렁	11
출범식	11
출전정지	11
출하량	11
충분히	11
취임후	11
카자흐스탄	11
캘리포니아	11
코스닥시장	11
쿠르드족	11
타이스	11
태운	11
터키에	11
통증으로	11
투자종합	11
투표율	11
트래픽	11
특사	11
파주	11
판	11
팔자에	11
포근	11
풍경	11
피	11
피랍	11
핀란드	11
하락세	11
하자	11
하현회	11
한국gm	11
한국야구	11
한낮	11
한산	11
한성숙	11
한정	11
한진	11
한화전	11
합창	11
항모	11
해도	11
해맞이	11
해상서	11
해커	11
햄스트링	11
행진곡	11
향년	11
혁명	11
현대미술	11
현대차그룹	11
호조	11
호평	11
홍천	11
화장품	11
화합	11
후쿠시마	11
훨씬	11
휴가철	11
100만명	10
10기가	10
10만명	10
11연승	10
13년	10
1라운드	10
1순위로	10
1시간	10
1심	10
1주일	10
1천만명	10
22명	10
2도	10
2조원	10
2척	10
40년	10
40대	10
5주기	10
60대	10
6개국	10
8위	10
cc	10
cj제일제당	10
d30	10
dji	10
em	10
kovo컵	10
lg는	10
lg전	10
oana	10
ok저축은행에	10
os	10
s8	10
sk이노베이션	10
u20	10
가나	10
가야	10
가지	10
감각	10
개원	10
개혁안	10
거취	10
검은	10
것인가	10
격상	10
견본주택	10
결선	10
경연대회	10
경찰청장	10
경총	10
고성	10
고위급회담	10
고침	10
골키퍼	10
공세에	10
공수처법	10
과열	10
관계개선	10
괌	10
광주전남	10
괴물	10
교통사고	10
구현	10
국경서	10
국립국악원	10
국민이	10
국영방송	10
국회정상화	10
극	10
극단주의	10
급물살	10
기도	10
기업용	10
김기춘	10
김동철	10
김문수	10
김선형	10
김세진	10
김신욱	10
김연철	10
김정남	10
김해	10
김환기	10
나를	10
날개	10
낸다	10
노동개혁	10
누구나	10
눈으로	10
늘었다	10
다가온	10
다소	10
단계	10
단교	10
달린	10
닷새째	10
당권	10
당내	10
대립	10
대비태세	10
대우증권	10
대이란	10
대전충남	10
대주주	10
덜	10
돼야	10
되길	10
두산전	10
둘	10
등번호	10
때까지	10
때리기	10
떠나	10
랩	10
러브콜	10
러시아월드컵	10
로숙영	10
리바운드	10
리수용	10
리콜	10
리허설	10
마에다	10
마카오	10
막자	10
막혀	10
막힌	10
망	10
맞불	10
매년	10
맹추위	10
멋따라	10
면제	10
명소	10
모멘텀	10
모바일게임	10
모여라	10
몰라	10
무서운	10
무승	10
무효	10
문희상	10
묻다	10
미래는	10
미술관	10
믿어	10
밀려	10
밀워키	10
밀착	10
바닥	10
바란다	10
바른정당	10
바흐	10
박철우	10
반기	10
반발종합	10
반지	10
발급	10
발포	10
방북단	10
배신	10
백승호	10
베르나르	10
베이징서	10
베토벤	10
베트남서	10
벤치	10
벨린저	10
벽	10
변신한	10
보니	10
보도사진전	10
보수당	10
보스턴에	10
보장	10
보트	10
본사	10
봄꽃	10
부상자	10
부작용	10
북미대화	10
북서부	10
북유럽	10
북한의	10
분데스리가	10
분산	10
분할	10
불똥	10
불성실공시법인	10
브리검	10
블로킹	10
사고로	10
사내	10
사람이	10
사업화	10
사외이사	10
사용량	10
사이언스	10
사이클론	10
사칭	10
사흘만에	10
산업부	10
산업생산	10
삼성은	10
상	10
상장폐지	10
서안	10
서울시장	10
석현준	10
선거운동	10
선수로	10
설계	10
설득	10
설맞이	10
설연휴	10
성	10
성사	10
세금	10
소	10
소사	10
소속팀	10
소자	10
속도전	10
손혜원	10
송명근	10
송민순	10
수도서	10
수석대표	10
수치	10
숙인	10
순이익	10
순항	10
숨은	10
쉽게	10
슈퍼스타	10
스키	10
스파이	10
시내	10
시선	10
시위에	10
시험대	10
신년담화	10
신뢰도	10
신생아	10
신용카드	10
신한금융투자	10
신화	10
실마리	10
실태조사	10
실현	10
싶어요	10
쌀	10
아모레퍼시픽	10
아시아나	10
악몽	10
안간힘	10
안갯속	10
않는다	10
않아종합	10
압도적	10
압박종합	10
앙숙	10
야심작	10
양대	10
양양	10
어나이	10
어디까지	10
어산지	10
억지	10
언론의	10
얼음	10
엄중	10
업종	10
엔씨소프트	10
여소야대	10
여자프로배구	10
여정	10
연구기관	10
연구실	10
연구에	10
열	10
열병식	10
영천	10
예선서	10
예의주시	10
예정대로	10
오전까지	10
올레드	10
올인	10
와인	10
완간	10
왼쪽	10
우려종합	10
우리금융	10
우리의	10
운명의	10
원해	10
유대인	10
유리	10
유발	10
유보	10
유예	10
유일	10
유족	10
유혈사태	10
은폐	10
음원	10
의무	10
의총	10
이다영	10
이상범	10
이송	10
인간의	10
인근서	10
인류	10
일문일답	10
임무	10
임시	10
임지훈	10
입법	10
입성	10
잇는	10
자리에	10
자존심	10
자택	10
작별	10
잡는	10
장마	10
장원준	10
장학금	10
재고	10
재점화	10
재현	10
저녁	10
전량	10
전집	10
전파	10
정	10
정권교체	10
정기국회	10
정호성	10
제재에	10
조금	10
조상우	10
조선일보	10
종속회사	10
좋아요	10
죄송	10
주도권	10
주류	10
주차장	10
중국내	10
중국산	10
중도금	10
중진	10
즉시	10
즐겨요	10
증권가	10
증설	10
증인	10
증정	10
지문인식	10
지출	10
직면	10
직장	10
직후	10
징크스	10
징후	10
짜릿한	10
차별화	10
참패	10
창작	10
창작자	10
찾아온	10
천정배	10
철저히	10
청신호	10
초연	10
총액	10
총출동	10
최대어	10
최대한	10
최연소	10
축제장	10
춘천시	10
출전권	10
출판	10
춥다	10
취업	10
취재진	10
치매	10
치열한	10
친문	10
칩	10
캐릭터	10
캡틴	10
컨디션	10
코웨이	10
퀄컴	10
타점	10
탑재한	10
태극기	10
태블릿pc	10
태양	10
터치	10
테러로	10
테러범	10
톈안먼	10
토론	10
트라우트	10
트리폴리	10
트리플더블	10
특위	10
팀에	10
파기	10
파울	10
파행	10
판정	10
판정승	10
패	10
펀드에	10
편의점	10
평년기온	10
포상금	10
포착	10
포퓰리즘	10
폭탄테러	10
표창	10
플레이	10
필요성	10
하나금융투자	10
하루만에	10
한국경제	10
한국은행	10
한국투자	10
한마당	10
한미동맹	10
한민구	10
한상혁	10
항공사	10
항로	10
해변	10
해외서	10
핵실험장	10
행성	10
헬로모바일	10
현대제철	10
현상	10
현장점검	10
협의체	10
형제	10
호우	10
호조에	10
확신	10
회수	10
회장에	10
훈풍에	10
휘파람	10
흉기	10
희비	10
힐	10
힘으로	10
100번째	9
10곳	9
10분	9
10조원	9
14개	9
15명	9
19명	9
1부	9
1일부터	9
1절	9
1점	9
1조	9
1주기	9
2018시즌	9
2022년	9
20도	9
20조	9
21명	9
22점	9
26명	9
28명	9
28점	9
2시	9
2시간	9
2점	9
2천만원	9
30여명	9
360도	9
3자배정	9
43점	9
4년만에	9
4번	9
4종	9
4호	9
5개월	9
5년만에	9
5만명	9
5세트	9
5승	9
5일간	9
6승	9
70년	9
7차	9
8강전	9
8번째	9
9연승	9
c	9
cia	9
dls	9
g20서	9
g8	9
gs리테일	9
ktb투자증권	9
lg페이	9
oecd	9
ott	9
pk	9
r	9
sat	9
sk에	9
sp	9
s펜	9
u18	9
가계	9
가까이	9
가끔	9
가능성도	9
가능종합	9
가득한	9
가평	9
각오	9
감독이	9
감찰	9
강풍에	9
개방형	9
개의	9
개인정보보호	9
갤s10	9
갤럭시노트9	9
거짓	9
겨울축제	9
격전지	9
격화에	9
결승타	9
경쟁서	9
경쟁자	9
경제에	9
경제협력	9
계좌	9
고려대	9
고백	9
고수	9
고조종합	9
고춧가루	9
고화질	9
골절	9
골프장	9
곳에	9
공공	9
공군	9
공동성명	9
공시가격	9
공식화	9
공연소식	9
공작	9
공청회	9
과학자	9
관련자	9
관한	9
교황청	9
교회	9
구설	9
구형	9
국가대표팀	9
국기에	9
국립발레단	9
국면	9
국무위원장	9
국보	9
국정운영	9
국회연설	9
귀국길	9
균형	9
극단	9
기무사	9
기본료	9
기부금	9
기싸움	9
기업인	9
기초연구	9
기쿠치	9
김단비	9
김민재	9
김상식	9
김진수	9
김포	9
김현미	9
깃발	9
껑충	9
나무	9
나오나	9
나와라	9
낙관	9
날씨에	9
남부서	9
남북교류	9
남태희	9
낫다	9
낮기온	9
낮은	9
내릴	9
내비	9
넘는다	9
노동신문	9
논란종합	9
놀란	9
눈물의	9
뉴햄프셔	9
늘었지만	9
늦더위	9
다음주	9
다주택자	9
단지	9
달린다	9
닮은	9
당신	9
대국민	9
대면	9
대북압박	9
대북확성기	9
대설	9
대안	9
대통령여야	9
대통령의	9
대포	9
더는	9
더워요	9
덕	9
덜미	9
도발시	9
도쿄서	9
독식	9
돕는	9
돕는다	9
동성애	9
두바이	9
둘러보는	9
들어서는	9
떠날	9
뚫고	9
뛰고	9
라가르드	9
라오스	9
러시아와	9
레바논서	9
레이더	9
론칭	9
류현진은	9
류현진이	9
리스트	9
리용호	9
리우올림픽	9
링링	9
마련해야	9
마비	9
막을	9
만나면	9
맑은	9
망언	9
매매	9
매물	9
매주	9
먹거리	9
먹구름	9
멕시코전	9
명예훼손	9
모금	9
모비스	9
모아	9
목숨	9
무가베	9
무력	9
무역갈등	9
무조건	9
문턱	9
물가	9
물든	9
뮬러	9
미국발	9
미국은	9
미술품	9
미일	9
민주노총	9
민주콩고서	9
박동원	9
박수치는	9
박찬호	9
반대종합	9
밝은	9
방어	9
방점	9
방지	9
배구연맹	9
벗은	9
베팅	9
벵거	9
보관	9
보유세	9
보잉	9
보자	9
보편요금제	9
보호무역	9
본국	9
부글부글	9
부당	9
부대	9
부분	9
부실	9
북러	9
북한인권법	9
북핵대응	9
불꽃놀이	9
불볕더위	9
불복	9
불씨	9
브뤼셀	9
비대위원장	9
비위	9
비자	9
비중확대	9
빅뱅	9
빌	9
빠져	9
사찰	9
산천어축제	9
상담	9
상무	9
상시	9
상하이	9
생명	9
서방	9
서비스로	9
서울에	9
선발로	9
선봉	9
선수는	9
선수들이	9
선언종합	9
선착	9
설악산	9
세계선수권	9
센서	9
셀카	9
셧다운	9
소감	9
소득	9
손에	9
손흥민과	9
솔솔	9
송금	9
송영무	9
쇄도	9
쇼트트랙	9
수괴	9
수렴	9
수림문학상	9
수준으로	9
수천명	9
숙박	9
숙제	9
순	9
순자산	9
숨지고	9
스튜디오	9
스트리밍	9
습격	9
승격	9
승용차	9
시가총액	9
시너지	9
시범서비스	9
시위대에	9
시일내	9
시작종합	9
시절	9
시중은행	9
시진핑과	9
시추	9
신동빈	9
신부	9
신축공사	9
신한지주	9
실력	9
실세	9
실질적	9
실탄	9
쌍둥이	9
씨	9
아내	9
아니야	9
아랍의	9
아래로	9
아쉬워	9
아픔	9
악성	9
안도	9
안해종합	9
알려준다	9
알샤바브	9
암세포	9
앞장	9
야구대표팀	9
야구장	9
약진	9
양호	9
어머니	9
언제든	9
얼어붙은	9
업그레이드	9
없으면	9
에이전트	9
에인절스	9
엘리엇	9
엘시시	9
여	9
여왕	9
여의도	9
여자배구대표팀	9
여자프로농구	9
여진	9
여파로	9
여행소식	9
역량	9
역사의	9
연기종합	9
연동형	9
연말연시	9
연체율	9
열렸다	9
열쇠	9
영유권	9
영장	9
영향권	9
예금	9
예매	9
옐런	9
오나	9
오케스트라	9
오피스텔	9
오히려	9
올려	9
옷	9
완벽한	9
완전히	9
왕세자	9
외치는	9
요스바니	9
요청에	9
욕심	9
용의	9
우뚝	9
우산	9
우파	9
울릉도	9
워치	9
원하는	9
원희룡	9
월드시리즈	9
위닝시리즈	9
위원장에	9
위협에	9
유로파리그	9
유망	9
유엔서	9
유용	9
유의	9
유일호	9
유통점	9
유학생	9
으로	9
은	9
은성수	9
은행권	9
음주	9
의제	9
의향	9
이런	9
이룬	9
이른	9
이모티콘	9
이산가족	9
이색	9
이재성	9
이진현	9
이착륙	9
인간과	9
인도적	9
인디애나	9
인빌딩	9
인생	9
인제	9
인천서	9
입은	9
입장권	9
입주	9
자격정지	9
자기	9
자산	9
자위대	9
자전거	9
잔치	9
잠시	9
장관과	9
장기	9
장성	9
장악	9
재협상	9
저도	9
저소득층	9
전날	9
전망종합	9
전자담배	9
전쟁범죄	9
절반은	9
정부가	9
정부군반군	9
정우람	9
정전	9
정책실장	9
제2회	9
제6회	9
제주서	9
조성부	9
존	9
존중	9
종결	9
종전선언	9
주변	9
주택담보대출	9
줄인다	9
중거리핵전력조약	9
중국과	9
즉위	9
증강현실	9
증자	9
지수	9
지원사업	9
직원들	9
진격	9
진해	9
짧은	9
착한	9
참관	9
챌린지	9
챙기세요	9
처리해야	9
첫승	9
청원에	9
청취	9
체포종합	9
체험단	9
첼리스트	9
초고속	9
초대형	9
초청장	9
최대종합	9
추경안	9
추워	9
축구선수	9
축포	9
출구	9
출동	9
치고	9
친	9
친서	9
카페	9
칼	9
커지는	9
커진다	9
코레일	9
코리안	9
코스타	9
코치로	9
크로아티아	9
크지	9
클럽	9
키운다	9
키워드	9
타당성	9
탄핵심판	9
태세	9
태안	9
통화정책	9
퇴근길	9
투자자	9
트럭	9
트로피	9
특검보고서	9
특급	9
특사단	9
특집	9
특혜	9
팔린	9
팝업스토어	9
팬들	9
팰리스	9
평화와	9
폐기	9
포그바	9
포장	9
폭락	9
폭로	9
표류	9
표절	9
프로야구전망대	9
피의자	9
피홈런	9
필수	9
하태경	9
한국관광공사	9
한달만에	9
한미훈련	9
한발	9
한복	9
한샘	9
한수원	9
한풀	9
한화에	9
합의문	9
해고	9
해외미디어	9
허리케인	9
현대글로비스	9
현실로	9
형성	9
호위	9
혼돈의	9
혼자	9
혼조세	9
홀로코스트	9
홍수	9
화두는	9
확률	9
환영사	9
환호	9
황석영	9
황재균	9
회고록	9
후원금	9
휘발유	9
흔드는	9
힘든	9
0원	8
100대	8
100만대	8
100세시대	8
100여명	8
100일	8
10년만에	8
10만원	8
10번째	8
10억원	8
10연패	8
12년만에	8
12연패	8
14연승	8
17개	8
18세	8
1도움	8
1득점	8
1타점	8
200만명	8
2012년	8
2021년까지	8
2026년	8
2080대	8
20만원대	8
25점	8
2군	8
2심도	8
2위로	8
2차례	8
30명	8
34점	8
3시	8
3연전	8
3차례	8
45점	8
4개월	8
4시	8
4회	8
5천명	8
5천억원	8
5타수	8
6개월만에	8
6호	8
7개월	8
7호	8
8개국	8
ai로	8
asem	8
bgf리테일	8
cgv	8
dna	8
dsr	8
espn	8
eu에	8
gps	8
ibm	8
ios	8
isa	8
kistep	8
nhn	8
sc제일은행	8
sk네트웍스	8
sns에	8
u19	8
u21	8
uhd	8
vr현장	8
wfp	8
가까운	8
가능성은	8
가다	8
가담	8
가을비	8
가이드북	8
가정의	8
가처분	8
간츠	8
갈길	8
감	8
감소세	8
감지	8
갔다	8
강보합	8
강세에	8
강제	8
강해	8
강화군	8
개국	8
거대한	8
거액	8
건강한	8
걷기	8
걷는	8
걸릴	8
것속보	8
것을	8
것이	8
게레로	8
결선투표	8
경기남부	8
경산	8
경선서	8
경유	8
경제민주화	8
경제보복	8
계단	8
계속되는	8
고대	8
고도화	8
고립	8
고삼석	8
고예림	8
고향	8
곤	8
골드번호	8
공룡	8
공정성	8
공정한	8
과감한	8
과기한림원	8
과잉	8
광장	8
괜찮아	8
교사	8
교정	8
구단주	8
구스만	8
구체적	8
국기	8
국빈방문	8
국제회의	8
군사력	8
군함	8
궤도	8
그림자	8
극과	8
극찬	8
근육	8
근절	8
금강	8
금통위	8
급파	8
긍정	8
기념촬영	8
기류	8
기사회생	8
기술개발	8
기용	8
기재부	8
기재위	8
긴장고조	8
김승기	8
김영주	8
김의겸	8
김정은의	8
김진표	8
김희옥	8
김희진	8
깊이	8
까닭은	8
깜짝실적	8
꿀잼여행	8
끝났다	8
나포	8
남	8
남긴	8
남북단일팀	8
남북미	8
남북통일농구	8
남편	8
낮에는	8
내주부터	8
너의	8
네이버웹툰	8
넥센에	8
노동법	8
노려	8
농협은행	8
뉴올리언스	8
뉴욕증시	8
늘고	8
늘려야	8
늘릴	8
늪	8
닛산	8
다우디	8
다행	8
단계적	8
단호히	8
달고	8
달해	8
닮은꼴	8
담합	8
당국자	8
당론	8
당신이	8
당일	8
당장	8
대권	8
대만서	8
대북특사단	8
대연정	8
대우조선해양	8
대중	8
대테러	8
대패	8
대폭발	8
대표팀에	8
대해	8
더비	8
덮친	8
데뷔전서	8
데이터센터	8
덴버	8
도달	8
독	8
독점	8
돌연	8
돌파종합	8
동아시아	8
동의안	8
되면	8
뒤집기	8
득표	8
들려주는	8
따로	8
뚜렷	8
뛰는	8
로드맵	8
로하니	8
롯데카드	8
르노삼성	8
리니지m	8
리설주	8
마감종합	8
마세요	8
마야	8
마쳐	8
마침내	8
막고	8
막은	8
만들고	8
말까지	8
말리서	8
맛집	8
맞게	8
매장서	8
맥스	8
맹폭	8
먹고	8
멕시코에	8
명분	8
명예의	8
모	8
모드	8
모스크바서	8
몸에	8
못하는	8
무기판매	8
무르시	8
무용	8
무장괴한	8
무주	8
문제는	8
물갈이	8
뮌헨	8
미국산	8
미군기지	8
미러	8
미리보는	8
미미	8
미생물	8
민생법안	8
밀월	8
밑돌아	8
바꾼	8
바꿀	8
박건우	8
박상기	8
박수	8
반가운	8
반갑다	8
반색	8
반전	8
반정부시위	8
발레	8
발판	8
방남	8
방송통신	8
방송통신위원회	8
방위상	8
방침에	8
배우는	8
백서	8
밴드	8
버라이즌	8
버틀러	8
번개	8
벗어나	8
변한	8
변희재	8
별도	8
병역특례	8
보강	8
보석	8
보선	8
보좌관	8
보통	8
복귀한	8
복귀할	8
복지	8
본선행	8
볼거리	8
부나	8
부산에	8
불가능	8
불량	8
불변	8
비상사태	8
비즈니스	8
빨라	8
빼고	8
사라진다	8
사랑한	8
사면초가	8
사법부	8
사상최대	8
사실과	8
사우스캐롤라이나	8
사이버공격	8
사태에	8
사흘간	8
산사태로	8
산수유	8
산업용	8
산천어	8
살리기	8
살비니	8
살포	8
삼바	8
삼성sdi	8
삼성바이오로직스	8
삼성엔지니어링	8
상선	8
상한가	8
새롭게	8
샌안토니오	8
서버	8
서재덕	8
선동	8
선배	8
선수상	8
선원	8
선택은	8
선호도	8
성적표	8
성토	8
성향	8
세계에	8
세이브	8
세종문화회관	8
소개하는	8
소규모	8
소두증	8
소방관	8
소식통	8
소지	8
소프트뱅크	8
속초	8
손가락	8
손해	8
송구	8
송치	8
송파구	8
수능	8
수사의뢰	8
숨고르기	8
쉬워진다	8
스님	8
스리랑카	8
스마트시티	8
스마트팩토리	8
스웨덴전	8
스코틀랜드	8
스토리	8
스트레스	8
슬로바키아	8
승부차기	8
승진	8
시각	8
시드니	8
시정연설	8
식량	8
신경	8
신년	8
신문협회	8
신의	8
신입사원	8
신저가	8
신청자	8
신호탄	8
신혼부부	8
실리콘밸리	8
실사용자	8
실업률	8
실장	8
실형	8
싱크탱크	8
싸게	8
쏜	8
쏟아져	8
쐐기	8
쓰나미	8
아냐종합	8
아니면	8
아랍권	8
아랍연맹	8
아리랑tv	8
아베와	8
아인슈타인	8
아일랜드	8
아태지역	8
악재에	8
안영준	8
안전한	8
알제리서	8
애니	8
약화	8
얀선	8
양보	8
양자암호통신	8
양해각서	8
어르신	8
어린이용	8
언팩	8
없앤다	8
에어	8
여지	8
역	8
역대급	8
역사에	8
연구원	8
연극계	8
연설하는	8
연습경기	8
연예인	8
연중	8
연타석	8
열광	8
열리나	8
열흘간	8
영동	8
영화제	8
예결위	8
예멘반군	8
예비특보	8
오를	8
오만해	8
오브	8
오존	8
온도차	8
옹호	8
완공	8
완연한	8
외교적	8
외국인선수	8
외부	8
용납	8
우군	8
우리에게	8
우리카드에	8
우승은	8
운영위	8
울상	8
웃는	8
원맨쇼	8
원숭이	8
월급	8
웨일	8
웹사이트	8
위성우	8
위안화	8
위원장과	8
위축	8
윈도	8
유	8
유권자	8
유료방송	8
유물	8
유시민	8
유엔에	8
유은혜	8
유치원	8
윤병세	8
윤석민	8
윤소하	8
융커	8
융합	8
음성인식	8
음식점	8
의문	8
의성	8
의원들과	8
의정부	8
이공대	8
이긴	8
이대성	8
이란산	8
이렇게	8
이명박	8
이상민	8
이어폰	8
이재갑	8
이적설	8
이종걸	8
이집트서	8
이탈리아서	8
인연	8
일국양제	8
일단락	8
일방적	8
일본이	8
일부지역	8
일상	8
일은	8
임창용	8
입당	8
입장료	8
자국민	8
자멸	8
자살	8
작아	8
잠잠	8
장면	8
장소	8
장착	8
재공연	8
재무	8
재탄생	8
재편	8
쟁탈전	8
저가	8
저널리즘	8
저커버그	8
적극적	8
적금	8
적어	8
전력분석	8
전망은	8
전자파	8
전창진	8
전패	8
전후	8
점검종합	8
정규직	8
정면충돌	8
정보위	8
정부에	8
정부와	8
정부의	8
정비	8
정선	8
정지윤	8
정체성	8
제3회	8
제9회	8
제안종합	8
제자리	8
제재에도	8
제주에	8
제주항공	8
젤렌스키	8
조문	8
조속히	8
조응천	8
조작설	8
조코위	8
존스컵	8
종교	8
종신형	8
종아리	8
좌파	8
주민에	8
주택금융공사	8
주한	8
준	8
준비위	8
중단하라	8
중동평화안	8
중러	8
중미	8
중상	8
중장기	8
즐거운	8
즐기자	8
증거인멸	8
증세	8
증시풍향계	8
증폭	8
지구촌	8
지금이	8
지역서	8
지위	8
지적	8
지침	8
직원에	8
진정한	8
진출종합	8
진화한	8
집결	8
집단대출	8
집단탈북	8
집에	8
찔끔	8
차세대소형위성	8
참석자들	8
채권시장	8
채용비리	8
책으로	8
책의	8
책임감	8
챔피언	8
척	8
천적	8
철저	8
철회해야	8
청	8
청명한	8
체감경기	8
체제로	8
촉구종합	8
총격사건	8
총공세	8
총괄	8
최고인민회의	8
최진수	8
출원	8
충분	8
충성	8
취약	8
취임식	8
침공	8
카카오미니	8
카카오프렌즈	8
캐나다에	8
캐나다인	8
캐리	8
컷오프	8
컸다	8
케이뱅크	8
케이옥션	8
코스타리카	8
코앞	8
코픽스	8
쿠릴	8
크리스털	8
키워드는	8
키즈	8
타사	8
탈출종합	8
탐지	8
탑승	8
테러에	8
테마주	8
테슬라	8
테일러	8
톈진	8
토크콘서트	8
퇴임	8
투쟁	8
투표소	8
투혼	8
트윗	8
특보	8
틈타	8
파도	8
파문에	8
파병	8
파손	8
파악	8
파열	8
파트너십	8
판다	8
패소	8
팬택	8
페이코	8
펜	8
펼쳐진	8
펼치는	8
평가서	8
평년	8
평화통일	8
폭발물	8
폭발사고	8
폭염경보	8
폭우로	8
폴더블	8
폴란드서	8
표적	8
풀릴까	8
품에	8
품은	8
프로필	8
플로리다	8
피부	8
필름	8
핏비트	8
하고	8
하얀	8
하차	8
학교서	8
학자	8
한국과	8
한국문학	8
한국이	8
한국축구	8
한글	8
한러	8
한선수	8
한숨	8
한인	8
한일관계	8
한투	8
함정	8
해결에	8
해결해야	8
해명	8
해양	8
해외진출	8
해임건의안	8
해제종합	8
해커톤	8
해협	8
핵탄두	8
행복	8
행안부	8
허위사실	8
헌재소장	8
헐값	8
현대차증권	8
현대카드	8
현대캐피탈에	8
현안	8
현장방문	8
호랑이	8
호잉	8
홀로	8
홈구장	8
홈페이지	8
홍보대사	8
홍수피해	8
홍천강	8
홍콩인권법	8
화력	8
화면에	8
화이트	8
확대종합	8
확대해야	8
확인종합	8
확장억제	8
확충	8
환송	8
활용해	8
회동서	8
회부	8
회사채	8
회피	8
후속	8
후속조치	8
후퇴종합	8
100배	7
10만대	7
10선	7
11년	7
11승	7
12도	7
14년	7
19대	7
19점	7
1단계	7
1로	7
1척	7
1타수	7
1패	7
2008년	7
2070선	7
20억원	7
20홈런	7
2100선	7
24점	7
28ghz	7
28일부터	7
2개월	7
2방	7
2번	7
2이닝	7
2주간	7
2파전	7
2호	7
300만	7
300명	7
31점	7
35명	7
3가지	7
3개월만에	7
3라운드	7
3억	7
3주년	7
3차원	7
3천억원	7
40억원	7
40주년	7
4건	7
4골	7
4척	7
500만명	7
500억원	7
50점	7
5g서비스	7
5곳	7
5년내	7
5당	7
5천개	7
60억원	7
6년만에	7
6시	7
6실점	7
6월까지	7
6점	7
6편	7
6회	7
7시	7
7실점	7
7위	7
7회	7
8강서	7
8독립선언	7
9승	7
9호	7
ai는	7
as모나코	7
at마드리드	7
b	7
ces	7
f조	7
g5	7
ibk	7
ifa	7
inf	7
kcgi	7
kovo	7
ktg	7
kt스카이라이프	7
kt에	7
lg디스플레이	7
lg생활건강	7
mmf	7
pd	7
rd에	7
sbs노조	7
sktcj헬로비전	7
sk는	7
sk인포섹	7
tk	7
t멤버십	7
u5g	7
ucl	7
v3	7
가능성에	7
가능해진다	7
가라	7
가른다	7
가면	7
가벼운	7
가상	7
가상화	7
가수	7
가시화	7
가중	7
간섭	7
간편결제	7
갈수록	7
감격	7
감사원	7
감자	7
강경파	7
강구	7
강국	7
강원fc	7
강원랜드	7
강하게	7
강화에	7
갖고	7
개봉박두	7
개정판	7
개포	7
갤럭시폰	7
거래액	7
거리로	7
거침없는	7
건의	7
건축가	7
검열	7
검찰에	7
검출	7
결렬	7
결정종합	7
경	7
경계령	7
경기는	7
경복궁	7
경제난	7
경제부총리	7
계기로	7
고가	7
고객에게	7
고삐	7
고액	7
고양	7
고졸	7
고창	7
고통	7
공동개발	7
공매도	7
공범	7
공장서	7
공정	7
공지영	7
공채	7
공항서	7
공항에	7
과기장관	7
과르디올라	7
과제는	7
과테말라	7
과학의	7
관리종목	7
관방	7
관영매체	7
관전	7
광주서	7
광주시	7
교도소서	7
교체출전	7
교통	7
교향곡	7
구글과	7
구속영장	7
구원	7
구조선	7
국가비상사태	7
국경절	7
국립공원	7
국립민속박물관	7
국민단합	7
국민청원	7
군사협력	7
군항제	7
권력이양	7
권익위	7
규격	7
그램	7
그의	7
극대화	7
극동	7
극장골	7
금융위기	7
금융회사	7
기로에	7
기쁘다	7
기선제압	7
기어	7
기자재	7
기적의	7
기조	7
기지	7
긴장완화	7
길이	7
김정은과	7
김진욱	7
김철수	7
김태균	7
김학용	7
깬	7
꺼낸	7
끝나	7
나은	7
나타난	7
나홀로	7
나흘만에	7
난민선	7
남쪽	7
납치	7
낮최고	7
내내	7
내년엔	7
냉전	7
넘으면	7
넘을	7
넘을까	7
넘치는	7
네바다	7
네팔	7
년	7
노벨평화상	7
농성	7
높여	7
높일	7
놓은	7
놓쳐	7
뇌물	7
누락	7
늘	7
늘어종합	7
늦은	7
니카라과	7
다문화	7
다섯	7
다운	7
다채로운	7
다할	7
단독주택	7
단합	7
달려	7
담당	7
당권주자	7
당시	7
당신의	7
당원	7
대도시	7
대두	7
대만과	7
대법원장	7
대비해	7
대선출마	7
대설특보	7
대역전승	7
대용량	7
대응책	7
대응해야	7
대장정	7
대학농구	7
대화면	7
데이비스	7
뎀벨레	7
도구	7
도박	7
도시서	7
도약종합	7
도용	7
도주	7
도출	7
독립성	7
독립유공자	7
돌연변이	7
돌진	7
동메달	7
동해	7
동행	7
동향	7
듀오	7
드라이브	7
드론으로	7
듯종합2보	7
등급	7
등재	7
등판서	7
디그롬	7
디도스	7
디지털스토리	7
따돌리고	7
따뜻한	7
떠나자	7
뗀	7
라이언	7
라인프렌즈	7
람	7
랠리	7
러일	7
레오	7
레프트	7
로켓포	7
롯데건설	7
롯데제과	7
롯데케미칼	7
롯데하이마트	7
류현진과	7
리비아서	7
마	7
마다가스카르	7
마약왕	7
마이크로소프트	7
마틴	7
막아	7
막아라	7
만료	7
만장일치	7
만전	7
많다	7
맑아져	7
맞선	7
매	7
매서운	7
맹위	7
메르스	7
메일	7
멜론	7
면역세포	7
명운	7
명칭	7
모랄레스	7
모로코	7
모욕	7
목성	7
몰리는	7
몸살	7
무기한	7
무단	7
무력화	7
무상	7
무엇인가	7
문화행사	7
물고기	7
물놀이	7
물씬	7
뭘	7
뭘까	7
미달	7
미드필더	7
미래를	7
미성년자	7
미소	7
미친	7
민원	7
밀입국	7
바꾼다	7
바뀌나	7
바람에	7
박람회	7
박맹호	7
박물관	7
박준영	7
밖	7
반려동물	7
반미	7
반복	7
반입	7
반짝	7
발길	7
발롱도르	7
발화	7
방문객	7
방문에	7
방문자	7
방문해	7
방법은	7
방사능	7
방송통신위원장	7
방해	7
배상	7
배임	7
배트	7
백인	7
뱃길	7
번에	7
범행	7
베트남에	7
벤처기업	7
변화의	7
보급	7
보내	7
보도는	7
보물	7
보여	7
보유자	7
보이지	7
복귀전	7
복당	7
본부장	7
볼까	7
봄기운	7
봄의	7
봐	7
부도	7
부동산시장	7
부산지역	7
부스	7
부심	7
부친	7
북동부	7
북부권	7
북한군	7
북핵공조	7
분분	7
불어	7
불운	7
불화설	7
불황	7
브라우저	7
브라운	7
블루	7
비선실세	7
비유	7
비정규직	7
비준	7
비판종합	7
빅	7
빅리거	7
빈자리	7
빚	7
빛난	7
빨간불	7
뺀	7
뽑는다	7
사개특위	7
사라져	7
사안	7
사우디군	7
사우샘프턴	7
사직	7
살아난	7
살해한	7
삶을	7
삼각편대	7
삼부토건	7
삼진	7
상당	7
상승률	7
상승종합	7
상용망	7
상임위원장	7
상주	7
상품권	7
상호	7
새단장	7
새만금	7
새해맞이	7
색	7
샐러리캡	7
생긴다	7
생산량	7
샬럿	7
서거	7
서명국	7
서비스법	7
서울시당	7
서커스	7
서피스	7
석달	7
선도	7
선발진	7
선장	7
선제	7
설정액	7
성윤모	7
성장동력	7
성탄절	7
세계선수권서	7
세계의	7
세대	7
세종텔레콤	7
센카쿠	7
소외	7
소화	7
속절없이	7
손배소	7
손상	7
손잡았다	7
손잡은	7
쇼	7
쇼크에	7
쇼핑몰서	7
수급	7
수여식	7
수요강좌	7
수용소	7
숫자	7
슈퍼	7
스페셜	7
스페이스x	7
스프링캠프	7
승리투수	7
승부조작	7
승점	7
시끌	7
시아파	7
시위로	7
시정명령	7
시큐리티	7
신개념	7
신년사서	7
신도시	7
신인왕	7
신종	7
신중하게	7
신진식	7
실점	7
실종자	7
싸운	7
쌍끌이	7
쏙	7
쏟아지는	7
쑥	7
아나운서	7
아니다종합	7
아리랑	7
아무	7
아쉬움	7
아우크스부르크	7
아이돌	7
아이스하키	7
아주	7
아치	7
안내하는	7
안녕	7
안돼종합	7
안산	7
안전관리	7
안정성	7
안정적	7
안착	7
안하면	7
안한다	7
안할	7
알리바바	7
알린다	7
알바그다디	7
알카에다	7
암시	7
압도적인	7
압박에	7
애플에	7
야스쿠니	7
야후	7
약물	7
양정철	7
양회	7
어린	7
어린이날	7
억제	7
언급에	7
언론자유	7
언론진흥재단	7
언어	7
업체와	7
업황	7
없고	7
엑자시바시	7
엘시티	7
여성독립운동가	7
여성들	7
여야4당	7
역사가	7
역사상	7
역성장	7
연세대	7
연찬회	7
열기구	7
영국서	7
영남	7
영어	7
영향종합	7
예능	7
예외	7
오디션	7
오디오	7
오른다	7
오면	7
오직	7
오토바이	7
오프라인	7
온라인서	7
올린다	7
올스톱	7
완봉승	7
완수	7
완전자급제	7
완화에	7
외화증권	7
요격	7
요르단강	7
요원	7
용선료	7
우리금융지주	7
우리도	7
우상화	7
우승까지	7
우주에서	7
우회	7
울려	7
움직이는	7
웃돌아	7
웃으며	7
웃음	7
원구성	7
원내대책회의	7
원년	7
원한다	7
월평균	7
웨스트브룩	7
위험자산	7
위험한	7
윌리엄스	7
유럽서	7
유럽이란	7
유로	7
유료	7
유안타증권	7
유엔제재	7
유엔총회	7
유전병	7
윤동주	7
윤석헌	7
은행주	7
음모론	7
음양사	7
의미는	7
의존	7
이게	7
이공계	7
이도희	7
이동하는	7
이들립	7
이뤘다	7
이모지	7
이민	7
이사회서	7
이소영	7
이스탄불	7
이승엽	7
이어질까	7
이영하	7
이용한	7
이재민	7
이주	7
이중고	7
이해진	7
인권침해	7
인기몰이	7
인기에	7
인사나누는	7
인센티브	7
인수합병	7
인터파크	7
일가	7
일각	7
일기	7
일대	7
일러	7
일본과	7
일본의	7
일촉즉발	7
일하는	7
임대료	7
임시정부	7
입원	7
자동화	7
자릿수	7
자매	7
자산관리	7
자선	7
자유당	7
자율차	7
자제해야	7
자주	7
자카르타	7
작성	7
잔디	7
잔액	7
잠	7
잡은	7
잡을까	7
장관에	7
재난방송	7
재발	7
재보선	7
재산공개	7
재선임	7
재연	7
재정	7
재조명	7
저평가	7
적은	7
적절한	7
전과	7
전달하는	7
전반	7
전북기자협회	7
전수조사	7
전월세	7
전자상거래	7
전작보다	7
전지	7
전통시장	7
전환종합	7
절반이	7
절실	7
점화	7
정교회	7
정기예금	7
정무위	7
정책협의회	7
제1당	7
제1야당	7
제1차	7
제3자배정	7
제7회	7
제가	7
제각각	7
제고	7
제막식	7
제물로	7
제의	7
져	7
조각	7
조달	7
조선업	7
조속	7
조언	7
조절	7
조종사	7
조태룡	7
조화	7
조회	7
좌완	7
주가급등	7
주니어	7
주말까지	7
주요국	7
주전	7
주차	7
죽음	7
죽음의	7
죽이기	7
준po	7
준우승	7
줄었다	7
줄여	7
줄였다	7
줄이고	7
중거리	7
중계기	7
중국이	7
중국폰	7
중도	7
중도파	7
중동서	7
중소	7
중재자	7
중점	7
줘	7
증권	7
증권주	7
증발	7
증오	7
지갑	7
지목	7
지분율	7
지브롤터	7
지역위원장	7
지원종합	7
지지자	7
지키기	7
직장인	7
진동	7
진로	7
진료	7
진선미	7
진심	7
질병	7
질의하는	7
집안	7
차우찬	7
차이나	7
차출	7
착륙	7
착수종합	7
참모	7
참전용사	7
창업자	7
창원서	7
책임져야	7
천재	7
철학	7
첫날부터	7
청년일자리	7
체코	7
체포돼	7
초고속인터넷	7
초등학교	7
초비상	7
초선	7
초이스	7
촉발	7
총영사관	7
최	7
최경환	7
최고위원	7
최다골	7
최승호	7
최종전서	7
최주환	7
최초의	7
최후	7
추경처리	7
추돌	7
추석맞이	7
추세	7
추진에	7
축구대회	7
축구장	7
춘천국제레저대회	7
출근	7
출입	7
출전국	7
출판사	7
취약계층	7
취약점	7
취향	7
친중파	7
침수	7
침입	7
카드사	7
카메룬	7
카슈미르	7
카스트로	7
커버리지	7
컨슈머리포트	7
컨페드컵	7
코미디언	7
크기	7
크리스	7
크리에이터	7
클레이튼	7
클로바	7
탄력근로제	7
탄핵표결	7
탈	7
탈꼴찌	7
탈림	7
탐방	7
탐사	7
태국과	7
태평양	7
토스	7
토요일	7
톡톡	7
통신요금	7
통장	7
통했다	7
투	7
투자설명회	7
특수	7
틀	7
파편	7
판독	7
팔레스타인인	7
팔자	7
패션쇼	7
퍼레이드	7
퍼포먼스	7
펑펑	7
편	7
펼친	7
평화를	7
포석	7
포스코건설	7
폭발로	7
폭풍	7
표심	7
표현의	7
푸틴과	7
풀려나	7
풍랑주의보	7
프레스센터	7
프렌즈	7
플랜트	7
피란	7
핀	7
필승	7
하나된	7
하나투어	7
하노이	7
하든	7
하원의원	7
하회	7
한국인터넷진흥원	7
한국전쟁	7
한국타이어	7
한달간	7
한미약품	7
한식	7
한컴	7
한해	7
합성	7
해상	7
해외로	7
해종합	7
했는데	7
행락객	7
행복주택	7
행정장관	7
허수봉	7
허창수	7
험로	7
헤드셋	7
헤일리	7
현직	7
혐오	7
협상서	7
협의중	7
호실적에	7
호위연합	7
홀	7
홀로그램	7
화산	7
화창한	7
화해	7
환경부	7
활용한	7
활주로	7
황제	7
효능	7
훈풍	7
흐름	7
흔들리는	7
흥겨운	7
힐링	7
100개	6
100년전	6
100원	6
100조원	6
10명중	6
10여명	6
10주기	6
10회	6
128gb	6
15개	6
15만명	6
16개	6
18개	6
18득점	6
19개	6
1대	6
1위에	6
1조원대	6
1천500명	6
200만	6
2011년	6
20일까지	6
20일부터	6
22억원	6
23일부터	6
23점	6
24명	6
26개	6
27명	6
27점	6
29점	6
2곳	6
2세	6
2원	6
2조	6
2주년	6
2주째	6
2차전서	6
2천억	6
2홈런	6
31도	6
32gb	6
32점	6
33일	6
34도	6
36년	6
39명	6
3개국	6
3기	6
3만명	6
3방	6
3법	6
3분의	6
3이닝	6
3일간	6
3자	6
3전	6
3조	6
3주째	6
3천만원	6
40명	6
4개국	6
4개사	6
4개월만에	6
4라운드	6
4세	6
4승	6
4시간	6
4일부터	6
4주	6
500만	6
500만원	6
500원	6
50승	6
5g망	6
5g장비	6
5개국	6
5억원	6
5조	6
5주년	6
5천원	6
60만원	6
6곳	6
6년간	6
6호골	6
70대	6
70억원	6
7원	6
8경기	6
8이닝	6
8조원	6
9년	6
9억원	6
ai에	6
al	6
aws	6
cbs	6
cpu	6
d10	6
etn	6
etri	6
e스포츠	6
f16	6
f35a	6
gs	6
hmc증권	6
ioc	6
iot로	6
itu	6
kbs교향악단	6
kbs사장	6
kbs이사회	6
kt도	6
kt파워텔	6
k리거	6
lng	6
mvp에	6
mwc에서	6
nbc	6
nhk	6
nlcs	6
nlds	6
oled	6
qs	6
s10	6
sa	6
si	6
stc	6
thingq	6
u프로야구	6
v50s	6
vr로	6
xr	6
가겠다	6
가을축제	6
가족의	6
가진	6
가톨릭	6
각종	6
갇힌	6
갈등에	6
감기	6
감독으로	6
감독은	6
감사의견	6
감상하세요	6
감성	6
강	6
강수량	6
강요	6
강의	6
강추위에	6
강타한	6
강화한다	6
강화할	6
갖춘	6
같이	6
개념	6
개막식	6
개발사	6
개별	6
개성	6
개최지	6
개헌논의	6
개화	6
개회식	6
갤러리	6
갤럭시노트fe	6
갤럭시워치	6
갤럭시탭s3	6
거	6
거대	6
거래량	6
거리의	6
거목	6
거부에	6
거쳐	6
거친	6
걷고	6
검경	6
것도	6
게이트	6
격려하는	6
견인	6
결전	6
결코	6
결합상품	6
겹쳐	6
경고에	6
경기력	6
경기침체	6
경기하강	6
경제제재	6
경진대회	6
경찰청	6
경품행사	6
경합주	6
계엄령	6
고객센터	6
고교생	6
고려해야	6
고문	6
고양이	6
고용노동부	6
고위인사	6
고효율	6
골든스테이트에	6
골든타임	6
골라	6
곳곳에서	6
곳에서	6
곳이	6
공개된	6
공격받아	6
공격하면	6
공고	6
공공부문	6
공동대응	6
공모주	6
공문	6
공방종합	6
공산당	6
공시가	6
공인	6
공인구	6
공짜폰	6
공표	6
과학계	6
과학자들	6
관광산업	6
광고시장	6
광양	6
광주에	6
교보증권	6
교실	6
교역	6
교통정리	6
구글의	6
구애	6
구제	6
국면전환	6
국무	6
국민과	6
국악	6
국왕컵	6
국익	6
국장	6
국제심포지엄	6
국제적	6
국제표준	6
국회로	6
군경	6
군부야권	6
군부에	6
군사봉기	6
군사회담	6
군산	6
권력기관	6
권순찬	6
권한대행	6
귀순	6
규제혁신	6
그리즈만	6
극우정당	6
근거없는	6
근대	6
금리동결	6
금리역전	6
금융교육	6
금융지원	6
금지법	6
급락종합	6
기	6
기간에	6
기사단장	6
기세	6
기업가치	6
기운	6
기자회견하는	6
기종	6
기초	6
기한	6
기획	6
긴밀	6
길로	6
길을	6
김	6
김명관	6
김성식	6
김애란	6
김어준	6
김연수	6
김재원	6
김학민	6
김해공항	6
김해시장	6
깨고	6
꺾여	6
꺾은	6
꼼수	6
꽃다발	6
꽉	6
꿈을	6
끓는	6
끝나지	6
끝낸	6
나눔	6
나상호	6
나이	6
나치	6
낙동강	6
낙폭	6
난관	6
난망	6
난색	6
난수방송	6
난제	6
남수단	6
남측	6
낭만	6
낮에도	6
낮엔	6
낯선	6
내년까지	6
내놓는다	6
내놓은	6
내달부터	6
내면	6
내무장관	6
내분	6
내일도	6
내정자	6
넘긴	6
넘을듯	6
넣고	6
네번째	6
네티즌	6
노동	6
노무현	6
노벨문학상	6
노영민	6
노트10	6
노트8	6
노트9	6
노화	6
노후	6
노히트	6
녹색	6
농심	6
농촌	6
눈앞종합	6
눈에	6
눈치	6
다친	6
단거리	6
단위	6
달렸다	6
달아오르는	6
담보대출	6
답변	6
답한다	6
당연히	6
당한	6
당해	6
대구fc	6
대구시장	6
대구에	6
대기록	6
대량생산	6
대로	6
대부업	6
대북소식통	6
대비해야	6
대선결과	6
대선서	6
대역	6
대응종합	6
대응훈련	6
대정부질문	6
대진	6
대체투자	6
대파하고	6
대표들	6
대표연설	6
대표자	6
대하여	6
대화로	6
더블	6
덕수궁	6
데이비드	6
도깨비	6
도는	6
도착종합	6
독립기념일	6
독일에	6
독일인	6
돌아왔다	6
동력	6
동률	6
동물원	6
동반성장	6
동부서	6
동북아	6
동생	6
동원해	6
동점골	6
됐으면	6
되다	6
두달	6
두려워	6
두산인프라코어	6
둔	6
뒤늦은	6
뒤로	6
듀브론트	6
드는	6
드러낸	6
드려요	6
드림팀	6
등에서	6
딜	6
땅볼	6
떠나요	6
떠난다	6
떠오른	6
떼고	6
라스베이거스	6
라운드	6
러시아군	6
러시아제	6
러에	6
러츠	6
로이터	6
로즈	6
록	6
롯데홈쇼핑	6
루스	6
르노	6
리뉴얼	6
리모델링	6
리시브	6
리우	6
마라도나	6
마블	6
마이너	6
마이너리그	6
마이애미	6
마차도	6
마피아	6
막아야	6
만나요	6
만들었다	6
만루	6
만발	6
만화신간	6
말레이시아서	6
말로	6
말소	6
말한	6
맞대결서	6
맞대응	6
매매가	6
맥도날드	6
맨유에	6
머리에	6
머신러닝	6
먹는	6
먼	6
먼바다	6
멀티출루	6
멈춘	6
멈춰야	6
메리츠증권	6
메츠전	6
메커니즘	6
명성	6
명인	6
모기	6
모니터링	6
모두투어	6
모란	6
모바일로	6
모범	6
모은	6
모잠비크	6
모처럼	6
모형	6
목소리로	6
목포	6
목표로	6
몸싸움	6
무너진	6
무산에	6
무역합의	6
무장세력	6
무책임한	6
묵인	6
문답	6
문무일	6
문민정부	6
문의	6
문정원	6
문학은	6
문화가	6
문화예술	6
문화올림픽	6
문화재	6
묻지마	6
물러나라	6
뭇매	6
뭐가	6
미디어데이	6
미디어패드	6
미래부장관	6
미르	6
미세먼지에	6
미술가	6
미스터	6
미이란	6
미쳐	6
민생고	6
민음사	6
민주화	6
믿고	6
믿기	6
밀수	6
밑그림	6
밑돌	6
바그다드서	6
바꿔야	6
바다에	6
바이올리니스트	6
바짝	6
바티칸	6
박봉주	6
박사	6
박주민	6
박치형	6
반갑게	6
반이란	6
반쪽	6
받아야	6
받으면	6
발동	6
발전에	6
발칸반도	6
발표에	6
밤새	6
방문진	6
방송대상	6
방통심의위	6
방통위원	6
배구여제	6
배우자	6
배정	6
백두산에	6
백령도	6
백신	6
백제	6
백화점	6
번트	6
벌랜더	6
범위	6
법원에	6
베네치아	6
베스트11	6
베트남전	6
벤처	6
벨트	6
변론	6
변수는	6
변수로	6
변호인	6
병역	6
보기	6
보며	6
보여야	6
보이면	6
보인	6
보츠와나	6
보합권	6
복면금지법	6
복수	6
본회의서	6
봄배구	6
봉하마을	6
봐야	6
부근서	6
부시	6
부영	6
부적격	6
부지	6
부활한	6
북동부서	6
북새통	6
북아일랜드	6
북아프리카	6
북한에	6
분기	6
분류	6
분명한	6
분명히	6
분신	6
분실	6
분양보증	6
불법이민자	6
불신임	6
붉은색	6
브라질서	6
블라디보스토크	6
블랙리스트에	6
비겨	6
비결	6
비결은	6
비난에	6
비례대표	6
비바람	6
비방	6
비서실장과	6
비준동의	6
비판한	6
빙판길	6
빛바랜	6
빨라진	6
사고에	6
사람과	6
사람중심	6
사망한	6
사명	6
사법개혁	6
사이클	6
사자에	6
사전투표율	6
사죄	6
사직서	6
사진으로	6
사태로	6
사회당	6
사회주의	6
산하	6
산행	6
살린	6
살피는	6
삶과	6
삼성그룹	6
삼성의	6
삼성화재에	6
상견례	6
상고	6
상영	6
상원의원	6
상장예비심사	6
상처	6
상폐	6
상한가종합	6
색깔론	6
색다른	6
샌즈	6
샘	6
생존자	6
생체인증	6
서막	6
서민	6
서울은	6
서점	6
석유장관	6
석패	6
선거자금	6
선두타자	6
선사	6
선율	6
선전포고	6
선택한	6
성공에	6
성난	6
성매매	6
성사될까	6
성탄	6
성황리	6
세계가	6
세계예선	6
세네갈	6
세르비아	6
세상의	6
세인트루이스	6
소방당국	6
손경식	6
손본다	6
손으로	6
손흥민은	6
송도	6
쇼크	6
수강생	6
수놓은	6
수도종합	6
수료식	6
수만명	6
수명	6
수비수	6
수상한	6
수색	6
수석보좌관회의	6
수습	6
수요낭독공감	6
수용종합	6
수행	6
수험생	6
순찰	6
스마트폰사업	6
스미스	6
스타일	6
스튜디오드래곤	6
스티븐	6
슬로건	6
승리로	6
승자	6
승패	6
시계	6
시내버스	6
시대에	6
시대의	6
시도지사	6
시범운영	6
시위종합	6
시작된	6
시장에	6
식히는	6
신나는	6
신년음악회	6
신년인사회	6
신문의	6
신보	6
신산업	6
신입생	6
신저가종합	6
신한금융	6
신협	6
신흥시장	6
실망	6
실버	6
실업수당	6
실적부진	6
실질	6
실책	6
실천	6
싱가포르서	6
싸이월드	6
쌀쌀한	6
쌓여	6
썰렁	6
쏜다	6
쓴소리	6
씨앗	6
아궤로	6
아델만	6
아마추어	6
아빠	6
아시아선수권서	6
아웃링크	6
아웃사이더	6
아이오와	6
아이콘	6
악용	6
안건	6
안동	6
안보리결의	6
안보실장	6
안전장치	6
안타깝다	6
알아	6
알프스	6
암호화	6
압수수색종합	6
앙상블	6
애리조나전	6
앱은	6
야구단	6
야구의	6
야외	6
양	6
양국관계	6
양자	6
어닝쇼크	6
어디서든	6
어디에	6
어제	6
어제보다	6
억만장자	6
언론에	6
언제쯤	6
언행	6
엄중한	6
엄청난	6
업무협약식	6
없던	6
없도록	6
엇갈려	6
엇박자	6
에릭슨	6
에미레이트항공	6
에티오피아서	6
엑스페리아	6
엘리자베스	6
엘리트	6
여권	6
여론전	6
여론조작	6
여야정	6
여유	6
여전한	6
여파에	6
여행사	6
역사적인	6
역차별	6
연고지	6
연관	6
연기된	6
연료전지	6
연방	6
연수	6
연이틀	6
연인	6
연주회	6
연초	6
연출	6
연출가	6
연타석포	6
연합	6
열세	6
염기훈	6
영구	6
영국에	6
영상권	6
예고종합	6
예멘서	6
예상보다	6
오레오	6
오르면	6
오사카서	6
오스트리아서	6
오심	6
오재원	6
오클랜드	6
오판	6
오피스	6
올릴	6
와이브로	6
와일드카드	6
왔나	6
외교부장	6
외교안보	6
외국계	6
외면	6
외무성	6
외통위	6
요건	6
요구종합	6
요트	6
우라늄농축	6
우방	6
우승후보	6
우주개발	6
우즈베크전	6
운용	6
움직임에	6
원익ips	6
원인은	6
원자력	6
원작	6
원정서	6
원톱	6
원하지	6
원화	6
웨스트햄	6
위기에	6
위법	6
위상	6
위스콘신	6
위약금	6
위하여	6
유가족	6
유공자	6
유남석	6
유리천장	6
유방암	6
유성엽	6
유심	6
유일한	6
유조차	6
유지해야	6
유쾌한	6
유해	6
유혈	6
윤리위	6
윤성빈	6
윤호중	6
은산분리	6
은퇴식	6
음반	6
의료	6
의무보호예수	6
의식했나	6
의원총회	6
이기주	6
이길	6
이노베이션	6
이대로	6
이대은	6
이변	6
이병기	6
이상무	6
이상한	6
이스라엘과	6
이스라엘서	6
이슬람권	6
이승만	6
이어지는	6
이어질	6
이영표	6
이용객	6
이용률	6
이원종	6
이윤택	6
이적시장	6
이정대	6
이정표	6
이통사들	6
이틀간	6
이행해야	6
이희호	6
인공위성	6
인공지능이	6
인내심	6
인도서	6
인도에	6
인문학	6
인산인해	6
인삼공사에	6
인수에	6
인원	6
인정종합	6
인종	6
인천상륙작전	6
인터넷망	6
일자	6
일파만파	6
잃어버린	6
임상	6
임신	6
임을	6
임정	6
임종룡	6
임찬규	6
입	6
입주자	6
잇따른	6
있어종합	6
있지만	6
자본주의	6
자유무역	6
자진	6
자축	6
자폭	6
잠금화면	6
잡기	6
장강명	6
장남	6
장병완	6
장수	6
장윤호	6
장터	6
장편소설	6
재가동	6
재발방지	6
재선거	6
재소자	6
재즈	6
재집권	6
잰걸음	6
저	6
저작권	6
저장	6
저출산	6
적극행정	6
적대행위	6
적용한	6
전국이	6
전담	6
전면전	6
전성시대	6
전셋값	6
전수	6
전술	6
전작	6
전전긍긍	6
전통문화	6
전해철	6
젊은층	6
접목	6
접었다	6
정권에	6
정규시즌	6
정도	6
정례화	6
정몽규	6
정보기관	6
정상외교	6
정예군	6
정우영	6
정착	6
정치개혁	6
제7차	6
제8회	6
제구	6
제도개선	6
제외한	6
제재완화	6
제조	6
조각가	6
조선의	6
조양호	6
조원우	6
조윤선	6
종부세	6
종사자	6
좋겠다	6
좋을까	6
주관	6
주세종	6
주식거래	6
주의해야	6
주자들	6
주제로	6
주중	6
주택경기	6
준결승	6
준공식	6
중간광고	6
중간배당	6
중국행	6
중기	6
중단종합	6
중부는	6
중심에	6
중앙과학관	6
중앙선관위	6
중요성	6
중지	6
중진공	6
중징계	6
줘야	6
쥔	6
증강	6
증액	6
증여	6
증원	6
지각	6
지기	6
지난주	6
지단	6
지리산	6
지방정부	6
지연종합	6
지원방안	6
지원에	6
지적에	6
지지부진	6
지키는	6
지킬	6
지폐	6
지휘자	6
직구	6
직권남용	6
직무유기	6
진상조사	6
진에어	6
진정	6
진지하게	6
질의	6
질타	6
짐	6
집행	6
집행유예	6
찍고	6
찍어	6
차관급	6
차량폭탄	6
차분	6
차질없이	6
찬사	6
참모진	6
창	6
창사	6
창설	6
창의재단	6
창작뮤지컬	6
찾아서	6
책방	6
책에	6
책은	6
챔피언결정전	6
챔피언스리그	6
챔피언전	6
척척	6
천둥	6
천안	6
철폐	6
첫눈	6
청문보고서	6
청정	6
체감	6
체계	6
체험공간	6
체험하세요	6
체험행사	6
초강력	6
총기규제	6
총리후보	6
총사령관	6
총재에	6
최고액	6
최고점	6
최장수	6
최종전	6
최태원	6
추도식	6
추락한	6
추억	6
추진종합2보	6
축구의	6
춘제	6
출산	6
출석하는	6
충격에	6
측정	6
친선경기	6
카이스트	6
카자흐	6
카카오페이지	6
카페24	6
커넥티드	6
커피	6
컨설팅	6
컨퍼런스	6
컬링	6
컴퓨팅	6
케이팝	6
코드	6
코소보	6
코스닥벤처펀드	6
코엑스	6
코트라	6
콩쿠르	6
쾌투	6
쾰른	6
쿠데타로	6
쿠르드군	6
쿠슈너	6
쿠어스필드	6
쿠티뉴	6
쿡	6
크다	6
큰손	6
클락슨	6
클리퍼스	6
클립	6
키	6
타깃	6
타이틀	6
탄핵조사	6
탐사선	6
태도	6
터널	6
턱밑	6
테임즈	6
텍사스는	6
톈궁	6
토크	6
퇴직연금	6
투명	6
투자의견	6
투타	6
트위터로	6
특강	6
특별판	6
팀의	6
파격	6
파국	6
파리서	6
파면	6
파산	6
파생상품	6
파열음	6
파워	6
파트너	6
파파고	6
판사	6
판세	6
패권	6
패밀리	6
패배종합	6
패트리엇	6
팬투표	6
퍼블리싱	6
퍼스트	6
페널티킥	6
페로브스카이트	6
페이	6
페이스북에	6
펠로시	6
편지	6
평가전서	6
평일	6
평전	6
평창동계올림픽	6
평화적	6
포괄적	6
포스코ict	6
폭증	6
폴더폰	6
표시	6
표정으로	6
푸홀스	6
푹	6
풀어야	6
품고	6
풍계리	6
풍자	6
퓨처스리그	6
프랑스에	6
프로야구결산	6
프리미어12	6
피아노	6
피폭	6
피하려	6
필리핀에	6
필요하면	6
하겠다	6
하나로	6
하라	6
하마스	6
하야	6
하원의장	6
하지만	6
학살	6
한겨레	6
한국당에	6
한국도로공사	6
한국인의	6
한궈위	6
한반도기	6
한병도	6
한부모	6
한아세안	6
한용덕	6
한자리서	6
한정판	6
한진그룹	6
한판	6
함께한	6
함성	6
합리적	6
합의종합2보	6
합참	6
합참의장	6
핫라인	6
해결책	6
해경	6
해넘이	6
해산	6
해안서	6
해외여행객	6
해외주식	6
해협서	6
핵개발	6
행사에	6
행선지	6
향기	6
향배	6
허리	6
허벅지	6
허용해야	6
혁신위	6
혁신의	6
현대기아차	6
현대로템	6
현대미포조선	6
현역의원	6
현판식	6
현행	6
협력방안	6
협력종합	6
협업	6
협연	6
협의회	6
호르무즈해협	6
호주서	6
호칭	6
호텔신라	6
호황	6
홈런으로	6
홈플러스	6
홍수로	6
화두	6
화물기	6
화이트삭스	6
화질	6
확성기	6
활발한	6
회동종합	6
회생	6
회원	6
회의서	6
획기적	6
후계자	6
후보군	6
휘청	6
희생	6
희토류	6
힘은	6
100gb	5
100세	5
10만개	5
10원	5
10조	5
110만명	5
11번가	5
11억원	5
11조	5
120억원	5
12승	5
13일부터	5
13점	5
14위	5
15분	5
15억원	5
15연승	5
15점	5
15조원	5
16강행	5
16세	5
17점	5
18도	5
18점	5
18호	5
1경기	5
1대1	5
1선발	5
1억5천만원	5
1억건	5
1원	5
1점대	5
1차관	5
1천500개	5
1천억	5
1천여명	5
200홈런	5
2010년	5
2014년	5
2018년형	5
2018서	5
2022년까지	5
2030년	5
2050선	5
2070대	5
2080선	5
20년간	5
20년만에	5
20만	5
20억	5
20호골	5
2170대	5
21일까지	5
21일부터	5
21점	5
25개	5
25득점	5
25명	5
26득점	5
26일부터	5
27일부터	5
28도	5
2건	5
2단계	5
2볼넷	5
2시즌	5
2연승종합	5
2위는	5
2인자	5
2일부터	5
2주기	5
2천	5
2천년	5
2천명	5
300만원	5
300억원	5
300원	5
30만원대	5
31로	5
32강	5
35점	5
39점	5
3q	5
3개월간	5
3건	5
3년새	5
3년째	5
3단계	5
3대3농구	5
3분	5
3시간	5
3월의	5
3인방	5
3차전서	5
3척	5
3천명	5
3회	5
40만대	5
40만명	5
40분	5
40여명	5
40홈런	5
45명	5
46억원	5
4강행	5
4방	5
4부작	5
4월까지	5
4위로	5
4전	5
4차산업	5
4쿼터	5
4편	5
500경기	5
50만명	5
50여명	5
52시간	5
53억원	5
57억원	5
5건	5
5당대표	5
5만원대	5
5명에	5
5연승으로	5
5원	5
5위로	5
5조원	5
5종	5
5천대	5
5천억	5
5편	5
5호골	5
60여명	5
60일	5
6종	5
6주	5
6천억원	5
74억원	5
75억원	5
7경기	5
7곳	5
7년간	5
7년만에	5
7배	5
7번째	5
7월부터	5
800명	5
80대	5
80주년	5
8k	5
8개월	5
8곳	5
8년만에	5
8득점	5
8배	5
8시	5
8억원	5
9월까지	5
9위	5
9일부터	5
9종	5
a8	5
ap	5
b2b	5
btv	5
cb	5
cj대한통운	5
cvid	5
d4	5
enm	5
eu와	5
fiba	5
gp	5
h	5
hdc현대산업개발	5
ibk기업은행에	5
ibk투자	5
id	5
ifa서	5
ip	5
it업계	5
kgp	5
kia전	5
kt엠모바일	5
led	5
lg에	5
lg이노텍	5
mit	5
msn	5
ms와	5
mvp는	5
mwc18	5
nbiot	5
pc방	5
s	5
sf	5
stepi	5
suv	5
t맵x누구	5
unist	5
var	5
wsj	5
가능한가	5
가던	5
가린	5
가맹점	5
가뭄	5
가상통화	5
가습기	5
가위	5
가을에	5
가족들	5
간소화	5
간편	5
갇혀	5
감독님	5
감동의	5
감면	5
감상하는	5
감정	5
갑론을박	5
강도	5
강력제재	5
강민호	5
강원산불	5
강제징용	5
강조종합	5
강좌	5
강호인	5
같아	5
개막전에서	5
개미	5
개보수	5
개선안	5
개선에	5
개소세	5
개시종합	5
개점	5
개최종합	5
갤럭시노트7	5
갤럭시탭s4	5
갱신	5
거리두기	5
건강관리	5
건국	5
건너	5
건설사	5
건설적	5
건조	5
건조주의보	5
걷다	5
걸려	5
검색어는	5
검찰개혁	5
것들	5
것종합2보	5
게릿	5
격론	5
격퇴	5
결과에	5
결백	5
결빙	5
결산배당	5
경로	5
경매서	5
경상수지	5
경영권	5
경쟁은	5
경제발전	5
경제위기	5
경제장관	5
경제학	5
경제활력	5
경제활성화	5
경호	5
계속된다	5
계약직	5
고객만족도	5
고기	5
고려항공	5
고령화	5
고맙다	5
고베	5
고성장	5
고속도	5
고시	5
고양시	5
고요한	5
고의	5
고장	5
고정	5
골잡이	5
골프장에	5
공감대	5
공격용	5
공격은	5
공격적	5
공급과잉	5
공기	5
공모에	5
공시지가	5
공연계	5
공직선거법	5
공포의	5
공학한림원	5
과기	5
과기정통	5
과도	5
과도정부	5
과방위	5
과연	5
과학기술계	5
관객	5
관광버스	5
관람객들	5
관리체계	5
관문	5
관전포인트	5
광산	5
광화문광장	5
광화문에	5
괘불	5
괴력	5
교민	5
교역액	5
교육부	5
교체종합	5
교체할	5
교훈	5
구글코리아	5
구글홈	5
구단들	5
구도	5
구독자	5
구본무	5
구분	5
구석기	5
구입	5
구조물	5
구호단체	5
국가에	5
국감장	5
국내여행	5
국내은행	5
국립오페라단	5
국립오페라단장	5
국무총리	5
국방비	5
국빈	5
국정조사	5
국정지지율	5
국제전화	5
국제표준화	5
국조	5
국회가	5
국회는	5
국회에	5
군주	5
굴욕	5
권영진	5
궤변	5
귀성길	5
귀화	5
규제개혁	5
그리는	5
그리스서	5
근로기준법	5
근본적	5
글	5
금값	5
금강산	5
금빛	5
금속	5
금융투자협회장	5
급증종합	5
기념관	5
기능은	5
기다려	5
기둥	5
기득권	5
기름	5
기소돼	5
기술력	5
기업과	5
기업전용	5
기자단	5
기자상	5
기자상에	5
기차	5
기탁	5
기형도	5
긴급회의	5
긴장속	5
김기현	5
김상균	5
김세영	5
김수영	5
김용진	5
김우재	5
김웅	5
김위원장	5
김정은푸틴	5
김종규	5
김종대	5
김주찬	5
김진태	5
김한길	5
김해란	5
김홍걸	5
김훈	5
깊어지는	5
꺾인	5
꿈꾼다	5
끝나고	5
끝내고	5
끝이	5
끝장	5
나루히토	5
나만의	5
나쁜	5
나사	5
나서야	5
나올	5
나이스신평	5
나진하산	5
낚시	5
난투극	5
날릴	5
날짜	5
날치기	5
남관표	5
남도	5
남미	5
남북경협	5
남북한	5
남용	5
남이섬서	5
남자대표팀	5
납부	5
납치문제	5
낭독공연	5
낮에	5
내년에	5
내는	5
내림세	5
내부고발자	5
내사	5
내셔널리그	5
내정간섭	5
낼	5
냉장고	5
넓히는	5
넘기고	5
넘길	5
넣는다	5
넣은	5
네덜란드에	5
네이버가	5
네이처	5
넥센은	5
넥센전	5
노력해야	5
노사	5
노재욱	5
노트7	5
녹색당	5
논의하는	5
농업	5
높아져	5
누르고	5
누리호	5
눈꽃	5
눈의	5
뉴스데스크	5
뉴스룸	5
느껴	5
느낌	5
늘리고	5
늘리는	5
늦게	5
늦어	5
다리	5
다변화	5
다보스포럼	5
다승	5
다지기	5
다채	5
다큐멘터리	5
다크호스	5
다하겠다	5
단골	5
단둥	5
단말	5
단서	5
단체관광객	5
달러당	5
달리는	5
달빛	5
달성종합	5
담	5
담아	5
담화	5
답변서	5
당명	5
당부종합	5
당신은	5
당청	5
당협위원장	5
당혹	5
당황	5
대구서	5
대구시	5
대권도전	5
대남전단	5
대러	5
대륙	5
대륙별	5
대면조사	5
대목	5
대어	5
대여	5
대역전극	5
대응방안	5
대전소식	5
대중교통	5
대체할	5
대출규제	5
대통령개헌안	5
대통령실	5
대통령에게	5
대통령여야대표	5
대통령은	5
대통령측	5
대한민국만화대상	5
대한민국을	5
대한제국	5
대한항공에	5
대화공세	5
대화는	5
대화량	5
대화할	5
더이상	5
덕담	5
덕분에	5
덮인	5
데뷔골	5
델타항공	5
도마	5
도미노	5
도서관	5
도시락	5
도왔다	5
도울	5
도입에	5
도입한	5
도전하는	5
독거노인	5
독재	5
독주회	5
돈세탁	5
돈줄	5
돕고	5
동남권	5
동료들	5
동반자	5
동반한	5
동상	5
동서고속도로	5
동성결혼	5
동유럽	5
동조	5
동지중해	5
동창리	5
되겠다	5
되고	5
되살아난	5
두께	5
두려움	5
두산건설	5
두산밥캣	5
두산의	5
둘러싼	5
뒤늦게	5
뒤에	5
뒤져	5
뒷걸음	5
듀얼카메라	5
드러난	5
등락종합	5
등서	5
등장에	5
디	5
디비전시리즈	5
딜라이브	5
딜레마	5
따뜻	5
딱	5
땀	5
때는	5
때마다	5
또다른	5
뛰어난	5
뛰어넘는	5
뜨고	5
뜬	5
라니에리	5
라바리니호	5
라이카	5
라카제트	5
러브	5
런던서	5
레볼루션	5
레스토랑	5
레일리	5
렌즈	5
로드	5
로봇이	5
로저스	5
롯데쇼핑	5
롯데콘서트홀	5
류현진에게	5
르완다	5
리옹	5
리프트	5
마곡사	5
마라톤	5
마리	5
마시는	5
마운드	5
마이너스	5
마이크	5
마이클	5
마일리지	5
마케도니아	5
만끽	5
만나보세요	5
만들겠다	5
만비즈	5
만원	5
만점	5
만족도	5
만지작	5
만큼	5
만한	5
말리	5
말은	5
말할	5
맛의	5
맛있는	5
망명신청자	5
맞교환	5
맞나	5
맞서는	5
맞을	5
맡아야	5
매달	5
매출액	5
매출은	5
맨유와	5
멈추지	5
멋진	5
멜라니아	5
명동	5
명시	5
명의	5
모던	5
모델하우스	5
모두가	5
모두를	5
모두발언	5
모두에	5
모른다	5
모병제	5
모색종합	5
모여	5
모인다	5
모자	5
몫	5
몰고	5
몰락	5
못내	5
못한다	5
못할	5
무거운	5
무궁화	5
무대로	5
무덤서	5
무상점검	5
무색	5
무역전쟁에	5
무이자	5
무장괴한에	5
무장단체	5
무전기	5
무패행진	5
문정인	5
문제없다	5
문제없어	5
문학동네	5
문화계	5
물가상승률	5
물류	5
물의	5
물타기	5
물폭탄	5
뭉쳐	5
미국민	5
미국행	5
미디어교육	5
미라	5
미래에	5
미래의	5
미술관서	5
미스터리	5
미지수	5
미첼	5
민	5
민감	5
민낯	5
민생행보	5
민선시장	5
민주평통	5
믿음	5
밀라노	5
밀린	5
바가지	5
바그다드	5
바꾸는	5
바뀐	5
바둑	5
바라는	5
바라보는	5
바람직	5
바이에른	5
바하마	5
박대통령	5
박빙	5
박수현	5
박양우	5
박정훈	5
박정희	5
박주선	5
반갑습니다	5
반군과	5
반군에	5
반칙	5
반환점	5
받을	5
발전소	5
발칵	5
발표회	5
밝힐	5
밤샘	5
방공미사일	5
방사선	5
방사청	5
방송독립시민행동	5
방정오	5
방탄소년단	5
방패	5
배구대회	5
배달의민족	5
배분	5
배우	5
백남준	5
백업	5
백원우	5
백지화	5
버리고	5
번복	5
번영	5
번호안내	5
벌금형	5
벌어	5
범실	5
범죄자	5
법률	5
법적대응	5
베네수엘라에	5
베를루스코니	5
벤츠	5
변함없다	5
별개	5
병원서	5
병합	5
보고서에	5
보고하는	5
보내는	5
보면	5
보복조치	5
보수단체	5
보스니아	5
보완	5
보위부	5
보이스피싱	5
보증	5
보코하람	5
보험금	5
보험사	5
복귀종합	5
복근	5
복병	5
볼넷으로	5
봄날	5
봤다	5
부결에	5
부녀	5
부다페스트	5
부동산114	5
부르는	5
부산일보	5
부상에	5
부실채권	5
부추겨	5
북마케도니아	5
북중관계	5
북한단신	5
분단	5
분리	5
분리주의	5
분야에	5
분양물량	5
분주	5
분출	5
분향소	5
불가리아	5
불발종합	5
불발탄	5
불법보조금	5
불법행위	5
불신	5
불응	5
불이익	5
불청객	5
불출석	5
불통	5
붐	5
브람	5
브레이크	5
브렉시트당	5
브루클린	5
블로그	5
비수기	5
비판적	5
비해	5
빅데이터로	5
빅매치	5
빙판	5
빚은	5
빛나는	5
빠뜨리고	5
빨라진다	5
빼	5
뺀다	5
뻔	5
뼈아픈	5
뿌연	5
삐걱	5
사	5
사라지는	5
사람에게	5
사람의	5
사랑하는	5
사립유치원	5
사법농단	5
사양	5
사업가	5
사열하는	5
사옥	5
사우디서	5
사우디에	5
사운드	5
사이버테러	5
사퇴하라	5
사항	5
사회복지공동모금회	5
사후	5
삭감	5
산소	5
산업은행	5
산으로	5
살균제	5
살려	5
살만	5
살아있는	5
살인사건	5
삶이	5
삼국지	5
삼성과	5
삼성자산운용	5
삼성카드	5
삼척	5
상공서	5
상권	5
상금	5
상담회	5
상무부	5
상봉	5
상상	5
상실	5
상원의장	5
상임위원	5
상하이서	5
상호금융	5
상호변경	5
새내기	5
새벽에	5
새시대	5
샌디에이고	5
샘슨	5
생각한다	5
생긴	5
생명체	5
생존경쟁	5
서동철	5
서산	5
서영교	5
서울로	5
서울시청	5
서청원	5
서포터즈	5
선거개입	5
선거인단	5
선거제도	5
선다	5
선두경쟁	5
선두로	5
선서하는	5
선선한	5
선수들에게	5
선수에	5
선진화법	5
선포식	5
선행	5
설명하는	5
설문조사	5
성공종합	5
성당	5
성소수자	5
성적은	5
성주	5
성추문	5
세계로	5
세계에서	5
세계은행	5
세계최초	5
세균	5
세몰이	5
세무조사	5
셀피	5
셰프	5
소개합니다	5
소녀상	5
소리꾼	5
소말리아서	5
소멸	5
소설로	5
소셜미디어	5
소중한	5
소치서	5
소탕	5
속도로	5
속리산	5
속셈은	5
속수무책	5
손님	5
손열음	5
손정의	5
손준호	5
손해배상	5
송유관	5
송출	5
송희채	5
수가	5
수뇌부	5
수단서	5
수두룩	5
수면	5
수밖에	5
수사권	5
수사종합	5
수산물	5
수상작품집	5
수신료	5
수용시설	5
수원과	5
수은주	5
수중	5
수출업체	5
수해	5
수혈	5
순환출자	5
숨긴	5
숨통	5
슈퍼매치	5
스마트폰에	5
스마트폰은	5
스모그에	5
스카이	5
스카이스포츠	5
스쿨	5
스타벅스	5
스타트업에	5
스토어	5
스트라스버그	5
스포츠10대뉴스	5
슬로베니아	5
승무	5
승소	5
승승장구	5
시간을	5
시그니처	5
시름	5
시민의	5
시비	5
시스코	5
시작은	5
시작하는	5
시장에서	5
시청자	5
시행령	5
식중독	5
신격호	5
신경세포	5
신년회견	5
신사업	5
신세계ic	5
신용대출	5
신임장	5
신입	5
신중해야	5
신한금융그룹	5
신흥국	5
실	5
실검	5
실급검	5
실내	5
실리콘	5
실명제	5
실바	5
실사	5
실상	5
실속형	5
실적도	5
실증	5
실태	5
실패종합	5
실효성	5
심야	5
심장	5
심해	5
싶었다	5
싸울	5
쌍포	5
쏟아진	5
쏠린	5
쓰세요	5
씽씽	5
아기상어	5
아는	5
아디다스	5
아무것도	5
아무도	5
아쉽지만	5
아이가	5
아이티	5
아이폰6	5
아자르	5
아침까지	5
아트	5
아프리카돼지열병	5
악의적	5
안내서	5
안되면	5
안드로이드폰	5
안심	5
안전망	5
안전사고	5
안전성	5
안정화	5
안치홍	5
안타까운	5
안타까워	5
앉는	5
않지만	5
알	5
알가르베컵	5
알고리즘	5
알레나	5
알리는	5
알림	5
알림톡	5
알바니아	5
암살	5
암호화폐	5
앞당겨	5
애국주의	5
애니메이션	5
야구대회	5
야구세상	5
야유	5
약세종합	5
약정할인	5
약탈	5
양강	5
양당	5
양자회담	5
양적완화	5
양제츠	5
양측	5
양팀	5
양파	5
어디서	5
어려움	5
어벤져스	5
어빙	5
어시스턴트	5
어쩌나	5
언급하며	5
언급한	5
언론계	5
언론들	5
언론이	5
언론중재위	5
언제까지	5
얻은	5
얼굴인식	5
엄호	5
업체에	5
없어서	5
없어야	5
에너지장관	5
에스엔텍	5
엑스페리아xz	5
엔화	5
여러분	5
여름방학	5
여름이	5
여름철	5
여름휴가	5
여성의	5
여신심사	5
여야대표	5
여야정협의체	5
여행의	5
여행지	5
역부족	5
역설	5
역주행	5
역할론	5
연구장비	5
연등	5
연상	5
연예	5
연저점	5
연주로	5
연준의장	5
연체	5
연휴에	5
열심히	5
열정	5
열풍에	5
열흘짜리	5
엿새	5
영국인	5
영사관	5
영상으로	5
영예	5
영입에	5
영향은	5
옅은	5
옆에	5
예	5
예감	5
예루살렘	5
예비	5
예비심사	5
예술감독	5
예술의	5
오디세이	5
오랜	5
오르기	5
오르나	5
오르는	5
오를까	5
오보	5
오사카	5
오세훈	5
오찬회동	5
오클라호마시티	5
오해	5
옥죄기	5
온두라스	5
올랐다	5
올레tv	5
올바른	5
올해만	5
올해보다	5
옮겨	5
옴부즈맨	5
와이드	5
완성차	5
완전무제한	5
왕치산	5
외교수장	5
외교전	5
외국유조선	5
외무차관	5
외연	5
외치며	5
외화예금	5
외환보유액	5
요구한	5
요미우리	5
요즘	5
요청종합	5
요충지	5
용산	5
용품	5
우산혁명	5
우선주	5
우승을	5
우승하고	5
우완	5
우주정거장	5
욱일기	5
울긋불긋	5
울림	5
울산서	5
울산옹기축제	5
웃고	5
웃은	5
웃지	5
워싱턴서	5
원내대표와	5
원내지도부	5
원로	5
원점	5
원주민	5
원포인트	5
월미도	5
월성	5
월세	5
웨이브	5
웨인	5
웹소설	5
위구르	5
위기종합	5
위에서	5
위원들	5
위원들과	5
위치정보	5
위키리크스	5
위태	5
위협종합	5
윈터미팅	5
윗세오름	5
유강남	5
유격수	5
유골	5
유광우	5
유라시아	5
유럽시장	5
유럽축구	5
유럽행	5
유료화	5
유리한	5
유사	5
유엔총장	5
유임	5
유적지서	5
유전	5
유전자가위	5
유전질환	5
유전체	5
유종의	5
유채꽃	5
유턴	5
유통업계	5
유혹	5
육군	5
윤관석	5
윤덕여호	5
윤리	5
음란물	5
음악극	5
응답	5
응원전	5
의견거절	5
의결권	5
의뢰	5
의석	5
의약품	5
의혹은	5
의회에	5
이강인	5
이것이	5
이겨야	5
이끈다	5
이끌	5
이내	5
이달말	5
이동식	5
이동형	5
이라크군	5
이라크로	5
이란전	5
이랜드	5
이름은	5
이마트24	5
이방카	5
이번에	5
이사장에	5
이산상봉	5
이스트소프트	5
이승우는	5
이승원	5
이용권	5
이용시간	5
이용해	5
이웃	5
이웃사랑	5
이재오	5
이적생	5
이전에	5
이정철	5
이종현	5
이통사에	5
이효희	5
인간을	5
인건비	5
인공	5
인권단체	5
인권법	5
인명	5
인물	5
인민군	5
인사에	5
인생의	5
인수전	5
인파로	5
인판티노	5
인플레이션	5
인한	5
일반에	5
일방주의	5
일본군	5
일상의	5
일이	5
일출	5
읽다	5
읽어야	5
읽은	5
잃어	5
임금인상	5
임대사업자	5
임동혁	5
임명동의안	5
임병욱	5
임영희	5
입김	5
입법촉구	5
입장차	5
잇는다	5
있다면	5
있다종합	5
있어야	5
있어요	5
잊은	5
자	5
자금조달	5
자사	5
자산운용사	5
자연	5
자영업대출	5
자외선	5
자원봉사자	5
자인	5
자치구	5
잔액기준	5
잔여	5
잘못된	5
잡아	5
잡음	5
잡혀	5
잡힌	5
장기화에	5
장대비	5
장대환	5
장미	5
장병	5
장외투쟁	5
장제원	5
재개발	5
재개종합	5
재난	5
재난문자	5
재무장관	5
재신임	5
재신청	5
재심	5
재추진	5
재허가	5
재활에	5
재회	5
쟁점법안	5
저주	5
저지하고	5
저항의	5
적기	5
적립	5
적반하장	5
적용종합	5
적응	5
전교조	5
전국망	5
전극	5
전념	5
전당	5
전두환	5
전략은	5
전력투구	5
전망대	5
전매	5
전면금지	5
전문가가	5
전보다	5
전세	5
전액	5
전야제	5
전역서	5
전운	5
전임	5
전자책	5
전준우	5
전초전	5
전한	5
전혀	5
전화통화	5
전환에	5
절도	5
점거	5
점검하는	5
점검회의	5
점수	5
점포	5
접경	5
정경화	5
정계	5
정기	5
정기총회	5
정당별	5
정대영	5
정도로	5
정리	5
정리한	5
정면	5
정명훈	5
정밀	5
정보당국	5
정보보안	5
정상들	5
정상회담서	5
정상회담에	5
정상회의서	5
정성훈	5
정우택	5
정원	5
정적	5
정정	5
정책에	5
정책토론회	5
정청래	5
정치보복	5
정현백	5
정확도	5
정회	5
정회원	5
제3국	5
제4회	5
제5회	5
제공종합	5
제네시스	5
제명	5
제왕	5
제외종합	5
제작현장	5
제재금	5
제주에서	5
졌지만	5
조끼	5
조던	5
조력자	5
조사거부	5
조사종합	5
조선신보	5
조선총련	5
조선통신사	5
조슈아	5
조영욱	5
조우	5
조장	5
조정래	5
조직력	5
존폐	5
종업원들	5
좋았다	5
좋지	5
주목받는	5
주민투표	5
주범	5
주식형펀드	5
주의하세요	5
주인공은	5
주자	5
주주	5
주주배정	5
주주총회	5
주체	5
주총서	5
주축	5
주택연금	5
주터키한국문화원	5
죽인	5
준공	5
준비종합	5
준비해야	5
줄리아니	5
줄었지만	5
줄이어	5
중견	5
중국계	5
중국발	5
중국은	5
중기부	5
중대한	5
중독	5
중동의	5
중동평화	5
중소기업에	5
중시	5
중앙위	5
중앙통신	5
중요종합	5
중장년층	5
중종합	5
중형	5
즐거움	5
즐기고	5
증강현실로	5
증편	5
지나도	5
지도부와	5
지도자들	5
지명타자	5
지배	5
지붕	5
지스타	5
지식인	5
지역신문	5
지원할	5
지장	5
지정에	5
지중해서	5
지지자들	5
지진에	5
지켜	5
지켜보는	5
지켜야	5
직무정지	5
직원들과	5
진달래	5
진보	5
진상	5
진심으로	5
질서있는	5
집에서	5
집중력	5
집중호우	5
징검다리	5
짱기자	5
찍은	5
찜통	5
차명계좌	5
차별화된	5
차차	5
착용	5
찬물	5
참가한	5
참모총장	5
창과	5
창당대회	5
창비	5
창업지원	5
창원성산	5
창출에	5
찾고	5
찾다	5
찾아야	5
찾을까	5
채권단	5
채비	5
책임론	5
챙기기	5
처음부터	5
처형	5
천명	5
천병혁의	5
철강	5
첩보	5
청문회법	5
청사	5
청산	5
청와대서	5
청원	5
청춘	5
체결식	5
초가을	5
초대전	5
초등생	5
초반부터	5
초석	5
초선들	5
초안	5
초호화	5
촉진	5
총격범	5
총기난사	5
총기참사	5
총사퇴	5
최소한	5
최용수	5
최우수상	5
최은영	5
최인훈	5
최적	5
최전방	5
최휘	5
추가지원	5
추모행사	5
추문	5
추승균	5
추억을	5
추정종합	5
추진해야	5
추후	5
춘천마임축제	5
출구조사서	5
출마선언	5
출생	5
출판진흥원장	5
춤	5
충격의	5
충격적	5
충돌종합	5
충주	5
취급	5
취업자	5
취하	5
취한	5
취할	5
치를	5
치명적	5
친노	5
친러	5
친박계	5
칭찬	5
카드로	5
카메라로	5
카메룬서	5
카카오내비	5
카카오뱅크	5
카카오와	5
카타르서	5
카터	5
카풀	5
캐나다서	5
캐러밴	5
캐스팅보트	5
캠핑	5
커뮤니티	5
컨소시엄	5
컨테이너선	5
컨트롤타워	5
컬렉션	5
케냐서	5
케이블tv	5
코끼리	5
코바코	5
코스메카코리아	5
코스모스	5
코스피200	5
코엑스서	5
코치진	5
콕	5
콘텐츠로	5
콘퍼런스서	5
콜라보	5
콜로라도전	5
쾌청한	5
쿠웨이트	5
퀸	5
크리스마스에	5
크리스퍼	5
클래스	5
키르기스스탄	5
키움	5
키트	5
타	5
탄자니아서	5
탄핵정국	5
탈출한	5
태국서	5
태국에	5
태권도시범단	5
태극전사들	5
태양의	5
태화강	5
택시기사	5
탬파베이는	5
탱고	5
탱크	5
탱크맨	5
터져	5
터키가	5
털썩	5
텃밭	5
테러리스트	5
테스	5
토레스	5
토론회에서	5
토마스	5
토마토	5
톤플러스	5
톰프슨	5
통신사들	5
통영	5
통일장관	5
통전부장	5
통큰	5
통통영상	5
통하는	5
통합관리	5
퇴원	5
퇴직금	5
투명성	5
투수들의	5
투수상	5
투스크	5
투자하는	5
투트랙	5
튀니지서	5
트라우마	5
트럼프아베	5
특가	5
특검법	5
특별감찰관	5
특별귀화	5
티움	5
파란	5
파이팅	5
파장	5
파티게임즈	5
판가름	5
판단할	5
판문점서	5
판타지	5
팝스타	5
팡파르	5
패닉	5
패드	5
패치	5
팽목항	5
팽팽	5
페르시아만	5
펭수	5
펴는	5
편하게	5
펼쳐지는	5
평생	5
평양시민	5
평양의	5
평창서	5
포기하지	5
포로셴코	5
포상	5
포천	5
폭발종합	5
폭발한	5
폭설에	5
폭언	5
폭염에	5
폭주	5
표준화	5
풀비전	5
품목	5
품으로	5
풍랑	5
프라임	5
프랑스서	5
프로축구연맹	5
플랜	5
플레이오프행	5
플루토늄	5
피서는	5
피신	5
피싱	5
피의	5
피자	5
피하는	5
하남	5
하동	5
하루하루	5
하위	5
하트	5
학계	5
학습	5
한가위	5
한경연	5
한광성	5
한국ms	5
한국기업	5
한국당과	5
한국도	5
한국산	5
한국선수	5
한국에서	5
한국투자증권	5
한국판	5
한동민	5
한동희	5
한라	5
한미정상회담	5
한미훈련에	5
한반도에	5
한상진	5
한신평	5
한영	5
한우	5
한일정상회담	5
한조	5
한화건설	5
할로웨이	5
함북	5
합류한	5
합법	5
합창단	5
항소	5
항암제	5
항의방문	5
해결할	5
해당	5
해리스	5
해법도	5
해법은	5
해빙	5
해석	5
해설	5
해소에	5
해안	5
해역서	5
해역에	5
해외식당	5
해임제청안	5
해저	5
핵도발	5
핵미사일	5
핵심기술	5
핵심은	5
핵합의서	5
행보로	5
행정	5
행정명령	5
허경민	5
허점	5
헌납	5
헌법위	5
헌신	5
헌재에	5
헥터	5
헬로비전	5
혁신기술	5
혁신방안	5
혁신상	5
현대백화점	5
현대화	5
현송월	5
현충원	5
협상에	5
협약식	5
협의종합	5
협의해	5
호르무즈서	5
호응	5
호재	5
호주에	5
호주인	5
호텔서	5
호텔업계	5
호투에도	5
혼돈	5
홈경기	5
홈에서	5
화가	5
화물선	5
화석	5
화제	5
화천	5
화천군	5
화학물질	5
확	5
확대간부회의	5
확실시	5
확실히	5
환상	5
황동일	5
황병서	5
황인범	5
황현산	5
회계	5
회동에	5
회복1보	5
회복2보	5
회복세	5
회복한	5
회생절차	5
획정	5
효성	5
후면	5
후보는	5
후보등록	5
후보로	5
후보물질	5
후회	5
훔치기	5
휘말린	5
휴가에	5
휴대용	5
휴식기	5
휴전합의	5
흉상	5
희망의	5
희망퇴직	5
흰	5
히가시노	5
히로시마	5
히스패닉	5
히어로	5
히트	5
힐러리에	5
힘겨운	5
힘들어	5
힘찬	5
0시	4
100달러	4
100승	4
100억	4
100여건	4
10경기	4
10년물	4
10만원대	4
10번	4
10월까지	4
10위	4
11건	4
11일부터	4
11회	4
12시30분	4
12연승	4
12월에	4
13경기	4
13승	4
13억원	4
14일까지	4
150만	4
150승	4
152억원	4
15곳	4
15도	4
15분간	4
15시	4
15억	4
15일부터	4
160만명	4
16강서	4
17건	4
17세	4
17일부터	4
18년만에	4
18시	4
19곳	4
19세	4
19시간	4
1r	4
1개씩	4
1기	4
1달러	4
1등급	4
1루수로	4
1만	4
1만원	4
1번	4
1분	4
1분만에	4
1승1패	4
1위종합	4
1위표	4
1조3천억원	4
2002년	4
2007년	4
200명	4
200여명	4
200원	4
2010년대	4
2010선	4
2013년	4
20182019시즌	4
2018러시아월드컵	4
2023년	4
2025년	4
2030선	4
2040선	4
2050대	4
2060대	4
2090선	4
20만원	4
20분	4
20세기	4
20점	4
20조원	4
21년	4
22년	4
22일부터	4
24일부터	4
25만명	4
25전쟁	4
25주년	4
26년	4
27개	4
27억원	4
2a호	4
2년내	4
2대책	4
2득점	4
2만	4
2만명	4
2명에	4
2박3일	4
2분기도	4
2사	4
2억5천만원	4
2연속	4
2월국회	4
2주만에	4
2차분	4
2천400억	4
30개	4
30만명	4
30세	4
30일부터	4
30홈런	4
31명	4
32명	4
34억원	4
35개	4
36년만의	4
36명	4
38노스	4
38점	4
3강	4
3당대표	4
3만	4
3만달러	4
3방에	4
3번	4
3세대	4
3시즌	4
3안타	4
3연	4
3연속	4
3연승으로	4
3월1일	4
3월부터	4
3천만명	4
3편	4
400만	4
40도	4
40배	4
40점	4
45로	4
45억원	4
46세	4
48억원	4
4억원	4
4조원	4
4차례	4
4차전	4
4호골	4
500명	4
502경기	4
50만	4
50분	4
50원	4
50주기	4
5개년	4
5개팀	4
5기가	4
5년째	4
5만원	4
5분	4
5점	4
5차핵실험	4
5천만대	4
5천만명	4
600명	4
60명	4
60승	4
61억원	4
64gb	4
6gb	4
6개월간	4
6건	4
6기	4
6만9천원에	4
6만명	4
6일부터	4
6자회담	4
6조	4
70일	4
71명	4
7득점	4
7만명	4
7승	4
7일까지	4
7차전	4
800만	4
80만명	4
80명	4
80억원	4
8강행	4
8건	4
8대	4
8천억	4
8호	4
8호골	4
90분	4
93억원	4
9개월만에	4
9곳	4
9대	4
9배	4
9번째	4
9천억원	4
9회말	4
a6	4
ai기반	4
ai기술	4
ai비서	4
ai서비스	4
apec	4
arf	4
att	4
b1b	4
b52	4
bts	4
d5	4
d6	4
d7	4
db금융투자	4
djsi	4
ds	4
e	4
fbi	4
g	4
gs칼텍스에	4
ibk증권	4
ibk투자증권	4
icbm용	4
ict업계	4
idc	4
if	4
imo	4
ioc총회	4
ir	4
is에	4
is조직원	4
it기업	4
kaist서	4
kb국민카드	4
kcc에	4
kj프리텍	4
kn08	4
kpop	4
k스포츠	4
lgu도	4
lg생명과학	4
lg의	4
lig넥스원	4
lig증권	4
ls산전	4
ltv	4
mbk	4
mec	4
mlcc	4
ndt1	4
ngo	4
nll	4
no	4
obs	4
oci	4
ocn	4
opec	4
pc처럼	4
po행	4
qa	4
rcep	4
scmp	4
sk넥센	4
sk케미칼	4
sns서	4
stx	4
stx조선	4
thinq	4
tpp	4
u	4
url	4
usb	4
u골프	4
wk리그	4
yg	4
ys	4
ytn노조	4
zte	4
가격이	4
가극	4
가까워져	4
가까워진	4
가나서	4
가능성종합2보	4
가능할	4
가동종합	4
가방	4
가봉	4
가상계좌	4
가성비	4
가슴	4
가시마	4
가야금	4
가요	4
가을엔	4
가이드	4
가입하면	4
가자지구서	4
가정폭력	4
가족과	4
가즈아	4
가지고	4
가치는	4
가학적	4
가해자	4
각계	4
간격	4
간절곶	4
간접	4
간첩	4
갈까	4
갈등의	4
갈림길	4
감도는	4
감독상	4
감독에게	4
감리위	4
감상	4
감옥에	4
감원	4
갑니다	4
갑부	4
강대강	4
강력대응	4
강력하고	4
강릉서	4
강이슬	4
강정마을	4
강정호는	4
강제동원	4
강해졌다	4
강행시	4
강호	4
강화한	4
강화해	4
갖는	4
같지	4
개나리	4
개도국	4
개막식에	4
개명	4
개발종합	4
개봉	4
개인사업자대출	4
개통량	4
개편안	4
개헌은	4
개혁해야	4
개회	4
개회사	4
객석	4
갤s7	4
갤노트5	4
갤럭시a	4
갤럭시j7	4
갤럭시s8에	4
갤럭시s8플러스	4
갤럭시폴드	4
거론하며	4
거리시위	4
거부로	4
거주	4
거침없이	4
건군절	4
건네는	4
건설에	4
건수	4
건재	4
건전성	4
건조특보	4
건축	4
걸고	4
걸음	4
검사와	4
검색창	4
검증된	4
검토할	4
검토해야	4
것으로	4
게임빌	4
게임으로	4
겨우	4
겨울이	4
격려금	4
격추에	4
겪은	4
견해차	4
결	4
결과는	4
결승행	4
결의대회	4
결정된	4
결정적	4
결정할	4
결집	4
경각심	4
경기구	4
경기부양	4
경기소식	4
경기에서	4
경남fc	4
경북도	4
경비	4
경상	4
경상일보	4
경영고문	4
경영컨설팅	4
경쟁사	4
경제성과	4
경제적	4
경제전망	4
경제행보	4
경주서	4
경찰과	4
경찰서	4
경포	4
경포해수욕장	4
경협	4
계룡	4
계속된	4
계약금	4
계약한	4
계파	4
계획에	4
고공행진	4
고교생들	4
고군분투	4
고금리	4
고드름	4
고래	4
고령	4
고령자	4
고로쇠	4
고민되네	4
고발당한	4
고발인	4
고발종합	4
고아	4
고용안정	4
고위급대표단	4
고체연료	4
고치는	4
고품질	4
곤혹	4
골대	4
공개해야	4
공개행사	4
공공임대주택	4
공공주택	4
공단	4
공동개최	4
공동교섭단체	4
공동체	4
공략종합	4
공수	4
공식방문	4
공신	4
공원	4
공조로	4
공직기강	4
공천개입	4
공통	4
공화국	4
과기계	4
과기공동위	4
과기혁신본부장	4
과로사	4
과실	4
과장	4
과정서	4
과학기술연구회	4
과학은	4
관광명소	4
관련한	4
관료	4
관리비	4
관세부과	4
관세에	4
관여하는	4
관찰	4
관철	4
관행	4
광주mbc	4
광주세계수영대회	4
광주은행	4
광화문서	4
괴한	4
교과서	4
교도소	4
교란	4
교육생	4
교육위	4
교통대란	4
구금된	4
구독	4
구례	4
구매자	4
구미	4
구의원	4
구제역	4
구축종합	4
구출	4
구하기	4
구혜선	4
국가들	4
국감서	4
국립과학관	4
국립극단	4
국립극장	4
국립중앙과학관	4
국립현대미술관장	4
국민바른	4
국민투표법	4
국방위원장	4
국산화	4
국왕과	4
국외	4
국정감사	4
국정현안	4
국제대회	4
국제법	4
국제사회와	4
국제앰네스티	4
국제인문포럼	4
군기지	4
군부대	4
군사정보보호협정	4
군사지원	4
군사충돌	4
군사합의	4
군산공장	4
굴기	4
권력구조	4
권력형	4
권영수	4
권오준	4
권은희	4
권하는	4
권한분산	4
귀	4
귀경길	4
귀국종합	4
귀성	4
귀스타브	4
규제완화	4
그냥	4
그때	4
그라운드	4
그런	4
그렇게	4
그레이엄	4
그리다	4
그친	4
그칠	4
극동연방대서	4
근로시간	4
금괴	4
금수산궁전	4
금융거래	4
금융그룹	4
금융기관	4
금융상품	4
금융지주	4
금품	4
금호산업	4
금호석유	4
금호아트홀	4
금호타이어	4
급거	4
급격한	4
급랭	4
급상승	4
급성장	4
급여	4
급한	4
기가인터넷	4
기가지니로	4
기금	4
기꺼이	4
기념사업	4
기념사진	4
기념일	4
기대감도	4
기대되는	4
기댄	4
기량	4
기록영화	4
기록적	4
기록한	4
기리는	4
기립박수	4
기밀	4
기뻐	4
기상	4
기상천외한	4
기술사업화	4
기술의	4
기술적	4
기술협력	4
기습	4
기어s3	4
기어vr	4
기업가	4
기업결합	4
기업대출	4
기업은	4
기업의	4
기체	4
기초과학	4
기타	4
기행	4
기회로	4
기회서	4
긴장감	4
길목	4
김강민	4
김기태	4
김복동	4
김봉길호	4
김상곤	4
김상조	4
김성수	4
김연아	4
김영남과	4
김영재	4
김영환	4
김일국	4
김재수	4
김정태	4
김정훈	4
김학범의	4
김해시청	4
김현	4
까닭	4
깰까	4
꽝	4
꿈나무	4
꿈에그린	4
꿈틀	4
끄는	4
끄떡없는	4
끄떡없다	4
끊은	4
끊이지	4
끊임없이	4
끝나나	4
끝날	4
나가는	4
나노	4
나노스	4
나눠	4
나설	4
나에게	4
나오는	4
나이트	4
낙점	4
낙제점	4
낙태	4
난동	4
난입	4
난타전	4
날에	4
남기고	4
남북연락사무소	4
남성에	4
남아공서	4
남아프리카	4
남양주	4
남을	4
남의	4
남이섬	4
남자축구	4
남자프로배구	4
남중국해서	4
남천동	4
남측인원	4
남해	4
납득할	4
납세내역	4
낮춘	4
낳는	4
내고	4
내년도	4
내년에도	4
내달초	4
내라	4
내리고	4
내부통제	4
내분에	4
내셔널축구선수권	4
내수	4
내야	4
내용은	4
내일은	4
내줘종합	4
내줘종합2보	4
냉랭	4
넉달	4
넘나드는	4
넘어라	4
넘지	4
네이션스리그	4
노동계	4
노동부	4
노란조끼	4
노림수	4
노수광	4
노약자	4
노치	4
녹소연	4
논의종합2보	4
논의해야	4
놀랐다	4
놀러	4
농구대회	4
농식품부	4
농어촌	4
높게	4
높아진다	4
높이고	4
뇌관	4
뇌물죄	4
뇌와	4
누리과정	4
누설	4
눈발	4
눈속임	4
뉴	4
뉴스에	4
뉴올리언스에	4
뉴욕주	4
늘린	4
늘어날	4
늦가을	4
늦어도	4
니벨룽의	4
니제르	4
닛산차	4
닛케이	4
다뤄야	4
다산네트웍스	4
다시는	4
다양성	4
다윈의	4
다음에	4
다이아몬드	4
다자주의	4
다쳐	4
다해	4
단거리미사일	4
단둥서	4
단순	4
단일	4
단편소설	4
단행	4
단호하게	4
단호한	4
달라지나	4
달러에	4
달의	4
담는다	4
담배	4
답	4
답답	4
답답한	4
당겨	4
당권주자들	4
당기순이익	4
당대	4
당무위	4
당정청회의	4
당직자	4
대국민담화	4
대리	4
대리점	4
대면적	4
대북제재로	4
대북특사	4
대북특사단장	4
대산문화재단	4
대서양	4
대서특필	4
대선전	4
대설경보	4
대심제	4
대외관계	4
대응조치	4
대응해야종합	4
대전세종충남	4
대전시티즌	4
대정전	4
대좌	4
대차거래	4
대책위	4
대통령도	4
대표로	4
대표팀서	4
대학로	4
대학살의	4
대한상의	4
대항마	4
대헤아	4
대형주	4
대화를	4
대화종합	4
대화형	4
댈러스	4
더운	4
더하면	4
던져	4
덤핑	4
덩어리	4
데려와	4
데뷔승	4
데뷔전에서	4
데이터로밍	4
도덕적	4
도루	4
도메인	4
도모	4
도발에	4
도발행위	4
도시재생	4
도우미로	4
도이체방크	4
도전이	4
독무대	4
독서	4
독수리	4
돌	4
돌아가고	4
돌입종합	4
돕기	4
돕지	4
동국제강	4
동네	4
동상이몽	4
동심	4
동아프리카	4
동양피엔에프	4
동요	4
동일	4
동해상	4
동해안은	4
동화	4
동화기업	4
돼지	4
돼지고기	4
됐나	4
되는가	4
되려면	4
두달만에	4
두산그룹	4
두산은	4
두자릿수	4
두차례	4
뒤집고	4
뒷돈	4
뒷배	4
드라기	4
드론의	4
드립니다	4
듣고	4
들어갔다	4
들어선다	4
들어오는	4
들었다	4
들여	4
등단	4
등으로	4
등판할	4
디지털화	4
디펜딩	4
때가	4
때도	4
때이른	4
떠나고	4
떠나다	4
떠났다	4
떴다	4
뚫렸다	4
뜰까	4
라	4
라온	4
라우터	4
라이베리아	4
라져	4
람보르기니폰	4
랴오닝	4
랴오닝성	4
러시아산	4
레드	4
레드섬	4
레스터시티에	4
레이저	4
레저	4
렌치	4
렌터카	4
로건	4
로고	4
로그인	4
로또	4
로밍서비스	4
로번	4
로보어드바이저	4
로비	4
로빈슨	4
로엔	4
로하스	4
록하이머	4
롯데면세점	4
롯데백화점	4
롯데에	4
롯데월드	4
롯데정밀화학	4
루비오	4
루시아	4
룰라	4
류허	4
류현진으로	4
리드	4
리베이트	4
리사이틀	4
리스크에	4
리처드	4
리트윗	4
리퍼폰	4
마광수	4
마니커	4
마라도	4
마음대로	4
마음의	4
마지노선	4
마틴과	4
막겠다	4
막기	4
막내려	4
막지	4
막판까지	4
만국우편연합	4
만년	4
만들어야	4
만연	4
만화가	4
만화로	4
많다종합	4
많았다	4
많음	4
말에	4
말이	4
말자	4
말해	4
맘대로	4
맛보고	4
맛보는	4
망명한	4
망상	4
맞다	4
맞춤	4
매력은	4
매력적	4
매몰	4
매슈	4
매월	4
매출도	4
매치	4
매파	4
맨시티전	4
맨유행	4
맨해튼	4
맹공종합	4
머스크	4
먹고사는	4
먹기	4
먼지	4
멀리	4
멀티뷰	4
멈출	4
멈춰라	4
멈춰선	4
멍완저우	4
메뉴	4
메모	4
멤버	4
면밀히	4
명문화	4
명백한	4
명소로	4
명승부	4
명예	4
명예교수	4
명예회장	4
명의도용	4
몇	4
모가디슈	4
모감주나무	4
모나코	4
모독	4
모레까지	4
모빌리티	4
모의	4
모의고사	4
모의훈련	4
모잠비크서	4
모친	4
목	4
목격자	4
목에	4
목요일	4
목전	4
몬스터	4
몰랐다	4
몰랐던	4
몰려든	4
몰수	4
몰카	4
몸속	4
못했다	4
묘소	4
무	4
무난	4
무대서	4
무더운	4
무려	4
무력시위	4
무력충돌	4
무료로	4
무모한	4
무산된	4
무실점으로	4
무엇을	4
무엇이	4
무역분쟁에	4
무역적자	4
무인이동체	4
무차별	4
무혐의	4
무형문화재	4
묵념	4
묵묵부답	4
문미옥	4
문서	4
문승원	4
문장	4
문재인정부	4
문제없나	4
문제에	4
문제종합	4
문학과	4
문학제	4
문학평론가	4
문호	4
문화로	4
문화유산답사기	4
물꼬	4
물러나	4
물러난	4
물망	4
물밑	4
물체	4
미공개	4
미국도	4
미국을	4
미네소타에	4
미디어아트	4
미래기술	4
미래에셋운용	4
미래장관	4
미분양	4
미세	4
미셸	4
미술사	4
미술소식	4
미술시장	4
미시령	4
미인도	4
미주	4
민간공원	4
민경욱	4
민심에	4
민앤지	4
민원기	4
민정수석과	4
민족	4
믿을	4
밀레니얼	4
밑으로	4
바꿔	4
바꿨다	4
바뀌지	4
바나나	4
바다가	4
바라	4
바라본	4
바보	4
바이두	4
박경리	4
박범계	4
박병석	4
박삼구	4
반공화국	4
반구대	4
반난민	4
반년	4
반대파	4
반대하는	4
반려견	4
반발로	4
반발종합2보	4
반부패	4
반부패회의	4
반성해야	4
반일	4
반중	4
받아들여	4
받으세요	4
발견돼	4
발령종합	4
발산	4
발생한	4
발원지	4
발자취를	4
발주	4
발표2보	4
발행액	4
발행어음	4
밝혀라	4
밝혀질까	4
밤바다	4
밤엔	4
밤은	4
밤이	4
밥	4
방글라데시	4
방사포	4
방송법	4
방송콘텐츠	4
방어적	4
방위성	4
방지법	4
배구에	4
배당금	4
배송	4
배열회수보일러	4
배유나	4
배치하면	4
배후로	4
배후에	4
백화원에	4
버려야	4
버린	4
버저비터	4
버티기	4
버팀목	4
벅스	4
번의	4
번즈	4
번째로	4
번호	4
범가너	4
범민주	4
법관	4
법규위반	4
법외노조	4
법원서	4
법정구속	4
법정에	4
법칙	4
베를린필	4
베이브	4
베트남과	4
벤슨	4
벤치클리어링	4
벼랑끝	4
변천사	4
변하는	4
별도로	4
별세종합	4
병진	4
보	4
보고관	4
보고받아	4
보궐이사에	4
보금자리론	4
보급형	4
보낼	4
보너스	4
보도상	4
보라스	4
보령	4
보루	4
보름	4
보상금	4
보여줄	4
보유율	4
보지	4
보합	4
보합세	4
보행자	4
보헤미안	4
보훈처	4
복잡한	4
복제	4
복합점포	4
본격적인	4
본격화종합	4
본점	4
봄바람	4
봄철	4
봅슬레이	4
봉변	4
봉사	4
부가세	4
부르키나파소	4
부른다	4
부산국제영화제	4
부산대	4
부산항	4
부산항만공사	4
부상병동	4
부안	4
부위	4
부인종합	4
부자	4
부정부패	4
부진한	4
부탁	4
북극	4
북극곰	4
북미합의	4
북적북적	4
북콘서트	4
북한산	4
북한서	4
분기배당	4
분리독립	4
분배	4
분사	4
분석해	4
분야별	4
분쟁조정	4
분통	4
불가능한	4
불구속	4
불러	4
불륜	4
불매	4
불명	4
불바다	4
불붙은	4
불시착	4
불씨는	4
불안감	4
불참종합	4
불출마	4
불투명종합	4
불티	4
불편한	4
불평등	4
불허에	4
불허종합	4
불협화음	4
불화	4
붐벼	4
붐비는	4
붙인	4
브렉시트는	4
브로커	4
브뤼셀서	4
브리핑하는	4
블랙	4
블랙박스	4
블랙베리	4
블루투스	4
비공식	4
비난종합	4
비닐봉지	4
비대면	4
비례	4
비선	4
비슷한	4
비싸	4
비은행	4
비자금	4
비자발급	4
비자책	4
비판여론	4
비핵화가	4
빅데이터가	4
빈곤	4
빈곤층	4
빈소에	4
빌딩	4
빌려	4
빌린	4
빙어축제	4
빛으로	4
빠르고	4
빨간불종합	4
빨치산	4
사거리	4
사계절	4
사과해야종합	4
사드방중	4
사라	4
사라졌다	4
사람은	4
사망사고	4
사망설	4
사망에	4
사민당	4
사생활	4
사소한	4
사업부	4
사업자에	4
사업협력	4
사용료	4
사우샘프턴전	4
사원	4
사유	4
사이로	4
사이먼	4
사이버보안	4
사전계약	4
사제폭탄	4
사진현장	4
사퇴해야	4
사활	4
사회공헌	4
사회복지공동모금회에	4
산문	4
산문집	4
산사태	4
산업의	4
산업화	4
산유량	4
산재	4
산적한	4
산정	4
산케이	4
산탄젤로	4
산학협력	4
살라	4
살아났다	4
살얼음판	4
살인적	4
살짝	4
살풀이춤	4
삼성전자에	4
삼청동	4
삼킨	4
삼화페인트공업	4
상무위원	4
상반기까지	4
상벌위	4
상생발전	4
상승세에	4
상승종합2보	4
상용	4
상의	4
상인들	4
상장적격성	4
상점	4
상표	4
상한	4
상호협력	4
상황실	4
상황에	4
새크라멘토에	4
색을	4
샌디에이고전	4
생각보다	4
생겨	4
생명의	4
생성	4
샤페코엔시	4
서강대	4
서남원	4
서둘러	4
서류조작	4
서명식	4
서명운동	4
서민금융	4
서민형	4
서밋	4
서부서	4
서부지구	4
서비스종합	4
서울시립과학관	4
서울시와	4
서점가	4
서한	4
석달간	4
선거사무소	4
선거전	4
선고종합	4
선구자	4
선대위	4
선물세트	4
선박에	4
선발승	4
선발투수	4
선생	4
선서문	4
선선	4
선수가	4
선양	4
선양서	4
선언에	4
선우예권	4
선점	4
선정적	4
선제골	4
선제적	4
선진국	4
선회	4
설비투자	4
설왕설래	4
설치종합	4
섬유	4
섬진강	4
성공률	4
성공적으로	4
성공할까	4
성과연봉제	4
성관계	4
성남fc	4
성사에	4
성직자	4
성차별	4
성평등	4
성평등센터	4
성희롱	4
세계경제	4
세계대전	4
세계랭킹	4
세계를	4
세계사	4
세계예선서	4
세리에a	4
세비	4
세상에	4
세상을	4
세운다	4
세일즈	4
세종서	4
세탁기	4
셈법	4
셰익스피어	4
소개한	4
소극적	4
소득주도성장	4
소련	4
소매판매	4
소셜	4
소송에	4
소송전	4
소수	4
소아암	4
소요	4
소프트뱅크벤처스	4
소형화	4
속도제한	4
속의	4
속출종합	4
손맛	4
손병두	4
손쉽게	4
손주인	4
손태승	4
손현종	4
솔로몬제도	4
솜방망이	4
송	4
송광민	4
송은범	4
수개월	4
수립에	4
수모	4
수백억	4
수사관	4
수사기록	4
수사에	4
수사팀	4
수석코치에	4
수송	4
수신	4
수원에	4
수익금	4
수익추구	4
수장들	4
수장에	4
수준은	4
수준종합	4
수증기	4
수집	4
수출액	4
수학	4
수해복구	4
수확	4
순례	4
순수한	4
순직	4
순천	4
순회	4
숨겨진	4
숫자로	4
쉬고	4
쉬어가는	4
슈퍼루키	4
스리런	4
스마트폰도	4
스미스와	4
스웨덴행	4
스즈키컵	4
스캐너	4
스케이트	4
스켈레톤	4
스쿨버스	4
스크린으로	4
스타들	4
스타워즈	4
스타크래프트	4
스탬프	4
스톡옵션	4
스톤	4
스트라이커	4
스팸신고	4
스페이스	4
스폰서	4
스폰서십	4
스피커에	4
슬로프	4
슬픔	4
승리를	4
승부는	4
승부차기로	4
시가	4
시각장애인	4
시도종합	4
시리아에서	4
시리아인	4
시베리아	4
시사에	4
시설서	4
시원하게	4
시원한	4
시인들	4
시작됐다	4
시작할	4
시장은	4
시진핑에	4
시큰둥	4
시험대종합	4
식물	4
식민지	4
신고가종합	4
신기록종합	4
신년사에	4
신동엽	4
신뢰성	4
신문기자	4
신문사	4
신병	4
신분증	4
신성철	4
신세계백화점	4
신세계인터	4
신안	4
신영증권	4
신용	4
신용보증기금	4
신원	4
신중국70년	4
신중모드	4
신중한	4
신청종합	4
신한은행장	4
실거래가	4
실구매가	4
실물	4
실업팀	4
실외활동	4
실전배치	4
실종된	4
실종종합	4
실질심사	4
실패한	4
실행	4
실험실	4
심리	4
심층	4
싸우는	4
싼	4
쌩쌩	4
써	4
써도	4
썰매장	4
쏜튼	4
쏟아낸	4
쏟아진다	4
쐐기타	4
쓰러진	4
쓰면	4
씨에스윈드	4
아덴	4
아랍	4
아메리카	4
아무리	4
아베에	4
아베정권	4
아부다비	4
아수라장	4
아슬아슬	4
아시나요	4
아시아선수	4
아시안컵서	4
아우베스	4
아우슈비츠	4
아이오닉	4
아침에	4
아키	4
아킬레스건	4
아테네	4
아테네서	4
아파트서	4
아프리카에	4
아픈	4
악장	4
악재에도	4
안고	4
안긴	4
안데르센	4
안방	4
안방서	4
안보불안	4
안보상황	4
안보협력	4
안심대출	4
안심번호	4
안양	4
안전자산	4
안테나	4
안했다	4
안혜진	4
알기	4
알뜰폰도	4
알라딘	4
알렉사	4
알려야	4
알려주는	4
알려진	4
알론소	4
알루미늄	4
알몸	4
알선	4
알아야	4
알았는데	4
알츠하이머	4
알파고의	4
암스테르담	4
암초	4
암흑물질	4
앞질러	4
애경산업	4
애리조나	4
애플은	4
애플이	4
액면분할	4
액티비티	4
앤더슨	4
앱에	4
야수파	4
야외활동	4
약간	4
약세에	4
약점	4
양강도	4
양극화	4
양도	4
양상	4
양석환	4
양승태	4
양향자	4
어두운	4
어디	4
어때요	4
어린이들	4
어버이연합	4
어부지리	4
어울리는	4
어워드서	4
어쩌면	4
억류한	4
얻어	4
엄단	4
엄지	4
업무용	4
없습니다	4
없애는	4
없이도	4
에넥스텔레콤	4
에도	4
에르난데스	4
에르도안과	4
에릭슨과	4
에스원	4
에쓰오일	4
에어비앤비	4
에어컨	4
에어포스원	4
에지	4
엑스포서	4
엔씨	4
엘살바도르	4
엠비드	4
엡스타인	4
여가부	4
여건	4
여력	4
여름밤	4
여야3당	4
여중생	4
여친	4
여파종합	4
여행상품	4
역사는	4
역사와	4
역전극	4
연구단	4
연구산업	4
연구소기업	4
연구재단	4
연극으로	4
연금	4
연대기	4
연령	4
연립정부	4
연석회의	4
연수자	4
연습경기서	4
연이은	4
연장전	4
연천서	4
연평도	4
연합뉴스교도통신	4
열기로	4
열려있어	4
열악	4
열어야	4
열흘만에	4
염동열	4
염원	4
염혜선	4
영건	4
영상회의	4
영업정지	4
영웅들	4
영유아	4
영종하늘도시	4
영해	4
예년보다	4
예산부수법안	4
예상밖	4
예상종합	4
예상치	4
오고	4
오늘밤	4
오디오북	4
오라클	4
오락가락	4
오리무중	4
오바마와	4
오버	4
오빠	4
오성운동민주당	4
오성홍기	4
오은	4
오재일	4
오지	4
오지환	4
오티스	4
오포	4
오픈뱅킹	4
옥류관	4
옥상	4
옥션	4
올리면	4
올린	4
올봄	4
완벽	4
완성도	4
완투승	4
왓슨	4
왕복	4
왕실	4
왕자	4
외곽	4
외국기업	4
외신들	4
외에	4
외치다	4
외화	4
외화벌이	4
요청한	4
욕설	4
용평	4
우간다서	4
우대	4
우루과이전	4
우승자	4
우승팀	4
우승하러	4
우승한	4
우아한	4
우익	4
우주로	4
우주에	4
우주인	4
우즈베크와	4
우천취소	4
우클릭	4
우편요금	4
우호	4
운명은	4
운반	4
울린	4
울산소식	4
울주군	4
움츠린	4
웃돌	4
웅진에너지	4
워런	4
원가	4
원길우	4
원내수석	4
원룸	4
원심분리기	4
원안위	4
원점으로	4
원주서	4
원천	4
원천무효	4
원치	4
월드컵서	4
월마트	4
월요일	4
웡	4
웹	4
웹브라우저	4
웹사이트서	4
웹호스팅	4
위기감	4
위메이드	4
위배	4
위법행위	4
위에	4
위용	4
위임	4
위주	4
위치확인	4
위크	4
위클리스마트	4
위협적	4
유대	4
유대주의	4
유동성	4
유럽은	4
유럽진출	4
유럽파	4
유력종합	4
유령주식	4
유로파	4
유로파서	4
유산	4
유엔평화유지군	4
유연한	4
유영준	4
유인	4
유작	4
유재학	4
유지종합	4
유지할	4
유진벨재단	4
유진테크	4
유홍준	4
은행원	4
음담패설	4
음란	4
음성으로	4
음악감독	4
음악의	4
의견서	4
의도는	4
의장대	4
의장사	4
의장에	4
의회서	4
이국종	4
이끌고	4
이란대통령	4
이름을	4
이만수	4
이목	4
이번에는	4
이번에도	4
이범호	4
이별	4
이병완	4
이상돈	4
이상이	4
이상호	4
이성열	4
이식	4
이어갈까	4
이어진	4
이완	4
이용마	4
이은	4
이임생	4
이자	4
이장석	4
이제부터	4
이주자	4
이중근	4
이차전지	4
이학주	4
이행하라	4
이후에도	4
인간이	4
인공지능으로	4
인공지진	4
인권개선	4
인권문제	4
인권법안	4
인권유린	4
인근에	4
인도양	4
인디	4
인사들	4
인사종합	4
인쇄	4
인수의향서	4
인적쇄신	4
인질	4
인질로	4
인천국제공항	4
인터넷신문위원회	4
인터뷰서	4
인하로	4
일간지	4
일격	4
일괄	4
일본도	4
일어선	4
일제강점기	4
일행	4
읽으면	4
읽을	4
임기내	4
임기연장	4
임도헌호	4
임박한	4
임현수	4
입건종합	4
입는다	4
입맛	4
입법회	4
입에	4
입자	4
입점	4
입체	4
입학	4
있나	4
있다고	4
있던	4
잊어라	4
자국민에	4
자금세탁	4
자긍심	4
자랑스럽다	4
자료제출	4
자매결연	4
자문단	4
자문위원	4
자민당	4
자백	4
자본	4
자본금	4
자본시장	4
자살폭탄	4
자성메모리	4
자세	4
자연재해	4
자유롭게	4
자율규제	4
자율성	4
자율협약	4
자주권	4
자진사퇴	4
자체개발	4
자폭테러	4
작가와	4
작가의	4
작년과	4
작년의	4
작동	4
작동하는	4
작성하는	4
잔금	4
잔혹사	4
잔혹한	4
잘하고	4
잘한다	4
잘할	4
잘했다	4
잠룡	4
잠비아	4
잡았다	4
잡지	4
장관급	4
장기적	4
장단기	4
장막	4
장사	4
장식	4
장신	4
장악한	4
장애로	4
장애물	4
장전	4
장치	4
재개관	4
재개방	4
재건	4
재고떨이	4
재단	4
재료	4
재배치	4
재송신	4
재심청구	4
재원	4
재임	4
재정비	4
재정정책	4
재처리	4
재출간	4
재테크	4
재투표	4
재판부	4
재해석한	4
쟁점화	4
저격수	4
저농축	4
저장한도	4
적극적으로	4
적대	4
적법	4
적시는	4
적정성	4
적폐	4
적합한	4
전광판	4
전국망에	4
전국체전	4
전기요금	4
전까지	4
전달종합	4
전달할	4
전대출마	4
전면적	4
전무	4
전문성	4
전문업체	4
전문인력	4
전방	4
전분기	4
전사	4
전선	4
전세가율	4
전세대출	4
전시된	4
전에서	4
전역에	4
전용망	4
전용열차	4
전원에	4
전이	4
전자	4
전자지갑	4
전쟁의	4
전쟁터	4
전준범	4
전통적	4
전파사용료	4
절반으로	4
절친	4
점차	4
접경서	4
정경심	4
정무수석	4
정보공유	4
정복	4
정부혁신	4
정상과	4
정상에	4
정수빈	4
정오	4
정운천	4
정운호	4
정의를	4
정쟁	4
정직	4
정찬형	4
정책위의장	4
정치도	4
정치인생	4
정해구	4
정현	4
제2차	4
제3의	4
제4이통	4
제라드	4
제로종합	4
제리치	4
제스처	4
제압하고	4
제약	4
제언	4
제일	4
제일기획	4
제재는	4
제조업체	4
제주소식	4
제주시	4
제주지사	4
제품에	4
조명래	4
조반니	4
조선중앙tv	4
조용병	4
조용한	4
조절한다	4
조종	4
조준호	4
조지	4
조추첨	4
조치종합	4
조폭유착	4
조합	4
존스	4
좀비	4
좁혀져	4
종근당	4
종식	4
종이	4
종편	4
종합2보	4
좋아하는	4
좋음	4
좌파연정	4
주52시간	4
주가에	4
주거지	4
주고	4
주급	4
주노	4
주말도	4
주말엔	4
주목할	4
주변국	4
주석	4
주선	4
주역들	4
주입	4
주재하는	4
주제	4
주제는	4
주중대사	4
주지사	4
주택가격	4
주한미군	4
죽고	4
죽이는	4
죽지	4
준비상황	4
줄다리기	4
줄어든	4
줄인	4
중가폰	4
중거리미사일	4
중고차	4
중금리	4
중단해야종합	4
중도금대출	4
중동에	4
중동정책	4
중부권	4
중심으로	4
중앙	4
중앙정부	4
중위권	4
중의원	4
중이온가속기	4
중장거리	4
중점법안	4
중진들	4
중학생	4
줬다	4
즐겨	4
증명	4
증인채택	4
증진	4
지구와	4
지구의	4
지나	4
지난주보다	4
지낸	4
지능정보사회	4
지니뮤직	4
지니톡	4
지도자로	4
지도자에	4
지문	4
지방서	4
지방세	4
지분매각	4
지상	4
지상욱	4
지시종합	4
지역경제	4
지역별	4
지역에	4
지연에	4
지원금상한제	4
지웠다	4
지재권	4
지정종합	4
지주회사	4
지지층	4
지카바이러스	4
지켜보자	4
지키면	4
지키자	4
지킨	4
지하	4
지하디스트	4
지혜	4
지휘봉	4
직권상정	4
직업	4
직업방송	4
직책	4
진땀	4
진력	4
진상규명	4
진상조사단	4
진안	4
진은숙	4
진주	4
진지한	4
진화의	4
진흙탕	4
질량	4
질환	4
집행위원	4
집회서	4
집회에	4
집회종합	4
짓는	4
짓는다	4
징계는	4
짜리	4
쩔쩔	4
찍는	4
차관보	4
차분한	4
차은택	4
착착	4
참가자들	4
참가차	4
참모들	4
참석자들과	4
참전	4
창원에	4
창조경제혁신센터	4
찾습니다	4
찾을	4
찾자	4
채권은	4
채무	4
채무보증	4
채식주의자	4
채운	4
채은성	4
채태인	4
채팅	4
책과	4
책을	4
책읽기	4
책임총리	4
챙겨	4
챙긴	4
처벌법	4
처우	4
천	4
천경자	4
천국	4
천리안	4
천은사	4
천장	4
철도공단	4
철회종합	4
철회하라	4
첫걸음	4
청년갤러리로	4
청문	4
청약시장	4
청주공항	4
체납	4
체육회	4
체인지업	4
체제결속	4
체제동요	4
체제의	4
체포된	4
첼로	4
첼시에	4
초강경	4
초강세	4
초당	4
초상	4
초청해	4
초치	4
초판본	4
총격에	4
총격으로	4
총리가	4
총리의	4
총상금	4
총통	4
총통선거	4
촬영하는	4
최강자	4
최고금리	4
최고기록	4
최고종합	4
최대규모	4
최대압박	4
최대폭	4
최문순	4
최소한의	4
최순실에	4
최약체	4
최영미	4
최우수선수에	4
최원태	4
최재성	4
최재형	4
최적의	4
최전선	4
최지만은	4
최첨단	4
추가시간	4
추가제재	4
추락할	4
추위야	4
추위에	4
추종자	4
추천하는	4
추측	4
축구팀	4
축구팬들	4
축소종합	4
축제로	4
축제의	4
춘천레저대회	4
춘천서	4
출석한	4
출입제한	4
출장정지	4
출판업자	4
출판진흥원	4
춤추는	4
충격패	4
충북도당	4
충성경쟁	4
취소종합	4
측근들	4
치는	4
치러	4
치료법	4
치른	4
치명타	4
치솟아	4
치여	4
친선전	4
친정팀	4
침투	4
카드수수료	4
카르바할	4
카메라폰	4
카운트다운	4
카이로서	4
카지노	4
카카오맵	4
카톡으로	4
칼바람	4
캐세이패시픽	4
커져종합	4
커졌다	4
커진	4
컨테이너	4
컴투스	4
컵	4
컷	4
케리	4
코너	4
코딩	4
코빈	4
코스닥도	4
코스맥스	4
코언	4
코오롱플라스틱	4
코치가	4
코트디부아르	4
콜레라	4
콜로라도에	4
콜센터	4
쾌청	4
쿠바특사	4
쿵	4
크렘린	4
크롬	4
크루즈미사일	4
크루즈선	4
크리스털팰리스	4
크리스토퍼	4
클러스터	4
클럽서	4
키즈폰	4
킹캉	4
타는	4
타다	4
타석서	4
타이기록	4
타임	4
타파	4
타협	4
탄소섬유	4
탄자니아	4
탄핵소추	4
탈당파	4
탈북단체	4
탈북자	4
탈원전	4
탈환종합	4
탐색	4
탑승자	4
태국전	4
태극마크	4
태스크포스	4
태아	4
태양계	4
태영건설	4
태평무	4
태풍에	4
태풍의	4
탭	4
터진	4
터키로	4
턱걸이	4
테러위협	4
테리	4
테마파크	4
텔레그램	4
토끼	4
토론토에	4
톱10	4
통계	4
통과돼야	4
통과에	4
통과종합	4
통과해야	4
통신기술	4
통신업계	4
통역	4
통일농구경기	4
통추협	4
통쾌한	4
통폐합	4
통할까	4
통합정부	4
통행료	4
투병	4
투자심리	4
투자자들	4
투자한	4
트럼프김정은	4
트리오	4
특감반원	4
특권	4
특별기	4
특수부	4
특정	4
특정인	4
특종	4
특판	4
특활비	4
티저	4
팀에서	4
팁	4
파견검사	4
파노라마	4
파는	4
파울볼	4
파월	4
파이	4
파인텍	4
파일	4
팍팍	4
판도	4
팔레스타인에	4
팔아라	4
팟캐스트	4
패널	4
패러다임	4
패장	4
팬과	4
팬들에게	4
팬들은	4
팬이	4
펑	4
페미니즘	4
페이스id	4
페이퍼스	4
펜으로	4
편안한	4
편의	4
폄하	4
폄훼	4
평균기온	4
평양방문	4
평행선	4
평화는	4
평화정착	4
폐기물	4
포기한	4
포르도	4
포옹	4
포토라인	4
포틀랜드에	4
포함해야	4
폭력사태로	4
폭설로	4
폭스뉴스	4
폭주에	4
폭탄테러로	4
폰은	4
폴	4
폴더형	4
폴란드에	4
폴크스바겐	4
표기	4
표정	4
푸에르토리코	4
풀고	4
풀린	4
품격	4
품새	4
풍선	4
퓨처스	4
프랑스와	4
프랑스인	4
프랜차이즈	4
프레스코	4
프로배구개막	4
프리미어리그	4
프리시즌	4
플래그십	4
플래시	4
피닉스	4
피로	4
피치	4
피해는	4
피해자들	4
필요시	4
필요없다	4
필요해	4
핑크퐁	4
하나금융지주	4
하나카드	4
하늘이	4
하도급	4
하락에	4
하프타르	4
하한가	4
학교에	4
학교폭력	4
학대	4
학술대회	4
학술회의	4
한국과학기술연구원	4
한국남자배구	4
한국당은	4
한국문학관	4
한국시장	4
한국여기자협회	4
한국영화	4
한국작가회의	4
한국팀	4
한글날	4
한남	4
한낮에도	4
한다종합	4
한달새	4
한목소리종합	4
한미fta	4
한미정상회담서	4
한번에	4
한복판서	4
한성백제박물관	4
한일갈등	4
한주	4
한진그룹주	4
한창	4
한현희	4
한화생명	4
한화케미칼	4
할리우드	4
할말	4
합격자	4
합격점	4
합니다	4
합동훈련	4
합류할	4
합법적	4
합의는	4
항공	4
항공모함	4
항구	4
항만	4
항생제	4
항의로	4
해달라	4
해병대	4
해빙기	4
해상자위대	4
해역	4
해외근로자	4
해외파	4
해운동맹	4
해임안	4
해임제청	4
해커와	4
핵포기	4
행방	4
행사서	4
행운의	4
행진종합	4
행태	4
허사비스	4
허용종합	4
허익범	4
헌법소원	4
헝가리서	4
헝가리에	4
헤딩골	4
헤일	4
헬멧	4
헬스케어	4
현기환	4
현대리바트	4
현대엘리베이터	4
현대홈쇼핑	4
현명한	4
현정은	4
혈관	4
협력업체	4
협력해야	4
호날두와	4
호수	4
호위함	4
호주와	4
호크니	4
호화	4
혹독한	4
혹은	4
혼선	4
홈경기서	4
홈페이지서	4
홈피	4
홍보관	4
홍보행사	4
홍영표와	4
홍익표	4
홍콩에	4
홍콩은	4
홍콩증시	4
화기애애	4
화물	4
화천토마토축제	4
화합과	4
확대에	4
확대할	4
확보에	4
확실	4
환경운동가	4
환담	4
환수	4
환영합니다	4
환율조작국	4
활기	4
활발	4
활성화한다	4
활용법	4
황금	4
황사에	4
황태자	4
회계처리기준	4
회항	4
회화	4
효과에	4
효력	4
효소	4
후보가	4
후손	4
후임에	4
후퇴종합2보	4
후후	4
훔쳐	4
훔친	4
훨훨	4
휴보	4
휴양지	4
흐려져	4
흐르는	4
흔들리지	4
흔들림	4
흔들림없이	4
흔한남매	4
흘린	4
희망종합	4
흰색	4
히딩크	4
02주	3
100점	3
100호	3
101명	3
104억원	3
10개국	3
10개월	3
10권	3
10명이	3
10분의	3
10시간	3
10억달러	3
10월부터	3
10일간	3
10호골	3
110억원	3
111억원	3
115억원	3
117억원	3
11개월	3
11곳서	3
11년만에	3
11도	3
11로	3
11명에	3
11번째	3
11분	3
11연패	3
11호	3
120명	3
12경기	3
12년형	3
12시	3
12억원	3
12월15일로	3
12위	3
12조원	3
12호	3
130만원	3
131명	3
13대책	3
13만명	3
13번째	3
140만원	3
140명	3
14곳	3
14도	3
14시	3
14억원	3
14일부터	3
14조원	3
15b코스	3
15만원	3
15세	3
15일까지	3
15초	3
16도	3
16시	3
16연패	3
16일간	3
16호	3
17년	3
17억원	3
17인치	3
17일까지	3
17호	3
180도	3
18만원	3
18민주묘지	3
18주년	3
1910선	3
1920선	3
19년	3
19도	3
19억원	3
19호골	3
1년에	3
1만4천명	3
1만5천대	3
1만5천명	3
1만건	3
1만대	3
1만원에	3
1명꼴	3
1박	3
1부리그	3
1석	3
1승만	3
1시	3
1시간만에	3
1억8천만원	3
1억대	3
1억명	3
1월까지	3
1월말	3
1점차	3
1조1천억	3
1조4천억원	3
1조5천억	3
1조5천억원	3
1종합	3
1주차	3
1차례	3
1차장	3
1천200명	3
1천500안타	3
1천500억	3
1천700명	3
1천대	3
1천분의	3
1천원	3
1호차	3
2000년	3
2000선	3
2003년	3
200개	3
200억	3
200일	3
2015년	3
20162017시즌	3
2018년까지	3
2019문화결산	3
2019서	3
2019시즌	3
2020년까지	3
2020선	3
2020시즌	3
2021년부터	3
2024년	3
2040년	3
20개	3
20곳	3
20대국회	3
20득점	3
20명에	3
20승	3
20으로	3
2130선	3
21세기	3
21억원	3
2210선	3
22개월만에	3
22곳	3
230억원	3
23억원	3
2420선	3
24개	3
24조치	3
25년간	3
25억원	3
25일부터	3
260억원	3
26만4천원	3
26억원	3
276억원	3
27도	3
27분	3
28일까지	3
29만7천원	3
29명	3
29억원	3
2gb	3
2r	3
2개로	3
2관왕	3
2권	3
2년전	3
2년차	3
2달러	3
2명도	3
2선후퇴	3
2승째	3
2심	3
2연승으로	3
2연전	3
2월내	3
2위와	3
2일까지	3
2조달러	3
2주차	3
2차관	3
2차전에서	3
2차전지	3
2천200억원	3
2천500명	3
2천800만원	3
2천800억	3
2천만달러	3
2탄	3
2편	3
300만명	3
300홈런	3
30만원	3
30으로	3
30인	3
31일까지	3
33득점	3
33점	3
34건	3
34년	3
35만명	3
35억원	3
360도로	3
36도	3
37도	3
37점	3
38년	3
38명	3
38세	3
39년	3
3g	3
3각	3
3개사	3
3곳서	3
3년내	3
3년연속	3
3도움	3
3루수	3
3명으로	3
3배로	3
3번째로	3
3부리그	3
3분만에	3
3분의1	3
3석	3
3월까지	3
3주만에	3
3천t급	3
3출루	3
3타점	3
3호	3
400개	3
400만명	3
400억	3
400억원	3
40개	3
40경기	3
40득점	3
40여일	3
40조원	3
41점	3
42호	3
43명	3
44점	3
45만원	3
45분	3
45일	3
46명	3
46점	3
48개국	3
48개국으로	3
49승	3
4k	3
4r	3
4강서	3
4곳에	3
4기	3
4년째	3
4대강	3
4번타자	3
4법	3
4분	3
4분의	3
4원	3
4월에	3
4월의	3
4점	3
4주째	3
4중전회	3
4차위	3
4천명	3
4천부	3
4파전	3
4할	3
4홈런	3
500억	3
500여	3
500여명	3
50개국	3
512gb	3
51명	3
54명	3
55명	3
55세	3
55점	3
55주년	3
59년만에	3
59만9천500원	3
5g시대	3
5g주파수	3
5가지	3
5골	3
5년새	3
5년전	3
5득점	3
5라운드	3
5만	3
5박6일	3
5부	3
5시30분까지	3
5시간	3
5억	3
5자	3
5전	3
5주	3
5주째	3
5주차	3
5천	3
5천년	3
5할	3
5호	3
5회	3
600억원	3
60년	3
60만원대	3
60주년	3
65만대	3
67일	3
68점	3
6g	3
6가지	3
6대	3
6라운드	3
6만	3
6만개	3
6만원	3
6명이	3
6배	3
6분	3
6월부터	3
6전	3
6차	3
6천600억원	3
6천억	3
6패	3
700선	3
70개국	3
70만명	3
70분	3
70여명	3
71억원	3
737맥스	3
73분	3
75주년	3
77억원	3
78년	3
7개월만에	3
7개월째	3
7거래일	3
7대	3
7억원	3
7월의	3
7점	3
7조	3
7종	3
80만원	3
82억원	3
84억원	3
86그룹	3
86억원	3
8승	3
8원	3
8월까지	3
8월부터	3
8일만에	3
8조	3
8종	3
8회	3
900선	3
90명	3
91억원	3
95세로	3
99승째	3
9k	3
9개국	3
9개월	3
9도종합	3
9연패	3
9일간	3
9점	3
9호골	3
a350	3
a9	3
ac밀란	3
ai검색	3
ai사업	3
ai시대	3
alcs	3
alds	3
api	3
as로마	3
bbb로	3
bc주	3
bc카드	3
bnk금융	3
bnk금융지주	3
bw	3
cbs스포츠	3
cd	3
ceo와	3
ces서	3
c페스티벌	3
d	3
d8	3
db의	3
dgb금융	3
dgist	3
dti	3
d램	3
e1	3
ecj	3
eez	3
efl컵	3
ess	3
eu가	3
e조	3
e편한세상	3
f22	3
fda	3
g1년	3
g6에	3
g7서	3
gs홈쇼핑	3
hw	3
h지수	3
i30	3
idb	3
ipc	3
it강국	3
j	3
j리그	3
k	3
kbs본부	3
keb하나은행에	3
kia는	3
ktb증권	3
kt그룹	3
kt전	3
kt현대중공업	3
kt회장	3
la서	3
lcd	3
lck	3
lng선	3
ls	3
md	3
mdl	3
mri	3
mvp로	3
nc다이노스	3
nh농협카드	3
o2o	3
ok저축	3
p2p	3
pb	3
pg	3
pmi	3
p차	3
q6도	3
s9과	3
sbs콘텐츠허브	3
sicaf	3
skb티브로드	3
sk건설	3
sk머티리얼즈	3
sk와	3
sk의	3
sk텔레콤삼성전자	3
sns로	3
soil	3
sos	3
ssd	3
tbn	3
tbs	3
top	3
tv로	3
tv홈쇼핑	3
t괌	3
t인증	3
u15	3
u16	3
u17	3
uae서	3
uae에	3
ufg	3
utv	3
u우리집ai	3
v30로	3
v35	3
vr체험	3
wc	3
yt	3
z세대	3
가격에	3
가격은	3
가곡	3
가기	3
가난한	3
가늠자	3
가담자	3
가디언	3
가로수길	3
가로챈	3
가루다항공	3
가르시아	3
가르침	3
가를	3
가린다	3
가방도	3
가볍게	3
가볍고	3
가사	3
가산점	3
가세요	3
가속기	3
가속도	3
가속종합	3
가스파리니	3
가습기살균제	3
가위로	3
가을날	3
가을날씨	3
가을밤	3
가을여행	3
가을여행주간	3
가입비	3
가입자수	3
가입한다	3
가전제품	3
가져달라	3
가족을	3
가질	3
가처분신청	3
가트너	3
각각	3
각오로	3
각의	3
각축전	3
각하	3
간다면	3
간디	3
간부들	3
간사장	3
간절한	3
간편하게	3
간호장교	3
갈림길에	3
갈비뼈	3
갈아타기	3
감경	3
감독도	3
감독들	3
감사선임	3
감사원장	3
감사인	3
감사패	3
감사합니다	3
감속	3
감염병	3
감지하는	3
감형	3
값	3
값비싼	3
갔나	3
강기정	3
강남구	3
강남권	3
강남에	3
강등권	3
강력히	3
강렬한	3
강보합종합	3
강사	3
강속구	3
강아지	3
강연료	3
강연하는	3
강연회	3
강온	3
강원교육청	3
강원에	3
강원영서	3
강정호에	3
강진군	3
강탈	3
강해지는	3
강해진	3
강했다	3
강행군	3
강화해야종합	3
개가	3
개관식	3
개막종합	3
개발한	3
개선방안	3
개선세	3
개선은	3
개인사업자	3
개인용	3
개인적	3
개인화	3
개정해야	3
개천절	3
개헌발의선	3
개헌안에	3
개헌특위	3
개회사하는	3
객실	3
갤s8과	3
갤노트fe	3
갤럭시a8	3
갤럭시s7	3
갤럭시북	3
갯벌	3
거꾸로	3
거두고	3
거듭나겠다	3
거래대금	3
거론에	3
거리서	3
거리에서	3
거리응원	3
거미손	3
거부해	3
거세지는	3
거야	3
거예요	3
거울	3
걱정할	3
건너던	3
건배하는	3
건설공사	3
건설업	3
건설주	3
건축물	3
걷기대회	3
걸림돌	3
걸어	3
걸어서	3
걸어요	3
걸으며	3
걸쳐	3
검	3
검색광고	3
검색엔진	3
검정	3
검증위	3
검토종합2보	3
검토중	3
검토한	3
게걸음	3
게이	3
게이머	3
게이밍	3
게이츠	3
게임사	3
겨울바다	3
격동의	3
격랑	3
격파종합	3
견제구	3
견조한	3
견지	3
결산안	3
결속	3
결승전	3
결의에	3
결정문	3
결정전	3
결제시장	3
결판	3
결핵	3
결혼식	3
겸직	3
경거망동	3
경계감에	3
경계해야	3
경관	3
경기둔화	3
경기로	3
경기에	3
경기장서	3
경기전망지수	3
경남제약	3
경동나비엔	3
경매에	3
경부선	3
경비행기	3
경신종합	3
경연	3
경영난	3
경우	3
경위	3
경제강국	3
경제계	3
경제성장	3
경제수석	3
경제인	3
경제전쟁	3
경제통계	3
경청	3
경청하는	3
경축	3
경합	3
계보	3
계속되면	3
계속될	3
계속종합	3
계속할	3
계속해야	3
계약서	3
계약할	3
고개숙인	3
고객유치	3
고객은	3
고교생에	3
고구려	3
고궁	3
고노	3
고대언론인상	3
고려인	3
고려해	3
고르는	3
고른	3
고리로	3
고마워	3
고마워요	3
고발키로	3
고분양가	3
고분자	3
고사	3
고사리	3
고생	3
고속	3
고속철	3
고심종합	3
고양에서	3
고온	3
고요할수록	3
고용부	3
고용세습	3
고용지표	3
고위공직자	3
고위당정청	3
고유의	3
고작	3
고쳐야	3
곡물	3
곤두박질	3
곤충	3
곤혹스런	3
곧바로	3
골드	3
골드만삭스	3
골로	3
골목상권	3
골문	3
골프존	3
곰팡이	3
곳도	3
공개로	3
공개질의	3
공격도	3
공격포인트	3
공격하는	3
공격해	3
공공택지	3
공관병	3
공관위원장	3
공군기	3
공군기지	3
공급계약에	3
공기업	3
공동구축	3
공동대표	3
공동선두	3
공동이용한다	3
공동제작	3
공동조사	3
공동주택	3
공들이기	3
공모펀드	3
공부	3
공사수주	3
공사장	3
공석	3
공세종합	3
공소장	3
공습에	3
공식발표	3
공안	3
공약파기	3
공유종합	3
공으로	3
공은	3
공을	3
공인인증서	3
공전	3
공정위에	3
공존	3
공짜로	3
공천관리위	3
공천면접	3
공천심사	3
공통점	3
공판	3
공해	3
공헌한	3
과거사	3
과기단체	3
과메기	3
과장급	3
과학관	3
과학기술심의	3
과학기술인	3
과학기술정보통신부	3
과학기술한림원	3
과학기술혁신본부	3
과학문화	3
관건종합	3
관광객에	3
관광지는	3
관광한국	3
관람하는	3
관련법	3
관리들	3
관리업체	3
관망세	3
관용	3
관저	3
관중은	3
관함식	3
광고도	3
광고모델료	3
광고비	3
광고에	3
광기	3
광년	3
광란의	3
광역단체장	3
광주공장	3
광주수영대회	3
광주시장	3
광주시청	3
광케이블	3
광합성하는	3
광화문광장서	3
괴산	3
교도	3
교류전	3
교문위	3
교섭	3
교양	3
교재	3
교전	3
교체로	3
교통안전	3
교황에	3
구간	3
구관이	3
구글에	3
구글은	3
구긴	3
구단에	3
구독료	3
구름많고	3
구마모토	3
구매시	3
구멍	3
구별법	3
구석구석	3
구성종합	3
구속기소	3
구속된	3
구슬땀	3
구윤철	3
구의역	3
구장	3
구제금융	3
구조한	3
구하는	3
구하려	3
구호물품	3
구호품	3
국가rd	3
국가가	3
국가과학기술연구회	3
국가기념일	3
국가안보실	3
국가와	3
국가유공자	3
국가의	3
국경없는기자회	3
국경에	3
국내기업	3
국내서도	3
국내에서	3
국도	3
국력	3
국립무형유산원	3
국립현대무용단	3
국립현대미술관서	3
국무조정실장에	3
국무회의서	3
국민과의	3
국민목소리	3
국민소환	3
국민안전	3
국민은	3
국민은행에	3
국민을	3
국민적	3
국민지지	3
국민통합	3
국방부는	3
국부펀드	3
국세청	3
국영	3
국왕에	3
국정과제	3
국정구상	3
국정동력	3
국정안정	3
국제공항	3
국제인증	3
국제축구평의회	3
국제포럼	3
국제행사	3
국제현대무용제	3
국제회의서	3
국채금리	3
국토위원장	3
국화	3
국회부의장	3
국회비준	3
국회와	3
국회의장과	3
국회의장은	3
국회파행	3
군벌에	3
군복무	3
군사개입	3
군사분계선	3
군사행동	3
군사훈련	3
군산시장	3
군으로	3
군함도	3
굳게	3
굳은	3
굳혀	3
굴복하지	3
굽히지	3
굿	3
굿바이	3
궁지	3
궂은	3
권력분점	3
권석창	3
권성동	3
권역별	3
권영길	3
권오현	3
권용원	3
권으로	3
권한대행측	3
귀를	3
규명에	3
규모는	3
규제당국	3
그것이	3
그동안	3
그란달	3
그레이	3
그려낸	3
그린란드에	3
그린존	3
그림책	3
그알	3
그치면	3
극심한	3
극우성향	3
극우정치인	3
극우확산	3
극장	3
극저온	3
극한	3
글자	3
금강산관광	3
금수산태양궁전	3
금수저	3
금액	3
금융꿀팁	3
금융보안원장	3
금융불안	3
금융제재	3
금융투자	3
금자탑	3
금지한	3
금태섭	3
금펀드	3
금품수수	3
금화피에스시	3
급격히	3
급등에	3
급락에	3
급부상종합	3
급증에	3
기강	3
기계가	3
기고	3
기관투자자	3
기권	3
기기로	3
기기에	3
기념세미나	3
기념우표	3
기다렸다	3
기다릴	3
기대반	3
기대수명	3
기대하는	3
기대하세요	3
기록에	3
기본권	3
기부자	3
기쁨	3
기사도	3
기상위성	3
기소에	3
기술지원	3
기억에	3
기억은	3
기억하는	3
기업공개	3
기업이	3
기업형	3
기온도	3
기온은	3
기원종합	3
기자협회	3
기자회견장	3
기증	3
기지개	3
기질	3
기초과학연구원	3
기초단체장	3
기촉법	3
기틀	3
기항	3
기회에	3
기회의	3
긴급회동	3
긴밀공조	3
긴밀히	3
길게	3
길목서	3
길종합	3
김경문	3
김경민	3
김경훈	3
김광석	3
김낙현	3
김난도	3
김명자	3
김명준	3
김문환	3
김미연	3
김민	3
김민성	3
김민수	3
김민우	3
김방훈	3
김병원	3
김병지	3
김상수	3
김성근	3
김성현	3
김수민	3
김수현	3
김시중	3
김씨	3
김영권	3
김영록	3
김영하	3
김영희	3
김유정	3
김윤식	3
김은경	3
김장겸	3
김정아	3
김정은시진핑	3
김정은은	3
김정호	3
김제	3
김종부	3
김종석	3
김종인에	3
김중만	3
김중석	3
김치	3
김치우	3
김태훈	3
김판곤	3
김한별	3
김해신공항	3
김현식	3
김홍신	3
깃든	3
깊어가는	3
깜깜이	3
깨끗한	3
깨졌다	3
깨진	3
꺼리는	3
꺾	3
꺾었다	3
꺾일	3
꼴	3
꼼꼼히	3
꽁꽁축제	3
꽃길	3
꽃망울	3
꽃을	3
꽃피는	3
꾸준히	3
꿀팁	3
꿈꾸며	3
끊긴	3
끌어안기	3
끝나면	3
끝없는	3
끝에서	3
낀	3
나간	3
나게	3
나날	3
나라의	3
나로	3
나쁘지	3
나설까	3
나섰다	3
나성범	3
나오면	3
나인원	3
나주	3
나혜석	3
나흘간	3
낙찰률	3
낙하	3
낙하산	3
난간	3
난민문제	3
난민캠프	3
난사	3
난상토론	3
난파	3
날려	3
낡은	3
남겨	3
남북고위급	3
남북고위급회담	3
남북공동연락사무소	3
남북군사합의	3
남북군사회담	3
남북통일농구경기	3
남북통일농구대회에	3
남북평화	3
남북합의	3
남양주에	3
남을까	3
남자는	3
남자의	3
남조선	3
남태평양	3
납치시도	3
납품	3
낭독	3
낭비	3
낮까지	3
낮아져	3
낮춘다	3
낮춰야	3
낳은	3
내국인	3
내놓을까	3
내놔	3
내놔야	3
내려가	3
내려야	3
내려오는	3
내륙에	3
내무	3
내부거래	3
내비게이션	3
내성	3
내세워	3
내에서	3
내용종합	3
내정종합	3
내주초	3
내통	3
냉동	3
냉정하게	3
너	3
넓은	3
넘고	3
넘본다	3
넘실	3
넘어서	3
넘어선	3
넘어설	3
넘어야	3
넘자	3
넘쳐	3
네가	3
네안데르탈인	3
네이마르에	3
네이밍	3
네이버랩스	3
네이버카카오	3
네이버페이	3
네이션스컵	3
넥센타이어	3
넥쏘	3
넵튠에	3
노골화	3
노다지	3
노동시간	3
노르웨이서	3
노무라	3
노쇼	3
노스캐롤라이나	3
노웅래	3
노이즈	3
노크	3
노키아와	3
노하우	3
녹화방송	3
논란속	3
논란으로	3
논평	3
놀라운	3
농담	3
농민	3
농산물	3
농성장	3
농업도	3
농장	3
농해수위	3
농협은행장	3
높였다	3
높이기에	3
놓친	3
뇌물수수	3
뇌세포	3
뇌질환	3
누구도	3
누구인가	3
누그러져	3
누리예산	3
누적판매	3
눈길종합	3
눈높이	3
눈물로	3
눈사태로	3
눈앞에	3
눈에는	3
눈은	3
눈치보기	3
눈치작전	3
뉴미디어	3
뉴스라인	3
뉴스통신사	3
뉴욕경선	3
뉴욕타임스	3
뉴캐슬	3
느끼는	3
느는데	3
느린	3
늘어나	3
늘어나는	3
늘어난	3
늘어난다	3
늦어져	3
늦춰질	3
니카라과서	3
님을	3
님행진곡	3
다가선	3
다나카	3
다녀가	3
다녀갔다	3
다녀온	3
다룬다	3
다뤄	3
다르빗슈	3
다르지	3
다르푸르	3
다방	3
다보스서	3
다스	3
다음엔	3
다음은	3
다이빙	3
다이아	3
다이어리	3
다저스에	3
다질	3
다크	3
다해야	3
단기적	3
단독대북	3
단독출시	3
단돈	3
단백질의	3
단비	3
단색화	3
단수공천	3
단숨에	3
단양	3
단양서	3
단오제	3
단죄	3
단체들	3
단체사진	3
닫아	3
달군	3
달굴	3
달랐다	3
달래기	3
달성한	3
달아나	3
달아난	3
담담한	3
답이	3
닷새간	3
당규약에	3
당사	3
당선되면	3
당선자	3
당신을	3
당에	3
당연한	3
당이	3
당첨자	3
당했다	3
대가로	3
대검	3
대공세	3
대관	3
대구경북	3
대구공항	3
대금	3
대기업들	3
대기오염	3
대남도발	3
대내외	3
대단지	3
대동	3
대동여지도	3
대림씨엔에스	3
대립에	3
대만에	3
대만에도	3
대만해협	3
대변인에	3
대부업체	3
대북공조	3
대북전단	3
대북제재에도	3
대불호텔	3
대비종합	3
대산문학상에	3
대상자	3
대선경선	3
대선정국	3
대선후보로	3
대우	3
대유위니아	3
대응기술	3
대응할	3
대작	3
대장	3
대전에서	3
대전으로	3
대전코레일	3
대전환	3
대조	3
대중국	3
대진표	3
대책회의	3
대체할까	3
대토론	3
대토론회	3
대통령기록관	3
대표직	3
대학들	3
대학서	3
대한민국발레축제	3
대한민국의	3
대한유화	3
대한축구협회	3
대한항공의	3
대화가	3
대화나누는	3
대화록	3
대화의	3
대화창에	3
대화해야	3
대회서	3
대회전	3
댓글로	3
댓글조작	3
더러운	3
더블헤더	3
덕유산	3
던지는	3
데려가라	3
데스노트	3
데이터요금	3
데일리nk	3
데코앤이	3
덱스터	3
도가니	3
도둑	3
도레의	3
도망친	3
도박사	3
도발로	3
도발적	3
도시에서	3
도움왕	3
도의원	3
도입시	3
도입해야	3
도전적	3
도중	3
도청	3
도핑	3
독과점	3
독극물	3
독대	3
독설	3
독일축구협회	3
독일파	3
독자가	3
독자들이	3
독자제재	3
독자파견	3
독주에	3
돈에	3
돈이	3
돌담길	3
돌려달라	3
돌며	3
돌봄	3
돌아	3
돌아가신	3
돌아보는	3
돌아오다	3
돌직구	3
돌풍에	3
돕겠다	3
동남부	3
동대문	3
동두천	3
동맹에	3
동물국회	3
동물의	3
동반하락	3
동분서주	3
동서	3
동석	3
동성애자	3
동시다발	3
동시접속	3
동아일보	3
동양생명	3
동의없이	3
동점포	3
동탄	3
동탄레이크자이	3
동파	3
동포	3
돼지열병	3
됐는데	3
되기	3
되새기는	3
되자	3
두다멜	3
두드러져	3
두렵지	3
두바이서	3
두산중공업	3
둘러싸인	3
둘째	3
둥지	3
둬야	3
뒤덮은	3
뒷받침	3
드	3
드디어	3
드러나	3
드러나는	3
드론에	3
득점포	3
득표율	3
듣다	3
들썩들썩	3
들어선	3
들어요	3
들은	3
등극종합	3
등급제	3
등대	3
등장종합	3
디애슬레틱	3
디에이치자이	3
디엠씨	3
디지털시대	3
딥러닝	3
딥마인드	3
따라서	3
딱지	3
땅값	3
때린	3
때문종합	3
땡큐	3
떠넘기기	3
떠오르는	3
떡	3
떨어지는	3
떴다방	3
떴다방식	3
뗀다	3
똑똑해졌다	3
똑똑해진다	3
뛰겠다	3
뛰는데	3
뛰어	3
뛰어넘을	3
뛰었다	3
뜨거웠던	3
뜨겁다	3
뜨는	3
라리가	3
라멜라	3
라면	3
라벤더	3
라이트	3
라이프	3
라즈베리	3
라트비아에	3
락	3
랑랑	3
래시퍼드	3
래싱업체	3
랩소디	3
러닝메이트	3
러서방	3
러시	3
러시아도	3
러시아사우디	3
러시아의	3
런정페이	3
레드닷	3
레비	3
레스터	3
레진코믹스	3
렌털	3
려명거리	3
로드쇼	3
로밍on	3
로밍온	3
로버트	3
로봇의족	3
로스터	3
로저	3
로테이션	3
로페즈	3
로힝야	3
록밴드	3
론도	3
롤러코스터	3
롤모델	3
롯데는	3
롯데마트	3
롯데의	3
롯데정보통신	3
롯데칠성	3
뢰브	3
뢰프	3
루마니아	3
루머	3
루키	3
류여해	3
류현진만	3
류현진에	3
르네상스	3
르펜	3
리	3
리그컵	3
리니지2	3
리딩	3
리룡남	3
리비아에서	3
리빌딩	3
리서치	3
리조트	3
리켐	3
리턴매치	3
마감한	3
마그마	3
마네	3
마당놀이	3
마드리드에	3
마드리드와	3
마레즈	3
마련한다	3
마르크스	3
마무리종합	3
마법	3
마법의	3
마스코트	3
마음껏	3
마음으로	3
마이너행	3
마이애미전	3
마이웨이	3
마일리지로	3
마주	3
마중	3
마지막날	3
마케팅비	3
마크	3
마크롱과	3
마트	3
마티치	3
마한항공	3
막국수닭갈비축제	3
막내	3
막아달라	3
막차	3
막후	3
막히는	3
만경대	3
만경봉호	3
만기	3
만나겠다	3
만나자	3
만들어야종합	3
만들어요	3
만들어지길	3
만루홈런	3
만류에도	3
만리장성	3
만만치	3
만발한	3
만세	3
만트럭버스코리아	3
만회	3
많다가	3
많던	3
많아져	3
많지만	3
말도	3
말라리아	3
말라위	3
말러	3
말리는	3
말살	3
말씀	3
말한다	3
맑지만	3
맛보세요	3
망간단괴	3
망중립성	3
맞댄다	3
맞붙는다	3
맞서야	3
맞춘	3
맡겨	3
맡는다	3
매각종합	3
매달린	3
매수세에	3
매수자	3
매우나쁨	3
매직에	3
맥	3
맥락	3
맥주축제	3
맨	3
맨시티가	3
맷	3
맹추격	3
맹타	3
맹폭에	3
머금은	3
머니	3
머니무브	3
머리카락보다	3
머물러	3
멀다	3
멀티캠퍼스	3
멀티태스킹	3
멈추면	3
메달	3
메디	3
메르켈에	3
메리츠종금	3
메리츠화재	3
메운	3
메인프레스센터	3
메츠	3
메카로	3
멘토링	3
면밀	3
면적	3
면죄부	3
멸종위기	3
명단서	3
명명	3
명목	3
명문	3
명문구단	3
명수	3
명암	3
명예의전당	3
명절	3
명패	3
모교	3
모교에	3
모기업	3
모듈	3
모략	3
모레노	3
모레부터	3
모면	3
모바일은	3
모방한	3
모습은	3
모습일까	3
모양	3
모은다	3
모자라	3
목관	3
목도리	3
목사의	3
목선	3
목성의	3
목표종합	3
몰	3
몰디브	3
몰려온다	3
몰렸다	3
몰린다	3
몰아주기	3
몰아친	3
몰표	3
몸무게	3
몸부림	3
몸풀기	3
못받은	3
못지않게	3
못했던	3
묘사	3
묘역	3
무겁게	3
무게중심	3
무고한	3
무기가	3
무기는	3
무기징역	3
무너뜨린	3
무더위에	3
무덤	3
무등산	3
무리한	3
무분별한	3
무사	3
무사히	3
무서워	3
무선백홀	3
무선이어폰	3
무성	3
무승부로	3
무승부종합	3
무역담판	3
무역전쟁에도	3
무연고	3
무용론	3
무장강도	3
무장경찰	3
무장괴한들	3
무적	3
무진기행	3
무한	3
무허가	3
묵직한	3
묶인	3
문건유출	3
문구	3
문단	3
문명	3
문병	3
문신	3
문열어	3
문예지	3
문자로	3
문재인의	3
문제가	3
문태종	3
문턱서	3
문학세계	3
문화공간으로	3
문화생활	3
문화외교	3
문화의	3
문화재청	3
묻는다	3
물건너	3
물러서지	3
물색	3
물안개	3
물어보세요	3
물총	3
물폭탄종합	3
뭉친다	3
뭐죠	3
뭔가	3
므누신	3
미국대사	3
미국인들	3
미국인에	3
미군유해	3
미니폰	3
미달로	3
미디어에	3
미래산업	3
미래에셋생명	3
미래에셋증권	3
미래지향적	3
미래형	3
미루고	3
미묘한	3
미사일발사	3
미사일은	3
미숙한	3
미술계	3
미술과	3
미술로	3
미술작품	3
미술주간	3
미아	3
미얀마에	3
미온적	3
미원상사	3
미이행	3
미중갈등	3
미티가	3
민간기업	3
민간택지	3
민관	3
민병두	3
민생에	3
민생연석회의	3
민생현안	3
민속박물관	3
민식이법	3
민심청취	3
민영	3
민족주의	3
민주당과	3
민주적	3
민주화운동	3
민통선	3
민평당	3
밀리고	3
밀워키에	3
바그너	3
바깥은	3
바꾸기	3
바꾸다	3
바뀌어도	3
바다서	3
바다에서	3
바닷속	3
바둑의	3
바디	3
바라보며	3
바라종합	3
바람과	3
바람불어	3
바르사와	3
바르샤	3
바이오경제	3
바이올린	3
바통	3
박기영	3
박능후	3
박민정	3
박세웅	3
박순자	3
박영진	3
박용택은	3
박은진	3
박재동	3
박정권	3
박종진	3
박종해	3
박주영	3
박찬주	3
박한이	3
박항서의	3
박해민	3
박혜민	3
밖에서	3
반eu	3
반군지역	3
반나절	3
반납	3
반대시위	3
반대에도	3
반독점	3
반등에	3
반등종합	3
반발은	3
반복되는	3
반세기	3
반영종합	3
반영한	3
반응은	3
반이슬람	3
반인도적	3
반출	3
반통합파	3
반한	3
받겠다	3
받아들이고	3
받았다	3
발견된	3
발견종합	3
발끈종합	3
발등	3
발등에	3
발목잡기	3
발묶여	3
발묶여종합	3
발사준비	3
발사한	3
발의종합	3
발전기	3
발족식	3
발포에	3
발표종합2보	3
밝기	3
밝힌다	3
밤늦게	3
밤사이	3
밤의	3
방망이	3
방문속보	3
방문은	3
방북결과	3
방불	3
방송스태프노조	3
방송시설	3
방송협회	3
방식으로	3
방심은	3
방어막	3
방역	3
방용훈	3
방위비	3
방위비분담금	3
방중에	3
방지책	3
방침종합	3
방콕	3
배경은	3
배구는	3
배달	3
배당주	3
배럴	3
배상해야	3
배영수	3
배운다	3
배울	3
배임혐의	3
배출가스	3
배후는	3
배후설	3
백건우	3
백미리	3
백색국가	3
백운규	3
백의종군	3
백인우월주의	3
백자대호	3
백화원	3
밴쿠버	3
버닝썬	3
버디	3
버려진	3
번역기	3
번영의	3
벌려	3
벌었다	3
범인	3
범죄행위	3
범타	3
법대로	3
법사위원장	3
법안에	3
법안처리	3
법에	3
법원행정처장	3
법인카드	3
법정서	3
법정시한	3
법제처	3
법조계	3
벗어나나	3
벗어나야	3
벗어나자	3
벗어난	3
벗어날까	3
벙커	3
베네수엘라서	3
베네수엘라와	3
베네치아서	3
베어스	3
베이스	3
베이스캠프	3
베이징에	3
베젤	3
베트남인	3
벤	3
벤처창업	3
벨기에전	3
벽에	3
벽화	3
변	3
변경에	3
변동률	3
변동형	3
변수될까	3
변종	3
변질	3
변함없는	3
변화와	3
별다른	3
별들의	3
별따기	3
별빛음악	3
별풍선	3
병동	3
병사	3
병역거부자	3
병원행	3
병진노선	3
병행	3
보겠다	3
보궐선거	3
보급률	3
보내고	3
보니야	3
보도한	3
보릿고개	3
보복공격	3
보복관세	3
보복전	3
보복할	3
보상판매	3
보스턴전	3
보안기술	3
보안서비스	3
보여주는	3
보여준	3
보여줘	3
보였다	3
보은	3
보자종합	3
보조	3
보좌관회의	3
보직	3
보합세로	3
보험료	3
보호망	3
보호에	3
보호예수	3
복귀파	3
복덩이	3
복사근	3
복장	3
복합	3
복합쇼핑몰	3
본격화하나	3
본능	3
본보기	3
본분	3
본사서	3
본색	3
본업	3
본즈	3
본토	3
볼만한	3
볼보	3
봄밤	3
봄소식	3
봇물종합	3
봉사확인서	3
봉합	3
봐도	3
봐요	3
부	3
부가서비스	3
부각에	3
부과종합	3
부근	3
부글	3
부는	3
부담에	3
부당징계	3
부당해고	3
부랴부랴	3
부른	3
부마민주항쟁	3
부사장에	3
부산글로벌테크비즈센터	3
부산바다축제	3
부산비엔날레	3
부산시	3
부산신항	3
부산으로	3
부상과	3
부상자명단	3
부실학회	3
부의	3
부임	3
부자들	3
부재	3
부적격자	3
부적절한	3
부정선거	3
부정하는	3
부진에도	3
부쩍	3
부채비율	3
부처별	3
부총리와	3
부탁해	3
부패방지	3
부패혐의	3
부품업체	3
부합	3
부회장과	3
북구	3
북미접촉	3
북민협	3
북상에	3
북적이는	3
북중교역	3
북중접경	3
북한은	3
북한인권	3
북핵문제	3
북핵위기	3
북핵해결	3
분	3
분담금	3
분당에	3
분리공시	3
분리공시제	3
분리전략	3
분석에	3
분석종합	3
분석한	3
분야는	3
분열에	3
분주한	3
분해	3
분화	3
불고	3
불과한	3
불만족	3
불매운동	3
불법광고	3
불법이민	3
불법전매	3
불복해	3
불성실	3
불안에	3
불에	3
불합격	3
불확실한	3
불황에	3
불황에도	3
붉은악마	3
붐업	3
붕괴사고	3
붕괴종합	3
붙는	3
붙였다	3
붙인다	3
브룩스	3
블라인드	3
블라허	3
블록슛	3
블록체인으로	3
비가	3
비거리	3
비건	3
비경	3
비나	3
비난은	3
비는	3
비로	3
비만	3
비무장지대	3
비밀회동	3
비박계	3
비발디파크	3
비상근무	3
비상근무체제	3
비수	3
비싸다	3
비에이치아이	3
비엔날레	3
비엣젯항공	3
비열한	3
비즈메카	3
비추면	3
비판론	3
비하	3
비핵화위해	3
비호	3
빅3	3
빅딜	3
빅터	3
빈소	3
빈손	3
빌리	3
빌바오	3
빔포밍	3
빗나간	3
빗속	3
빗썸	3
빛낸	3
빛을	3
빛의	3
빠르게	3
빠져볼까	3
빵값	3
빼든	3
뻔한	3
뼛조각	3
뽑고	3
뽑는	3
사각지대	3
사건에	3
사계	3
사구	3
사기죄	3
사내이사	3
사냥꾼	3
사라지면	3
사라질	3
사람들을	3
사람들의	3
사람을	3
사랑을	3
사랑이	3
사령탑으로	3
사막	3
사면복권	3
사무국	3
사무실서	3
사바시아	3
사보임	3
사살된	3
사상의	3
사슬	3
사실관계	3
사실로	3
사실이면	3
사업장	3
사연	3
사연은	3
사용시간	3
사우디와	3
사위	3
사의종합	3
사이클링히트	3
사이판패스	3
사저	3
사전캠프	3
사정	3
사정권	3
사진과	3
사진기자	3
사진작가	3
사측	3
사퇴에	3
사형선고	3
사회문제	3
사회에	3
산기협	3
산나물	3
산넘고	3
산뜻한	3
산림	3
산실	3
산업기술진흥협회	3
산업혁신운동	3
산유국	3
산책	3
산체스도	3
산토스	3
산학연	3
살린다	3
살생부	3
살아	3
살얼음	3
살해돼	3
삶은	3
삼바축구	3
삼성생명에	3
삼성전자와	3
삼아	3
삼정kpmg	3
삼지연관현악단	3
삼총사	3
샀다	3
상각형	3
상단	3
상당한	3
상당히	3
상륙작전	3
상륙한	3
상상력	3
상생협약	3
상설공연	3
상속	3
상업	3
상영회	3
상원서	3
상위권	3
상징조형물	3
상춘객	3
상표권	3
상향종합	3
상호금융조합	3
상회	3
새긴	3
새로운보수당	3
새정치	3
새판짜기	3
새해도	3
색출	3
샌드박스	3
샌디에이고에	3
샌프란시스코에	3
생가	3
생각으로	3
생각을	3
생각하는	3
생산시설	3
생산중단	3
생산차질	3
생생	3
생생하게	3
생생한	3
생전퇴위	3
생존의	3
생쥐	3
생포	3
생후	3
샤먼	3
서는	3
서리	3
서머리그	3
서면	3
서명에	3
서부콘퍼런스	3
서소문	3
서약	3
서양	3
서울광장서	3
서울국제도서전	3
서울신문	3
서울역	3
서울연극제	3
서적	3
서해5도	3
서효인	3
석권	3
석달째	3
석방에	3
석방종합	3
석유시설에	3
석패율제	3
선거구획정	3
선거권	3
선거에	3
선거캠프	3
선고공판	3
선공	3
선례	3
선물로	3
선물은	3
선발출전	3
선보이는	3
선보인	3
선수들과	3
선수들은	3
선언문	3
선언하는	3
선정한	3
선제공격	3
선착순	3
선출에	3
선출종합	3
선택지	3
선호하는	3
설날	3
설레는	3
설립자	3
설명종합	3
설명해야	3
설문	3
설에	3
설원	3
설치한	3
성공개최	3
성공신화	3
성공위해	3
성공한	3
성과에	3
성균관대	3
성능에	3
성능저하	3
성료	3
성명서	3
성산일출봉	3
성수기	3
성숙한	3
성신양회	3
성실	3
성원	3
성장둔화	3
성장성	3
성장종합	3
성장지원	3
성장통	3
성장할	3
성장해야	3
성조기	3
성지	3
성지순례	3
성찰	3
성학대	3
성화봉송	3
세계서	3
세계유산	3
세계인	3
세계점유율	3
세계평화	3
세금폭탄	3
세리머니	3
세뱃돈	3
세인트루이스전	3
세일	3
세종문화회관서	3
세종시에	3
센터진	3
셀	3
셀트리온헬스케어	3
셀프	3
셔저의	3
소각	3
소극장	3
소급적용	3
소나타	3
소득공제	3
소득세	3
소리바다	3
소망은	3
소명	3
소방	3
소방차	3
소변	3
소비세	3
소비자단체	3
소비자들	3
소비자보호	3
소비자에	3
소비자연맹지	3
소상공인에	3
소설가로	3
소설도	3
소소한	3
소수의견	3
소식지	3
소외계층에	3
소원	3
소위	3
소유권	3
소유자	3
소음	3
소재로	3
소중히	3
소진	3
소집종합	3
소통의	3
소통하는	3
소프트뱅크와	3
소환투표	3
소회	3
속도감	3
속도조절	3
속살	3
속에서도	3
속히	3
손길	3
손발	3
손배	3
손시헌	3
손아섭	3
손열음과	3
손잡는다	3
손질	3
손짓	3
손편지	3
손흥민도	3
손흥민황희찬	3
솔직한	3
솔직히	3
송어	3
송인배	3
송파을	3
쇼스타코비치	3
숄티	3
수감	3
수거	3
수난	3
수놓다	3
수는	3
수단에	3
수락	3
수령	3
수류탄	3
수비의	3
수사결과	3
수사기관에	3
수사는	3
수석특사	3
수소탱크	3
수수료율	3
수술로	3
수습하는	3
수시	3
수아레스	3
수용못해	3
수원의	3
수위	3
수위조절	3
수은	3
수입차	3
수잰	3
수조원대	3
수차례	3
수출금지	3
수출길	3
수출입은행	3
수해지역	3
수협	3
수혜는	3
수혜주	3
수호	3
숙박업소	3
숙박음식	3
순식간에	3
순조	3
순창	3
술렁	3
숨기고	3
숲에서	3
쉐보레	3
쉬는	3
쉬운	3
쉰다	3
쉽고	3
슈라이버	3
슈타인마이어	3
슈텐츠	3
슈팅	3
슈퍼매치서	3
슈퍼문	3
스노우	3
스리백	3
스릴	3
스마트공장	3
스마트팜	3
스마트폰과	3
스마트폰이	3
스마트하게	3
스모	3
스위스서	3
스캑스	3
스캘리아	3
스케이트장	3
스케일업	3
스타들의	3
스튜어드십	3
스틸웰	3
스팅어	3
스파크	3
스페인서	3
스포티파이	3
스피드	3
슬라이크	3
슬럼프	3
승강	3
승려	3
승리는	3
승리에	3
승부사	3
승차권	3
시간여행	3
시공간	3
시구에	3
시기는	3
시기상조	3
시냅스	3
시도는	3
시드	3
시들	3
시라크	3
시리아군	3
시무식	3
시민구단	3
시민사회	3
시민에	3
시민이	3
시사종합	3
시스코와	3
시위대는	3
시위서	3
시일	3
시작한	3
시작한다	3
시장과열	3
시장의	3
시장점유율	3
시전집	3
시정	3
시중	3
시즌2	3
시즌권	3
시즌도	3
시험은	3
시황변동	3
시흥시	3
식당종업원	3
식민지배	3
식사	3
식약처	3
신경전종합	3
신고리	3
신규가입	3
신남방정책	3
신년기자회견	3
신년사로	3
신년회	3
신도림	3
신뢰회복	3
신문방송편집인협회	3
신민당	3
신병인도	3
신분	3
신사옥	3
신상진	3
신성한	3
신세계아이앤씨	3
신속한	3
신속히	3
신시내티	3
신약개발	3
신인상	3
신차	3
신청사	3
신촌	3
신축	3
신탁	3
신탁계약	3
신학기	3
신한	3
신한금융지주	3
신한은행에	3
신화용	3
신흥	3
싣고	3
실리콘케이스에	3
실린	3
실무	3
실무그룹	3
실무회담	3
실시간으로	3
실업	3
실전투자대회	3
실체	3
실크로드	3
실패로	3
실패시	3
싫다	3
싫어하는	3
심각히	3
심는	3
심사기준	3
심상찮다	3
심재윤	3
심판들	3
심하게	3
십자인대	3
싱가포르항공	3
싱크홀	3
싶었지만	3
싶죠	3
싸다	3
싸우겠다	3
싸움에	3
싸워야	3
싸웠다	3
싼커시대	3
쌀딩크	3
쌓인	3
쏟아내	3
쏠리는	3
쓰기	3
쓰러졌다	3
쓰자	3
쓰지	3
쓸까	3
아난티	3
아내와	3
아닌데	3
아동학대	3
아드보카트	3
아르메니아	3
아르헨티나서	3
아마존웹서비스	3
아바스	3
아버지와	3
아베는	3
아베푸틴	3
아빠와	3
아쉽게	3
아시안	3
아시안피스컵	3
아약스	3
아예	3
아웅산	3
아이디	3
아이디어가	3
아이슬란드	3
아이언맨	3
아이템	3
아직도	3
아직은	3
아침기온	3
아카데미상	3
아카이브	3
아쿠냐	3
아쿠아포닉스	3
아키히토	3
아태	3
아텀	3
아토피피부염	3
아틀레티코	3
아티스트	3
아포엘	3
아프간서	3
아프간에	3
아프리카연합	3
아힘	3
악동	3
악몽이	3
악순환	3
악연	3
악재로	3
안건처리	3
안다	3
안델손	3
안된다	3
안무가	3
안방에서	3
안보실	3
안보에	3
안보위협	3
안산시	3
안상수	3
안심전환대출	3
안전망대출	3
안전이	3
안전점검	3
안전지대서	3
안전진단	3
안전하게	3
안정감	3
안정적으로	3
안중근	3
안한	3
안할것	3
앉아	3
않겠다는	3
않겠습니다	3
알다	3
알뜰폰에	3
알려드리겠다	3
알리기	3
알린	3
알아사드	3
알아서	3
알파고가	3
알파벳	3
알파인	3
암치료	3
압데슬람	3
압록강	3
압류	3
압수	3
압수수색2보	3
앞날	3
앞다퉈	3
앞당긴다	3
앞바다	3
앞선	3
애국가	3
애정	3
애틀랜타에	3
애플코리아	3
액세서리	3
액션캠	3
액션플랜	3
액티브x	3
앤	3
앨범	3
야경	3
야권연대	3
야생화	3
야수	3
야시장	3
약발	3
약보합	3
약체	3
약한	3
약혼녀	3
양궁	3
양도소득세	3
양립	3
양방향	3
양보안	3
양성원	3
양수	3
양승조	3
양심적	3
양창섭	3
양키스전	3
양효진은	3
어김없이	3
어드벤처	3
어딜	3
어떡하지	3
어떨까요	3
어떻게든	3
어려워질	3
어렵네	3
어렵지만	3
어리석은	3
어린이집	3
어워즈	3
억류됐던	3
억류된	3
억압	3
언	3
언급종합	3
언더독	3
언론간담회	3
언론과	3
언론자유의	3
언론자유조형물건립추진위원회	3
언어장벽	3
언제든지	3
얻는	3
얻는다	3
얻었다	3
얼굴로	3
얼굴을	3
얼룩진	3
얼쑤	3
엄격한	3
엄마가	3
엄중히	3
엄포	3
업무복귀	3
업체들	3
없게	3
없나	3
없네	3
없는데	3
없다속보	3
없어종합2보	3
없어질	3
없지만	3
엎치락뒤치락	3
에게해서	3
에너지원	3
에릭센	3
에스맥	3
에어부산	3
에어팟	3
엑스포	3
엔고	3
엔에스쇼핑	3
엠게임	3
엠모바일	3
여기	3
여기자협회	3
여나	3
여론에	3
여론조사서	3
여름은	3
여름축제	3
여사와	3
여섯번째	3
여성에	3
여성은	3
여자는	3
여자대표팀	3
여자월드컵	3
여제	3
여종업원	3
여행수지	3
여행용	3
여행주의보	3
역사현장	3
역수출	3
역전골	3
역전승으로	3
역전의	3
역할해야	3
역효과	3
엮은	3
연구로	3
연구성과	3
연구의	3
연구협력	3
연꽃	3
연내답방	3
연락	3
연령별	3
연료	3
연륙교	3
연말부터	3
연말정산	3
연방보안국	3
연변판	3
연서	3
연소시험	3
연습	3
연애	3
연애의	3
연임제	3
연장서	3
연정협상	3
연좌제	3
연주자	3
연하장	3
연합뉴스tv	3
연합체	3
연합체에	3
연호	3
연휴는	3
연휴에도	3
열고	3
열렬한	3
열쇠는	3
열전소자	3
열차승차권	3
열흘째	3
염두	3
엿새만에	3
영국과	3
영국의	3
영국이	3
영미	3
영빈관	3
영산강	3
영상통화	3
영서	3
영업점	3
영업중단	3
영입인사	3
영장심사	3
영토로	3
영해서	3
영향에	3
영향으로	3
영화로	3
영화를	3
영화의	3
옆	3
예고에	3
예금보험공사	3
예루살렘서	3
예매율	3
예산배분	3
예상외	3
예선전	3
예술과	3
예술로	3
예술작품	3
예술품	3
예약도	3
예열	3
예전	3
예전같지	3
예정보다	3
예정종합	3
예측불가	3
예측불허	3
예측서	3
예타	3
옐로모바일	3
옐리치에	3
옛말	3
오너	3
오늘까지	3
오다	3
오래된	3
오렌지라이프	3
오르고	3
오르반	3
오른발	3
오른팔	3
오름폭	3
오리온에	3
오리지널	3
오바메양	3
오반석	3
오성운동	3
오스미	3
오스테오닉	3
오염	3
오전에	3
오정훈	3
오즈모	3
오클랜드전	3
오키나와서	3
오픈마켓	3
오픈플랫폼	3
오하이오	3
오현택	3
옥석	3
옥외광고	3
온두라스전	3
온실가스	3
온열	3
올까	3
올라서	3
올라종합	3
올랑드	3
올랜도에	3
올리는	3
올시즌	3
옮긴	3
와르르	3
와이번스	3
와해	3
완도	3
완벽히	3
완비	3
완전체	3
완파종합	3
완패종합	3
완화로	3
완화정도	3
왓퍼드전에서	3
왔다종합	3
왔어요	3
왕따	3
왕복권	3
왜곡보도	3
외교안보라인	3
외교통일위원장	3
외국인이	3
외길	3
외무장관과	3
외상	3
외신기자	3
외침	3
외투	3
외환시장	3
요격미사일	3
요구할	3
요구했다	3
요금인하	3
요란한	3
요엘	3
요지	3
욕	3
욕심에	3
용기	3
용납못해	3
용단	3
용어	3
우도	3
우랄	3
우리경제	3
우리를	3
우수사례	3
우수한	3
우승에	3
우승종합	3
우울증	3
우위로	3
우정사업본부	3
우주굴기	3
우주기술	3
우주쇼	3
우체국	3
우파진영	3
우표	3
운동선수	3
운송	3
운영자	3
운전기사	3
운집	3
울산시장	3
울산신문	3
울산에	3
울주세계산악영화제	3
웃돈	3
웃돌아종합	3
웃었다	3
웃을까	3
웅진	3
워커	3
워크숍서	3
워크아웃	3
원격	3
원내대표에	3
원동력	3
원래	3
원료	3
원산	3
원샷	3
원소속팀	3
원스토어	3
원스톱	3
원유수입금지	3
원유수출	3
원유시장	3
원자재	3
원작자	3
원전사고	3
원정출산	3
원칙적	3
원팀	3
원하면	3
원형	3
원활	3
월드컵부터	3
월드컵에	3
월인석보	3
웨스트브로미치	3
웨이모	3
웬	3
위기에서	3
위닝샷	3
위반한	3
위성발사	3
위업완성의	3
위작	3
위장	3
위장해	3
위증	3
위촉식	3
위키피디아	3
위해서는	3
위협론	3
위협하는	3
윈윈	3
유관순	3
유니세프	3
유니테스트	3
유대감	3
유대교회당	3
유도훈	3
유럽기업	3
유럽순방	3
유럽으로	3
유럽의회선거	3
유럽이	3
유럽증시	3
유력후보	3
유례없는	3
유로2016	3
유명한	3
유무선	3
유세장	3
유소녀	3
유심요금제	3
유아	3
유언비어	3
유엔제재로	3
유연	3
유연근무제	3
유연성	3
유용한	3
유전자교정	3
유전자치료제	3
유정복	3
유지될	3
유지종합2보	3
유진투자증권	3
유찰	3
유출로	3
유통망	3
유통업	3
유한양행	3
유해물질	3
유해정보	3
유혹의	3
유화	3
유희관	3
육군참모총장	3
육박종합	3
육성한다	3
육성해	3
윤건영	3
윤곽종합	3
윤리위원	3
윤리적	3
윤성환	3
윤영선	3
윤영찬	3
윤재옥	3
윤호근	3
융복합	3
융합보안	3
융합연구	3
은빛	3
은퇴투어	3
은행들	3
은행연합회장	3
은행장	3
을	3
음성검색	3
음성비서	3
음악으로	3
읍소	3
응답하라	3
응수	3
응용	3
응징종합	3
의결종합	3
의료비	3
의욕	3
의원실	3
의원에	3
의원총회에서	3
의존도	3
의총에서	3
의해	3
의혹으로	3
의회의장	3
이개호	3
이겨	3
이과인	3
이관	3
이기고	3
이기는	3
이기면	3
이기성	3
이끌어야	3
이노션	3
이달말까지	3
이달초	3
이도연	3
이도훈	3
이동원	3
이동종합	3
이동준	3
이동통신사	3
이동통신시장	3
이동희	3
이들	3
이들립서	3
이라크내	3
이란발	3
이란사우디	3
이란특별대표	3
이란핵합의	3
이래서	3
이루는	3
이뤄질까	3
이름으로	3
이미선	3
이미지센서	3
이민규	3
이사로	3
이산화탄소	3
이산화탄소로	3
이상도	3
이상문학상	3
이상으로	3
이상의	3
이석준	3
이세돌의	3
이수빈	3
이슈로	3
이슈화	3
이스라엘군에	3
이스라엘의	3
이승우의	3
이시구로	3
이야기가	3
이양	3
이어가	3
이어갈	3
이영훈	3
이용금지	3
이용도	3
이용섭	3
이용하는	3
이유로	3
이을용	3
이인제	3
이재영의	3
이정민	3
이준석	3
이중섭	3
이지	3
이천	3
이철성	3
이춘재	3
이탈리아에	3
이택근	3
이토록	3
이통3사에	3
이하로	3
이한열	3
이해찬과	3
이행보고서	3
이혜훈	3
이후로	3
인	3
인간배아	3
인간성	3
인공근육	3
인공기	3
인공지능에	3
인공지능의	3
인권결의안	3
인권과	3
인권범죄	3
인권운동가	3
인권위	3
인내	3
인도네시아서	3
인도네시아에	3
인도네시아와	3
인도령	3
인도와	3
인도주의	3
인도파키스탄	3
인문	3
인버스	3
인보사	3
인사청문	3
인수종합	3
인스타	3
인식하는	3
인용	3
인재영입	3
인재육성	3
인종주의	3
인지	3
인천홍콩	3
인체	3
인크로스	3
인터넷기업	3
인터넷나야나	3
인터넷에	3
인터불스	3
인터폴	3
인플레	3
인하에	3
인하종합	3
인하할	3
인형의	3
일가족	3
일각서	3
일감	3
일군	3
일당	3
일로	3
일반인	3
일베	3
일본에서	3
일본영해	3
일본은	3
일본전	3
일부는	3
일색	3
일생	3
일에	3
일원화	3
일제가	3
일종합	3
일주일만에	3
일주일새	3
일주일째	3
일찍	3
일침	3
일환	3
읽고	3
읽기	3
읽어	3
잃지	3
임	3
임대료도	3
임명동의	3
임시국회내	3
임해야	3
입구서	3
입국2보	3
입국금지	3
입국종합	3
입대	3
입문	3
입양인	3
입으세요	3
입장객	3
입추	3
입후보	3
잇따라종합	3
있나요	3
있었는데	3
잉글우드랩	3
잊었다	3
잊히지않는	3
잊힐	3
자격증	3
자극	3
자금세탁방지	3
자금줄	3
자기주식	3
자녀와	3
자동으로	3
자동차단	3
자력	3
자리서	3
자메이카	3
자문료	3
자사고	3
자살한	3
자서전	3
자선경기	3
자세로	3
자연어	3
자연을	3
자유를	3
자유와	3
자의적	3
자임	3
자제하세요	3
자주통일	3
자책골	3
자체가	3
자충수	3
자치권	3
자카르	3
자폐	3
자폐증	3
자행	3
자화상	3
작가가	3
작가는	3
작가를	3
작가에	3
작가회의	3
작고	3
작곡	3
작곡가	3
작다	3
작동원리	3
작용	3
작전으로	3
잔류로	3
잔해	3
잠금해제	3
잠실5단지	3
잠실구장	3
잠재력	3
잠재성장률	3
잠재적	3
잠적	3
잡아낸다	3
장거리미사일	3
장결희	3
장관들	3
장관후보	3
장군멍군	3
장내	3
장동현	3
장례식	3
장마당	3
장벽붕괴	3
장부	3
장비로	3
장사진	3
장외	3
장충의	3
장타	3
장한	3
재개한	3
재개할	3
재검토해야	3
재검표	3
재계	3
재능기부	3
재대결	3
재미있어요	3
재방송	3
재배	3
재벌개혁	3
재선출	3
재소환	3
재수사	3
재심서	3
재임시	3
재정립	3
재정착	3
재진입	3
재판에	3
재판중	3
잭슨	3
잿빛	3
쟁점은	3
저감	3
저금리	3
저금리에	3
저녁에	3
저렴	3
저비용	3
저유가	3
저장용량	3
저조	3
저지른	3
저지종합	3
저항	3
저해	3
적설	3
적임자	3
적재적소	3
적정	3
적조	3
적폐청산	3
전가	3
전개	3
전곡	3
전광인의	3
전국대회	3
전국적	3
전기료	3
전남에	3
전담팀	3
전라	3
전락	3
전략무기	3
전략폭격기	3
전략폰	3
전력회사	3
전면에	3
전모	3
전문강사	3
전문연구요원	3
전문투자자	3
전반적	3
전부터	3
전북서	3
전북에	3
전성현	3
전세금	3
전세임대	3
전세자금대출	3
전세진	3
전소	3
전송기술	3
전술핵	3
전시공간	3
전역으로	3
전용기	3
전용패키지	3
전용폰	3
전원책	3
전월비	3
전인대	3
전자랜드에	3
전자피부	3
전자회로	3
전쟁과	3
전쟁위험	3
전쟁이	3
전제로	3
전진기지	3
전진배치	3
전차군단	3
전철	3
전태일	3
전통의	3
전투훈련	3
전파망원경	3
전현직	3
전화위복	3
전환율	3
절규	3
절단	3
절세	3
절정종합	3
절제	3
젊은이들	3
젊은작가상	3
점거시위	3
점도	3
점령지	3
점령한	3
점심	3
점은	3
접고	3
접속장애	3
접이식	3
정계개편	3
정권수립	3
정권퇴진	3
정규직화	3
정기국회서	3
정기연주회	3
정기현	3
정당들	3
정론관	3
정면비판	3
정면으로	3
정면충돌종합	3
정몽준	3
정무비서관	3
정무수석과	3
정박	3
정보문화의	3
정보통신기술	3
정보화진흥원	3
정부로	3
정부반군	3
정부안	3
정부지원	3
정비사업	3
정상급	3
정상운항	3
정상포럼	3
정서	3
정신력	3
정악단	3
정양석	3
정오부터	3
정유시설	3
정은원	3
정읍	3
정의의	3
정의화	3
정재숙	3
정전협정	3
정주영	3
정중동	3
정찰기	3
정책간담회	3
정책과	3
정책구상	3
정책포럼	3
정체는	3
정치범	3
정치아웃사이더	3
정치인들	3
정치학	3
정해진	3
정형모	3
정호영	3
정확히	3
정황	3
제10회	3
제15회	3
제16회	3
제17회	3
제1기	3
제2데이터센터	3
제30회	3
제3차	3
제7기	3
제공권	3
제국의	3
제네바서	3
제로에너지	3
제목	3
제보	3
제안할	3
제약회사	3
제원	3
제의에	3
제이콘텐트리	3
제자리걸음	3
제작자	3
제재대상	3
제재해제	3
제주올레	3
제주전	3
제주향토음식	3
제천시	3
제쳤다	3
제한종합	3
져야	3
조건부자본증권	3
조건없이	3
조경태	3
조기상환	3
조기지급	3
조달청	3
조류	3
조부	3
조사단	3
조사에	3
조사착수	3
조석	3
조성종합	3
조성환	3
조소현	3
조속처리	3
조수용	3
조영제	3
조용	3
조원태	3
조인성	3
조정할	3
조지아	3
조지아인	3
조직위	3
조직적	3
조짐종합	3
조치에	3
조치할	3
조형물	3
조흥	3
존슨에	3
종	3
종로	3
종목은	3
종이접기	3
종이책	3
종횡무진	3
좋	3
좌석	3
좌장	3
좌초	3
죈다	3
주가도	3
주간관심주	3
주간시황	3
주간지	3
주거비	3
주기	3
주도할	3
주력종합	3
주로	3
주목해야	3
주문종합	3
주민의	3
주변국에	3
주북	3
주사	3
주시종합	3
주식배당	3
주식시장	3
주식양수도	3
주심	3
주요기업	3
주요매체	3
주유엔	3
주인	3
주자는	3
주장은	3
주주명부	3
주체는	3
주택가	3
주택대출금리	3
주택도시보증공사	3
주택사업	3
주택서	3
주택재개발	3
주행	3
주홍콩	3
죽음을	3
준비하세요	3
준비해	3
준엄한	3
줄서기	3
줄여라	3
줄여야	3
줄이자	3
중간점검	3
중간평점	3
중개	3
중고	3
중국기업	3
중국편	3
중기중앙회	3
중기청	3
중단에	3
중단종합2보	3
중단한	3
중대	3
중도우파	3
중도좌파	3
중등교사	3
중립성	3
중무장	3
중부사령관	3
중서부	3
중성자별	3
중소기업과	3
중수로	3
중앙tv	3
중앙오션	3
중에	3
중저가	3
중태	3
즉시연금	3
즐겨보자	3
즐기면	3
즐긴	3
즐비	3
증가에	3
증가종합2보	3
증가폭	3
증권사도	3
증대	3
증선위	3
증오범죄	3
지각변동	3
지경	3
지금도	3
지능정보	3
지니	3
지도가	3
지도부가	3
지도체제	3
지독한	3
지령용	3
지뢰도발	3
지뢰밭	3
지름	3
지방선거서	3
지방에	3
지속가능성	3
지속시	3
지속에	3
지속종합	3
지식재산	3
지식재산권	3
지역방송	3
지옥	3
지옥으로	3
지원유세	3
지원책	3
지원체계	3
지원키로	3
지인	3
지정학적	3
지지에	3
지지율은	3
지지종합	3
지지종합2보	3
지진피해	3
지친	3
지켜보겠다	3
지켜봐야	3
지켰다	3
지키겠다	3
지키고	3
지터	3
지평	3
지하철역	3
지휘관들	3
지휘한	3
직권취소는	3
직면할	3
직무대행	3
직무정지안	3
직속	3
직함	3
진단종합	3
진먼다오	3
진미	3
진미위	3
진보개혁	3
진실과미래위원회	3
진실을	3
진압에	3
진입종합	3
진통종합	3
질의에	3
짐바브웨서	3
짐벌	3
집대성	3
집안싸움	3
집유	3
집으로	3
집중포화	3
집중호우에	3
짓	3
짝꿍	3
짝퉁	3
짧게	3
짱기자가	3
쩐의	3
쭉	3
찌라시	3
찔려	3
차기회장	3
차단돼	3
차단은	3
차두리	3
차등	3
차등의결권	3
차분하게	3
차이는	3
차익실현	3
차질종합	3
착각	3
찬바람에	3
찬반투표	3
찬양	3
찰스	3
찰칵	3
참가종합	3
참가팀	3
참가하는	3
참관단	3
참모진도	3
참석종합	3
참여종합	3
참여한	3
참여할	3
참전용사의	3
창녕	3
창립자	3
창문	3
창어4호	3
창업경진대회	3
창업기업	3
창원시	3
창의	3
창작극	3
창조경제박람회	3
창조경제센터	3
창조적	3
찾나	3
찾아가	3
채권형	3
채무상환	3
채울까	3
채택종합	3
채프먼	3
책동	3
책무	3
책상	3
책이	3
책임연구원	3
책임은	3
책임져야종합	3
책임지고	3
책자	3
책정	3
챔스리그서	3
챔프전서	3
챔피언스컵	3
처리종합	3
처리키로	3
천막	3
천사의	3
천상의	3
천연가스	3
천재시인	3
천지	3
천해성	3
철강관세	3
철도사업	3
철수한	3
철원	3
철원서	3
철인	3
철퇴	3
철학은	3
철학의	3
철학자	3
첨단기술	3
첨벙	3
첫주	3
첫판	3
첫화면	3
청각	3
청계천	3
청구서	3
청년운동사적관	3
청년주택	3
청년층	3
청부사	3
청사진	3
청산도	3
청소	3
청소년들	3
청소년신간	3
청신호종합	3
청약경쟁률	3
청약률	3
청주서	3
청춘해	3
청탁금지법	3
체니	3
체류인원	3
체면	3
체육교류	3
체육회담	3
체포동의안	3
체험기	3
체험해보세요	3
첼시와	3
초겨울	3
초고압	3
초고화질	3
초구	3
초기부터	3
초대합니다	3
초라한	3
초선의원들	3
초속	3
초신성	3
초연결사회	3
초음파	3
초청행사	3
촉구에	3
촉구하며	3
촉발한	3
촉진자	3
총격전	3
총리도	3
총리직	3
총상	3
총선용	3
총선차출	3
총에	3
총집결	3
총출동종합	3
총회서	3
최강자는	3
최고수위	3
최고위서	3
최고위원회의에서	3
최고조	3
최남수	3
최다선	3
최다안타	3
최단	3
최명광	3
최민정	3
최성준	3
최소화해야	3
최신폰	3
최악폭염	3
최익제	3
최저가	3
최저임금법	3
최적화	3
최전방서	3
최종일	3
최준용	3
최측근	3
최하	3
최형우	3
최흥식	3
추가관세	3
추가취득	3
추경심사	3
추구하는	3
추기경	3
추락하는	3
추모일에	3
추모제	3
추미애와	3
추워져	3
추일승	3
추진속보	3
추진전략	3
추진할	3
추천에	3
추천종합	3
축구감독	3
축구공	3
축구광	3
축구대표	3
축구대표팀에	3
축구리그	3
축구스타	3
축구스타들	3
축제가	3
축출된	3
축하합니다	3
춘천mbc	3
춘천인형극제	3
출발종합	3
출발해	3
출범종합	3
출시에	3
출시일	3
출시할	3
출시행사	3
출연해	3
출입금지	3
출전금지	3
출판외길	3
출항	3
출현	3
춤의	3
충돌종합2보	3
충분한	3
충성도	3
충전율	3
충족	3
취업청탁	3
취하종합	3
취해	3
측정기	3
치료비	3
치료약	3
치료용	3
치맥	3
치밀한	3
치이고	3
친선	3
친인척	3
친정부	3
친정체제	3
친척	3
칠레전	3
침략	3
침입한	3
칩거	3
카	3
카바니	3
카뱅	3
카이클	3
카잔의	3
카카오게임	3
카카오택시	3
카카오톡으로	3
카톡에	3
카톡에서	3
카트	3
칼날	3
캄차카	3
캐나다로	3
캐릭	3
캐치프레이즈	3
캡	3
커넥트	3
커브로	3
커쇼의	3
커제	3
커지나	3
컬리	3
컬페퍼	3
컵스에	3
케네스	3
케어	3
케이블카	3
케이스	3
케이스로	3
케이프투자	3
켈리와	3
켜진	3
코	3
코네티컷	3
코데즈컴바인	3
코디	3
코리아팀	3
코리안심포니	3
코믹콘	3
코오롱글로벌	3
코오롱인더스트리	3
코이카	3
콘테스트	3
콜로라도에서	3
콜롬비아와	3
콩고	3
콰트로	3
쿠팡	3
쿠팩스	3
쿠폰	3
퀄컴에	3
큐레이션	3
크고	3
크렘린궁	3
크롬캐스트	3
크림	3
크림반도	3
큰폭	3
클락슨의	3
클래식과	3
클리블랜드에	3
클릭	3
클린턴트럼프	3
키치와	3
킬러	3
타개	3
타고난	3
타구	3
타구가	3
타워크레인	3
타인	3
타자로	3
타진	3
탁구대표팀	3
탄력받나	3
탄생의	3
탄핵은	3
탈바꿈	3
탈북에	3
탈북종업원	3
탈삼진	3
탈취	3
탈퇴에	3
탈퇴협정법	3
탐방로	3
탑승형	3
탓종합	3
탔다	3
태	3
태극	3
태극전사들의	3
태백	3
태생	3
태어난	3
태영	3
태용호	3
태워	3
택배	3
택시에	3
택시운전사	3
터	3
터너	3
터미널	3
터졌다	3
터키는	3
터키와	3
털고	3
테니스	3
테러단체	3
테러범은	3
테러조직으로	3
테마	3
테크	3
텍사스서	3
텍스트	3
톈궁1호	3
토니모리	3
토마토축제	3
토머스	3
토지공개념	3
토카예프	3
토트넘은	3
토트넘전	3
토티	3
톰	3
톱	3
톱시드	3
톱타자	3
통감	3
통번역	3
통상	3
통상마찰	3
통신비인하	3
통신서비스	3
통신업체	3
통신장비	3
통신재난	3
통일연구원	3
통제에	3
통제해야	3
통지	3
통째로	3
통한의	3
통합감독	3
통합관제센터	3
통합에	3
통합의	3
통합형	3
통행	3
통화량	3
통화로	3
통화스와프	3
퇴위	3
퇴출되나	3
퇴출해야	3
퇴치	3
투구내용	3
투심	3
투약	3
투어리즘	3
투자상품	3
투자해야	3
투표용지	3
툭	3
툰베리	3
튤립	3
트래블	3
트래커	3
트럼프대학	3
트리플더블급	3
특가판매	3
특검과	3
특검팀	3
특례	3
특명	3
특별강연	3
특별대책	3
특별방송	3
특별법	3
특별점검	3
특별취재단	3
특성	3
특수부대	3
특징	3
특허출원	3
특히	3
틀렸다	3
틈새시장	3
티맥스	3
티베트	3
티비	3
티저영상	3
틱톡	3
틸먼	3
파	3
파괴적	3
파동	3
파동에	3
파레디스	3
파리기후협정	3
파생결합상품	3
파업에	3
파업으로	3
파워랭킹	3
파주서	3
파커	3
파크론	3
파키스탄서	3
파키스탄에	3
파킨슨병	3
파튜	3
판결을	3
판교	3
판단에	3
판단종합	3
판로	3
판매금지	3
판매점	3
판매중단	3
판화성서	3
팔렸다	3
팔면	3
팔아	3
팔카오	3
팟빵	3
패라지	3
패스	3
패싱	3
패하고도	3
팬들께	3
팬오션	3
팽창	3
퍼거슨	3
퍼지는	3
퍼진	3
퍼펙트	3
펀드온라인코리아	3
페미니스트	3
페이크	3
펭귄수영대회	3
펴내	3
편대	3
편리하게	3
편법	3
편에	3
편중	3
편집국장	3
편집상에	3
편해	3
펼쳐	3
펼친다	3
펼칠	3
평균가	3
평양공항	3
평양선언	3
평양에	3
평양으로	3
평양회담	3
평창은	3
평화가	3
평화조약	3
평화프로세스	3
평화회담	3
폐기한	3
폐막식	3
폐암	3
폐점	3
폐회식	3
폐회식장	3
포	3
포격으로	3
포격훈련	3
포근해요	3
포기하고	3
포기해선	3
포르테	3
포석종합	3
포스	3
포용	3
포인트로	3
포지션	3
포털은	3
포틀랜드	3
포퓰리스트	3
포함종합	3
포함해	3
포화	3
폭거	3
폭격에	3
폭등	3
폭력사태	3
폭력에	3
폭력적	3
폭로에	3
폭발력	3
폭염일수	3
폭우에	3
폭은	3
폭죽	3
폭탄에	3
폭행당해	3
폭행한	3
폰데어라이엔	3
폴더	3
폼페이	3
폼페이오에	3
표류사태	3
표명종합	3
표어	3
표준안	3
표지	3
표창원	3
푸	3
푸치니	3
푹푹	3
푼	3
푼다	3
풀	3
풀까	3
풀러스	3
풀려난	3
풀린다	3
풀스크린	3
풍랑특보	3
퓰리처상	3
프랑스가	3
프랑스도	3
프레임	3
프로그래밍	3
프로세스	3
프리랜서	3
프리미어리거	3
플라자	3
플래카드	3
플레이어	3
피란민	3
피서철	3
피어밴드	3
피오렌티나전	3
피처폰	3
피츠버그는	3
피칭	3
피칭머신	3
피한	3
피해기업에	3
피해복구	3
피해액	3
피해야	3
피해자에	3
필	3
필드플레이어	3
필라델피아와	3
필리핀서	3
필립	3
필립스	3
필승코리아	3
필요없는	3
필하모닉	3
하나금융그룹	3
하나씩	3
하는데	3
하늘과	3
하늘길	3
하늘에	3
하늘에서	3
하늘의	3
하다	3
하드웨어	3
하루빨리	3
하루에	3
하마평	3
하메네이	3
하버드	3
하세요	3
하얗게	3
하와이	3
하원서	3
하위권	3
하이	3
하이브리드	3
하이트진로	3
하지	3
하한가종합	3
학습효과	3
학자들	3
학회	3
한곳에	3
한교원	3
한국갤럽	3
한국계	3
한국관	3
한국관광	3
한국금융지주	3
한국독립운동인명사전	3
한국베트남	3
한국사회	3
한국시인협회	3
한국전력행	3
한국제작	3
한국콜마	3
한국태국	3
한국특수형강	3
한국형발사체	3
한글과컴퓨터	3
한다고	3
한달여만에	3
한마음	3
한미반도체	3
한미연합훈련	3
한민국	3
한민족	3
한발짝	3
한방	3
한불	3
한선교	3
한세실업	3
한수지	3
한시	3
한옥마을	3
한전kdn	3
한진칼에	3
한컴오피스	3
한화서울세계불꽃축제	3
한화의	3
한화테크윈	3
한화투자증권	3
할까	3
할랄	3
할부	3
할부금	3
함경북도	3
함덕주	3
함평	3
합격	3
합당	3
합류로	3
합법화	3
합산규제	3
합의에	3
합의해야	3
합종연횡	3
합쳐	3
핫플레이스	3
항공교통	3
항소심	3
항소심서	3
항의종합	3
해경국	3
해군력	3
해남	3
해돋이	3
해발	3
해방	3
해변에	3
해병대원	3
해상케이블카	3
해외금리	3
해외로밍	3
해외서도	3
해외선물	3
해외시장	3
해외투자	3
해운대해수욕장	3
해운사	3
해이	3
해임된	3
해임해야	3
해체해야	3
해프닝	3
핵공격	3
핵기술	3
핵무장론	3
핵시설	3
핵우산	3
핵위협	3
핵협상	3
핸드북	3
햄슨	3
했던	3
행동에	3
행보는	3
행복리포트	3
행사장	3
행사장서	3
행운	3
행자부	3
행적	3
행정수반	3
행정안전부	3
향방은	3
허	3
허가신청	3
허더즈필드	3
허명수	3
허물기	3
허수경	3
허영만	3
허정무	3
허훈	3
헌법개정	3
헌법과	3
헌법위원회	3
헌정질서	3
헤어진	3
혁명화	3
혁신과	3
혁신금융서비스	3
혁신도시	3
혁신적인	3
현대모비스로	3
현대모비스에	3
현대미술관	3
현대미술의	3
현대산업	3
현대엔지니어링	3
현대오일뱅크	3
현대오토에버	3
현대원	3
현대중	3
현대중공업그룹	3
현대차투자	3
현대캐피탈의	3
현수막	3
현실적	3
현실화되나	3
현안에	3
현장서	3
현재까지	3
현지서	3
현지인	3
현혹	3
혈전	3
협력강화	3
협력관계	3
협력사에	3
협력업체에	3
협력체	3
협박받아	3
협상할	3
형사	3
형사고발	3
형사처벌	3
형식	3
혜민스님	3
혜성	3
혜택은	3
호기심	3
호나우지뉴	3
호남서	3
호남행	3
호수비	3
호전	3
호킹	3
혼조	3
홈런더비	3
홈런레이스	3
홈런에	3
홈쇼핑	3
홍보전	3
홍정호	3
홍천찰옥수수축제	3
홍콩경매	3
홍콩인	3
화끈한	3
화답	3
화두로	3
화면으로	3
화물열차	3
화성탐사	3
화신테크	3
화염병	3
화원	3
화웨이는	3
화이트리스트	3
화이팅	3
화장실	3
화천기계	3
화천쪽배축제	3
화학	3
확고한	3
확대로	3
확대정상회담	3
확립	3
확산에	3
확산종합	3
확전	3
환경단체	3
환경오염	3
환경장관	3
환골탈태	3
환구시보	3
환노위	3
환대	3
환송공연	3
환영사하는	3
환영하는	3
환호에	3
활개	3
활동가	3
활력	3
활로	3
활성화로	3
활성화해야	3
활약에	3
황	3
황경민	3
황금색	3
황병기	3
황선홍	3
황연주	3
황영철	3
황우석	3
황정환	3
황홀한	3
황희찬의	3
회견에	3
회계법인	3
회담장	3
회동하는	3
회복종합2보	3
회사에	3
회유	3
회의장	3
회의적	3
횡단	3
횡성	3
횡포	3
효	3
효과로	3
효과적	3
효율성	3
효자	3
후기	3
후보지	3
후에	3
후에도	3
후원사	3
후원자	3
후진	3
후폭풍에	3
훈련으로	3
훌륭한	3
훼손안돼	3
훼손종합	3
휠라코리아	3
휠체어	3
휩싸인	3
휩쓴	3
휴가비	3
휴간	3
휴교	3
휴면예금	3
휴스턴에	3
휴스턴영화제서	3
휴장	3
흉기에	3
흐리다	3
흐린	3
흔든	3
흔들며	3
흠뻑	3
흡수	3
흥국생명에	3
흥행에	3
희귀	3
희망가	3
희망을	3
히로시마서	3
히말라야	3
히어로즈와	3
히잡	3
히틀러	3
힐러리가	3
힐러리도	3
힐러리샌더스	3
힐러리와	3
힘내세요	3
힘드네요	3
힘입어	3
01x	2
02로	2
0개	2
0건	2
0명	2
100건	2
100골	2
100곳	2
100년의	2
100리길	2
100만개	2
100만건	2
100만원대	2
100만장	2
100명과	2
100억달러	2
100여개	2
100여편	2
100인	2
100일간	2
100조	2
100종	2
100타점	2
100호점	2
1020세대에	2
102억원	2
103만명	2
103세	2
103억원	2
104개	2
105만원	2
1060원선	2
106억원	2
1070원	2
107승째	2
109만원	2
109명	2
10gb	2
10k	2
10가지	2
10개팀	2
10골	2
10기가급	2
10년내	2
10년의	2
10대에	2
10만년	2
10분에	2
10승은	2
10시께	2
10억이상	2
10여개	2
10여건	2
10여곳	2
10여차례	2
10월로	2
10월말	2
10월에	2
10일부터	2
10점	2
10조7천억원	2
10종목	2
10차례	2
10초	2
10타수	2
10홈런	2
110만	2
110승째	2
110여명	2
110여점	2
114억	2
1150원	2
116세	2
118억원	2
119만9천원	2
11경기	2
11계단	2
11곳	2
11명과	2
11살	2
11월부터	2
11점	2
11조원	2
11편	2
120년	2
120만	2
120억	2
120주년	2
122석	2
125억원	2
125억원에	2
12가지	2
12개국	2
12건	2
12곳	2
12년간	2
12년연속	2
12로	2
12만2천원	2
12만원	2
12배	2
12시간	2
12일까지	2
12일부터	2
12점	2
12조	2
12편	2
1300원	2
130만	2
130만대	2
130억원	2
130여명	2
130주년	2
1314일	2
135만원	2
13개팀	2
13년만에	2
13도	2
13득점	2
13억	2
13억원에	2
13위	2
13총선	2
13편	2
142곳	2
144명	2
147명	2
149억원	2
14개월	2
14건	2
14년만에	2
14득점	2
14번째	2
14세	2
14승	2
14연패	2
14일만에	2
14탈삼진	2
14호	2
150mm	2
150년	2
150만명	2
150만원	2
154억원	2
154인의	2
155억원	2
15경기	2
15년9개월만에	2
15년만에	2
15년째	2
15득점	2
15배	2
15승	2
15억명	2
15연패	2
15인	2
15조	2
15주년	2
15호골	2
160여명	2
16구	2
16년만에	2
16만명	2
16만원	2
16세기	2
16시간	2
16안타	2
16억	2
16연승	2
178억원	2
17경기	2
17곳	2
17년만에	2
17도	2
17만명	2
17만원	2
17명으로	2
17분	2
17순위로	2
17연승	2
17조	2
180건	2
180억	2
180억원	2
1850선	2
1870선	2
18대	2
18망언	2
18살	2
18억원	2
18연승	2
18월	2
18위	2
18은	2
18일까지	2
18일부터	2
18편	2
18홈런	2
1948년	2
195호	2
1960년대	2
1970년대	2
1970선	2
1980선	2
1989년	2
1994년	2
19득점	2
19세기	2
19시	2
19위	2
19일까지	2
19일부터	2
19점차	2
19조원	2
1개당	2
1개월	2
1경기차	2
1골1도움	2
1곳은	2
1권도	2
1년4개월	2
1년6개월	2
1년도	2
1년전	2
1년째	2
1노조	2
1당이	2
1대주주	2
1루	2
1만1천원	2
1만3천	2
1만3천명	2
1만8천명	2
1만가구	2
1만개	2
1만여	2
1만여가구	2
1만여명	2
1만원대	2
1면	2
1명은	2
1박2일	2
1번지	2
1분기까지	2
1분기도	2
1분기부터	2
1분기에도	2
1분기에만	2
1사	2
1세	2
1스마트폰	2
1시간여	2
1억8천만원에	2
1억달러	2
1월에	2
1인극	2
1인시위	2
1조2천억	2
1조2천억원	2
1조4천억	2
1조7천억	2
1조8천368억원	2
1조달러	2
1주만에	2
1주일간	2
1차전에서	2
1차투표	2
1천100억원	2
1천200억원	2
1천211억	2
1천300명	2
1천430억원	2
1천49억원	2
1천500원	2
1천5억원	2
1천706억원	2
1천996억원	2
1천년	2
1천만t	2
1천만달러	2
1천만뷰	2
1천억원대	2
1천원씩	2
1패로	2
1편	2
2005년	2
200가구	2
200대	2
200만원	2
200번째	2
200승	2
200장	2
200조	2
200탈삼진	2
200홈런300도루	2
2017년형	2
2018년도	2
2019년은	2
2020년부터	2
2020년엔	2
2020년형	2
2021년도	2
2029년	2
2030대	2
2060선	2
209억원	2
20gb	2
20t	2
20개국	2
20개월만에	2
20경기	2
20골	2
20년만의	2
20대가	2
20돌	2
20만대	2
20만장	2
20번	2
20살	2
20시	2
20여년	2
20여년만에	2
20위	2
20일에도	2
20호	2
20회	2
2120대로	2
2120선	2
2160선	2
2180선	2
21개	2
21도	2
21도움	2
21로	2
21호	2
21호골	2
2200대	2
2220대	2
2220선	2
2223일	2
2224일	2
2280대	2
2280선	2
2290선	2
22개	2
22득점	2
22분	2
22연패	2
22일까지	2
22편	2
2300선	2
2310선	2
235달러에	2
2360대로	2
238명	2
23곳	2
23년만에	2
23도	2
23만9천원	2
23만원	2
23시	2
23점차	2
23초에	2
23회	2
2425일	2
2426일	2
243억원	2
2440선	2
2450선	2
2460선	2
2480대	2
2480선	2
248억	2
24곳	2
24만7천원	2
24만명	2
24만원대	2
24분	2
24세	2
24억원	2
24위	2
24조원	2
2500선	2
250골	2
250년	2
250만	2
250조원	2
256gb	2
25t	2
25개사	2
25곳	2
25만원	2
25세	2
25일만에	2
25조원	2
26개국	2
26개사	2
26분	2
26일까지	2
26주기	2
272명	2
27개동	2
27세	2
28라운드	2
28만원대	2
28억	2
28억원	2
28조원	2
28종	2
29개월	2
29득점	2
29세	2
29조원	2
29주년에	2
2g폰	2
2경기서	2
2금융권	2
2금융권부터	2
2급	2
2년6개월	2
2년새	2
2년여만에	2
2년째	2
2도움	2
2돌	2
2등급	2
2루타로	2
2리바운드	2
2마리	2
2만1천가구	2
2만5천명	2
2만가구	2
2만대	2
2만원	2
2만원대	2
2명만	2
2명으로	2
2명은	2
2무	2
2배종합	2
2분	2
2분기부터	2
2삼진	2
2세대	2
2세트	2
2시30분	2
2실점홈런성	2
2심서	2
2억2천만원	2
2억6천만원	2
2억대	2
2연패에	2
2월1일부터	2
2월까지	2
2월말	2
2월부터	2
2일차	2
2점대	2
2점포	2
2조1천억원	2
2조2천억	2
2조6천억	2
2조원대	2
2주내	2
2주후	2
2차공격	2
2차장	2
2차전도	2
2천146억원	2
2천150만대	2
2천223억원	2
2천568억원	2
2천700만원	2
2천800억원	2
2천대	2
2천만	2
2천억원대	2
2천억원에	2
2천여명	2
2천원	2
2천조	2
2천조원	2
2층	2
2층버스	2
2호골	2
2호기	2
2회전	2
300곳	2
300만대	2
300여개	2
300여곳	2
300조원	2
300편	2
30년새	2
30년이	2
30년전	2
30돌	2
30마리	2
30만	2
30승	2
30억	2
30점차	2
30조원	2
30주기	2
30호	2
316억원	2
31년	2
31위	2
31일부터	2
31호포	2
32강서	2
32개	2
32개팀	2
32년	2
32도	2
32억원	2
32이닝서	2
330년전	2
33년	2
33만명	2
34개국	2
34명	2
34조원	2
34회	2
350만	2
352억원	2
357억원	2
360만명	2
36만	2
36억원	2
36일	2
37명	2
37세	2
37억	2
37억원	2
38득점	2
38만명	2
38억원	2
39광년	2
3d센서	2
3d프린터	2
3k	2
3m	2
3개월로	2
3개월째	2
3개인	2
3개주	2
3경기만에	2
3곳꼴	2
3관왕	2
3국회의원	2
3년3개월	2
3년7개월	2
3년8개월	2
3년만	2
3년물은	2
3년전	2
3년차	2
3년후	2
3달러	2
3당체제	2
3대1	2
3도종합	2
3득점	2
3리바운드	2
3만대	2
3만원	2
3만장	2
3만점	2
3만호	2
3명에	2
3박	2
3방으로	2
3번타자	2
3보	2
3부	2
3부자	2
3부작	2
3블록슛	2
3살	2
3승째	2
3안타2볼넷	2
3억5천만원	2
3억원	2
3연승종합	2
3연전에서	2
3연타석	2
3월초	2
3위는	2
3위종합	2
3인의	2
3일까지	2
3일째	2
3자신고	2
3조원대	2
3종목	2
3주기	2
3주차에	2
3차원으로	2
3차전은	2
3천400억원	2
3천700억원	2
3천개	2
3천년	2
3천원	2
3쿼터	2
3쿼터만	2
3타자	2
3피안타	2
3피홈런	2
3형제	2
3호기	2
400승	2
400여	2
400조	2
404개	2
40개국서도	2
40년만에	2
40달러대	2
40대가	2
40만원대	2
40분간	2
40여명으로	2
41개국	2
41로	2
41만5천원	2
42개	2
42년	2
42점	2
430억원	2
432억원	2
43만3천400원	2
444억	2
44만명	2
44일간	2
450개	2
450명	2
45년	2
45년만에	2
45만명	2
46만원	2
46일	2
476억원	2
47만건	2
47명	2
47억원	2
47점	2
489만채	2
48만	2
48명	2
48시간	2
49곳	2
49만9천여대	2
49호	2
4g	2
4m	2
4가지	2
4강전	2
4개섬	2
4경기서	2
4곳서	2
4년만	2
4당	2
4당체제	2
4만명	2
4명꼴	2
4명에	2
4명의	2
4방으로	2
4배로	2
4번째로	2
4분기는	2
4삼진	2
4선	2
4세대	2
4시간만에	2
4시즌	2
4안타로	2
4억달러	2
4연속	2
4인	2
4조6천억	2
4주년	2
4차산업혁명위	2
4차전은	2
4천199억원	2
4천500명	2
4천500홈런	2
4천만달러	2
4천만원	2
4천억	2
4천억달러	2
4천억원	2
4총사	2
4출루	2
4타점	2
500골	2
500년	2
500만t	2
500만대	2
500명까지	2
500승	2
500일	2
500호골	2
500홈런	2
506억원	2
50경기	2
50년사	2
50도	2
50만부	2
50만원대	2
50세	2
50억	2
50여	2
50인	2
50일	2
50일만에	2
50층	2
51채	2
52조원	2
538억원	2
53곳	2
53위	2
54개	2
54회	2
56명	2
56억원	2
57명	2
58만명	2
58억원	2
599억원	2
59명	2
5gbps	2
5g가	2
5g고객	2
5g기술	2
5g기지국	2
5g에	2
5g용	2
5g커넥티드	2
5g테마파크	2
5g폰으로	2
5개국에	2
5개사	2
5개월간	2
5개월째	2
5경기서	2
5경기에	2
5곳은	2
5권	2
5기	2
5년여간	2
5리바운드	2
5만여명	2
5명중	2
5방	2
5배로	2
5밴드	2
5부리그	2
5분내	2
5선발	2
5세	2
5세대	2
5승째	2
5억4천만년전	2
5억달러	2
5연속	2
5연승종합	2
5월까지	2
5월말	2
5월에도	2
5월의	2
5월초	2
5인	2
5인치	2
5일장	2
5자회담	2
5천300만원	2
5천건	2
5천만	2
5천원으로	2
5출루	2
600승	2
600억	2
600주년	2
60cm	2
60mm	2
60개	2
60달러	2
60여개국	2
60여시간	2
60점	2
60조	2
61세	2
61주년	2
62분	2
64강	2
64명	2
65명	2
66년	2
66억원	2
67세	2
69일만에	2
6강행	2
6개국서	2
6개사	2
6경기서	2
6골	2
6년만	2
6득점	2
6득점으로	2
6리바운드	2
6배로	2
6분기	2
6석	2
6시간	2
6시즌째	2
6억	2
6억5천만원	2
6억원	2
6원	2
6월국회	2
6월말	2
6월에만	2
6월은	2
6월초	2
6인치	2
6자	2
6조원	2
6주째	2
6척	2
6타점	2
6호기	2
700만	2
700만명	2
700명	2
70년만에	2
70돌	2
70만	2
70만원	2
70명	2
70위	2
70점	2
711억원	2
726억원	2
72억에	2
737맥스8	2
75t	2
75명	2
75점	2
77만원	2
78세	2
78호	2
79만9천원	2
79분	2
7가지	2
7개사	2
7건	2
7급	2
7기	2
7대1	2
7만원	2
7명의	2
7번	2
7분	2
7분기	2
7시30분	2
7시즌	2
7월에만	2
7월초	2
7위로	2
7인	2
7일만에	2
7일부터	2
7전	2
7조원	2
7주년	2
7주째	2
7중	2
7천만원	2
800억	2
80개	2
80경기	2
80년	2
80여명	2
82세	2
83개	2
83억원	2
84명	2
85명	2
85억원	2
867경기	2
87년	2
87조	2
89만1천원	2
8cm	2
8gb	2
8t	2
8개월새	2
8경	2
8년간	2
8년째	2
8독립선언의	2
8만명	2
8석	2
8선	2
8억	2
8억달러	2
8월에	2
8월의	2
8일까지	2
8일째	2
8점	2
8주째	2
8천600명으로	2
8천건	2
8천만	2
8천만달러에	2
8천만원	2
8천명	2
8편	2
8호골은	2
900원	2
90년	2
90만명	2
90만원	2
90만원대	2
90일	2
90점	2
915억원	2
94억원	2
950억원	2
95억원	2
98골	2
98억원	2
98원	2
99년	2
99년생	2
99번	2
99억원	2
9개월내	2
9개월째	2
9거래일째	2
9건	2
9년간	2
9년만에	2
9만명	2
9명으로	2
9명이	2
9분만에	2
9억	2
9원	2
9월15일	2
9월말	2
9월엔	2
9인의	2
9일까지	2
9일만에	2
9절	2
9조원	2
9차례	2
9천명	2
9패	2
9편	2
a7	2
aa로	2
abs	2
acl행	2
adt캡스	2
afd	2
afp	2
ag대표팀	2
ag축구	2
ai리서치센터	2
ai센터장	2
ai의	2
ai칩	2
aj렌터카	2
anc	2
ap통신	2
ar로	2
ar쇼핑	2
as	2
asf	2
atm	2
att와	2
a대표팀	2
a에	2
b2c	2
band	2
be	2
big	2
bj	2
bmw코리아	2
brt	2
b조	2
b팀	2
ceo가	2
ceo는	2
cj오쇼핑	2
cj프레시웨이	2
cnbc	2
co	2
com	2
csis	2
cto	2
c조	2
d100	2
d20	2
d9	2
db손해보험	2
db에	2
dlf사태	2
dms	2
dmz에	2
dsc인베스트먼트	2
dsr규제	2
d조	2
elb	2
emmou	2
eng	2
enm에	2
epa	2
epl서	2
es	2
esg등급	2
espn의	2
etp	2
eu서	2
eu집행위원장	2
eu탈퇴	2
f1머신	2
farc	2
fa자격	2
fc바르셀로나의	2
ffp	2
fhd	2
fido	2
fifa에	2
fiu	2
for	2
fx2	2
g100	2
g2	2
g20서도	2
g20에	2
g2무역분쟁	2
g6보다	2
g8x	2
gbc	2
ge	2
gk	2
gmo	2
go	2
gp철수	2
gsma	2
gs글로벌	2
gs칼텍스의	2
g메일	2
g조	2
hdc	2
hdr	2
hsd엔진	2
ib	2
icc중재서	2
icj	2
ict결산	2
ie	2
ifa에	2
ihq	2
im	2
imf와	2
imf총재	2
in	2
inf조약	2
isis	2
ismsp	2
is격퇴	2
is는	2
is선전요원	2
it기반시설	2
it기술	2
it매체들	2
it시스템	2
job스타	2
jp	2
jp모건	2
jsa	2
k10	2
k3	2
k3리그	2
kait	2
kbop	2
kbo총재	2
kbs도	2
kbs미디어	2
kbs진미위	2
kbs클래식fm	2
kb손보에	2
kb운용	2
kb투자증권	2
kcc건설	2
kdb생명에	2
kdb생명은	2
kddi에	2
keb하나	2
kfa	2
kg이니시스	2
kia와	2
kict	2
kkk	2
kotc	2
kovo컵서	2
ktlgu	2
kt금호고속	2
kt는	2
kt롯데닷컴	2
kt부스	2
kt안랩	2
kt에서	2
kt엠하우스	2
kt의	2
kt인텔	2
kt중계망	2
kt텔레캅	2
kt홍보관	2
k뮤지컬	2
k뷰티	2
k시리즈	2
k팝의	2
la다저스	2
la레이커스	2
la타임스	2
lgu에	2
lg그룹	2
lg상사	2
lg스마트폰	2
lg와	2
lg워치	2
lg유플러스네이버	2
lg유플러스도	2
lpg	2
ls전선	2
lte보다	2
lte의	2
lte폰	2
lte폰이	2
m5	2
mb16ac	2
mba	2
mcn	2
mdl서	2
mlb개막	2
mlb서	2
mmorpg	2
mmt	2
mou체결	2
msci	2
mts	2
mvp도	2
mwc서도	2
m모바일	2
nba에	2
nba에서	2
nbp	2
nc다이노스와	2
nc에	2
nc와	2
nc전	2
nc행	2
nfl	2
nhn고도	2
nhn엔터테인먼트	2
nh농협	2
nh농협금융	2
nsa	2
nsc서	2
n페이	2
o	2
oana상	2
oas	2
okc에	2
oled디스플레이	2
oled화면	2
or	2
ost	2
p10	2
p20프로	2
pc로	2
pk골	2
po서	2
pp업계	2
psg에	2
psg와	2
q	2
q6	2
q8	2
qled	2
qs에	2
q스타일러스로	2
rfhic	2
rp	2
rpg	2
s400은	2
s500	2
sci와	2
se	2
sf소설	2
sf전서	2
sh공사	2
sh수협은행	2
sh홀딩스	2
skt는	2
skt도	2
skt비스텔	2
skt서	2
skt에	2
skt에릭슨	2
skt와	2
skt통인익스프레스	2
sk그룹	2
sk루브리컨츠	2
sk바이오랜드	2
sk종합화학	2
sk컴즈	2
sk텔레콤과	2
sk플래닛	2
sk하이닉스와	2
sm6	2
soc	2
soc예산	2
son	2
stx엔진	2
stx중공업	2
s펜으로	2
s펜이	2
t	2
t2	2
t3	2
tdf	2
teb	2
tk의원	2
tn안심	2
tta	2
tv광고	2
tv까지	2
tv서	2
tv쇼	2
t로밍	2
t전화	2
t전화에	2
t페이	2
u12	2
u23팀	2
ubc울산방송	2
ucc	2
ucla	2
uefa챔피언스리그	2
ufg는	2
ufg연습	2
ufo	2
ui	2
un	2
ustr	2
u로드	2
u멤버스	2
u사장님패키지	2
u알뜰모바일	2
u와이파이쏙	2
v	2
v10	2
v20	2
v30s씽큐로	2
v30에	2
vip	2
vnl서	2
vr이	2
vw	2
v낸드	2
v시리즈	2
w	2
wbsc	2
who에	2
wifi	2
wifi도	2
wiset	2
ws우승	2
x4	2
x400	2
x500	2
xs	2
xz1	2
xz2	2
xz3	2
y2k	2
y6	2
y수능	2
z	2
zips	2
가거도	2
가격도	2
가격차	2
가결시	2
가계부채대책	2
가고시마	2
가교역할	2
가깝게	2
가깝고	2
가네다	2
가늠할	2
가능성속보	2
가능성종합3보	2
가능하지만	2
가능한지	2
가능해져	2
가능했다	2
가닥종합	2
가담한	2
가동률	2
가량	2
가려진	2
가로막고	2
가로수	2
가로채	2
가리는	2
가마솥더위	2
가문의	2
가물가물	2
가벼워	2
가보고	2
가보니	2
가볼	2
가빈의	2
가산금리	2
가상대결서	2
가상현실로	2
가서	2
가서명	2
가석방	2
가솔린	2
가스공사	2
가스관	2
가스시추	2
가승인	2
가시마에	2
가시밭	2
가시밭길	2
가압류	2
가액기준	2
가야종합	2
가야죠	2
가열종합	2
가오슝	2
가을로	2
가을을	2
가을의	2
가을이	2
가을장마	2
가을하늘	2
가이	2
가입액	2
가입자도	2
가입자에	2
가자고요	2
가전	2
가정에	2
가정용	2
가져	2
가져오라	2
가족결합	2
가족에	2
가족여행	2
가족펀드	2
가족회사	2
가중처벌	2
가짜뉴스는	2
가짜뉴스에	2
가축전염병	2
가출	2
가치에	2
가평에	2
각료	2
각별히	2
각양각색	2
각의서	2
각인	2
각자도생	2
각지에	2
간다종합	2
간병살인	2
간신히	2
간암	2
간접광고	2
간접영향	2
간접투자	2
간편이체	2
간편한	2
간호사	2
간호사에	2
간호장교의	2
갈라	2
갈라지고	2
갈라진	2
갈라타사라이	2
갈랐다	2
갈랜드	2
갈려	2
갈린다	2
갈맷길	2
갈증	2
갈취	2
갈치	2
갈팡질팡	2
감격의	2
감귤	2
감당	2
감독께	2
감독들의	2
감독을	2
감독종합	2
감독체계	2
감동을	2
감마누	2
감미료	2
감사인사	2
감사장	2
감사편지	2
감사한	2
감산	2
감성은	2
감세	2
감소로	2
감소에	2
감소율	2
감소한	2
감시강화	2
감시망	2
감시중	2
감시초소	2
감안해	2
감염자	2
감원키로	2
감자로	2
감지종합	2
감찰대상	2
감찰유출	2
감축종합	2
감축할	2
감행	2
감행한	2
감회가	2
갑시다	2
갑자기	2
갑작스러운	2
갑절로	2
값진	2
갓	2
강간	2
강간미수	2
강경론	2
강경론자	2
강경발언	2
강경보수	2
강경진압	2
강경투쟁	2
강공	2
강구해야	2
강규형	2
강기윤	2
강남3구	2
강남4구	2
강남idc	2
강남역	2
강달러	2
강력규탄	2
강력반발종합	2
강력해진	2
강릉단오제	2
강릉의	2
강변	2
강서구	2
강석주	2
강성일	2
강성형	2
강세장	2
강수량도	2
강수량은	2
강스템바이오텍	2
강승호	2
강아정	2
강원cbs	2
강원국제비엔날레	2
강원기자협회	2
강원도민일보	2
강원도민일보사	2
강원도의	2
강원영동	2
강원전서	2
강원지역	2
강은경	2
강정	2
강정호와	2
강제송환	2
강제집행	2
강조하며	2
강진으로	2
강철서신	2
강풍경보	2
강풍으로	2
강하고	2
강화된	2
강화방안	2
강화하겠다	2
강화하나	2
강화하는	2
같았다	2
같은데	2
개각카드	2
개각폭	2
개강	2
개구리	2
개념은	2
개도국에	2
개띠	2
개막전에	2
개발도	2
개발사업	2
개발은	2
개발의지	2
개발자들	2
개발자와의	2
개발자용	2
개발자회의	2
개발한다	2
개별주택	2
개선계획	2
개선으로	2
개선종합2보	2
개선키로	2
개선하겠다	2
개선해	2
개선해야	2
개소식	2
개업	2
개요	2
개원연설서	2
개인비서	2
개인상	2
개인에	2
개인정보법	2
개인타이틀	2
개인통산	2
개입설	2
개입은	2
개입한	2
개장종합	2
개정은	2
개진	2
개최국	2
개최에	2
개통하겠다	2
개통한	2
개통행사	2
개편대회	2
개편에	2
개편종합	2
개포주공8	2
개학	2
개항	2
개헌세력	2
개헌에	2
개헌초안	2
개혁개방	2
개혁위	2
갤s7이	2
갤s8로	2
갤s8에	2
갤s8플러스	2
갤노트	2
갤노트5도	2
갤럭시a5	2
갤럭시a50	2
갤럭시a7	2
갤럭시a80	2
갤럭시a9	2
갤럭시m	2
갤럭시s8도	2
갤럭시s8종합	2
갤럭시노트10	2
갤럭시와이드3	2
갤럭시폴드로	2
갤럭시홈	2
갤폴드	2
거기	2
거는	2
거닐며	2
거두겠다	2
거듭나야	2
거듭난	2
거듭된	2
거래규모	2
거래금액	2
거래에	2
거래일	2
거래정지	2
거론종합	2
거리두기종합	2
거리축제	2
거리행진	2
거물들	2
거물들이	2
거부종합	2
거부하면	2
거부하자	2
거부한	2
거북이걸음	2
거수	2
거수경례	2
거수기	2
거인	2
거장들	2
거장을	2
거장의	2
거절당해	2
거점국	2
거제	2
거주지	2
거창국제연극제를	2
거창군수	2
거취는	2
거품	2
거행	2
걱정반	2
건강문제	2
건강상태	2
건강에	2
건강정보	2
건강하게	2
건국대	2
건국언론인상	2
건국절	2
건너갔다	2
건다	2
건배	2
건보료	2
건설계약	2
건설노조	2
건설현장	2
건에	2
건져	2
건조한	2
건축이	2
걷기여행축제	2
걷는다	2
걷었다	2
걷자	2
걷혔다	2
걸그룹	2
걸러낸다	2
걸을	2
걸작	2
걸프를	2
걸프서	2
걸프해역서	2
검경수사권	2
검문소서	2
검사장	2
검사장비	2
검색결과	2
검색과	2
검색기능	2
검시관	2
검열단	2
검열에	2
검은색	2
검찰개혁법안	2
검찰과거사위	2
검찰로	2
검찰은	2
검토에	2
검토의견	2
검토하고	2
겁니다	2
겁박	2
것2보	2
것과	2
것들은	2
것들의	2
것보다	2
게릴라	2
게바라	2
게시물	2
게양	2
게이고	2
게이클럽	2
게임방송인이	2
게임은	2
게임정보	2
겨냥해	2
겨눈	2
겨레말큰사전	2
겨울방학	2
겨울비	2
겨울아	2
겨울에	2
겨울여행	2
겨울왕국	2
겨울을	2
격렬	2
격전	2
격전장	2
격전지를	2
격추된	2
격추한	2
격한	2
견뎌야	2
견디는	2
견우직녀	2
견원지간	2
견인종합2보	2
견제용	2
견학	2
결과도	2
결과발표	2
결과서	2
결단에	2
결렬에	2
결론서도	2
결론은	2
결론종합	2
결별할	2
결산법인	2
결승골로	2
결승서	2
결승점	2
결실	2
결심	2
결연히	2
결의문	2
결의안에	2
결전의	2
결정이란	2
결정종합2보	2
결정타	2
결정해야	2
결정했다	2
결정후	2
결제금액	2
결제기	2
결제시	2
결제액	2
결합해	2
겸	2
겸업	2
경감방안	2
경계감	2
경계심	2
경계심리	2
경계태세	2
경고에도	2
경고종합2보	2
경고할	2
경관에	2
경기교육청	2
경기남부청장	2
경기당	2
경기력향상위원장	2
경기방송몽골	2
경기부터	2
경기에서도	2
경기우려	2
경기일보	2
경기지표	2
경기회복	2
경남교육청	2
경남서	2
경남소식	2
경남신문	2
경남에	2
경남에너지	2
경남지사	2
경내에	2
경력채용	2
경례받는	2
경로로	2
경매가	2
경매로	2
경미	2
경보는	2
경보종합	2
경북에	2
경선서도	2
경신리얼미터	2
경신할까	2
경애의	2
경영분쟁	2
경영악화	2
경영전략회의	2
경영정상화	2
경영혁신	2
경우의	2
경의선	2
경쟁으로	2
경쟁종합	2
경쟁하려면	2
경쟁해야	2
경전철	2
경제가	2
경제개발	2
경제걸림돌	2
경제기조	2
경제난에	2
경제는	2
경제법안	2
경제분야	2
경제사절단	2
경제산업상	2
경제의	2
경제지원	2
경제활동	2
경제회복	2
경주한수원	2
경진대회서	2
경질에도	2
경착륙	2
경찰의	2
경총회장	2
경험을	2
경험하고	2
경험하는	2
경험한	2
경호원	2
경희궁	2
계곡마다	2
계곡으로	2
계기되길	2
계량기	2
계룡산	2
계산	2
계속하면	2
계승한	2
계약은	2
계약종합	2
계약하고	2
계약해지종합	2
계엄	2
계엄사	2
계열사간	2
계열사에	2
계층	2
계파청산	2
고가요금제	2
고가주택	2
고가주택대출	2
고가폰	2
고객도	2
고객사	2
고객이	2
고고학	2
고교서	2
고귀한	2
고도화로	2
고도화사업	2
고독사	2
고등군사법원장	2
고등부	2
고려종합	2
고려하지	2
고령층	2
고르기	2
고르바초프	2
고리	2
고립주의	2
고무된	2
고무적	2
고문으로	2
고미술	2
고민하는	2
고발영화	2
고발장	2
고발한다	2
고별	2
고분군	2
고비마다	2
고사총	2
고산병	2
고선웅	2
고성군	2
고소득	2
고소종합	2
고소한	2
고속도로는	2
고수냐	2
고심중	2
고심하는	2
고양서	2
고양이들	2
고양이와	2
고온현상	2
고용승계	2
고용지원금	2
고용진	2
고용창출	2
고운	2
고위층	2
고육책	2
고의4구	2
고인	2
고장난	2
고재호	2
고정간첩	2
고정관념	2
고종이	2
고집	2
고참	2
고척	2
고체	2
고추는	2
고층빌딩	2
고치기	2
고친다	2
고통을	2
고통의	2
고학찬	2
고향에	2
고흐	2
고흥	2
곡성	2
곤경에	2
골든	2
골든글러브	2
골든브릿지증권	2
골든슈	2
골든스테이트클리블랜드	2
골든아워	2
골디락스	2
골맛	2
골머리	2
골목	2
골몰	2
골밑	2
골장면	2
골절상	2
골치	2
골프장서	2
곰돌이	2
곳은	2
공간에	2
공개강좌	2
공개돼	2
공개면접	2
공개적	2
공개채용	2
공개테스트	2
공개토론	2
공개토론회	2
공개하는	2
공개한	2
공개한다	2
공개합니다	2
공개활동	2
공격력	2
공격받는	2
공격받은	2
공격에도	2
공격임박	2
공격적으로	2
공격종합	2
공격한	2
공공기관장	2
공공도서관	2
공공성	2
공공연구노조	2
공공연구성과	2
공공연한	2
공공외교법	2
공공임대	2
공공장소	2
공공재	2
공군기지서	2
공금	2
공기계	2
공기를	2
공기청정기	2
공덕	2
공동발의	2
공동보도문	2
공동선언문	2
공동성명서	2
공동순찰	2
공동심포지엄	2
공동운명체	2
공동운영센터	2
공동입장	2
공동주택용지	2
공동체기반조성국	2
공동캠페인	2
공동투자	2
공동행사	2
공들이는	2
공랭식	2
공로자에게	2
공모가는	2
공모가보다	2
공모액	2
공무원시험	2
공방에	2
공부의	2
공사도	2
공산	2
공산주의	2
공소장에	2
공수처는	2
공수처법안	2
공시법인	2
공시의무	2
공시제도	2
공시할	2
공식사과	2
공식선거운동	2
공식운동	2
공식적으로	2
공식출시	2
공식후원	2
공실	2
공약에	2
공에	2
공연까지	2
공연에	2
공연예술가	2
공연인데	2
공연장으로	2
공연팀	2
공예	2
공유업체	2
공이	2
공익광고	2
공익법인	2
공적	2
공정경제	2
공정보도	2
공조방안	2
공조종합	2
공조체제	2
공중목표	2
공짜종합	2
공천파동	2
공터에서	2
공통기준	2
공포에	2
공포정치	2
공항은	2
공항철도	2
공해로	2
공화경선	2
공화당까지	2
과감히	2
과거와는	2
과금	2
과기처장관	2
과다	2
과다청구	2
과달라하라	2
과도통치기구	2
과로	2
과부하	2
과세해야	2
과속	2
과속으로	2
과수학연구소	2
과시에	2
과시종합	2
과시종합2보	2
과시한	2
과실이	2
과이도는	2
과잉공급	2
과잉진압	2
과자	2
과장광고	2
과정에	2
과정의	2
과제로	2
과제에	2
과천	2
과천과학관서	2
과학기술로	2
과학기술원	2
과학기술유공자	2
과학기술을	2
과학기술인공제회	2
과학기술자문회의	2
과학기술장관회의	2
과학기술정책	2
과학기술혁신본부장	2
과학기술혁신역량	2
과학기자협회	2
과학논문	2
과학성과	2
과학영재	2
과학이	2
과학인물에	2
과학장학생	2
과학적	2
곽명우	2
곽빈	2
곽승석	2
관계기관	2
관계도	2
관계로	2
관계없이	2
관계에	2
관계자들	2
관광객들	2
관광객으로	2
관광객이	2
관광상품	2
관광업계	2
관광업계에	2
관광청	2
관람으로	2
관련설	2
관례	2
관리비도	2
관리실태	2
관리에	2
관리책임	2
관리한다	2
관망	2
관사	2
관세율	2
관세인상	2
관세청	2
관세협상	2
관심사	2
관심사는	2
관심없다	2
관악	2
관제	2
관제시스템	2
관중들	2
관중석	2
관중에	2
관중에게	2
관측도	2
관측사상	2
관측이래	2
관측종합	2
관측종합2보	2
관타나모	2
관훈언론상	2
광각	2
광고대상	2
광고로	2
광고모델	2
광고보이콧	2
광고사업	2
광고상	2
광고판에	2
광고회사	2
광기의	2
광대역	2
광동제약	2
광란	2
광명성	2
광물	2
광복의	2
광복절에	2
광산서	2
광속	2
광안대교	2
광역	2
광역시	2
광장에서	2
광주교통방송	2
광주는	2
광주로	2
광주세계수영	2
광주세계수영선수권대회	2
광주시에	2
광주에서	2
광주지역	2
광촉매	2
광통신	2
광폭행보종합	2
광화문글판	2
괜찮다	2
괜찮아요	2
괜찮은	2
괭생이모자반	2
괴력의	2
괴로운	2
괴롭힘	2
괴한에	2
괴한이	2
굉장히	2
교과서의	2
교대생	2
교도관	2
교두보	2
교류와	2
교류의	2
교류증진	2
교류협력	2
교문위원들	2
교복	2
교비로	2
교수가	2
교양서	2
교역확대	2
교원그룹	2
교육격차	2
교육생들	2
교육장	2
교육정책	2
교육청	2
교육콘텐츠	2
교전으로	2
교차	2
교착	2
교통단속	2
교통지옥	2
교환품	2
교황청에	2
교회를	2
구	2
구경꾼	2
구광모	2
구글도	2
구글이	2
구글홈에서도	2
구금시설	2
구내식당	2
구내식당서	2
구대성	2
구동하는	2
구라모토	2
구룡포	2
구리	2
구매의사	2
구매자에	2
구멍뚫린	2
구명조끼	2
구병모	2
구사	2
구상은	2
구설수	2
구성에	2
구승민	2
구원투수	2
구제안	2
구조개혁	2
구조변화	2
구조조정도	2
구조종합	2
구조종합2보	2
구조활동	2
구종	2
구주주청약	2
구찌	2
구창모	2
구체방안	2
구체조치	2
구체화	2
구축함	2
구테헤스	2
구테흐스	2
구한	2
구할	2
구했다	2
구현모	2
구현에	2
구형종합	2
구형폰	2
구호식량	2
국	2
국가공무원	2
국가균형발전	2
국가기관	2
국가기구	2
국가기밀	2
국가는	2
국가대표팀에	2
국가만	2
국가서	2
국가신용등급	2
국가안보보좌관	2
국가예산지출	2
국가위기	2
국가재난사태	2
국가전략프로젝트	2
국가조찬기도회	2
국가품질경영대회서	2
국감도	2
국감장에	2
국경경비병	2
국경과	2
국경문제	2
국경없는	2
국경없는의사회	2
국경지역	2
국군포로	2
국내도	2
국내보다	2
국내선	2
국내시장	2
국내연구진	2
국내요금	2
국내입항	2
국론결집	2
국립공원서	2
국립극장장	2
국립문화재연구소	2
국립전파연구원	2
국립중앙도서관	2
국립중앙의료원장	2
국립창극단	2
국면서	2
국무조정실	2
국무조정실장	2
국민경제자문회의	2
국민소득	2
국민소통수석	2
국민안전기술포럼	2
국민에게	2
국민연금공단과	2
국민연금기금	2
국민의당과	2
국민의당바른정당	2
국민의례	2
국민청원에	2
국민투표서	2
국민행복기금	2
국방망	2
국방백서	2
국방부장	2
국방차관	2
국보법	2
국수	2
국악이	2
국영석유기업	2
국영석유사	2
국유부동산	2
국유화	2
국익에	2
국적자	2
국정기조	2
국정기획위	2
국정다잡기	2
국정목표	2
국정수습	2
국정에	2
국정연설	2
국정연설에	2
국정원장	2
국정원장과	2
국정현안점검	2
국정현안점검조정회의	2
국정협력	2
국정협조	2
국제과학기술경진대회서	2
국제규칙	2
국제기구	2
국제기구에	2
국제도서전	2
국제동맹군	2
국제마라톤대회	2
국제문제	2
국제유가에	2
국제유소년	2
국제유소년축구대회	2
국제인권단체	2
국제자금세탁방지기구	2
국제자산신탁	2
국제적십자에	2
국제전기통신연합	2
국제종합기계	2
국제콘퍼런스	2
국제표준규격	2
국제표준으로	2
국제한림원연합회	2
국제해저케이블	2
국제협력	2
국제화학올림피아드	2
국지도발	2
국지성	2
국채	2
국토위	2
국호변경	2
국회동의	2
국회법안	2
국회복귀	2
국회의장단	2
국회의장들	2
군국주의	2
군대	2
군무원	2
군부가	2
군부는	2
군부대에	2
군부와	2
군불	2
군비	2
군사강국	2
군사격	2
군사공격	2
군사긴장	2
군사시설	2
군사원조	2
군산경제	2
군산상고	2
군수지원협정	2
군시설	2
군에	2
군용기	2
군인들	2
군작전	2
군중	2
군중대회	2
군청색	2
군축	2
군항제까지	2
굳건	2
굳힌	2
굴	2
굴레	2
굴복	2
굵은	2
굿판	2
궁금증	2
궁장녹수전	2
궁중만찬	2
권경원	2
권고종합	2
권력서열	2
권력의	2
권력자	2
권리행사	2
권봉석	2
권순형	2
권역	2
권영민	2
권유	2
권의	2
권총	2
권칠승	2
궤멸종합	2
궤변종합	2
귀가	2
귀경객	2
귀성객	2
귀순병	2
귀신	2
규모종합	2
규슈	2
규정하며	2
규제방안	2
규제에	2
규칙	2
규탄결의안	2
규탄성명	2
규탄종합	2
규탄한다	2
균열조짐	2
그가	2
그건	2
그곳에	2
그나마	2
그날	2
그는	2
그늘	2
그대를	2
그들의	2
그래서	2
그래핀으로	2
그랜드백화점	2
그랜드뷰	2
그랩에	2
그렸죠	2
그루	2
그리스에	2
그리운	2
그리웠다	2
그리핀	2
그린다	2
그림에	2
그림으로	2
그림을	2
그림자금융	2
그만큼	2
그믐	2
그쳐선	2
그치자	2
극단선택	2
극단적	2
극심	2
극악한	2
극우인사	2
극장은	2
극적으로	2
극히	2
근간	2
근거없다	2
근거자료	2
근로계약	2
근로자에	2
근무제	2
근본	2
근본적으로	2
근절을	2
근처서	2
근현대사	2
글로벌기업	2
글로벌업체	2
금강산행사	2
금광	2
금리가	2
금리인하에	2
금리차	2
금메달로	2
금명	2
금명간	2
금물	2
금산	2
금성여자를	2
금융감독원	2
금융감독원장	2
금융감독원장에	2
금융개혁	2
금융민원	2
금융보안원	2
금융사업	2
금융산업	2
금융서비스	2
금융서비스도	2
금융소비자원	2
금융시스템	2
금융시스템에	2
금융업	2
금융연구원	2
금융의	2
금융인	2
금융재벌편	2
금융중심지	2
금융투자협회	2
금융투자협회장에	2
금지종합	2
금통위서	2
금할	2
금호아트홀이	2
급등세	2
급등종합	2
급락세	2
급류에	2
급변동시	2
급변사태	2
급선무	2
급속	2
급식	2
급유	2
급제동	2
급증세	2
급증하는	2
급진적	2
급행열차	2
급히	2
긋기	2
긍정적으로	2
긍정평가	2
긍지	2
기가레인	2
기가아이즈	2
기가지니2	2
기각종합	2
기간제법	2
기계	2
기계로	2
기계와	2
기관들	2
기관사	2
기관장	2
기관지	2
기권결정	2
기금운용본부	2
기기용	2
기내	2
기내식	2
기네스북	2
기념공연	2
기념사	2
기념사에	2
기념자료실	2
기념작	2
기념작품	2
기념품	2
기는	2
기니서	2
기다려야	2
기다려요	2
기다린다	2
기대종합2보	2
기독교가	2
기동훈련	2
기록의	2
기록적인	2
기류변화	2
기리며	2
기린은	2
기만	2
기반기술	2
기반으로	2
기발한	2
기보	2
기본계획	2
기본법	2
기본소득	2
기본적	2
기부액	2
기부자들과	2
기분이	2
기뻐하는	2
기쁘고	2
기쁘지만	2
기사는	2
기사배열	2
기상관측	2
기상악화	2
기상악화로	2
기성용도	2
기성용은	2
기성용의	2
기소는	2
기소종합	2
기소할	2
기술금융	2
기술기준	2
기술부문	2
기술상	2
기술설명회	2
기술에	2
기술영향평가	2
기술유출	2
기술혁신	2
기아	2
기억하시나요	2
기억해야	2
기업도시	2
기업지배구조	2
기업지배구조원	2
기업활력법	2
기업회생	2
기여한	2
기온변화	2
기울어	2
기자가	2
기자단과	2
기자들도	2
기자증	2
기자협회와	2
기장	2
기재	2
기재차관	2
기적적	2
기조실장	2
기조연설	2
기조연설하는	2
기존입장	2
기준으로	2
기준일	2
기타리스트	2
기폭장치	2
기프트	2
기하라	2
기후	2
기후기술	2
기후변화를	2
긱스	2
긴급비상대책위	2
긴급의제로	2
긴급의총	2
긴급자금	2
긴급점검	2
긴급착륙	2
긴급통화	2
긴박했던	2
긴축정책	2
길거리	2
길고	2
길놀이	2
길목에	2
길에	2
길은	2
김경협과	2
김경호	2
김광림	2
김광민	2
김광협문학상에	2
김금희	2
김기남	2
김기민	2
김기완	2
김기웅	2
김다솔	2
김도수	2
김도훈	2
김동식	2
김동연과	2
김동엽	2
김동훈	2
김명식	2
김민석	2
김민식	2
김범수	2
김병관	2
김병기	2
김병욱	2
김봉진	2
김사과	2
김석진	2
김선수	2
김선중	2
김성녀	2
김성동	2
김성우	2
김세연	2
김소니아	2
김수지	2
김수환	2
김승대	2
김승연	2
김양건	2
김여정과	2
김연경의	2
김영규	2
김영욱	2
김영준	2
김영춘	2
김영하는	2
김영한	2
김요한	2
김용균	2
김용균법	2
김용우	2
김용태	2
김윤	2
김인식	2
김일성광장서	2
김장	2
김장수	2
김재균	2
김재현	2
김재형	2
김재호	2
김정은오늘	2
김정일화	2
김정재	2
김제동	2
김종	2
김종서	2
김종필	2
김종학	2
김종호	2
김주영	2
김주원	2
김중식	2
김지한	2
김진규	2
김진섭	2
김창균	2
김창보	2
김창호	2
김천	2
김치프리미엄	2
김탁환	2
김태년과	2
김태연	2
김태영	2
김태흠	2
김포공항	2
김포시	2
김한숙	2
김한정	2
김해로	2
김현권	2
김현웅	2
김현철	2
김형	2
김형오	2
김혜순	2
김호길	2
김환기의	2
김황식	2
깊어진	2
깐깐하게	2
깨다	2
깨달은	2
깨뜨린	2
깨려해	2
깨자	2
깨지면	2
깼다	2
꺾였다	2
꼬리	2
꼬마	2
꼬이네	2
꼬인	2
꼬집는	2
꼭두	2
꼴찌의	2
꽃도	2
꽃보다	2
꽃시계	2
꽃이	2
꾸려	2
꾸미는	2
꿀맛	2
꿈같았던	2
꿈꾸다	2
끄고	2
끈	2
끊고	2
끊기고	2
끌리는	2
끌어올리겠다	2
끓은	2
끝나기	2
끝나는	2
끝나도	2
끝내기포	2
끝내야	2
끝내자	2
끝냈다	2
끝엔	2
끝으로	2
끝자락	2
끝판왕	2
끼쳐	2
나가	2
나겔스만	2
나경원과	2
나고	2
나고야서	2
나노물질	2
나노선	2
나누고파	2
나눔올스타	2
나눠준	2
나라가	2
나라나	2
나라다운	2
나라도	2
나라키움	2
나라현에서	2
나만	2
나머지	2
나미야	2
나부터	2
나비	2
나비축제	2
나비효과	2
나쁨종합	2
나서기로	2
나서나종합	2
나서달라	2
나서종합	2
나에	2
나오지	2
나온듯	2
나와요	2
나왔는데	2
나왔습니다	2
나이키	2
나이트에	2
나자르바예프	2
나전칠기	2
나진항	2
나침반	2
나카소네	2
나토의	2
나트륨	2
나포된	2
낙관론	2
낙관하지는	2
낙관할	2
낙뢰	2
낙서	2
낙선	2
낙엽	2
낙인	2
낙찰총액	2
낚시에	2
낚싯배	2
낚은	2
난기류	2
난다	2
난민구금시설	2
난민송환	2
난민시설	2
난민신청	2
난민에	2
난민은	2
난민표류	2
난색종합	2
난수	2
난적	2
난조	2
난처한	2
난항에	2
날개없는	2
날갯짓	2
날계란	2
날려라	2
날로	2
날리는	2
날린	2
날벼락	2
날씨에도	2
날아간	2
날인	2
날조	2
남겠다	2
남겨둔	2
남겨진	2
남고	2
남궁훈	2
남녀대표팀	2
남녀배구	2
남녀부	2
남녀부문	2
남녀분리	2
남는	2
남대서양	2
남도국악원	2
남동공단	2
남동부	2
남동부서	2
남들	2
남미순방	2
남미예선	2
남발	2
남부내륙	2
남부는	2
남부에	2
남북경협주	2
남북대결서	2
남북러	2
남북의	2
남북적십자회담	2
남북출입사무소	2
남북특위	2
남북한과	2
남북협력	2
남북회담	2
남산	2
남산서	2
남산예술센터	2
남상태	2
남성의	2
남성이	2
남아종합	2
남았는데	2
남원	2
남이	2
남자단체전	2
남자배구대표팀	2
남자에	2
남쪽서	2
남측수행원들과	2
남측예술단	2
남측이	2
남편과	2
남포항서	2
남학생	2
남한	2
남한전역	2
납북	2
납사	2
납세	2
납세자료	2
납치됐던	2
납치된	2
납치범죄와	2
납치한	2
낭독회	2
낭만과	2
낭만포차	2
낮고	2
낮다	2
낮추고	2
낮춰	2
낳았다	2
내건	2
내게	2
내구성	2
내기로	2
내년초	2
내놓아야	2
내놔라	2
내려놓기	2
내려놔야	2
내렸나	2
내렸던	2
내리며	2
내리면	2
내린다	2
내며	2
내밀한	2
내보내는	2
내보낸	2
내보자	2
내부문건	2
내부분열	2
내부정보	2
내심	2
내에	2
내에서도	2
내역	2
내연녀	2
내외와	2
내자	2
내전개입	2
내전사태	2
내정종합2보	2
내차	2
내치	2
낼까	2
냄새	2
냉가슴	2
냉각	2
냉기류	2
냉혹한	2
너구리	2
너를	2
너마저	2
너무한	2
너무해	2
너와	2
너울	2
넉달간	2
널뛰기	2
널뛰는	2
넓히기	2
넓힌다	2
넘겨종합	2
넘겼다	2
넘기	2
넘긴다	2
넘보지	2
넘어가	2
넘어간	2
넘어섰다	2
넘쳐나는	2
넛지	2
넛크래커	2
넛크랙커	2
넣겠다	2
넣는	2
넣어	2
넣어도	2
넣으면	2
넣을	2
네거티브	2
네버	2
네이마르바르사	2
네이버뮤직	2
네이버에	2
네이버와	2
네이버홍콩과기대	2
네이션스리그서	2
네이처리퍼블릭	2
네타냐후의	2
넥타이	2
노게임	2
노경은	2
노골적	2
노년층	2
노동교화형	2
노동당과	2
노동미사일	2
노동자가	2
노동자들	2
노동자상	2
노동절	2
노들섬	2
노란불	2
노란색	2
노랗게	2
노래방	2
노량진	2
노력에	2
노력종합	2
노렸다	2
노렸던	2
노로바이러스	2
노루	2
노르망디	2
노림수종합	2
노모	2
노무현재단이사장	2
노벨경제학상	2
노벨과학에세이대회	2
노벨물리학상	2
노벨화학상	2
노부부	2
노사협상	2
노숙	2
노예	2
노정희	2
노조활동	2
노트르담성당	2
노화로	2
노히트노런	2
녹음	2
녹음파일	2
녹조제어	2
녹취록	2
논란의	2
논문기여도	2
논문표절	2
논산	2
논의로	2
논의에	2
논하는	2
놀다	2
놀라	2
놀라게	2
놀라워	2
놀이판까지	2
놀이학습	2
농	2
농가	2
농구감독	2
농구국가대표	2
농구로	2
농구선수	2
농구선수들	2
농도는	2
농림	2
농림장관	2
농민대표	2
농식품	2
농어촌공사	2
농업연구원	2
농축도	2
농축시설에	2
농협금융	2
농협중앙회장	2
높다	2
높아진	2
높여야	2
높으면	2
높이려면	2
놓지	2
놓치지	2
뇌과학의	2
뇌를	2
뇌사	2
뇌세포에서	2
뇌속	2
뇌에	2
뇌의	2
뇌졸중	2
뇌종양	2
뇌지도	2
누구냐	2
누구든	2
누구에	2
누구에게	2
누군가를	2
누리세요	2
누명	2
누비는	2
누비다	2
누워서	2
누적결제	2
누출	2
눈과	2
눈꽃축제	2
눈높이에	2
눈덩이	2
눈부신	2
눈빛	2
눈빛출판사	2
눈사태	2
눈살	2
눈소식	2
눈시울	2
눈앞서	2
눈이	2
눈찢기	2
뉘앙스	2
뉴델리	2
뉴로모픽	2
뉴스도	2
뉴스서비스	2
뉴스에서	2
뉴스통신진흥회	2
뉴스편집	2
뉴스피드	2
뉴욕검찰	2
뉴욕과	2
뉴욕시장	2
뉴욕으로	2
뉴욕채널	2
뉴질랜드서	2
뉴프라이드	2
느꼈다	2
느끼고	2
느낀다	2
느낄	2
느낌의	2
는다	2
늘듯	2
늘리면	2
늘리자	2
늘어도	2
늘었는데	2
늙은	2
늦어지고	2
늦어질	2
늦었나	2
늦었지만	2
늦여름	2
늦출	2
늪에	2
니켈	2
니콘	2
닛케이지수	2
다공성	2
다국적	2
다국적기업	2
다급해진	2
다녀간	2
다녀오겠습니다	2
다뉴브강	2
다니는	2
다닌다	2
다닐	2
다다익선	2
다락휴	2
다르다	2
다른가	2
다마스쿠스	2
다목적	2
다문화가족	2
다보스	2
다분	2
다비드	2
다신	2
다양	2
다양하게	2
다양화	2
다우	2
다운빌로	2
다운증후군	2
다음날	2
다음에종합	2
다음웹툰	2
다음이	2
다이내믹	2
다이버	2
다이어트	2
다자	2
다재다능	2
다저스는	2
다저스에서	2
다저스와	2
다중	2
다짐종합	2
다짐하는	2
다치고	2
다했다	2
단가	2
단골손님	2
단기적으로	2
단기차입금	2
단단하고	2
단독정부	2
단독회동	2
단배식	2
단상	2
단속강화	2
단속작전	2
단식중단	2
단원	2
단위기간	2
단위까지	2
단일대오	2
단일시즌	2
단일안	2
단일원자	2
단일후보	2
단장에	2
단전	2
단점	2
단정	2
단종	2
단체에	2
단체응원	2
단체장	2
단체행동	2
단추	2
단타스	2
단풍길	2
단풍에	2
단합대회	2
단행본의	2
닫힌	2
달걀	2
달기	2
달도	2
달라요	2
달라이	2
달라졌다	2
달라진게	2
달라진다	2
달라질까	2
달러로	2
달리고	2
달리며	2
달아오른다	2
달한	2
달화성금성	2
닮고	2
닮았네요	2
담다	2
담보로	2
담았다	2
담양	2
담장	2
담철곤	2
담판에	2
담화에	2
답례하는	2
답방은	2
답보	2
답사	2
답사기	2
답장	2
답한	2
닷새동안	2
닷새만에	2
닷새앞	2
당국의	2
당권경쟁	2
당권레이스	2
당뇨	2
당당	2
당사국	2
당사자	2
당서기장	2
당선에	2
당선작	2
당신도	2
당신에게	2
당원권정지	2
당원자격정지	2
당일도	2
당정협의에서	2
당직	2
당찬	2
당첨	2
당첨금	2
당청화합	2
당초	2
당헌당규	2
당혹감	2
당혹종합	2
닻	2
대가성	2
대결에서	2
대결은	2
대결종합	2
대공미사일	2
대교	2
대구로	2
대권행보	2
대기권	2
대기모드	2
대기발령	2
대기수요	2
대기시간	2
대기업과	2
대기업집단	2
대기에	2
대기오염물질	2
대남테러	2
대납	2
대납한	2
대낮	2
대다수	2
대단하다	2
대단히	2
대담	2
대동강	2
대들보	2
대리인단	2
대리전	2
대마	2
대마초	2
대만계	2
대만산	2
대만프로야구	2
대망론에	2
대범한	2
대법관후보	2
대법원을	2
대보름	2
대본집	2
대부	2
대북송금	2
대북인권결의안	2
대북정보	2
대북제재법	2
대북제재안	2
대북제재에	2
대사관에	2
대산대학문학상	2
대산문학상	2
대상은	2
대선은	2
대선투표	2
대설경보로	2
대성당	2
대성동	2
대세론	2
대승적	2
대승종합	2
대신자산신탁	2
대안세력	2
대안신당	2
대안은	2
대안정당	2
대안정치	2
대에	2
대역서	2
대역전	2
대왕	2
대외	2
대외정책	2
대웅제약	2
대원	2
대위	2
대응방향	2
대응에	2
대응은	2
대응종합2보	2
대응하는	2
대응해	2
대의	2
대의원대회	2
대전광주	2
대전시와	2
대전시의회	2
대전에	2
대전역	2
대지	2
대책수립	2
대책에	2
대책은	2
대책토론회	2
대처하는	2
대척점에	2
대체복무	2
대체복무제	2
대체선발	2
대체자는	2
대축제	2
대출규제에	2
대출규제에도	2
대출금리	2
대출상품	2
대출심사	2
대출이자	2
대출자	2
대출잔액	2
대출한도	2
대충돌	2
대치정국	2
대타협	2
대통령3당대표	2
대통령궁	2
대통령김정은	2
대통령부터	2
대통령상	2
대통령아베	2
대통령표창	2
대포폰	2
대표가	2
대표부	2
대표선수	2
대표에게	2
대표이사에	2
대표접촉	2
대표종합	2
대표축제	2
대표팀에서	2
대표팀이	2
대피령	2
대학가	2
대학교수	2
대학살	2
대학에	2
대한건설협회	2
대한농구협회	2
대한독립만세	2
대한민국농구협회	2
대한민국연극제	2
대한응급의학회	2
대한체육회	2
대한항공과	2
대형선박	2
대화론	2
대화에	2
대화위해	2
대화제약	2
대환영	2
대회에	2
댄싱카니발	2
댈러스에	2
댐	2
더내야	2
더딘	2
더로전	2
더불어성장	2
더블할인	2
더비서	2
더샵	2
더웠다	2
더하는	2
더한	2
더할	2
더해	2
던지며	2
던질까	2
덜어준다	2
덜컹했다가	2
덩샤오핑	2
덮으려	2
덮쳐	2
데스크톱	2
데이비드슨	2
데이지	2
데이터3법	2
데이터는	2
데이터로	2
데이터소모	2
데이터온	2
데이터요금제	2
데일리블록체인	2
데자뷔	2
덱스	2
도감	2
도공	2
도끼만행범	2
도난	2
도넘은	2
도덕성	2
도둑질	2
도드람	2
도로공사도	2
도로공사로	2
도르트문트만	2
도르트문트와	2
도리	2
도망	2
도미노피자	2
도미니카	2
도발은	2
도발종합	2
도발할까끝	2
도배	2
도보다리	2
도산	2
도서관의	2
도서는	2
도서전	2
도소매	2
도시는	2
도시로	2
도시를	2
도심서	2
도와	2
도와야	2
도와주는	2
도우미	2
도우미까지	2
도운	2
도움될	2
도움안돼	2
도입률	2
도입은	2
도저히	2
도전에	2
도전은	2
도전종합	2
도지사	2
도쿄의	2
도쿄행	2
도킹	2
도피	2
도화엔지니어링	2
독감	2
독단적	2
독립pd협회	2
독립수사단	2
독립적	2
독서법	2
독서율	2
독서의	2
독선	2
독소조항	2
독인가	2
독일과	2
독일도	2
독일의	2
독자의	2
독주체제	2
독차지	2
독특한	2
돈도	2
돈되는	2
돈보다	2
돈으로	2
돋보여	2
돌고돌아	2
돌려	2
돌려막기	2
돌려보내라	2
돌리	2
돌리는	2
돌린	2
돌발행동	2
돌보는	2
돌아가지	2
돌아간	2
돌아갈듯	2
돌아보기	2
돌아보다	2
돌아보며	2
돌아본	2
돌아오면	2
돌아올	2
돌연변이쥐로	2
돌이킬	2
돌입종합2보	2
돌파에	2
돌파할	2
돗토리현	2
동강시스타	2
동결에	2
동결자산	2
동결종합	2
동굴에	2
동급	2
동나	2
동남부서	2
동남아에	2
동네서점에서만	2
동등대우할	2
동맥경화	2
동맹국	2
동맹국과	2
동맹보다	2
동맹정신에	2
동맹중요vs방위비	2
동물보호	2
동물실험서	2
동부건설	2
동부군벌	2
동부권	2
동부대우전자	2
동부제철	2
동부증권	2
동부지구	2
동부화재	2
동북3성	2
동북동쪽	2
동사	2
동서발전	2
동승자	2
동양	2
동양시멘트	2
동양자산운용	2
동영상도	2
동영상은	2
동영상이	2
동우크라이나	2
동이	2
동인당	2
동자승	2
동작	2
동작도	2
동지	2
동참종합	2
동참해야	2
동체착륙	2
동침	2
동해로	2
동해서	2
동해선	2
동해시	2
동행명령	2
돼종합	2
돼지의	2
됐죠	2
되겠다종합	2
되나종합	2
되니	2
되도록	2
되돌아본	2
되레	2
되살려	2
되새기고	2
되찾자	2
되풀이	2
될것	2
두꺼운	2
두껍고	2
두나	2
두뇌	2
두달간	2
두달여	2
두달째	2
두드리는	2
두마리	2
두만강	2
두목	2
두문불출	2
두배로	2
두번째로	2
두산그룹주	2
두산아트센터	2
두산에	2
두산전서	2
둔화에도	2
둘다	2
둘러싸고	2
둘의	2
둘째도	2
둥펑41	2
뒤를	2
뒤바뀐	2
뒤샹전	2
뒤숭숭한	2
뒤에도	2
뒤엔	2
뒤집혀	2
뒤태가	2
뒤흔들	2
뒷말	2
뒷심	2
듀스	2
듀얼스크린	2
듀얼심	2
듀크	2
드라마로	2
드라마본부	2
드러났다	2
드러내	2
드럼	2
드로잉	2
드론공격	2
드론사건	2
드론사업	2
드론은	2
드리운	2
드릴	2
드릴십	2
드림	2
드림올스타	2
득세	2
득실	2
득점권	2
든든한	2
듣겠다	2
들	2
들끓는	2
들러	2
들로	2
들어보세요	2
들어온	2
들어와	2
들어줘	2
들었을	2
들이는	2
들이받아	2
들지	2
들통	2
등기이사	2
등돌린	2
등반	2
등산	2
등산객	2
등산로	2
등원	2
등의	2
등정	2
등지서	2
등판에	2
등판으로	2
등판은	2
디딤돌	2
디렉터	2
디바이스	2
디발라	2
디스카운트	2
디아이씨	2
디에스케이	2
디오	2
디오스텍	2
디자이너	2
디자인도	2
디젤	2
디즈니	2
디즈니와	2
디지캡	2
디지털세	2
디테일	2
디트로이트	2
디트로이트전	2
디펜딩챔피언	2
디플레	2
딥핑크	2
따	2
따고	2
따돌려	2
따뜻하게	2
따뜻했네	2
따라잡아	2
따라잡을	2
따를	2
따져야	2
딴	2
딴판	2
딸들	2
딸에	2
딸에게	2
딸이	2
땀으로	2
땅으로	2
땅을	2
땅의	2
땅이	2
때문일	2
때부터	2
때아닌	2
때에	2
때종합	2
떠나라	2
떠나보세요	2
떠나야	2
떠는	2
떠다니는	2
떠도는	2
떠들썩	2
떠밀어	2
떠올라	2
떡볶이	2
떨군	2
떨림과	2
떨어질	2
떼죽음	2
뗄	2
뗄까	2
똑같이	2
똑똑하게	2
똑똑하고	2
똑똑한	2
똑똑해진	2
똘똘	2
뚜껑	2
뚜루루뚜루	2
뚝뚝	2
뚫린	2
뚫릴까	2
뚫을	2
뛰던	2
뛰며	2
뛰어든	2
뛰자	2
뜨게	2
뜻과	2
뜻밖	2
띄우는	2
띄우며	2
띄운다	2
띄워	2
라돈침대	2
라마	2
라마포사	2
라모스	2
라미고	2
라바리니식	2
라스베이거스는	2
라스베이거스로	2
라스트	2
라우리	2
라운드테이블	2
라울	2
라이다	2
라이벌전	2
라이선스	2
라이스	2
라이시	2
라이온	2
라이칭더	2
라이트론	2
라인야후재팬	2
라임	2
라임자산운용	2
라쿠텐	2
람보	2
랑	2
래미안	2
래퍼	2
랜드리	2
랜드마크	2
랜섬웨어의	2
랩어카운트	2
랩탑	2
러스트벨트	2
러시아로	2
러시아선	2
러시아에서	2
러시아판	2
러와	2
러터키	2
러터키이란	2
러프	2
럭셔리	2
런닝맨	2
레그테크	2
레넌	2
레디	2
레바논에	2
레바논의회	2
레버쿠젠에	2
레벨업	2
레사	2
레스토랑의	2
레시피	2
레이싱	2
레이와	2
레이쥔	2
레일바이크	2
레저관광	2
레짐	2
로드리게스	2
로렌의	2
로마사	2
로마의	2
로마제국	2
로맨스	2
로맨틱	2
로밍요금	2
로봇기자	2
로봇에	2
로봇의	2
로비서	2
로사노	2
로스	2
로스앤젤레스관광청	2
로엔엔터	2
로엔엔터테인먼트	2
로컬	2
로켓엔진	2
로키산맥	2
론스타	2
론스타가	2
롤	2
롬니	2
롭스	2
롯데그룹	2
롯데손보	2
롯데손해보험	2
롯데와	2
롯데캐슬	2
롯데호텔서울	2
롱	2
루니에게	2
루브르	2
루빈	2
루이스	2
루지	2
루프트한자	2
룰	2
룰이	2
룸메이트	2
룽투코리아	2
뤼테	2
류길재	2
류중탁	2
류지혁	2
류현진도	2
류현진디그롬	2
르	2
리그도	2
리그앙	2
리니지2m	2
리라화	2
리명수	2
리버사이드	2
리버풀전	2
리본	2
리비아에	2
리스크로	2
리안갤러리	2
리얼	2
리얼리즘	2
리얼리티	2
리에베르만	2
리영길	2
리옹에	2
리잔수	2
리카싱	2
리쿠드당	2
리쿠드당야	2
리턴매치서	2
리투아니아	2
리튬이온	2
리튬전지	2
리튬전지용	2
린다	2
마감2보	2
마감종합2보	2
마니아층	2
마드리드서	2
마라톤대회	2
마러라고	2
마련된	2
마련종합	2
마련하라	2
마련해야종합	2
마류밍	2
마르코스	2
마르쿠스	2
마리아	2
마리오	2
마린스키	2
마무리캠프	2
마법같은	2
마법사진관	2
마블블랙	2
마비법	2
마사이치	2
마사지사	2
마사회장	2
마산	2
마산합포	2
마수걸이	2
마스	2
마스터스	2
마스터클래스	2
마시고	2
마식령	2
마쓰자카	2
마약사범	2
마약조직	2
마에스트로	2
마운드에서	2
마윈	2
마을서	2
마을에	2
마음에	2
마음은	2
마음을	2
마음종합	2
마이런	2
마이스	2
마이스키	2
마이크로rna	2
마중물	2
마지막까지	2
마찰전기	2
마추픽추	2
마침표	2
마카오에서	2
마켓	2
마크롱에	2
마크롱의	2
마키	2
마포아트마켓	2
마힌드라	2
막강	2
막대한	2
막상	2
막으려	2
막전막후	2
막차로	2
막히면	2
만기연장	2
만기일	2
만기출소	2
만나나	2
만난다면	2
만날까	2
만남의	2
만도	2
만드는데	2
만드세요	2
만들것	2
만들어온	2
만들어진	2
만들자종합	2
만루서	2
만수대창작사	2
만장일치로	2
만점에	2
만족은	2
만지고	2
만찬장	2
만취	2
만행의	2
만화도	2
만화의	2
많네	2
많아야	2
많아진다	2
많은데	2
많을	2
말기	2
말라는	2
말라위서	2
말레이기	2
말렸다	2
말로하는	2
말만	2
말보다	2
말복	2
말부터	2
말을	2
말컹의	2
말하다	2
말해요	2
맘껏	2
맛과	2
맛본다	2
망명신청	2
망신	2
망신살	2
망신주기	2
망쳤다	2
맞대결종합	2
맞댄	2
맞불종합2보	2
맞붙나	2
맞붙는	2
맞설	2
맞아요	2
맞으며	2
맞지	2
맞짱	2
맞추기	2
맡아	2
맡을	2
매단계	2
매디슨	2
매력있네	2
매료	2
매매가격	2
매매시장도	2
매머드	2
매물에	2
매미	2
매번	2
매일유업	2
매입해	2
매직마이크로	2
매직포토	2
매진해야	2
매출액이	2
매출에도	2
매트릭스	2
매화	2
매화와	2
맥그리거	2
맥긴	2
맥북	2
맨눈으로	2
맨부커	2
맨부커상	2
맨시티에	2
맨유가	2
맨체스터	2
맨체스터시티	2
맨홀	2
맵	2
맵퍼스	2
맹공에	2
맹세문	2
맹장	2
맹활약종합	2
맺는다	2
맺힌	2
머레이	2
머리를	2
머리카락	2
머무는	2
머스크의	2
먹은	2
먹이	2
먹통종합	2
먼로	2
먼시	2
멀어	2
멀어져	2
멀어진	2
멀티골종합	2
멀티캠퍼스와	2
멈추고	2
멈추는	2
멈췄는데	2
멈칫	2
멋있게	2
멋쟁이	2
멍	2
멍멍	2
멍훙웨이	2
메고	2
메뚜기떼	2
메리	2
메리츠종금증권	2
메릴린치	2
메밀꽃	2
메밀꽃밭	2
메스	2
메시는	2
메시와	2
메시의	2
메시지는	2
메시지에	2
메우는	2
메이데이	2
메이커	2
메이크샵	2
메이킹	2
메인	2
메츠와	2
메카	2
메타트론	2
메탄가스	2
멕시코와	2
멘데스	2
멤버로	2
멤피스	2
면	2
면담종합2보	2
면담하는	2
면담한	2
면면	2
면적당	2
면전서	2
면접도	2
면접에서	2
면해	2
멸종	2
명견만리	2
명관	2
명꼴로	2
명단에	2
명당	2
명령에	2
명령한다	2
명말청초	2
명상	2
명성티엔에스	2
명예퇴직	2
명예퇴진	2
명예회복	2
명작	2
명창	2
명화	2
모건스탠리	2
모국	2
모내기	2
모녀	2
모니터	2
모다페	2
모델솔루션	2
모델에	2
모두에게	2
모두와	2
모드로	2
모란디	2
모래	2
모래의	2
모래축제	2
모로코서	2
모르게	2
모를	2
모리셔스	2
모리셔스에	2
모바일결제	2
모바일기기	2
모바일도	2
모바일뱅킹	2
모바일서	2
모바일투표	2
모색할	2
모서리	2
모스크	2
모습의	2
모았다	2
모였다	2
모임서	2
모잠비크에	2
모집에	2
모차르트	2
모태	2
목성궤도	2
목소리가	2
목숨걸고	2
목적종합	2
목청	2
목포mbc	2
목표액	2
몫까지	2
몬	2
몬테네그로	2
몰던	2
몰도바	2
몰린다종합	2
몰아	2
몸값만	2
몸싸움중	2
몸을	2
몸이	2
몸통	2
못내는	2
못내종합	2
못넘어	2
못미쳐	2
못믿어	2
못믿을	2
못받는	2
못잡은	2
못참아	2
못찾은	2
못하면	2
못하지만	2
못해종합	2
몽니	2
몽블랑	2
묘	2
묘기	2
묘비	2
묘수	2
묘한	2
무겁다	2
무게종합	2
무고사	2
무궁화위성	2
무기고	2
무기지원	2
무기화	2
무너진다	2
무능	2
무단배출	2
무당이	2
무드	2
무라카미	2
무력사용	2
무력행사도	2
무령왕	2
무례	2
무례한	2
무료개방	2
무료제공	2
무료진단	2
무르익는	2
무면허	2
무반응	2
무반주	2
무방비	2
무비데이	2
무비자	2
무삭제	2
무산될	2
무산위기	2
무산종합	2
무상보육	2
무상지원	2
무선망	2
무선인터넷	2
무섭게	2
무섭다	2
무성의한	2
무세베니	2
무수단미사일	2
무수단에	2
무술년	2
무약정	2
무약정폰	2
무엇이든	2
무엇일까	2
무역보험공사	2
무역사무소	2
무역흑자	2
무용계	2
무용수들	2
무의미	2
무인	2
무인비행기	2
무임승차	2
무장	2
무장괴한들이	2
무장단체에	2
무장대원	2
무장세력에	2
무장조직	2
무전	2
무주택자	2
무책임	2
무척	2
무타리카	2
무패로	2
무한경쟁	2
묵향	2
묶어	2
묶여	2
묶였던	2
묶은	2
문고리	2
문닫는다	2
문답으로	2
문답풀이	2
문대통령5	2
문대통령도	2
문대통령에	2
문란	2
문병호	2
문서상	2
문성근	2
문소리	2
문어	2
문우람	2
문의장여야	2
문자는	2
문자메시지	2
문장의	2
문제도	2
문제될	2
문제적	2
문제점	2
문체	2
문체부에	2
문학계	2
문학과사회	2
문학관	2
문학상	2
문학으로	2
문학의	2
문학이	2
문형표	2
문화교류	2
문화에	2
문화예술계	2
문화예술위	2
문화예술인	2
문화유적	2
문화융성	2
문화축제	2
문화카라반	2
문희상과	2
묻고	2
묻는	2
묻지	2
물가에	2
물갈이폭	2
물감에	2
물난리	2
물들고	2
물들이다	2
물러가라	2
물러나종합	2
물러난다	2
물러설	2
물레길	2
물리적조치	2
물밑서	2
물밑선	2
물방울	2
물벼락	2
물속	2
물어봐	2
물어야	2
물오른	2
물을	2
물이	2
물적	2
물적분할	2
물품	2
뭄바이	2
뭉쳤다	2
뭉친	2
뭐	2
뭔가종합	2
뮌헨서	2
뮌헨전	2
뮤지션	2
뮤지컬도	2
뮤지컬상에	2
뮤직나잇	2
뮬러특검	2
미국계	2
미국내	2
미국선	2
미국재대만협회	2
미국탈레반	2
미군에	2
미군의	2
미군이	2
미궁	2
미끼	2
미끼로	2
미납자	2
미네소타덴버	2
미녀	2
미는	2
미니드론	2
미니멀	2
미니버스	2
미니언즈	2
미들즈브러	2
미등록	2
미디어상	2
미디어촌	2
미디어팩	2
미라클	2
미래과학자거리	2
미래수석	2
미래에셋벤처투자	2
미래종합	2
미래차	2
미래창조과학부	2
미래협의회	2
미리보기	2
미모지	2
미믹스	2
미북회담	2
미분양관리지역	2
미비	2
미사	2
미사일방어체계	2
미사일벨트	2
미세먼지도	2
미세먼지로	2
미세먼지의	2
미세먼지주의보	2
미세운동	2
미수령	2
미술관에	2
미술관에서	2
미술관으로	2
미술은행	2
미술인	2
미술전	2
미시시피	2
미신	2
미쓰비시	2
미쓰비시에	2
미쓰비시중공업	2
미안하게	2
미안하다	2
미안하다는	2
미야자키	2
미원화학	2
미제공	2
미지정	2
미치는	2
미칠	2
미칠까	2
미코	2
미키마우스	2
미풍	2
민간공항	2
민간제안사업	2
민감군주의보	2
민갑룡	2
민경환	2
민관협의회	2
민노총	2
민변	2
민병대가	2
민병대원	2
민병욱	2
민병헌	2
민생경제	2
민생경제법안	2
민생예산	2
민생입법	2
민선	2
민심과	2
민심은	2
민심잡기종합	2
민언련	2
민정	2
민주당원	2
민주당은	2
민주당의	2
민주언론상에	2
민주연구원장	2
민주주의는	2
민주주의를	2
민트의	2
믿어도	2
밀	2
밀려나	2
밀려드는	2
밀리언셀러	2
밀릴	2
밀매	2
밀어	2
밀어내기	2
밀워키와	2
밀워키전	2
밀월과	2
밀집	2
밀크셰이크	2
밑돌아종합	2
바꾸세요	2
바뀌는	2
바뀌면	2
바뀌어야	2
바뀌었다	2
바다를	2
바다부채길	2
바다의	2
바닷가	2
바닷길	2
바닷물	2
바라보기	2
바람몰이	2
바람불고	2
바람이	2
바람직하지	2
바로잡아야	2
바르사b	2
바르사에	2
바르셀로나서	2
바르톨로메오스	2
바른	2
바른전자	2
바빠진	2
바사리	2
바스케스	2
바우처	2
바이	2
바이럴	2
바이오기업	2
바이오마커	2
바이오분야	2
바이오빌	2
바이오헬스	2
바이올렛	2
바일리	2
바자	2
바자회	2
바젤위	2
바지정장	2
바치는	2
바퀴	2
바탕	2
박격포	2
박경완	2
박관용	2
박관천	2
박광온	2
박근형	2
박기수	2
박막례	2
박물관에	2
박민우	2
박병호의	2
박상륭	2
박상오	2
박서원	2
박선숙	2
박성민씨	2
박성제	2
박세진	2
박수종합	2
박스	2
박신자컵	2
박영아	2
박영희	2
박완서	2
박은정	2
박은태옥주현	2
박인비	2
박정림	2
박정아에게	2
박정원	2
박정진	2
박정환	2
박주현	2
박주홍	2
박준	2
박쥐처럼	2
박지현	2
박진아	2
박차고	2
박차종합	2
박찬경	2
박창민	2
박천규	2
박철우의	2
박철호에	2
박한철	2
박해	2
박홍근	2
반가사유상	2
반감	2
반군지도자	2
반군지역서	2
반기는	2
반기종합	2
반년만에	2
반대는	2
반대도	2
반대매매	2
반대시위에	2
반대한	2
반도	2
반딧불축제	2
반발에도	2
반발짝	2
반부패기구	2
반부패정책협의회	2
반사이익	2
반성문	2
반성한다	2
반스	2
반역죄	2
반이민	2
반이스라엘	2
반전없이	2
반정부시위로	2
반정부시위에	2
반지를	2
반짝반짝	2
반체제	2
반토막	2
반환보증	2
받기로	2
받나	2
받들어	2
받아달라	2
받아요	2
받아종합	2
받아종합2보	2
받았어요	2
받으며	2
받지	2
발각되자	2
발간종합	2
발걸음	2
발견소식	2
발견한	2
발광	2
발광효율	2
발달	2
발달장애	2
발달장애인	2
발돋움	2
발레리나	2
발리	2
발명가	2
발목잡힌	2
발목형	2
발묶인	2
발발	2
발베르데	2
발병	2
발뺀	2
발사대에	2
발사성공	2
발사장	2
발사종합	2
발사체에	2
발사하면	2
발사할	2
발사후	2
발언권	2
발원	2
발의에	2
발자취	2
발전기금	2
발전용	2
발전을	2
발진	2
발터	2
발트해	2
발파	2
발포로	2
발표까지	2
발표날	2
발표될까	2
발표에도	2
발행인	2
발행저널이	2
발휘할	2
발휘해	2
밝아	2
밝아지는	2
밝지	2
밝혀종합	2
밝혀질	2
밝히고	2
밟고	2
밟나종합	2
밤과	2
밤까지	2
밤늦게까지	2
밤에도	2
밥보다	2
방글라	2
방금	2
방긋종합	2
방기	2
방랑자	2
방면	2
방면키로	2
방문2보	2
방문규	2
방문길	2
방문조사	2
방문종합2보	2
방미결과	2
방미성과	2
방불종합	2
방불케	2
방사광가속기	2
방사성	2
방사성의약품	2
방산업체	2
방성윤	2
방송광고	2
방송교향악단	2
방송금지가처분	2
방송망	2
방송사에	2
방송소식	2
방송심의	2
방송에	2
방송재난	2
방송종합	2
방송통신심의위원회	2
방송프로그램	2
방수	2
방수되는	2
방식에	2
방심	2
방안은	2
방어에	2
방어율	2
방에	2
방역대책	2
방정식	2
방증	2
방지장치	2
방출된	2
방탈출	2
방통대	2
방통위서	2
방파제	2
방패는	2
방해책동	2
방해하면	2
방향성	2
방향으로	2
배경	2
배구를	2
배낭	2
배달원	2
배당종합2보	2
배로	2
배를	2
배민	2
배번확정	2
배병준	2
배보다	2
배상금	2
배상액	2
배상책임	2
배상청구	2
배상판결	2
배석	2
배송사고	2
배수아	2
배수진	2
배용주	2
배우고	2
배우는가	2
배운	2
배웅	2
배웅나온	2
배워야	2
배워요	2
배점	2
배정안	2
배제에	2
배지	2
배치도	2
배터리는	2
배트봇	2
배후단지	2
백	2
백가쟁명	2
백기	2
백두산관광철도	2
백두산행	2
백령	2
백색	2
백색왜성	2
백악관서	2
백악관에	2
백정현	2
백제문화제	2
백조	2
백혜선	2
백홀	2
밸런타인데이에	2
뱅커	2
버거킹	2
버그	2
버나디나	2
버닝	2
버드와이저	2
버라이즌에	2
버려야종합	2
버스준공영제	2
버스투어	2
버전으로	2
버지니아대	2
버텨	2
버틴	2
번꼴	2
번도	2
번역서	2
번영으로	2
번영종합	2
번져	2
번지나	2
번쩍	2
번호유출	2
벌	2
벌려종합	2
벌어서	2
벌어져	2
벌여	2
벌이는	2
벌집계좌	2
범sbs	2
범가너와	2
범람	2
범부처	2
범실은	2
범정부	2
범죄경력	2
범죄로	2
범행동기	2
법과	2
법령	2
법무장관과	2
법무장관이	2
법안심사소위	2
법원경매	2
법원행정처	2
법은	2
법인과	2
법인세	2
법인폰	2
법인화	2
법정으로	2
법정제재	2
법정행	2
법제화	2
법치	2
벗고	2
벗었다	2
벚꽃길	2
벚꽃놀이	2
벚꽃로에	2
벚꽃이	2
벚꽃축제	2
벚꽃파문	2
베냉서	2
베네수엘라인	2
베레좁스키	2
베를린서	2
베를린에	2
베어	2
베이다이허회의	2
베이비	2
베이조스	2
베일에	2
베컴	2
베타	2
베테랑의	2
베트남uae	2
베트남으로	2
베트남을	2
베트남인을	2
베트남축구	2
벤살라	2
벤슨의	2
벤야민	2
벤제마	2
벤처에	2
벤투의	2
벤피카	2
벨기에에	2
벨라	2
벨라루스	2
벨로스터	2
벼락	2
벼랑으로	2
변경종합	2
변곡점	2
변덕	2
변상욱	2
변재일	2
변해	2
변해야	2
변했다	2
변혁	2
변형	2
변호인단	2
변화에	2
변화해야	2
변환	2
별개지만	2
별과	2
별미	2
별세에	2
별을	2
별장	2
별천지	2
병	2
병마용	2
병상서	2
병아리	2
병역기피	2
병원치료	2
보건당국	2
보건복지부	2
보건의료	2
보건장관	2
보고대회	2
보고받는	2
보고받아종합2보	2
보고받으며	2
보고에	2
보고회	2
보관규모	2
보궐이사	2
보금자리	2
보내기	2
보답	2
보도국	2
보도국장에	2
보도로	2
보도사진으로	2
보도와	2
보드게임	2
보듬는	2
보따리	2
보따리상	2
보라	2
보란	2
보란듯	2
보령서	2
보름달	2
보리밭	2
보복성	2
보복카드	2
보상비	2
보상선수로	2
보성파워텍	2
보수매체	2
보수세력	2
보수의	2
보수적	2
보수통합	2
보수표방	2
보스턴과	2
보스토치니	2
보아오포럼서	2
보안강화	2
보안결함	2
보안관제	2
보안국	2
보안솔루션	2
보안점검	2
보여주길	2
보여주려	2
보여준다	2
보완대책	2
보유자가	2
보이나	2
보이스	2
보일러	2
보잉737	2
보잉기	2
보장하는	2
보장해야	2
보정	2
보조금에	2
보존	2
보존처리	2
보좌	2
보좌진	2
보증금	2
보폭	2
보험사기	2
보험사도	2
보험사들	2
보험상품	2
보험시장	2
보호계획	2
보호법	2
보호업무	2
보호자	2
보호주의	2
보훈처장이	2
복구에	2
복구종합	2
복구중	2
복귀까지	2
복귀하면	2
복도	2
복면기왕	2
복무	2
복수비자	2
복수의	2
복심	2
복지정책	2
복합재료	2
본격화종합2보	2
본상	2
본선티켓	2
본인들만의	2
본적	2
본질	2
본질은	2
본회의에서	2
볼리비아와	2
볼리비아전	2
볼모	2
볼턴에	2
볼티모어	2
봄나들이	2
봄때	2
봄맞이	2
봄봄봄	2
봄옷	2
봄을	2
봉사단	2
봉송	2
봉송하는	2
봉화	2
봐달라	2
봤죠	2
부국장	2
부끄럽다	2
부단장	2
부담금	2
부당한	2
부대표	2
부동산신탁사	2
부동산신탁업	2
부동산펀드	2
부동의	2
부동층	2
부러워	2
부르카	2
부르키니	2
부름	2
부마항쟁	2
부메랑	2
부모들은	2
부모에	2
부부과학자	2
부부장	2
부분일식	2
부산경찰청장	2
부산관광공사	2
부산국제단편영화제	2
부산국제코미디페스티벌	2
부산방문	2
부산시당	2
부산시티투어	2
부산에도	2
부산영화제	2
부산은행	2
부산의	2
부산지하철	2
부상에도	2
부상은	2
부상이	2
부서	2
부실검증	2
부실수사	2
부안군	2
부양	2
부양책	2
부엉이	2
부여종합	2
부영그룹	2
부울경	2
부의장	2
부인할	2
부작용도	2
부장관	2
부장급	2
부정수급	2
부정적으로	2
부정적종합	2
부정평가	2
부정행위	2
부족간	2
부족한	2
부진은	2
부차관보와	2
부착	2
부처와	2
부천서	2
부천에	2
부총참모장	2
부킹	2
부통령도	2
부통령후보	2
부티지지	2
부패예방책	2
부패의혹	2
부패혐의로	2
부폰	2
부흥	2
북남	2
북남대화	2
북동부에	2
북마케도니아서	2
북미간	2
북미관계	2
북미무역협정	2
북미수교	2
북미에	2
북미정상	2
북미정상회담에	2
북미중재	2
북미처럼	2
북미회담과	2
북방	2
북방경제협력위원장	2
북방정책	2
북부는	2
북부소방서	2
북상하는	2
북아일랜드와	2
북아일랜드전	2
북에	2
북으로	2
북일대화	2
북일회담	2
북적거려	2
북측의	2
북클럽	2
북키프로스에	2
북풍	2
북한강	2
북한식	2
북한이	2
북한인권결의	2
북한인권기록센터	2
북한인권법에	2
북한인권재단	2
북핵대표	2
북핵실험	2
북핵위기에	2
북핵은	2
북핵해결에	2
분권형	2
분기매출	2
분기별	2
분노의	2
분노종합	2
분란	2
분리주의세력	2
분리합체	2
분석으로	2
분석할	2
분석회의	2
분야도	2
분야로	2
분양가상한제	2
분양시장도	2
분양열기	2
분업	2
분원	2
분위기에	2
분자	2
분쟁에서	2
분쟁조정제	2
분쟁지역에	2
분전에도	2
분조위	2
분할상장	2
분해하는	2
불가역적	2
불가피한	2
불갑사	2
불공정거래	2
불공정행위	2
불공평	2
불균형	2
불길	2
불꽃경쟁	2
불꽃쇼	2
불꽃으로	2
불꽃축제	2
불리	2
불리한	2
불만종합	2
불며	2
불면	2
불명예	2
불발에	2
불법고용	2
불법구금	2
불법대출	2
불법도박	2
불법드론	2
불법수집	2
불법이주민	2
불법조업	2
불법지원금	2
불법체류자	2
불법취업	2
불복종	2
불붙나	2
불붙는다	2
불사	2
불쇼	2
불시	2
불안심리	2
불안정	2
불안케	2
불용	2
불운에	2
불운한	2
불의	2
불장난	2
불체포특권	2
불쾌한	2
불탔다	2
불태우며	2
불투명스페인	2
불투명한	2
불판	2
불펜투수	2
불펜피칭	2
불필요한	2
불혹의	2
불확실성에	2
붉게	2
붉은화면	2
붐박스	2
붕괴로	2
붕괴종합2보	2
붙은	2
붙이는	2
뷰	2
브라이턴	2
브람스	2
브레인	2
브렉시트시	2
브루나이	2
브뤼셀테러	2
브리니티	2
브이라이브	2
블라디역서	2
블랙박스서	2
블랙박스영상	2
블랙프라이데이	2
블레어	2
블록딜	2
블록체인과	2
블론세이브	2
블루홀	2
블룸버그	2
블소	2
비12일	2
비강남권	2
비겁한	2
비관세장벽	2
비교공시	2
비교해	2
비까지	2
비난공세	2
비난전	2
비난한	2
비너스	2
비닐하우스	2
비단	2
비단길	2
비례대표제	2
비례제	2
비례한국당	2
비례후보	2
비로소	2
비롯	2
비료공장	2
비리수사	2
비메모리	2
비문	2
비밀정원	2
비바로	2
비발디파크서	2
비방전	2
비법	2
비법은	2
비보	2
비상계획	2
비상대책위원회	2
비상상황	2
비상시국에	2
비상종합	2
비상체제	2
비서가	2
비선참모	2
비소식	2
비시즌	2
비식별	2
비아그라는	2
비야	2
비오고	2
비운의	2
비율은	2
비은행권	2
비이성적	2
비이자이익	2
비자도	2
비장한	2
비쟁점	2
비정상적	2
비제조업	2
비조합원	2
비주얼	2
비준동의안	2
비즈니스석	2
비즈상담회	2
비축	2
비춘	2
비치	2
비켜가는	2
비토권	2
비트코인이	2
비판도	2
비판은	2
비판종합2보	2
비판하며	2
비판할	2
비표	2
비핵화에	2
비핵화와	2
비행금지구역	2
비행기로	2
비행로봇	2
비행보드로	2
비현실적	2
비호감	2
비화	2
비확산회의	2
빅뉴스	2
빅스비의	2
빅토르	2
빈발	2
빈번	2
빈살만	2
빈센트	2
빈에서	2
빈집	2
빌려준	2
빌리지	2
빌미	2
빗길에	2
빗셀	2
빗줄기	2
빙그레	2
빙글빙글	2
빙산의	2
빙상연맹	2
빚에	2
빛터널	2
빠르면	2
빠져나간	2
빠져도	2
빠져종합2보	2
빠졌다	2
빠지다	2
빠지며	2
빠지지	2
빠질	2
빨간	2
빨간색	2
빨라져	2
빨라지고	2
빨라지는	2
빵	2
빼돌려	2
빼돌린	2
빼앗겨	2
뺀다종합	2
뺏겨	2
뺏는	2
뺐다	2
뽀로로를	2
뽑아	2
뽑을	2
뽑혀	2
뿌려	2
뿌리친	2
뿌린	2
뿔테안경	2
사각	2
사건과	2
사건의	2
사격훈련	2
사고의	2
사과로	2
사과에도	2
사과종합	2
사과할	2
사과해야	2
사기미수	2
사냥은	2
사대문	2
사드는	2
사드반대	2
사드배치와	2
사드보복	2
사드부지	2
사들였다	2
사라질까	2
사람들은	2
사람보다	2
사랑에	2
사랑합니다	2
사랑해달라	2
사령탑이	2
사례는	2
사례로	2
사로잡은	2
사르르	2
사립학교	2
사막에	2
사막의	2
사망선고	2
사망자도	2
사망종합3보	2
사모펀드에	2
사무관	2
사무처장	2
사무총장과	2
사무총장에	2
사물	2
사물놀이	2
사방이	2
사법	2
사법개혁특위	2
사법처리	2
사변	2
사보타주	2
사사구	2
사사키	2
사살종합	2
사생활침해	2
사수	2
사실아냐	2
사실이라면	2
사실확인	2
사업계획서	2
사업도	2
사업부문	2
사업비	2
사업설명회	2
사업총화	2
사용법	2
사용시	2
사용에	2
사용하는	2
사용한	2
사은품	2
사은품이	2
사은행사	2
사의표명	2
사이드카	2
사이버폭력	2
사이비	2
사이에	2
사이클링	2
사익	2
사인훔치기	2
사임은	2
사임종합	2
사임키로	2
사자종합	2
사장과	2
사장단	2
사장은	2
사재기종합	2
사저준비	2
사적	2
사전개통에	2
사전여론조사	2
사전예약종합	2
사전통보	2
사전판매	2
사전판매량	2
사제	2
사주	2
사지	2
사진부터	2
사진오늘	2
사진은	2
사진집	2
사진찍고	2
사진출판	2
사찰요원	2
사천	2
사천성	2
사체	2
사추위	2
사치	2
사카라	2
사타구니	2
사퇴로	2
사퇴론	2
사퇴요구	2
사퇴의사	2
사투	2
사형수	2
사형은	2
사형집행	2
사회공헌협약	2
사회공헌활동	2
사회변화	2
사회사	2
사회적가치	2
사회적경제	2
사회학	2
사후지원	2
삭제종합	2
삭제한다	2
산간에	2
산간지역	2
산골	2
산단	2
산림복구	2
산불로	2
산불피해	2
산성	2
산악지대	2
산업경쟁력	2
산업계	2
산업기술에	2
산업수학	2
산업을	2
산업재	2
산업재해	2
산업혁명에	2
산업현장	2
산울림	2
산은회장	2
산재사망	2
산증인	2
산책길	2
산청에	2
산체스는	2
산체스와	2
산하기관	2
살고	2
살기로	2
살다	2
살려야	2
살아가는	2
살아남은	2
살았다	2
살인범	2
살인킥	2
살펴	2
살펴보니	2
살해당한	2
살해범	2
살해하고	2
삼	2
삼가라	2
삼강엠앤티	2
삼계탕	2
삼고초려	2
삼광글라스	2
삼는	2
삼보일배	2
삼성도	2
삼성동	2
삼성라이온즈	2
삼성보다	2
삼성전자는	2
삼성전자의	2
삼성화재는	2
삼양홀딩스	2
삼일로창고극장	2
삼정검	2
삼정검에	2
삼지연군	2
삼진만	2
삼키는	2
삼파전	2
삼호	2
삼화콘덴서	2
삽	2
삿포로	2
상강	2
상거래	2
상공	2
상공회의소	2
상납	2
상당수	2
상대는	2
상대방	2
상륙한다	2
상명대	2
상반기중	2
상반된	2
상법	2
상산고	2
상상이	2
상상인	2
상설협의체	2
상세한	2
상승세종합	2
상승에	2
상승추세	2
상업광고	2
상업화	2
상용화종합	2
상원도	2
상원에	2
상응	2
상응조치	2
상임이사국	2
상종가	2
상지카일룸	2
상징성	2
상파울루	2
상파울루서	2
상품권으로	2
상한액	2
상호검증	2
상호금융권	2
상호방문	2
상호주의	2
상환	2
상황은	2
상회종합	2
새겨	2
새결의	2
새끼	2
새너제이서	2
새누리는	2
새는	2
새단장종합	2
새떼	2
새마을교육	2
새마을금고	2
새벽부터	2
새빨간	2
새싹	2
새우	2
새처럼	2
새터민	2
새학기	2
새해에도	2
색깔	2
색상으로	2
샌더스도	2
샌더스에	2
샌더스트럼프	2
샘터	2
샛별	2
생각은	2
생각하고	2
생각한	2
생각해	2
생각해본	2
생겼다	2
생겼죠	2
생길	2
생길까	2
생명과학	2
생명수	2
생물	2
생물체	2
생물학적	2
생방송도	2
생사	2
생사확인	2
생산성	2
생산업체	2
생산용	2
생산적	2
생일에	2
생존권	2
생체분자	2
생체신호	2
생테티엔	2
생환	2
생활가전	2
생활로	2
생활자금	2
샹그릴라	2
섀너핸	2
서건창	2
서귀포	2
서기국장	2
서남해	2
서늘한	2
서다	2
서대문형무소	2
서도	2
서독지역	2
서두른다	2
서로의	2
서류	2
서머	2
서머소닉	2
서민금융진흥원	2
서방과	2
서방에	2
서방은	2
서별관회의	2
서병수	2
서부산	2
서북도서	2
서브쇼	2
서브에이스	2
서비스까지	2
서비스에	2
서식	2
서신	2
서약서	2
서약종합	2
서양화가	2
서영해	2
서예가	2
서울개인택시조합	2
서울겨냥	2
서울공연	2
서울관광재단	2
서울광장	2
서울교통공사	2
서울대병원	2
서울대병원장	2
서울모터쇼	2
서울미래연극제	2
서울반도체	2
서울보다	2
서울시립미술관	2
서울시정	2
서울시합창단	2
서울시향이	2
서울신라호텔	2
서울아리랑페스티벌	2
서울에서	2
서울역사박물관	2
서울올림픽	2
서울외환시장	2
서울을	2
서울전	2
서울지역	2
서울청소년연극축제	2
서울형	2
서은경	2
서이제	2
서재	2
서재필	2
서적도매상	2
서점으로	2
서점인이	2
서천	2
서초동	2
서턴	2
서핑	2
서해수호의	2
서해안은	2
서희건설	2
석	2
석면	2
석유제품운반선	2
석유화학사	2
석유회사	2
석장리	2
석촌동	2
석촌호수에	2
석탄문제	2
석탄수출	2
석패율	2
석학	2
선거결과	2
선거결과에	2
선거구획정위	2
선거기사심의위	2
선거로	2
선거연대	2
선거연령	2
선거와	2
선거유세	2
선거제개혁	2
선거혁명	2
선관위에	2
선그어	2
선글라스	2
선대위원장	2
선덜랜드전	2
선데이토즈	2
선도국	2
선도할	2
선동열호	2
선두권	2
선두싸움하는	2
선두주자	2
선두질주	2
선물한	2
선박들	2
선발대	2
선발대회	2
선발은	2
선발전	2
선발한	2
선발해	2
선배께	2
선배와	2
선별적	2
선보일	2
선수권서	2
선수단장	2
선수들에	2
선수들의	2
선수로는	2
선수촌	2
선수협	2
선언하고	2
선언한	2
선언할	2
선언해야	2
선율로	2
선의의	2
선임에	2
선임절차	2
선임종합	2
선전매체	2
선전물	2
선전에	2
선전용	2
선정돼	2
선정된	2
선정서	2
선정해	2
선제조치에	2
선제타격	2
선처	2
선출종합2보	2
선친	2
선택과	2
선택권	2
선택약정	2
선택의	2
선택이	2
선행지수	2
선호번호	2
선회한	2
선후배	2
섣부른	2
설경	2
설계변경	2
설계사	2
설득할	2
설득해	2
설립해야	2
설명할	2
설문조사서	2
설민석의	2
설산으로	2
설연휴에	2
설욕하고	2
설치는	2
설치키로	2
설치했다	2
설터	2
설파	2
설훈	2
섬나라	2
섬에서	2
섰던	2
성경	2
성공2보	2
성공기원	2
성공의	2
성공이	2
성공적	2
성공종합2보	2
성공했다	2
성과급	2
성과는	2
성과도	2
성과물	2
성과와	2
성남과	2
성남시	2
성노예	2
성능검증	2
성도이엔지	2
성락원	2
성립	2
성명에	2
성명종합	2
성범죄영상	2
성분	2
성사된	2
성산	2
성수동	2
성실한	2
성장과	2
성장엔진	2
성장은	2
성적으로	2
성전환	2
성전환자	2
성탄절에	2
성패	2
성폭행으로	2
성행	2
성행위영상	2
성형시술	2
성황리에	2
세계공영방송총회	2
세계문학	2
세계미래보고서	2
세계사를	2
세계시장	2
세계신문협회	2
세계여성의	2
세계여성의날	2
세계일보	2
세계최대	2
세계축제	2
세계화	2
세균으로	2
세금감면	2
세네갈과	2
세대결	2
세대를	2
세대의	2
세례에	2
세로드립	2
세르벨리	2
세르비아계	2
세르비아서	2
세르비아와	2
세배	2
세븐스타웍스	2
세비야	2
세비야에	2
세상에서	2
세수	2
세아베스틸	2
세우기	2
세울	2
세원셀론텍	2
세월호때	2
세월호와	2
세율	2
세인트루이스에	2
세일러	2
세제지원	2
세제혜택	2
세조길	2
세진중공업	2
세트	2
세포사멸	2
센터백	2
셀리버리	2
셀토스	2
셈	2
셈법만	2
셔저와	2
셔츠	2
션샤인	2
셧다운에	2
셧아웃	2
셰이크	2
셰일오일	2
소강상태	2
소금은	2
소나무	2
소난골	2
소니도	2
소니코리아	2
소로의	2
소로카	2
소로카에게	2
소리길	2
소리로	2
소리에	2
소리의	2
소망	2
소모적	2
소문	2
소방수	2
소방의	2
소방청	2
소백산	2
소비량	2
소비자물가	2
소비재	2
소상공인연합회	2
소상히	2
소설가의	2
소설들	2
소설쓰기의	2
소속으로	2
소송냈지만	2
소송전에도	2
소수민족	2
소실	2
소액결제	2
소양강	2
소외계층	2
소용돌이	2
소위서	2
소위원회	2
소유	2
소장	2
소장품	2
소장품전	2
소재부품	2
소재원	2
소주	2
소중하다	2
소집에	2
소집요구	2
소통행보	2
소프트웨어에	2
소프트파워	2
소피아	2
소행성	2
소형suv	2
소형아파트	2
소확행	2
소환조사	2
소환종합	2
속내	2
속도낸다	2
속으로종합	2
속임수	2
속전속결	2
속출종합2보	2
속한	2
손글씨	2
손기정	2
손님이	2
손들어줘	2
손목	2
손목시계	2
손바닥	2
손병석	2
손병우	2
손보사	2
손상돼	2
손석희측	2
손세이셔널	2
손실종합	2
손아귀에	2
손안에서	2
손오공	2
손인사	2
손잡는	2
손짓으로	2
손해배상소송	2
손화연	2
손흔드는	2
손흥민에게	2
솔로쇼	2
솔브레인	2
솟구칠	2
송곳검증	2
송기헌	2
송수신	2
송언석	2
송지호	2
송편	2
송호근	2
송환문제	2
송환할	2
쇄신	2
쇄신의	2
쇠고기	2
쇼룸	2
쇼메	2
쇼터	2
쇼팽을	2
쇼핑대목	2
쇼핑서비스	2
수고	2
수녀님	2
수년간	2
수놓는다	2
수능개편안	2
수단으로만	2
수도권과	2
수도권부터	2
수도권서	2
수도권에	2
수도권이	2
수도이전론에	2
수도조항	2
수락연설	2
수렁에	2
수렁종합	2
수련	2
수련생	2
수록	2
수록한	2
수료증	2
수리비도	2
수림문화재단	2
수마트라섬	2
수묵	2
수문장	2
수백만건	2
수비에	2
수비조직력	2
수비진	2
수사관련	2
수사기관	2
수사당국	2
수사선상에	2
수사중	2
수사해야	2
수상소식에	2
수상자들	2
수상자에	2
수상팀	2
수석코치	2
수석회의	2
수석회의서	2
수송로	2
수수께끼	2
수순종합	2
수술용	2
수습에	2
수습책	2
수시로	2
수심	2
수십곳	2
수십척	2
수싸움	2
수안보	2
수어	2
수억원	2
수염	2
수영대회	2
수요일	2
수요조사	2
수용키로	2
수용할	2
수원도시공사	2
수원지법에	2
수원화성	2
수익개선	2
수일	2
수입량	2
수입물가	2
수입품목	2
수자원	2
수재민에	2
수질	2
수집한	2
수출감소	2
수출입은행장에	2
수출주	2
수컷	2
수필	2
수학여행	2
수해지원	2
수해지원금	2
수해차량	2
수해현장엔	2
수행원	2
수행종합	2
숙고	2
숙고중	2
숙명	2
숙소	2
숙소서	2
숙여	2
숙적	2
숙청	2
순매수	2
순방일정	2
순방중	2
순백의	2
순서	2
순수	2
순증	2
순천시	2
순천시장	2
순투자	2
순환배치	2
술값	2
숨기기	2
숨소리까지	2
숨죽인	2
숨진채	2
숭의여고	2
숲속의	2
쉬어	2
쉴	2
쉼표	2
슈터	2
슈퍼vr	2
슈퍼라운드	2
슈퍼위크	2
슈퍼주총	2
슈퍼주총데이	2
슈퍼카	2
슈퍼컴퓨터	2
슈퍼컴퓨터로	2
슐츠	2
스낵	2
스마일게이트	2
스마트골프장	2
스마트기기	2
스마트노래방앱	2
스마트미디어	2
스마트보드	2
스마트스피커	2
스마트싱스	2
스마트카	2
스마트폰서	2
스마트폰시장	2
스마트폰시장서	2
스마트푸드	2
스마트홈트	2
스모그	2
스무살	2
스미싱	2
스완지전	2
스웨덴서	2
스웰링	2
스위치	2
스카이라이프	2
스카이스캐너	2
스카프	2
스쿨미투	2
스크럭스	2
스크린골프	2
스키아파렐리	2
스키어	2
스키장도	2
스키장에	2
스킨	2
스타가	2
스타뉴스	2
스타는	2
스타일러	2
스타트업과	2
스타필드	2
스탁론	2
스탈린식	2
스탈린의	2
스테디셀러	2
스테이션	2
스테인리스	2
스텔라데이지호	2
스토크시티전	2
스톱	2
스튜디오썸머	2
스튜어트	2
스트라이크존	2
스트롱맨	2
스트리플링	2
스틸	2
스파이크	2
스파크스	2
스팍스운용	2
스팸문자	2
스팸전화	2
스페셜올림픽	2
스페셜포스	2
스페인과	2
스페인어	2
스페인의	2
스펙은	2
스포츠클럽	2
스포티지	2
스폰서에	2
스프링	2
스피노자의	2
슬라이더	2
슬라이드	2
슬라이딩이	2
슬라이크와	2
슬로모션	2
슬로바키아서	2
슬퍼	2
슬픈	2
슬픔과	2
슬픔을	2
슬픔의	2
승강po	2
승강기	2
승격은	2
승계	2
승리2보	2
승리의	2
승리팀	2
승리할	2
승무원	2
승부종합	2
승부처에	2
승인했다	2
승자와	2
승전가	2
승전보	2
승종합	2
승진하나	2
시각장애	2
시간대	2
시간들	2
시간선택제	2
시간소요되면	2
시간은	2
시간이	2
시거	2
시거스	2
시골	2
시공	2
시급한	2
시나이반도서	2
시낭송	2
시내면세점	2
시내서	2
시달려	2
시대는	2
시대로	2
시대를	2
시도당위원장	2
시도에	2
시드니서	2
시련	2
시련의	2
시리	2
시리보다	2
시리아난민	2
시리아내	2
시리아민주군	2
시리아와	2
시리아특사	2
시먼스	2
시문학상	2
시민공청회	2
시민들의	2
시민들이	2
시민사회단체	2
시민으로	2
시민자문단	2
시민참여형	2
시범사업	2
시사종합2보	2
시사토론	2
시사한	2
시선은	2
시선이	2
시선집	2
시선집중	2
시설물	2
시술	2
시애틀전서	2
시에	2
시와	2
시위는	2
시위대경찰	2
시위대와	2
시위자	2
시위종합2보	2
시위하는	2
시인은	2
시인의	2
시인이	2
시작2보	2
시작됐나	2
시작부터	2
시작으로	2
시작합니다	2
시작했다	2
시장개방	2
시장경제지위	2
시장교란	2
시장규모	2
시장기대치	2
시장리스크	2
시장안정조치	2
시장으로	2
시장통	2
시적으로	2
시점은	2
시정권고	2
시정요구	2
시정조치	2
시중통화량	2
시즌부터	2
시즌제	2
시진핑이탈리아	2
시진핑푸틴	2
시찰하는	2
시찰한	2
시청자가	2
시청자권익보호위원회	2
시트콤	2
시티	2
시프트	2
시한폭탄	2
시행종합	2
시행하라	2
시황	2
시흥	2
식당서	2
식당에서	2
식량배급	2
식료품	2
식물국회	2
식민지주의	2
식별	2
식수	2
식스맨	2
식은	2
식전	2
식지	2
식품	2
신고대행	2
신고상담센터	2
신고의무	2
신고하면	2
신곡	2
신공항론으로	2
신관	2
신군부	2
신규고객	2
신규등록	2
신규면세점	2
신규사업	2
신기남	2
신기술로	2
신기한	2
신난다	2
신났다	2
신냉전	2
신년맞이	2
신년인터뷰	2
신념	2
신더가드	2
신동엽문학상에	2
신동주	2
신드롬	2
신들린	2
신라	2
신라스테이	2
신령	2
신뢰회복이	2
신림동	2
신무기	2
신문들도	2
신문발전기금	2
신문법	2
신문윤리위	2
신문윤리위원회	2
신반포	2
신비아파트	2
신생	2
신설법인	2
신설합당	2
신설해	2
신성	2
신성장	2
신세계그룹	2
신세계인터내셔날	2
신세계푸드	2
신속보도	2
신속성과	2
신속처리	2
신시내티전	2
신앙생활	2
신약개발에	2
신언	2
신영복	2
신용조회사	2
신용현	2
신음	2
신음하는	2
신이	2
신일산업	2
신일제약	2
신임대사	2
신임투표	2
신입직원	2
신재영	2
신좌섭	2
신주	2
신중론	2
신중히	2
신청받아	2
신청서	2
신청한	2
신청한다	2
신축성	2
신축에	2
신치용	2
신태용호는	2
신한은행과	2
신호유지	2
신화마을	2
신화통신	2
싣는다	2
실감	2
실감나는	2
실격	2
실내악단	2
실내지도	2
실력행사	2
실리	2
실리나	2
실망스러운	2
실망에	2
실망종합	2
실명	2
실명제후	2
실물사진	2
실버세대	2
실속	2
실손보험료	2
실수로	2
실수요	2
실시간영상	2
실시종합	2
실시하겠다	2
실신	2
실업급여	2
실업축구	2
실외	2
실용	2
실용위성	2
실은	2
실적발표	2
실적에	2
실적에도	2
실적종합2보	2
실전처럼	2
실질협력	2
실책으로	2
실축	2
실태점검	2
실패설	2
실험에	2
실현될까	2
실황	2
싫었다	2
심기	2
심기일전	2
심려	2
심리학	2
심문	2
심사강화	2
심사숙고	2
심상찮은	2
심상치않은	2
심수창	2
심슨	2
심야에	2
심어	2
심우성	2
심의기준	2
심의위	2
심장병	2
심장부	2
심재철에	2
심텍홀딩스	2
심판대	2
심판에	2
심판진에	2
심포니	2
심한	2
심해저	2
심화에	2
십계명	2
싱스틸러	2
싱어송라이터	2
싶	2
싶다고	2
싶다면	2
싶다종합	2
싶다종합2보	2
싶었는데	2
싶을	2
싶지만	2
싸고	2
싸구려	2
싸늘	2
싸움은	2
싸졌다	2
싸지만	2
싸질까	2
싹	2
쌍곡선	2
쌍방울	2
쌍용건설	2
쌍용자동차	2
쌓는	2
쌓으면	2
쌓인다	2
써보니종합	2
써서	2
써야	2
썰렁한	2
썰매	2
쏜다는	2
쏟아져종합	2
쏟은	2
쏠	2
쏠림	2
쏠쏠	2
쐐기골	2
쐐기포	2
쓰게	2
쓰기의	2
쓰다	2
쓰듯	2
쓰라린	2
쓰레기도	2
쓰시마	2
쓴다종합	2
씀씀이	2
씻고	2
씽큐로	2
아가메즈는	2
아가씨	2
아군	2
아나운서들	2
아내가	2
아니고	2
아니어도	2
아니어서	2
아닐	2
아덴서	2
아동문학	2
아동수당	2
아듀	2
아들과	2
아라리	2
아라비아반도	2
아랍계	2
아랍국가	2
아랍어	2
아랍에미리트	2
아랍의봄	2
아래서	2
아로니아	2
아르헨에	2
아르헨티나에	2
아름다움	2
아름답고	2
아리	2
아리랑국제방송	2
아리스포츠컵	2
아리아리	2
아마존에	2
아메리칸	2
아몬드	2
아버지가	2
아버지에게	2
아버지의	2
아베가	2
아베노믹스	2
아베총리	2
아브리니	2
아브야드서	2
아비	2
아사드	2
아사드와	2
아산에	2
아세안에	2
아소	2
아스널에	2
아스달	2
아스테라스	2
아스트	2
아시아계	2
아시아의	2
아시아판	2
아시아퍼시픽	2
아시안게임에서	2
아우토반	2
아우토반에	2
아울렛	2
아웃사이더의	2
아이가드	2
아이는	2
아이들나라	2
아이들은	2
아이서울유	2
아이스크림	2
아이씨디	2
아이에	2
아이즈	2
아이폰6s	2
아이폰x과	2
아이폰x보다	2
아이폰x이	2
아이폰으로	2
아주대	2
아지트	2
아직종합	2
아집	2
아차	2
아침밥	2
아컴스튜디오	2
아쿠아리움	2
아키노	2
아토피	2
아트선재센터	2
아트아시아	2
아트토이	2
아파트로	2
아파트에	2
아포엘에	2
아폴로	2
아프리카는	2
아프리카서	2
아현국사	2
아홉수	2
악기	2
악기의	2
악덕	2
악명	2
악보집	2
악성메일	2
악성파일	2
악재까지	2
악화일로	2
악화종합	2
악화할	2
안가고	2
안간힘종합	2
안갯속으로	2
안건으로	2
안겨	2
안경	2
안규백정책위의장	2
안기고	2
안덕수	2
안도의	2
안동현	2
안돼도	2
안드로이드의	2
안락사	2
안맡고	2
안면도	2
안민석	2
안병길	2
안보가	2
안보관	2
안보는	2
안보라인	2
안보위기	2
안보이는	2
안보이익	2
안보행보	2
안봉근	2
안산과	2
안산에	2
안심하기는	2
안쓴다	2
안에서도	2
안영명	2
안위	2
안장	2
안전기준	2
안전문화	2
안전보장	2
안전심사	2
안전에	2
안전체계	2
안전하지	2
안정성에	2
안정에	2
안정환	2
안종범과	2
안진	2
안창호	2
안철상	2
안철수김한길	2
안타가	2
안타까움	2
안타에	2
안하고	2
안한다종합	2
안할듯	2
안했으면	2
앉아서	2
앉은	2
않게	2
않기	2
않길	2
않네	2
않는게	2
않는한	2
않도록	2
않습니다	2
않았고	2
않았다면	2
않았으나	2
않았지만	2
않을것종합	2
알던	2
알두하일	2
알뜰폰업계	2
알레포	2
알레포가	2
알려	2
알려줘	2
알려지길	2
알록달록	2
알룰로스	2
알리면	2
알리미	2
알리자	2
알린다종합	2
알릴	2
알바레스	2
알서포트	2
알아두면	2
알아보고	2
알자지라	2
알자지라방송	2
알투베	2
암각화	2
암모니아	2
암호	2
암흑기	2
암흑천지	2
압력에	2
압박에도	2
압박외교	2
압박으로	2
압박은	2
압박종합2보	2
압박하는	2
압박해야	2
압박효과	2
압사사고로	2
압수수색1보	2
앙골라	2
앙리할아버지와	2
앙카라서	2
앙코르는	2
앞당겨야	2
앞당겼던	2
앞뒤	2
앞바다서	2
앞바다에	2
앞서가는	2
앞으로의	2
애국집회	2
애니메이션으로	2
애리조나에	2
애셋	2
애초	2
애틀랜타와	2
애틀랜틱시티	2
애플과	2
애플삼성	2
애플스토어	2
애플스토어에	2
애플워치	2
애플워치3	2
애플의	2
액정	2
액티브	2
액티브2	2
액티브etf	2
앤드	2
앤드루스	2
앤디포스	2
앤솔로지	2
앨러다이스	2
앱서	2
앱스토어	2
앱에서	2
앱으로	2
앳킨슨	2
야3당	2
야간개장	2
야구경기를	2
야구에	2
야구용품	2
야구장에서	2
야권과	2
야권통합	2
야당까지	2
야당에	2
야당탄압	2
야마구치	2
야속한	2
야영장	2
야외서	2
야학	2
야합	2
야행	2
약관	2
약국	2
약세로	2
약세종합2보	2
약속이	2
약속종합	2
약점을	2
약하기에	2
약했던	2
얀	2
얇고	2
얇은	2
양경규	2
양과	2
양궁처럼	2
양동근	2
양복	2
양복차림	2
양분	2
양사	2
양산시	2
양산시청	2
양상문	2
양상우	2
양성평등	2
양손잡이	2
양수인	2
양식장	2
양양공항	2
양양군	2
양양서	2
양자컴퓨터	2
양자택일	2
양준모	2
양진호	2
양키스에	2
양팔	2
양평	2
양희종	2
얘기에	2
어	2
어게인	2
어긋난	2
어기고	2
어닝쇼크에	2
어도비	2
어디가	2
어디일까	2
어떠세요	2
어려	2
어려워요	2
어렵다종합	2
어른	2
어릴	2
어묵바	2
어버이날	2
어쇼어	2
어시스트	2
어업구역	2
어젠다는	2
어쨌거나	2
어쩌다	2
억	2
억대	2
억류자	2
억지력	2
억측	2
언급은	2
언급할	2
언니	2
언론개혁	2
언론단체	2
언론분쟁	2
언론사가	2
언론사들	2
언론인들	2
언어도단	2
언쟁	2
언제나	2
언젠가	2
언체인	2
얻으려	2
얼룩	2
얼리버드	2
얼빠진	2
얼어	2
얼었다	2
얽힌	2
엄마는	2
엄마를	2
엄마와	2
엄마의	2
엄벌	2
엄정	2
엄중교섭	2
엄지척	2
엄청	2
업	2
업고	2
업무방해금지가처분	2
업무설명회	2
업무시설	2
업무시작	2
업무위축	2
업무제휴	2
업무환경	2
업소	2
업자들	2
없겠죠	2
없기	2
없나요	2
없네요	2
없는한	2
없다고	2
없다종합2보	2
없애	2
없애고	2
없애야	2
없앤	2
없어요	2
없어지면	2
없었다면	2
없죠	2
엇갈리는	2
엉망	2
에그	2
에듀파인	2
에러	2
에메랄드빛	2
에버턴에	2
에비아섬	2
에서	2
에스더	2
에스엠	2
에스티아이	2
에스티팜	2
에스퓨얼셀	2
에어맵코리아	2
에어백	2
에어버스	2
에어쇼	2
에이디테크놀로지	2
에이브릴	2
에이수스	2
에이앤티앤	2
에이치엘비	2
에인절스에	2
에인절스와	2
에인절스전서	2
에코	2
에콰도르서	2
에트루리아	2
에티오피아에	2
에피폴라	2
엑소더스	2
엑손모빌	2
엑스칼리버	2
엑스페리아5	2
엑시노스	2
엔	2
엔리케	2
엔비디아	2
엔씨문화재단	2
엔진시험발사체	2
엔터테인먼트	2
엘	2
엘리어트	2
엘클라시코	2
엘포인트	2
엠넷	2
엥카르나시온	2
여객	2
여객기와	2
여객운송	2
여겨	2
여겨야	2
여고생	2
여기가	2
여기까지	2
여기는	2
여기어때	2
여기자상에	2
여당에	2
여당연합	2
여당제1야당	2
여대생	2
여러분은	2
여러차례	2
여론은	2
여론조사업체	2
여름날씨	2
여름맞이	2
여름밤에	2
여름의	2
여망	2
여민수	2
여배우	2
여부는	2
여성과	2
여성과기인지원센터	2
여성대통령	2
여성들이	2
여성비하	2
여성에게	2
여성연출가전	2
여성의원	2
여성의원들에	2
여성이	2
여성인재	2
여성작가	2
여성작가들	2
여신	2
여신상	2
여신전문금융사	2
여아	2
여야가	2
여야의	2
여오현	2
여왕연설	2
여우	2
여유로운	2
여의도서	2
여자농구에	2
여자축구대표팀	2
여자축구팀	2
여자친구	2
여자컬링	2
여주	2
여직원	2
여진에	2
여학생	2
여행객들	2
여행박람회	2
여행신간	2
여행업계	2
여행은	2
여행자	2
여행주간	2
여행지로	2
여행책	2
역공	2
역귀성	2
역동적	2
역량강화	2
역량평가	2
역사교과서	2
역사속으로	2
역세권	2
역시나	2
역전패로	2
역전패종합	2
연결성	2
연결할	2
연고	2
연고점	2
연골	2
연관검색어	2
연관성	2
연구개발특구	2
연구기관과	2
연구반	2
연구비관리시스템	2
연구성과실용화진흥원	2
연구시설	2
연구원들	2
연구윤리	2
연구자가	2
연구지원이	2
연구진이	2
연구환경	2
연극무대	2
연극제	2
연기가	2
연기종합2보	2
연기할	2
연다지만	2
연락받은	2
연락종합	2
연락채널	2
연령대	2
연루된	2
연루자	2
연말까지만	2
연말께	2
연말에	2
연말파티	2
연매출	2
연못서	2
연봉은	2
연봉총액	2
연봉퀸	2
연봉킹	2
연봉협상	2
연석회의에서	2
연설로	2
연설문	2
연설서	2
연설에	2
연속타자	2
연쇄통화	2
연쇄폭발	2
연쇄회담	2
연수생	2
연신	2
연안서	2
연예인들	2
연인이	2
연장에	2
연장종합	2
연재	2
연정구성	2
연정이냐	2
연좌농성	2
연주를	2
연주하는	2
연착륙	2
연초부터	2
연출한	2
연탄	2
연필로	2
연합군	2
연합뉴스wam통신	2
연합뉴스부터	2
연합뉴스지지통신	2
연합억지력	2
연합에	2
연합훈련	2
연합훈련에	2
연해주	2
열교환기	2
열기에	2
열기종합	2
열까	2
열대야가	2
열려종합	2
열렬히	2
열렸다종합	2
열릴	2
열매	2
열병식서	2
열사	2
열사릉에	2
열어놔	2
열어젖힌	2
열에	2
열자	2
열지	2
열혈	2
열흘내	2
염경엽	2
염두에	2
염윤아	2
염탐	2
엿보다	2
영감	2
영공침범	2
영국독립당	2
영국해협	2
영덕	2
영리병원	2
영리한	2
영문	2
영변	2
영불해협	2
영사	2
영상물	2
영상상담서비스	2
영상서	2
영상에	2
영상콘텐츠	2
영실	2
영양	2
영어교육	2
영어회화	2
영업시간	2
영업에	2
영업적자	2
영예종합	2
영원한	2
영원히	2
영입경쟁	2
영입종합	2
영장기각에	2
영장실질심사	2
영재	2
영정	2
영종도	2
영주권	2
영취산	2
영토분쟁	2
영하5도	2
영하권으로	2
영향없나	2
영향을	2
영혼	2
영화관	2
영화음악	2
옆구리	2
예결소위	2
예결위원장	2
예고된	2
예고한	2
예그린뮤지컬어워드	2
예단	2
예대금리차	2
예루살렘에	2
예민한	2
예방한	2
예배	2
예봉피하려는	2
예비명단	2
예비비	2
예비입주자	2
예비후보들	2
예쁘다	2
예산군	2
예산전쟁	2
예상못한	2
예상시기	2
예상적설	2
예상했던	2
예술가	2
예술감독에	2
예술위	2
예술의전당에	2
예술이	2
예술인이	2
예약량	2
예약제	2
예외없어	2
예외없이	2
예우	2
예측하기	2
예측한	2
옌볜	2
옛길	2
옛동독	2
옛이야기	2
오	2
오거돈	2
오귀스탱	2
오그먼	2
오너보다	2
오늘날	2
오늘보다	2
오늘을	2
오대산	2
오라	2
오라고	2
오랜만입니다	2
오로라	2
오롯한	2
오른다종합	2
오른손	2
오름	2
오리	2
오리라	2
오만서	2
오바마가	2
오바마는	2
오바마에	2
오바마의	2
오버행	2
오산	2
오색	2
오성운동과	2
오션브릿지	2
오소리오	2
오송역	2
오스템임플란트	2
오염물	2
오전부터	2
오존농도	2
오차	2
오차범위	2
오찬종합	2
오켈로	2
오키나와에서	2
오타니와	2
오타비노	2
오텍	2
오페라계	2
오프	2
오픈소스	2
오픈암즈	2
오후2시	2
오후에도	2
옥새	2
옥인콜렉티브	2
옥천	2
온갖	2
온기	2
온난화로	2
온도까지	2
온도차종합	2
온라인다음	2
온라인몰서	2
온라인서점	2
온라인으로	2
온리족	2
온몸으로	2
온비드	2
온전한	2
온종일	2
온천	2
온통	2
온풍기	2
올데이	2
올라온	2
올랐나	2
올랜드	2
올레길	2
올려야	2
올려종합	2
올수도	2
올스타전서	2
올스타팀	2
올여름엔	2
올재	2
올해부터	2
올핸	2
옮길	2
옳은	2
옳지	2
옴진리교	2
옷값	2
옷을	2
와서	2
와의	2
와이드2	2
와이어	2
와전	2
와중에	2
완구	2
완료종합	2
완만한	2
완벽투	2
완성된	2
완성종합	2
완성한	2
완연	2
완전고립	2
완전무장	2
완전이행	2
완전자급제법	2
완전차단	2
완화될듯	2
완화시	2
완화적	2
왓챠플레이	2
왓츠앱	2
왓퍼드와	2
왕	2
왕국	2
왕년	2
왕도마뱀	2
왕래	2
왕의	2
왕조	2
왕좌의	2
외계행성	2
외교가	2
외교갈등	2
외교관들	2
외교관이	2
외교단에	2
외교위원장	2
외교의	2
외교장관과	2
외교장관회의	2
외국서	2
외국어	2
외국에	2
외국인과	2
외국인도	2
외국인은	2
외딴	2
외딴섬	2
외로운	2
외면에	2
외면하고	2
외무차관주러	2
외박	2
외부감사	2
외부인사	2
외설	2
외식	2
외압	2
외야수	2
외양간	2
외자	2
외장스피커	2
외주pd	2
외주제작	2
외쳐	2
외쳐라	2
외친	2
외칠	2
외형	2
외환	2
외환거래법	2
왼손	2
요	2
요가	2
요구는	2
요구엔	2
요구종합2보	2
요구하는	2
요구하면서	2
요금경쟁	2
요금에	2
요금폭탄	2
요금할인율	2
요금할인이	2
요기요	2
요동종합	2
요동치는	2
요리	2
요리사	2
요술방망이	2
요약문	2
요양병원	2
요요마	2
요지부동	2
요청종합2보	2
요키치	2
욕망	2
욕망을	2
용	2
용납할	2
용도	2
용서	2
용역근로자	2
용의종합	2
용평리조트	2
우경화	2
우는	2
우다웨이	2
우량기업	2
우려로	2
우려종합2보	2
우리공화당	2
우리나라에	2
우리동네	2
우리만	2
우리보다	2
우리시대	2
우리와	2
우리은행에	2
우리집	2
우리카드는	2
우물쭈물하다	2
우박	2
우박도	2
우발적	2
우버와	2
우병우는	2
우상향	2
우선순위는	2
우선원칙따라	2
우선종합	2
우선협상대상자	2
우수기업	2
우수사례집	2
우수상	2
우수상에	2
우수인재	2
우수작	2
우승으로	2
우승이죠	2
우승자에	2
우승후보는	2
우연히	2
우울한	2
우유	2
우의	2
우정사업본부장배	2
우주개발국	2
우주관광	2
우주망원경	2
우주여행	2
우주의	2
우주청	2
우주탐사	2
우진아이엔에스	2
우천	2
우천순연	2
우천으로	2
우체국알뜰폰	2
우클릭종합	2
우회상장	2
운동가	2
운동권	2
운동사	2
운동에	2
운동은	2
운동의	2
운동화	2
운명을	2
운반로켓	2
운반선	2
운영권	2
운영사	2
운영위서	2
운영종합	2
운영키로	2
운용사	2
운용연습	2
운전사	2
운전중	2
운전하는	2
운하	2
운항중단	2
운행중단	2
울	2
울다	2
울렁증	2
울려퍼진	2
울릉	2
울리는	2
울산경찰	2
울산과기원	2
울산서도	2
울산시	2
울산종합일보	2
울산커플마라톤대회	2
울주산악영화제	2
울지	2
움베르토	2
움직여	2
움직이는가	2
웃게	2
웃는다	2
웃을	2
웃음꽃	2
웃음바다	2
웃음의	2
웃픈	2
웅진씽크빅	2
웅진코웨이	2
워낙	2
워드렌즈	2
워싱턴d	2
워싱턴dc	2
워싱턴전	2
워싱턴행	2
워치폰	2
워크숍으로	2
워크플레이스	2
워터월드	2
원격으로	2
원고	2
원내	2
원내대표급	2
원내대표단	2
원동연	2
원로들	2
원로와	2
원료의약품	2
원리금	2
원본	2
원아시아페스티벌	2
원양어선	2
원외	2
원위치종합	2
원유수입	2
원인물질	2
원자	2
원자력안전위	2
원자력의학원	2
원작소설	2
원전서	2
원정대	2
원정응원	2
원조반입	2
원조중단	2
원천기술	2
원톱으로	2
원투펀치	2
원혜영	2
원화값	2
월가	2
월드컵개막	2
월드클래스	2
월마트서	2
월말	2
월별	2
월세대출	2
월정액	2
월출산	2
월터	2
월페이퍼	2
웨어러블기기	2
웨이버	2
웨이포트	2
웰리	2
웰바이오텍	2
웰빙	2
웰컴저축은행	2
웹문서	2
웹하드	2
위기가	2
위기리더십	2
위기설	2
위기의식	2
위력	2
위로가	2
위로하는	2
위를	2
위문	2
위반으로	2
위법성	2
위성통신	2
위성호	2
위안	2
위안부문제	2
위안부합의	2
위워크	2
위장전입	2
위조	2
위조방지에	2
위즈	2
위촉장	2
위컴비	2
위탁운영	2
위태위태	2
위해서라도	2
위해선	2
위해성	2
위헌성	2
위험천만	2
위협수위	2
위협종합2보	2
위협한	2
위협할	2
윈도10	2
윈윈해야	2
윌	2
윌리엄스는	2
윗선	2
윙	2
윙백	2
유가증권시장	2
유고	2
유고브	2
유관기관	2
유교	2
유권자들	2
유권자의	2
유기준	2
유네스코	2
유니버설발레단	2
유니콘	2
유대계	2
유대교	2
유독	2
유럽국	2
유럽연구소	2
유럽의	2
유럽챔피언스리그	2
유력주자	2
유령	2
유로스타트	2
유류세	2
유바이오로직스	2
유발하는	2
유벤투스에	2
유비케어	2
유사시	2
유사점	2
유선	2
유선통신	2
유세종합	2
유소년축구대회	2
유스팀	2
유시춘	2
유아교육정책과	2
유안타	2
유앤아이	2
유엔결의	2
유엔안보리에	2
유엔의	2
유엔인권대표	2
유영국	2
유의해야	2
유인물	2
유인택	2
유일하게	2
유입종합	2
유재석	2
유전자가	2
유전자가위로	2
유전지대	2
유증	2
유지보수	2
유지하는	2
유지한	2
유창근	2
유출자	2
유출한	2
유클라우드	2
유키	2
유타	2
유타재즈	2
유통한	2
유튜버와	2
유튜브로	2
유튜브서	2
유포종합	2
유학생들	2
유한킴벌리	2
유해발굴	2
유해사이트	2
유혈충돌	2
유효슈팅	2
유효한	2
유희	2
유희옥	2
육박종합2보	2
육상	2
육성반	2
육성센터에	2
육성에	2
육아	2
육아휴직	2
윤동주의	2
윤리교육	2
윤범모	2
윤상직	2
윤석산	2
윤아	2
윤영글	2
윤이상	2
윤장현	2
윤전추	2
윤종규	2
윤종오	2
윤종원	2
윤지오에	2
윤형근	2
윤활유	2
윤후명	2
윤희상	2
율곡	2
융	2
융합서비스	2
융합형	2
으뜸	2
으르렁	2
은메	2
은상	2
은퇴하는	2
은퇴한	2
은평을	2
은하철도	2
은행도	2
은행에	2
을지	2
음극재	2
음모	2
음발라	2
음색	2
음성무제한	2
음성안내	2
음성은	2
음성통화	2
음식배달	2
음식은	2
음식축제	2
음악가	2
음악과	2
음악스트리밍	2
음악은	2
음악이	2
음악축제	2
음악편지	2
음해	2
음해가	2
응급	2
응급환자	2
응원합니다	2
응할	2
의견교환	2
의견도	2
의견수렴	2
의결속보	2
의결정족수	2
의기투합	2
의도가	2
의뢰종합	2
의료광고	2
의료기기에	2
의무실장	2
의문사	2
의미를	2
의미없어	2
의붓딸	2
의사당	2
의사봉	2
의사소통	2
의사의	2
의사일정	2
의석수	2
의식불명	2
의심사례	2
의심환자	2
의안과	2
의암호	2
의원과	2
의원들만	2
의원들에	2
의원들은	2
의원은	2
의원직	2
의원평가	2
의장과	2
의장직속	2
의전	2
의전장	2
의정서	2
의지에	2
의총서	2
의학	2
의혹도	2
의혹이	2
의혹제기	2
의회가	2
의회해산	2
이강래	2
이강원	2
이거	2
이겨내야	2
이겨낼	2
이견종합2보	2
이견종합3보	2
이경자	2
이계문	2
이구동성	2
이그제큐티브타워로	2
이글스	2
이기주의	2
이기택	2
이길까	2
이나연	2
이내로	2
이념	2
이녹스첨단소재	2
이니셔티브	2
이니에스타	2
이니에스타와	2
이닝에	2
이달내	2
이대훈	2
이도	2
이동만	2
이동섭	2
이동전화	2
이동통신3사	2
이득	2
이땅에	2
이라크에	2
이라크전	2
이란문제	2
이란방문	2
이란위협	2
이란인	2
이란중앙은행	2
이란판	2
이래야	2
이랜드에	2
이럴	2
이례적으로	2
이론	2
이루려면	2
이룰	2
이룰까	2
이뤄	2
이뤄내겠다	2
이뤄야	2
이뤄져야	2
이뤄지길	2
이뤄지도록	2
이뤄진	2
이뤄질	2
이륙	2
이르다	2
이마	2
이마트가	2
이마트로	2
이만큼	2
이매방	2
이메일로	2
이메일의	2
이면	2
이미경	2
이민2세	2
이민자들	2
이민자들에게	2
이민정책	2
이발사	2
이방인	2
이베이	2
이베이코리아	2
이벤트에	2
이병권	2
이병근	2
이병률	2
이병철	2
이북	2
이불	2
이사국	2
이사장으로	2
이사직	2
이사철	2
이상목	2
이상은	2
이상을	2
이상징후	2
이색후보	2
이선규	2
이성우	2
이세돌알파고	2
이세돌이	2
이소영은	2
이소호	2
이수화학	2
이순신의	2
이순진	2
이슈는	2
이슈에	2
이스라엘가자지구	2
이스라엘폴란드	2
이스탄불서	2
이스트시큐리티	2
이슬람계	2
이슬람사원	2
이승우에	2
이승원의	2
이승호	2
이시구로의	2
이식용	2
이야기들	2
이야기로	2
이야기를	2
이야기하자	2
이야기한다	2
이양종합	2
이어간다	2
이어스	2
이어져야	2
이어졌다	2
이언주	2
이영	2
이영택	2
이용객에	2
이용계약	2
이용기간	2
이용량	2
이용료	2
이용자별	2
이용자보호	2
이용하면	2
이용하세요	2
이용할	2
이용호	2
이웃이	2
이원석	2
이원화	2
이월	2
이유있는	2
이을	2
이의	2
이의제기	2
이익개선	2
이인영과	2
이자이익	2
이재영이	2
이재웅	2
이재원	2
이재은	2
이재현	2
이적설에	2
이적시장에서	2
이적할	2
이전상장	2
이정협	2
이정후와	2
이종범	2
이종찬	2
이주노동자	2
이주민보트	2
이주아	2
이주영	2
이중	2
이중국적	2
이중언어	2
이중잣대	2
이즈모	2
이지스	2
이집트사무소	2
이집트에서	2
이춘희	2
이치로는	2
이케아	2
이쿼녹스	2
이태석	2
이태원	2
이태원에	2
이태호	2
이통사가	2
이통사와	2
이통요금	2
이튿날	2
이하도	2
이한구	2
이한샘	2
이행내역서	2
이행축소	2
이현승	2
이현영	2
이호건	2
이호준	2
이혼	2
이화여대	2
익명화한	2
익숙한	2
익스프레스	2
인간문화재	2
인간은	2
인격	2
인공광합성	2
인공섬	2
인공세포	2
인공지능은	2
인공지진파	2
인공태양	2
인구가	2
인권결의	2
인권변호사	2
인권보도상	2
인권보호	2
인권상황	2
인권선언	2
인권선언문	2
인권억압	2
인권위기자협회	2
인권제재	2
인권침해에	2
인기는	2
인기종합	2
인니에	2
인도시장	2
인디게임	2
인력난	2
인류는	2
인류에게	2
인류와	2
인류학	2
인맥	2
인명진	2
인문사회	2
인물난	2
인물들	2
인물로	2
인물화의	2
인민은행	2
인민은행장	2
인바디	2
인사검증	2
인사라인서	2
인사전횡	2
인사태풍	2
인사한	2
인삼송어축제	2
인상될	2
인상안	2
인상으로	2
인상은	2
인생에	2
인생에서	2
인수로	2
인수설	2
인슐린	2
인스탁스	2
인스텍스	2
인식기술	2
인신보호	2
인양	2
인위적	2
인자	2
인적개편	2
인적분할	2
인접	2
인정안해	2
인정하라	2
인정한	2
인종주의자	2
인종청소	2
인종평등	2
인증서	2
인지기능	2
인지도	2
인질극	2
인천과	2
인천에서만	2
인천으로	2
인천은	2
인천의	2
인천일보	2
인천지점	2
인콘	2
인터넷기업협회	2
인터넷대상	2
인터넷매체	2
인터넷방송	2
인터넷시장	2
인터넷신문	2
인터넷업계	2
인터넷전문은행	2
인터뷰하는	2
인터파크도서	2
인턴	2
인턴사원	2
인턴십	2
인텔이	2
인플루언서	2
인하안	2
인허가	2
일갈	2
일감몰아주기	2
일괄타결	2
일구회	2
일대서	2
일대일	2
일대일로에	2
일도	2
일등	2
일렉트릭	2
일론	2
일몰	2
일반	2
일반공모	2
일방	2
일본에도	2
일본엔	2
일본인이	2
일본행	2
일부서	2
일부지역에	2
일상과	2
일상이	2
일상화	2
일상화된	2
일성건설	2
일손돕기	2
일시적	2
일어나는	2
일어나지	2
일왕에	2
일요일까지	2
일으키나	2
일으키는	2
일으키려	2
일으킨	2
일의	2
일일이	2
일임형	2
일자리대책	2
일자리로	2
일자리창출	2
일장기	2
일정에	2
일정은	2
일정이	2
일정재개	2
일정조율	2
일정종합	2
일제강제징용	2
일주	2
일찌감치	2
일터	2
일평균	2
일하며	2
일한다	2
일해야	2
읽는다	2
읽지	2
임금전용	2
임금협상	2
임기후반기	2
임대식	2
임대업자	2
임대주택	2
임대형	2
임도헌라바리니	2
임동원	2
임명공직	2
임명식	2
임명에	2
임명옥	2
임명은	2
임박했나	2
임성순	2
임시대통령	2
임시대통령에	2
임시대통령으로	2
임신부	2
임실	2
임용	2
임원들	2
임원들과	2
임원인사	2
임원진	2
임의탈퇴	2
임종헌	2
임차료	2
임팩트	2
임효준	2
입건	2
입경	2
입구	2
입국3보	2
입국장	2
입니다	2
입단식	2
입막음	2
입맛에	2
입문교육	2
입법절차	2
입법화	2
입사	2
입성한	2
입소문	2
입시	2
입양	2
입을	2
입자가	2
입장에	2
입장전달	2
입장표명	2
입장한	2
입주권	2
입주율	2
입증해야	2
입체파	2
입추에도	2
입춘	2
입항금지	2
입항하는	2
입항허가	2
잇다	2
잇몸	2
있고	2
있는가	2
있는데	2
있다는	2
있습니다	2
있어서	2
있었나	2
있으나	2
있을지도	2
있지	2
잉글랜드축구협회	2
잊으면	2
잊지	2
잊혀질	2
잊힌	2
자구계획	2
자국출신	2
자금난	2
자금몰이	2
자금부족에	2
자금은	2
자금지원	2
자기자본	2
자동추천	2
자동폐기	2
자료는	2
자료화	2
자립	2
자막	2
자멸의	2
자멸한	2
자문기구	2
자문사	2
자문안으로	2
자문위	2
자민련	2
자발적	2
자본주의를	2
자부심	2
자산동결	2
자석	2
자성물질	2
자세히	2
자숙하겠다	2
자신감이	2
자신을	2
자신의	2
자신있게	2
자신있다	2
자영업	2
자욱한	2
자원봉사대축제	2
자위대함	2
자유계약선수	2
자유로운	2
자유북한방송	2
자유여행	2
자유의	2
자유인	2
자유투	2
자율적	2
자율협력주행	2
자정	2
자제령	2
자제종합	2
자존감	2
자처종합	2
자청	2
자초한	2
자취	2
자치	2
자치분권	2
자치정부	2
자치통감	2
자카르타에	2
자크	2
자태	2
자택서	2
자평	2
자필	2
자해	2
자화자찬	2
작가들의	2
작가들이	2
작가로	2
작년에	2
작심	2
작아도	2
작전도	2
작전의	2
작지만	2
작품이	2
작품집	2
잔고	2
잔루	2
잔류에	2
잔류파	2
잔재	2
잔칫날	2
잔혹	2
잘나가는	2
잘나가던	2
잘된	2
잘사는	2
잘하겠다	2
잘하는	2
잠긴	2
잠든	2
잠룡들	2
잠복	2
잠수	2
잠수가능	2
잠을	2
잠자는	2
잠자던	2
잠잠한	2
잠재울까	2
잡겠다	2
잡나	2
잡스가	2
잡아야	2
잡았지만	2
잡으려	2
잡으면	2
잡으세요	2
잡음있었지만	2
잡지로	2
잡화점의	2
잡히나	2
장고	2
장관회의	2
장관후보자	2
장군봉에서	2
장기간	2
장기기억	2
장기물	2
장기하와얼굴들	2
장기화하나	2
장난감	2
장도	2
장르	2
장미공원	2
장미의	2
장민재	2
장벽예산	2
장비공급	2
장비사로	2
장비에	2
장사익	2
장세욱	2
장소로	2
장신구	2
장쑤	2
장애시	2
장애인단체	2
장애인에	2
장애인의	2
장원삼	2
장자연사건	2
잦아	2
잦아드나	2
잦아들어	2
재가	2
재가동이	2
재개는	2
재개에	2
재개장	2
재개해야	2
재건축시장	2
재결합	2
재고해야	2
재공모	2
재구성	2
재기	2
재난안전통신망	2
재단장	2
재도약	2
재독시인	2
재래식	2
재량근로제	2
재매각	2
재무상태	2
재무제표	2
재미가	2
재밌게	2
재밌는데	2
재발견	2
재방	2
재산세	2
재산피해	2
재상장	2
재선임종합	2
재송부	2
재수	2
재승인	2
재승인과	2
재승인에	2
재실시	2
재심신청	2
재앙	2
재외	2
재외공관	2
재외국민	2
재외투표	2
재일본한국ymca회관	2
재임명	2
재임차	2
재점화할까	2
재정난	2
재정적자	2
재정지원	2
재정지출	2
재조명에	2
재즈선언	2
재지정	2
재진입체	2
재진출	2
재천명	2
재촉종합	2
재총선	2
재추진종합2보	2
재출격	2
재충돌	2
재키	2
재탕	2
재택근무	2
재판관	2
재판받을	2
재판서	2
재평가	2
재표결	2
재해석	2
재향군인회	2
재현한	2
재확인종합	2
잭슨발레콩쿠르서	2
잭슨은	2
잭팟	2
쟁점과	2
저격	2
저녁부터	2
저녁이	2
저는	2
저렴한	2
저리	2
저마다	2
저마다의	2
저명	2
저성장	2
저수지	2
저울질	2
저자	2
저작	2
저전력	2
저지하며	2
저지했다	2
저평가된	2
저항은	2
적고	2
적과	2
적과의	2
적극협조	2
적금가입고객에	2
적당히	2
적대적	2
적들의	2
적발되자	2
적설종합	2
적성	2
적시타종합	2
적신	2
적어도	2
적용된	2
적용될	2
적으로	2
적임	2
적자종합	2
적자지속	2
적자확대	2
적절성	2
적절히	2
적중	2
적지에서	2
적합성평가	2
전갈슈팅	2
전곡연주	2
전공	2
전국구	2
전국시장	2
전국에서	2
전국으로	2
전국은	2
전국투어	2
전극소재용	2
전기화학	2
전남과	2
전남도청서	2
전남지사	2
전남지역	2
전년대비	2
전년동기비	2
전달보다	2
전담조직	2
전대로	2
전대식	2
전략공천	2
전략물자	2
전략에	2
전략회의	2
전력소모	2
전력소비	2
전력수급	2
전령	2
전례	2
전례없는	2
전망도	2
전망종합2보	2
전매제한	2
전면적인	2
전문가들이	2
전문직	2
전반에	2
전범	2
전범기업	2
전병헌	2
전부	2
전북과	2
전북도당	2
전산시스템	2
전설의	2
전설이	2
전세도	2
전세보증	2
전세보증금	2
전송장비	2
전술훈련	2
전시관	2
전시관으로	2
전시된다	2
전열	2
전용구장	2
전용매대	2
전원위원회	2
전원참석	2
전월세거래량	2
전월세도	2
전월세전환율	2
전으로	2
전의	2
전인미답	2
전인범	2
전임감독	2
전자기파	2
전자단기사채	2
전자발찌	2
전자영수증	2
전자책유통사	2
전작과	2
전작권	2
전작의	2
전장에	2
전쟁광	2
전쟁에	2
전쟁은	2
전쟁종합	2
전쟁하면	2
전종수	2
전주서	2
전주세계소리축제	2
전주지점	2
전주총국	2
전주특례시	2
전주한옥마을	2
전지용	2
전진	2
전처	2
전천후	2
전초기지	2
전충렬	2
전태풍	2
전통공예명품전	2
전통놀이	2
전통춤	2
전투기가	2
전투복	2
전투에	2
전투에서	2
전투원	2
전파연구센터	2
전파연구원	2
전패로	2
전해	2
전현희	2
전환치료	2
전환할	2
절경	2
절기	2
절도사건	2
절로	2
절박	2
절박한	2
절반에	2
절반의	2
절벽	2
절실한	2
절실했던	2
절약	2
절차가	2
절차는	2
절차로	2
절충	2
젊은과학자상	2
젊음	2
점거한	2
점과	2
점수는	2
점액서	2
점유	2
점입가경	2
점자	2
점진적	2
접근성	2
접근해야	2
접는	2
접대	2
접목한	2
접목해	2
접속경로	2
접속차단	2
접어든	2
접전종합	2
접점	2
접착	2
접촉사고	2
접촉사고때	2
정갑윤	2
정개	2
정경두에	2
정계은퇴	2
정국경색	2
정국긴장	2
정국위기	2
정권과	2
정권수립일	2
정권연장	2
정권탈환	2
정규성	2
정기인사	2
정기주총	2
정기학술대회	2
정다운	2
정당대표	2
정당들과	2
정당성	2
정당에	2
정당화	2
정도준	2
정동야행	2
정두언	2
정례보고	2
정례회의	2
정리종합	2
정리하는	2
정립	2
정말로	2
정맥인증	2
정면충돌로	2
정몽구	2
정무위원들	2
정미경	2
정보가	2
정보교환	2
정보수집	2
정보에	2
정보원	2
정보위원장	2
정보유출	2
정부기관	2
정부대변인	2
정부서	2
정부청사	2
정비사업소	2
정상의	2
정상적	2
정상적으로	2
정상화에	2
정상화해야	2
정상회담도	2
정상회담으로	2
정상회의에서	2
정상회의의장	2
정선아리랑극	2
정선은	2
정세브리핑	2
정수	2
정수기	2
정수장학회	2
정신감정	2
정신과	2
정신으로	2
정신적	2
정연주	2
정영채	2
정예멤버	2
정오의	2
정용기	2
정용진	2
정유공장	2
정유년	2
정유라	2
정유정	2
정의당과	2
정의당도	2
정의로운	2
정의선	2
정의장정진석	2
정이현	2
정일문	2
정장	2
정재원	2
정쟁만	2
정전사태	2
정점	2
정정용호	2
정족수	2
정지궤도	2
정진미	2
정진호	2
정책고객	2
정책기획위원들	2
정책기획위원회	2
정책발표회	2
정책방향	2
정책수립	2
정책조정수석	2
정책조정협의회	2
정책행보	2
정책현장	2
정책협약	2
정체기	2
정취에	2
정치개혁의	2
정치계	2
정치고향	2
정치공방	2
정치공세	2
정치국위원	2
정치를	2
정치범수용소	2
정치쇼	2
정치에서	2
정치의	2
정치자금	2
정치자금법	2
정치혐오	2
정크	2
정태호	2
정파	2
정한다	2
정해	2
정해야	2
정현식	2
정확성	2
정확한	2
제1206호	2
제13회	2
제1호	2
제20대	2
제20호	2
제20회	2
제21회	2
제25회	2
제26회	2
제2기	2
제2본사	2
제3국서	2
제3인터넷은행	2
제4	2
제47대	2
제4기	2
제4의	2
제50주년	2
제62회	2
제8대	2
제9대	2
제거되면	2
제거해야	2
제고위한	2
제공량	2
제공하는	2
제국을	2
제기능하려면	2
제기자	2
제네바	2
제넥신	2
제도개선안	2
제동에	2
제동종합	2
제로금리	2
제로페이	2
제비	2
제시할	2
제안도	2
제안설	2
제안은	2
제약업계	2
제어하는	2
제염소	2
제외로	2
제임스의	2
제작비	2
제작사	2
제작사와	2
제작한	2
제작환경	2
제재도	2
제재만으로	2
제재명단에	2
제재복원	2
제재위반	2
제재유예	2
제재종합	2
제재키로	2
제재탓	2
제재하면	2
제조공장서	2
제조기	2
제조법	2
제조사	2
제주국제관악제	2
제주국제합창축제	2
제주는	2
제주도는	2
제주부터	2
제주여행	2
제주은행	2
제주의	2
제창	2
제철소	2
제출키로종합	2
제패	2
제품군	2
제한선수	2
제한했다	2
젠	2
젠20	2
젠트리피케이션	2
젠틀맨스	2
졌다	2
조2위로	2
조각상	2
조강특위	2
조건은	2
조계현	2
조교	2
조국사태	2
조국을	2
조금씩	2
조금이라도	2
조기구축	2
조기대선	2
조기소집	2
조기진단	2
조기출시	2
조대엽	2
조동원	2
조동현	2
조동호	2
조력	2
조례안	2
조류독감	2
조립	2
조명으로	2
조명하는	2
조사결과	2
조사받는다	2
조사서	2
조상	2
조선기자재	2
조선기자재업체	2
조선사	2
조선소	2
조선시대	2
조선인	2
조선중앙통신	2
조선후기	2
조성길	2
조성진의	2
조성해	2
조세회피	2
조세회피처	2
조수미	2
조심해야	2
조약	2
조업권	2
조에서	2
조여옥	2
조영남	2
조용원	2
조원동	2
조원진	2
조율종합2보	2
조의	2
조이언트	2
조작에	2
조절인자	2
조절하는	2
조정국면	2
조정식	2
조정식과	2
조정신청	2
조정안	2
조정에	2
조정종합	2
조정회의	2
조종간	2
조종묵	2
조지아서	2
조직문화	2
조짐에	2
조총과	2
조치2보	2
조치로	2
조태용	2
조평통도	2
조항은	2
조해진	2
조현배	2
족쇄	2
존경	2
존경받는	2
존댓말	2
존속	2
존스컵서	2
존영	2
존재가치	2
존재의	2
졸업	2
졸업식	2
졸전	2
좀더	2
좀비기업	2
종가	2
종교개혁	2
종교소식	2
종교와	2
종근당홀딩스	2
종료속보	2
종말	2
종묘제례악	2
종부세법	2
종신보험	2
종일	2
종합기업	2
종합대책	2
종합대회	2
종합상황실	2
종합소득세	2
종합적	2
종합적으로	2
좋아서	2
좋아진다	2
좋아하고	2
좋아한다	2
좋아할	2
좋았던	2
좋은가	2
좋은기업	2
좋은사람들	2
좋음보통	2
좌고우면	2
좌타	2
좌파3당	2
좌파정권	2
죄수	2
죄악	2
죈다종합	2
주52시간제	2
주5일	2
주가는	2
주거	2
주거안정	2
주겠다	2
주공1단지	2
주광덕	2
주기로	2
주꾸미	2
주담대	2
주도종합	2
주도한	2
주독	2
주렁주렁	2
주력산업	2
주력은	2
주루사로	2
주름	2
주마다가스카르	2
주말께	2
주말부터	2
주말에	2
주말에도	2
주말집회	2
주먹	2
주목종합2보	2
주목하라	2
주목한다	2
주미대사에	2
주민도	2
주민센터	2
주민이	2
주변4강	2
주부터	2
주상복합	2
주석에	2
주세요	2
주소	2
주소록	2
주승용	2
주식관련사채	2
주식담보	2
주식도	2
주식형펀드로	2
주신	2
주에는	2
주역종합	2
주연테크	2
주요국들	2
주운	2
주유소	2
주의보종합	2
주이란	2
주인과	2
주일	2
주일대사	2
주장까지	2
주장하며	2
주장한	2
주제가	2
주주가치	2
주주권	2
주주권익	2
주주추천공모제	2
주창	2
주초	2
주최측	2
주춤종합	2
주춤한	2
주크박스	2
주택거래	2
주택거래량	2
주택건설	2
주택담보	2
주택담보대출도	2
주택보증공사	2
주택저당증권	2
주포	2
주한대사	2
주한호주대사와	2
주행시험장	2
주형환	2
주홍콩총영사관	2
주효	2
주희정	2
죽	2
죽도록	2
죽은	2
죽을	2
죽음으로	2
죽음이	2
준po서	2
준비는	2
준비인력	2
준비중	2
준비하겠다	2
준비한	2
준비할	2
준수하라	2
줄거나	2
줄기	2
줄기세포로	2
줄까	2
줄면	2
줄부상	2
줄어드는	2
줄어든다	2
줄이기	2
줄이기로	2
줄이는	2
줄이려	2
줄이려는	2
줌아웃	2
중간	2
중간선거	2
중견작가	2
중계권	2
중국과의	2
중국도	2
중국몽	2
중국어	2
중국에선	2
중국원양자원	2
중국을	2
중국인들	2
중국인에	2
중국인의	2
중국전	2
중국판	2
중금속	2
중년의	2
중단요구	2
중대기로	2
중대발표	2
중대보도	2
중대성명	2
중도성향	2
중도연합	2
중독의	2
중동으로	2
중동정세	2
중동정세는	2
중동지역	2
중동파견	2
중동평화에	2
중립	2
중범죄	2
중부서	2
중부에	2
중세	2
중소벤처	2
중소상공인	2
중소형	2
중순까지	2
중심지	2
중앙경제공작회의	2
중앙그룹으로	2
중앙미디어네트워크	2
중앙방송	2
중앙선대위	2
중앙아프리카공화국	2
중앙일보	2
중요종합2보	2
중요해져	2
중용할	2
중원	2
중유럽	2
중의	2
중이던	2
중일	2
중일관계	2
중임제	2
중장년	2
중재로	2
중재안	2
중재외교	2
중재위	2
중재판결	2
중저가폰에	2
중증장애인	2
중추	2
중폭	2
중학교	2
중화기	2
줬다종합	2
쥐가	2
쥐고	2
쥐에서	2
쥬니버	2
쥬라기	2
쥴	2
즉위식	2
즉위식에	2
즉위식장으로	2
즐거워	2
즐겁게	2
즐겁다	2
즐겨보세요	2
즐겨볼까	2
즐기다	2
증감	2
증권사와	2
증권신고서	2
증권업	2
증기기관차	2
증상	2
증세로	2
증시전망	2
증식	2
증언집	2
증언한	2
증인들	2
증자에	2
증후군	2
지겨운	2
지고	2
지구에	2
지구온난화	2
지구위협소행성	2
지구충돌	2
지구특공대	2
지금까지	2
지금껏	2
지급불능	2
지기전에	2
지나는	2
지나쳐	2
지나치게	2
지나친	2
지노위	2
지능형반도체	2
지닌	2
지대공유도무기	2
지도부도	2
지도자에게	2
지로나	2
지루	2
지명에	2
지명종합	2
지명직	2
지명타자로	2
지방공무원	2
지방도시	2
지방분권	2
지방세포	2
지방은행	2
지방자치	2
지배력	2
지배한	2
지부장	2
지부티에	2
지불	2
지브롤터가	2
지상분출시험	2
지상최대	2
지속가능	2
지스타서	2
지시로	2
지시만	2
지시에	2
지식	2
지식산업센터	2
지식인의	2
지신노협	2
지어	2
지역뉴스	2
지역사회	2
지역언론	2
지연시간	2
지연으로	2
지열발전소	2
지오니	2
지와이커머스	2
지운다	2
지원공간	2
지원법	2
지원사격	2
지원센터	2
지원을	2
지원자	2
지원하는	2
지원한다	2
지원합니다	2
지자체와	2
지자체장	2
지점	2
지정제도	2
지주	2
지지결의	2
지지기반	2
지지는	2
지지로	2
지지선언	2
지지율도	2
지지자들과	2
지지하는	2
지지한다	2
지지해달라	2
지지호소	2
지진으로	2
지진파	2
지진현장	2
지체없이	2
지출액	2
지칠	2
지침서	2
지켜라	2
지켜보고	2
지켜준	2
지킨다	2
지탱하는	2
지폐로	2
지피기	2
지핀	2
지하철서	2
지향	2
직거래	2
직거래장터	2
직격	2
직권	2
직면종합	2
직무연수	2
직무집행정지	2
직업훈련	2
직원이	2
직전까지	2
직접대응은	2
직항편	2
진검승부	2
진경준	2
진단까지	2
진단은	2
진단키트	2
진단하는	2
진도	2
진도서	2
진동에	2
진보정당	2
진상규명은	2
진성태	2
진수	2
진시우	2
진실과	2
진실사회	2
진실한	2
진위	2
진입할	2
진입해	2
진정될까	2
진정될지	2
진주만	2
진지위	2
진척됐을	2
진천	2
진출은	2
진출한	2
진통제	2
진퇴양난	2
진한	2
진해는	2
진행속보	2
진행종합	2
진화론	2
진화할까	2
진흥기업	2
진흥주간	2
질병치료	2
질타종합	2
질환으로	2
집권여당	2
집권하면	2
집권한	2
집권후반기	2
집단상가	2
집단탈북에	2
집단폭행	2
집무실	2
집배원	2
집부자	2
집시	2
집어	2
집은	2
집이	2
집적도	2
집주인	2
집중단속	2
집중된	2
집중종합	2
집착	2
집착하나	2
집행관	2
집행부	2
집행위	2
짓다	2
징계권고	2
징계안	2
징계위	2
징벌적	2
징병	2
징수	2
징용공	2
징용문제	2
징용배상	2
징크스에	2
짙어져	2
짙어진	2
짜장면	2
짜증	2
짧아	2
짧지만	2
짬뽕	2
쪽배축제	2
쫓겨나	2
찌는	2
찍었나	2
찜찜한	2
찜통차	2
차고	2
차고스제도	2
차관과	2
차관회의	2
차기지도부	2
차는	2
차단종합	2
차단한	2
차도	2
차드서	2
차등화	2
차라리	2
차량에	2
차량에서	2
차량정보시스템	2
차례상	2
차림	2
차명계좌도	2
차바이오텍	2
차범근과	2
차붐의	2
차세대시스템	2
차에	2
차용	2
차이나모바일	2
차이로	2
차이콥스키	2
차장	2
차주들	2
차해원	2
착용하세요	2
찬란한	2
찬반양론	2
찬밥	2
찬조연설	2
찰옥수수축제	2
참	2
참가는	2
참가에	2
참가활동정지	2
참견	2
참고	2
참관종합	2
참는	2
참배하는	2
참변	2
참사로	2
참사를	2
참상	2
참석키로종합	2
참수작전	2
참아	2
참엔지니어링	2
참여기업	2
참여도	2
참여연대	2
참여정부	2
참여키로	2
참여하는	2
참여해야	2
참패로	2
참화	2
참회	2
창건	2
창건일	2
창고	2
창구	2
창당발기인대회	2
창당정신	2
창덕궁	2
창동레지던시	2
창업허브	2
창원시청	2
창작물	2
창작썰매	2
창작지원	2
창조경제추진단장	2
창조센터	2
창조센터장	2
찾겠다	2
찾아가세요	2
찾아낸다	2
찾아왔다	2
채권금리	2
채권단에	2
채권자	2
채권자금	2
채권형펀드	2
채무불이행	2
채무조정	2
채소	2
채용설명회	2
채용인력	2
채운다	2
채택종합2보	2
채택해야	2
책도	2
책임공방	2
책임도	2
책임자들	2
책임지겠다	2
책임질	2
챌린지에	2
챔프전은	2
챔피언십서	2
챙기자	2
처가	2
처리도	2
처리시한	2
처리해야종합	2
처벌해야	2
처분키로	2
처서	2
처음이야	2
처지	2
처한	2
처형된	2
척결	2
척추	2
척추고정장치	2
천거	2
천관율의	2
천군만마	2
천년의	2
천리안위성	2
천만	2
천문	2
천안함	2
천안흥타령춤축제	2
천원의	2
천의	2
철군론에	2
철권통치	2
철도공동체	2
철도노조	2
철도착공식	2
철수로	2
철저한	2
철학자의	2
철회하라종합2보	2
첩보이첩	2
첩첩산중	2
첫째	2
첫째도	2
첫판서	2
첫해	2
청각장애인	2
청계광장에서	2
청구권	2
청구까지	2
청구도	2
청구한	2
청년비례	2
청년상인	2
청년위	2
청년의	2
청년인재	2
청년학생	2
청두	2
청량리역에	2
청력	2
청룽	2
청문정국	2
청문회로	2
청문회법은	2
청바지	2
청백당	2
청백당에	2
청보리밭축제	2
청색	2
청소년에	2
청소년에게	2
청소년을	2
청소할	2
청약마감	2
청약열기	2
청약접수	2
청양	2
청와대도	2
청정에너지	2
청주관	2
청주시	2
체	2
체르노빌	2
체리	2
체리폰	2
체불임금	2
체세포	2
체세포핵치환	2
체스	2
체외수정	2
체육	2
체육계	2
체육관	2
체육상	2
체육시설	2
체인저	2
체인지	2
체제안전보장해야	2
체제에	2
체지방	2
체질	2
체크	2
체크카드	2
체포에	2
체포영장	2
체험교실	2
체험하러	2
체험하며	2
체험형	2
첼시전	2
쳐	2
초경량	2
초계기	2
초고가	2
초고령사회	2
초과이익환수	2
초까지	2
초능력	2
초단타	2
초당파	2
초대위원장	2
초대장	2
초등학생들	2
초래	2
초래할	2
초록우산	2
초박빙	2
초선의원	2
초심	2
초연결	2
초월	2
초유	2
초유의	2
초읽기종합	2
초저전력	2
초전도체	2
초정밀	2
초중고	2
초청작	2
초청종합	2
초코파이	2
촉구서한	2
촌극	2
촛불민심	2
촛불시위	2
촛불의	2
촛불혁명	2
총감독	2
총격사건에	2
총기난사는	2
총기폭력	2
총량	2
총력대응	2
총력종합2보	2
총리공관	2
총리들	2
총리실	2
총망라	2
총매출	2
총선승리	2
총선연기론	2
총선이냐	2
총선후	2
총수익지수	2
총알	2
총영사	2
총지출	2
총참모장	2
총책	2
총체적	2
총화보고	2
촬영모드	2
촬영지	2
촬영한	2
최강추위	2
최강한파에	2
최고2보	2
최고는	2
최고등급	2
최고로	2
최고상품	2
최고위급	2
최고위원에	2
최고위직	2
최고인민회의서	2
최고참	2
최고층	2
최고치종합	2
최광주	2
최남단	2
최다득점	2
최다우승팀	2
최다홈런	2
최단기간	2
최단기록	2
최대로	2
최동원상	2
최루탄	2
최민호	2
최부일	2
최상급	2
최상의	2
최상인	2
최석기	2
최선을	2
최선의	2
최선종합2보	2
최선호	2
최선호주	2
최선희	2
최성영	2
최순실게이트	2
최순실이	2
최영애	2
최영일	2
최우수상에	2
최인호	2
최장집	2
최저시급	2
최저치로	2
최전선에	2
최정예	2
최종회의	2
최준석	2
최준우	2
최진행	2
최홍석	2
최후보루	2
최후의	2
최후통첩	2
추	2
추가공격	2
추가대책	2
추가로	2
추가배치	2
추가조치	2
추가종합	2
추격의	2
추경호	2
추궁	2
추돌사고	2
추락사	2
추락사종합	2
추락은	2
추락종합	2
추모비	2
추모식	2
추방돼	2
추방종합	2
추사	2
추석선물	2
추석연휴에	2
추신수에	2
추신수와	2
추신수의	2
추악한	2
추억의	2
추운	2
추웠던	2
추인	2
추적종합	2
추정종합2보	2
추진단	2
추진설	2
추진안	2
추진한다	2
추진한다종합	2
추천위	2
추천한	2
추천합니다	2
추첨식	2
축	2
축구가	2
축구경기	2
축구계	2
축구교실	2
축구꿈나무	2
축구단	2
축구사	2
축구선수는	2
축구에	2
축구영웅	2
축구와	2
축구팬	2
축구평가전	2
축제서	2
축제에	2
축제장마다	2
축하공연	2
축하서한	2
춘분	2
춘천스카이워크	2
출간된	2
출간한	2
출격은	2
출격할	2
출구조사	2
출국금지	2
출국하는	2
출금	2
출두	2
출로	2
출마도	2
출마의원	2
출발2보	2
출발부터	2
출발점일	2
출범후	2
출산율	2
출생률	2
출석할	2
출소	2
출시기념	2
출시될	2
출시에도	2
출신국으로	2
출연금	2
출연연구기관	2
출입경	2
출입기자단	2
출입문	2
출자전환	2
출전명단	2
출전팀	2
출전한	2
출퇴근용	2
출판계는	2
출판기념회	2
출판도시	2
출판사들	2
출판인	2
출항종합	2
출현에	2
출혈	2
출협	2
춤으로	2
춥고	2
충격적인	2
충남대	2
충남도지사	2
충남소식	2
충남지사	2
충당	2
충당부채	2
충돌에	2
충돌이냐	2
충무로	2
충무로뮤지컬영화제	2
충북소식	2
충성맹세	2
충원	2
충전소	2
충전해	2
충청대망론	2
취미	2
취미로	2
취소에	2
취소하라	2
취소해야	2
취약차주	2
취약한	2
취업난에	2
취하다	2
취해야	2
취향저격	2
측정법	2
측정장치	2
치	2
치닫는	2
치닫던	2
치료받는	2
치료에	2
치료연구	2
치며	2
치면	2
치솟는	2
치아	2
치악산	2
치열해지는	2
치우는	2
치워도	2
치유	2
치유하는	2
치즈	2
치차리토	2
치켜든	2
치킨	2
치하	2
친구에게	2
친북매체	2
친사우디	2
친선관계	2
친선전서	2
친이스라엘	2
친절이	2
친중	2
친중파의	2
친형	2
친환경에너지	2
칠레와	2
침몰로	2
침묵시위	2
침묵하면	2
침입자	2
침통한	2
침팬지	2
침해받지	2
칩세트	2
칩셋	2
칭기즈칸	2
칭다오	2
카네기홀	2
카드도	2
카드수수료율	2
카드업계	2
카드할인	2
카라지치	2
카리스마	2
카림	2
카메라가	2
카메라맨	2
카메라에	2
카슈미르서	2
카시니	2
카시야스	2
카오스재단	2
카운티의	2
카이로에서	2
카이저	2
카잘스	2
카카	2
카카오m	2
카카오메이커스	2
카카오모빌리티	2
카카오에	2
카카오의	2
카카오커머스	2
카카오키즈	2
카카오톡에	2
카타르에	2
카타르와	2
카톡방	2
카트라이더	2
카퍼레이드	2
카페에서	2
카프카	2
칸	2
칼둔	2
칼리파	2
칼바람에	2
칼슘농도	2
캄보디아서	2
캉테	2
캐나다산	2
캐나다와	2
캐럴	2
캐리어	2
캐머런	2
캐시백	2
캐피탈	2
캔슬링	2
캔위성	2
캠퍼스서	2
캠프로	2
캠프에	2
캠핑장	2
커머스	2
커밍아웃	2
커져종합2보	2
커종합	2
커지고	2
커지자	2
커질	2
커질듯	2
커트	2
커플	2
컨버전스	2
컨설턴트	2
컨택센터	2
컬러	2
컬러풀	2
컴퓨터에	2
케르치	2
케이블	2
케이블모뎀	2
케이식	2
케이엔씨글로벌	2
케이큐브벤처스	2
케이크	2
케플러	2
켐프	2
켜	2
켜고	2
켜면	2
코덱스	2
코디엠	2
코리아둘레길	2
코리아에이드	2
코리아오픈	2
코리언	2
코미디	2
코미코	2
코스	2
코스닥시장위원장에	2
코스닥협회	2
코스트코서	2
코앞에	2
코엑스에서	2
코오롱생명과학	2
코웰패션	2
코치뉴	2
코치에	2
코코본드	2
코타나	2
콘	2
콘서트로	2
콘셉트카	2
콘텐츠가	2
콘텐츠펀드	2
콜로키움	2
콜밴	2
콤팩트	2
콩	2
콩으로	2
콰르텟	2
쾅종합	2
쾌거	2
쾌속질주	2
쾌재	2
쾌조의	2
쿠르드가	2
쿠르드계	2
쿠르드민병대	2
쿠르드지역	2
쿠릴열도	2
쿠바대사관	2
쿠웨이트에	2
쿠친스키	2
쿨투라	2
쿼드	2
퀴즈	2
큐레이터	2
큐로홀딩스	2
크	2
크다종합	2
크라우드	2
크레디트스위스	2
크레타섬서	2
크로스컨트리	2
크루셜텍	2
크루즈가	2
크리스토밤	2
큰걸음	2
클라우드로	2
클라우드캠	2
클래식계	2
클래식스	2
클럽월드컵	2
클레임	2
클레지오	2
키르기스스탄에	2
키신저	2
키우기	2
키운	2
키울	2
키움운용	2
키워	2
키원	2
키이스트	2
키즈워치	2
키코	2
킨샤사서	2
킬	2
킬체인	2
타격감	2
타격능력	2
타격방법	2
타격수단	2
타격에	2
타격연습에	2
타격코치	2
타결에	2
타계	2
타구에	2
타국	2
타나	2
타노스	2
타도제국주의동맹	2
타면	2
타박상	2
타보니	2
타선	2
타이거즈	2
타이밍	2
타이종합	2
타임스스퀘어에	2
타임지	2
타지역	2
타협안	2
타협점	2
탁구	2
탄광	2
탄다	2
탄도로켓	2
탄력근로	2
탄생종합	2
탄생할까	2
탄성	2
탄소	2
탄소직물	2
탄식	2
탄약고	2
탄핵결정	2
탄핵위기	2
탄핵위기에	2
탄핵으로	2
탈당계	2
탈당파에	2
탈락종합	2
탈락한	2
탈레반과	2
탈레반대표단	2
탈모	2
탈바꿈한	2
탈석탄	2
탈선해	2
탈세혐의	2
탈옥	2
탈의실	2
탈출해	2
탈통신	2
탈피	2
탐구	2
탐사기	2
탐색전	2
탑엔지니어링	2
탑재종합	2
탕평채	2
태국에서	2
태극전사에	2
태백시	2
태안화력	2
태양광발전소	2
태양열로	2
태지역	2
태풍급	2
태풍상륙날	2
택시앱	2
택시요금	2
택지공급	2
택한	2
택할	2
터뜨린	2
터무니없는	2
터전으로	2
터준다	2
터치종합	2
터키대사	2
터키를	2
터키미국	2
터키발	2
터키인	2
턱없이	2
턴어라운드	2
턴키계약	2
털린	2
털보	2
털썩종합	2
텃밭서도	2
텅	2
테라	2
테라스	2
테라젠이텍스	2
테러리스트와	2
테러방지법시행령	2
테러와의	2
테러용의자	2
테러조	2
테메르	2
테오	2
테이블	2
테이블에	2
테헤란서	2
텍사스전	2
텐센트	2
텔레비전	2
텔루스	2
텔스타	2
템포	2
템플스테이	2
톈진에	2
토닥토닥	2
토론서	2
토론토맨	2
토론토서	2
토론토행	2
토리노	2
토성탐사선	2
토양	2
토요일마다	2
토요일엔	2
토지보상	2
토크쇼	2
토트넘에	2
톰슨로이터	2
톰시아	2
톰시아에	2
톱3	2
톱5	2
통계부정	2
통계청	2
통과가	2
통과는	2
통과시켜야	2
통관절차	2
통로	2
통보에	2
통수권	2
통신구	2
통신대란	2
통신량	2
통신망으로	2
통신보다	2
통신사업자	2
통신사에	2
통신사와	2
통신자료	2
통영고성	2
통일교육원	2
통일대화	2
통일의	2
통제권	2
통제종합	2
통찰	2
통첩	2
통첩종합	2
통통tv	2
통틀어	2
통하네	2
통합론	2
통합신당	2
통합으로	2
통합이전	2
통합플랫폼	2
통합한다	2
통화금융대책반	2
통화내용	2
통화유출	2
통화하고	2
퇴사	2
퇴역	2
퇴장까지	2
퇴장예고	2
퇴장으로	2
퇴조	2
퇴직	2
퇴진하라	2
퇴진해야	2
퇴짜	2
퇴짜에	2
퇴치법	2
퇴행성관절염	2
투기	2
투기자본감시센터	2
투란	2
투명한	2
투비소프트	2
투영	2
투옥	2
투입해	2
투입해야	2
투자는	2
투자액	2
투자약속	2
투자에	2
투자자는	2
투자자도	2
투자자문사	2
투자펀드	2
투자하세요	2
투척	2
투척소동	2
투타겸업	2
투표로	2
투표서	2
투표일	2
투표할	2
툴	2
툴롱컵	2
튀니지인	2
튜브로	2
트라비아타	2
트라이아웃서	2
트랙	2
트랜지스터	2
트럭과	2
트럭타고	2
트럭테러	2
트럼프도	2
트럼프로	2
트럼프마두로	2
트럼프시진핑	2
트럼프에게	2
트럼프측	2
트럼프캠프	2
트레이너	2
트레이닝	2
트레일러	2
트레킹	2
트렌드는	2
트리뷰트	2
트리오는	2
트리플a	2
트리플캠	2
트위치	2
트윈스	2
트윗에	2
트집잡기	2
특감반	2
특검수사	2
특검에	2
특검이	2
특권귀족노조	2
특권내려놓기	2
특단대책	2
특례상장	2
특별관계자	2
특별관람	2
특별금리	2
특별기까지	2
특별대우	2
특별사진전	2
특별상	2
특별성명	2
특별연설	2
특별위원회	2
특별재판부	2
특별지시	2
특별지원	2
특사논란	2
특사에	2
특사외교	2
특수로	2
특수목적법인	2
특수학교	2
특수형	2
특조위	2
특집방송	2
특징은	2
특파원	2
특허료	2
특허침해	2
특혜지원	2
튼튼한	2
틈	2
티그리스강서	2
티맥스os	2
티머만스	2
티볼리	2
티월드	2
틸러슨	2
팀과	2
팀당	2
팀워크	2
팀을	2
팀이	2
팀차붐	2
팀타율	2
파견에	2
파고	2
파고든다	2
파괴자	2
파급력	2
파나마전	2
파라과이서	2
파라오	2
파란만장	2
파리에	2
파리테러	2
파벌없어야	2
파병안	2
파비앙	2
파산신청	2
파상적	2
파생상품시장	2
파스구치	2
파운드	2
파울링요	2
파워로직스	2
파워볼	2
파이브	2
파이프오르간	2
파충류	2
파탄	2
파트2	2
파트너스	2
파트너스퀘어	2
파트너종합	2
파행에	2
파행종합	2
파헤친	2
판결문	2
판결에	2
판교서	2
판교테크노밸리	2
판매가격	2
판매금지에	2
판매로	2
판매액	2
판매자	2
판매전	2
판매종합	2
판매처	2
판소리	2
판소리와	2
판정에	2
판촉	2
판테온	2
팔리네	2
팔릴	2
팔릴까	2
팝	2
팝니다	2
팝업	2
팟츠	2
팡팡	2
패거리	2
패권경쟁	2
패권주의	2
패기	2
패당	2
패러디	2
패배는	2
패배를	2
패배한	2
패션은	2
패인	2
패턴	2
패트릭	2
패해	2
팩스	2
팬들도	2
팬들에	2
팬사인회	2
팬에게	2
팬텀싱어	2
팬파티	2
팸투어	2
팹리스	2
팻말	2
팻핑거	2
팽팽종합	2
팽팽한	2
퍼스트레이디	2
퍼져	2
퍼즐	2
퍼지면서	2
펀드수익률	2
펄츠	2
펑크	2
펑크난	2
페논	2
페덱스	2
페라이어	2
페르난데스	2
페북에	2
페어	2
페이스북도	2
페이스북서	2
페이스북은	2
페이지	2
페인트	2
펜스도	2
펠레	2
펠로우십	2
펠프스	2
편견	2
편도	2
편안하다	2
편의성	2
편익	2
편집에	2
편집자	2
편집장	2
편하고	2
편향	2
펼쳐질	2
펼치고	2
평가기관	2
평가때	2
평가손	2
평가위원	2
평가전에	2
평가종합	2
평가종합2보	2
평가한다	2
평가해	2
평균보다	2
평균소비성향	2
평균수익률	2
평균연봉	2
평년과	2
평년대비	2
평년의	2
평등	2
평론가가	2
평범한	2
평소	2
평소보다	2
평양공연	2
평양도착	2
평양지국	2
평정한	2
평창겨울음악제	2
평창대관령음악제	2
평창에	2
평창에디션	2
평창에서	2
평창회담	2
평택	2
평판	2
평화만	2
평화선언문	2
평화시위	2
평화심포지엄	2
평화유지군	2
평화의집	2
평화적으로	2
평화체제	2
평화체제에	2
폐간	2
폐기될	2
폐로	2
폐막종합	2
폐사	2
폐섬유	2
폐지해야	2
폐허	2
포격	2
포괄논의	2
포괄협의	2
포돌스키	2
포드	2
포로로	2
포로셴코젤렌스키	2
포르노	2
포르스베리	2
포르투갈에	2
포백	2
포상하는	2
포섭	2
포수가	2
포스코엠텍	2
포스코와	2
포스코케미칼	2
포스코켐텍	2
포스텍	2
포용국가	2
포워드	2
포인트는	2
포지선별	2
포진했나	2
포청천	2
포크밸리	2
포탄	2
포티스	2
포함종합2보	2
포항서	2
포항에서	2
폭격당해도	2
폭도	2
폭등에	2
폭락종합	2
폭력시위	2
폭로전	2
폭망	2
폭발사고로	2
폭발에	2
폭발음	2
폭스스포츠	2
폭압	2
폭정	2
폭파	2
폭행사건	2
폭행의혹	2
폭행혐의	2
폰만	2
폰으로	2
폰파라치	2
폴더블폰도	2
폴록	2
폴리뉴스	2
폼페이오가	2
표결종합	2
표결처리	2
표류하던	2
표명속보	2
표명에	2
표시종합	2
표어는	2
표정의	2
표지판	2
표출	2
푸드트럭	2
푸이그	2
푸켓	2
푸틴아베	2
푸틴에르도안	2
풀리나	2
풀면	2
풀백	2
풀어	2
풀어낼	2
풀어줄	2
풀었다	2
풀타임케인	2
품귀	2
품다	2
품질불만	2
품질인증제	2
풋살파크	2
풍경화	2
풍계리는	2
풍계리서	2
풍국주정	2
풍년	2
풍력	2
풍부한	2
풍산개	2
풍성종합	2
풍속	2
퓌엘	2
퓨전	2
퓨처스팀	2
프	2
프라이빗	2
프라이어	2
프랑스관광청	2
프랑스군	2
프랑스대사	2
프랑스리그	2
프랑켄슈타인	2
프럼파스트	2
프로스포츠	2
프로야구선수협	2
프로야구선수협회	2
프로축구팀	2
프로팀	2
프로팀과	2
프로행	2
프리미어	2
프린터	2
플라자합의	2
플래툰	2
플랫폼에	2
플레이보이	2
플레이볼	2
플레이송스	2
플로	2
피격에	2
피고인	2
피규어	2
피난권고	2
피는	2
피란수도	2
피력	2
피바람	2
피부에	2
피뿌리풀	2
피서인파	2
피서지	2
피었다	2
피엘에이	2
피와	2
피의사실	2
피의자로	2
피천득	2
피츠버그신시내티	2
피츠버그에	2
피츠버그전	2
피터슨	2
피하기	2
피할	2
피해구제	2
피해라	2
피해민	2
피해예방	2
피해지역	2
피했다	2
피했지만	2
피혐의자	2
핀에어	2
핀크	2
필기	2
필라델피아에	2
필리버스터에	2
필수설비	2
필요없어	2
필요에	2
필요하다	2
필요한가	2
필요했다	2
핏	2
핑거터치	2
핑퐁	2
하	2
하강	2
하강국면	2
하고도	2
하기	2
하나가	2
하나라도	2
하나만	2
하나요	2
하남서	2
하는가	2
하다가	2
하더라	2
하던	2
하락갤럽	2
하락리얼미터	2
하락세는	2
하락세로	2
하락세종합	2
하락폭	2
하락할	2
하러	2
하려고	2
하려는	2
하루동안	2
하루키는	2
하루평균	2
하마터면	2
하만	2
하메네이가	2
하모니카	2
하반기경제	2
하반기도	2
하반기부터	2
하반기에	2
하비에르	2
하산역	2
하선	2
하수인	2
하순	2
하승진	2
하야보다는	2
하얀헬멧	2
하양	2
하역	2
하우스	2
하이라이트	2
하이즈항공	2
하인케스	2
하키	2
하향조정	2
학	2
학교비정규직	2
학군	2
학대당한	2
학생과	2
학생과학발명품	2
학생에	2
학생이	2
학술연구사업	2
학술행사	2
학습을	2
학자금	2
한계선	2
한광옥	2
한국eu	2
한국hpe	2
한국감정원	2
한국관광의	2
한국국적	2
한국노총	2
한국농구발전포럼	2
한국능률협회	2
한국당서	2
한국당이	2
한국대사관	2
한국드라마	2
한국문화원	2
한국미술	2
한국방문	2
한국방송대상	2
한국방송협회	2
한국불교	2
한국사무소	2
한국서도	2
한국쉘석유	2
한국스웨덴전	2
한국언론인협회	2
한국언론진흥재단	2
한국언론학회	2
한국외국어신문협회	2
한국운용	2
한국으로	2
한국음식	2
한국인물사전	2
한국전력은	2
한국전쟁의	2
한국증시	2
한국축구에	2
한국출판문화산업진흥원장	2
한국출판학회	2
한국측에	2
한국카본	2
한국토지신탁	2
한국편	2
한국항공우주	2
한국형사정책연구원	2
한국화랑협회	2
한글서예	2
한꺼번에	2
한나	2
한달째	2
한류에	2
한류콘텐츠	2
한림원	2
한마디	2
한몫	2
한미글로벌	2
한미사이언스	2
한미연합사령관	2
한미중	2
한밤중	2
한베트남	2
한병철	2
한복판에	2
한복판에서	2
한부모가족	2
한산한	2
한선수의	2
한성정	2
한손	2
한솔제지	2
한솥밥	2
한수원과	2
한숨돌린	2
한숨만	2
한스	2
한스바이오메드	2
한스위스	2
한승규	2
한승혁	2
한시적	2
한시즌	2
한식문화	2
한양도성	2
한옥	2
한유총	2
한인기업	2
한인들	2
한인섭	2
한인회	2
한일시멘트	2
한일의원연맹	2
한일진공	2
한입	2
한잔	2
한잔에	2
한전기술	2
한전산업	2
한중관계	2
한중일패스	2
한진에	2
한쪽	2
한층	2
한컴mds	2
한컴그룹	2
한트케	2
한파도	2
한파주의보에	2
한표	2
한풀이	2
한화mgi스팩	2
한화손보	2
한화손해보험	2
한화와	2
한화이글스	2
한화자산운용	2
할것	2
할것종합	2
할당	2
할듯	2
할래요	2
할릴호지치	2
할머니들	2
할머니들의	2
할인까지	2
할인판매	2
할인행사	2
할퀸	2
함경	2
함경도	2
함께하겠다	2
함께해	2
함께했던	2
함박눈	2
함부르크	2
함양	2
합동공연	2
합동군사훈련	2
합류종합	2
합법적으로	2
합병에	2
합병으로	2
합병후	2
합성한	2
합의금	2
합의나	2
합의로	2
합의이행	2
합의정신	2
합작사업	2
합장	2
합친	2
합헌	2
핫이슈	2
핫팩	2
항고	2
항공당국	2
항공료	2
항공사도	2
항공주	2
항구적	2
항바이러스	2
항상	2
항소심도	2
항암치료	2
항염증	2
항우연	2
항의에	2
항저우	2
항해	2
해결은	2
해결하는	2
해결하면	2
해결한다	2
해군사령관	2
해군총장	2
해라	2
해리포터	2
해변에서	2
해변의	2
해보고	2
해석차	2
해설자로	2
해수면	2
해수욕장에	2
해악	2
해안가	2
해안경비대	2
해야죠	2
해양경찰청장에	2
해양문화재연구소	2
해양안보	2
해양플랜트	2
해외ib	2
해외검열단	2
해외범죄수익환수	2
해외사업	2
해외선	2
해외송금	2
해외송금서비스	2
해외에	2
해외주식형	2
해외주식형펀드	2
해운대에	2
해운업	2
해운협정	2
해임결의안	2
해임명령	2
해저터널	2
해적	2
해준다면	2
해지거부	2
해쳐	2
해치는	2
해킹은	2
해트트릭으로	2
해피	2
해후	2
핵단지	2
핵무기없는	2
핵물질	2
핵보유국에	2
핵보유국회의	2
핵실험에	2
핵실험으로	2
핵심기술지정	2
핵심부품	2
핵심사업	2
핵심소재	2
핵심시설	2
핵심인사	2
핵심표적	2
핵안보	2
핵안보정상회의	2
핵억제력	2
핵에는	2
핵연료재처리	2
핵위기	2
핵으로	2
핵잠수함	2
핵추진	2
핵폐기	2
핵폭탄	2
핸디소프트	2
핸즈코퍼레이션	2
햇빛	2
했나	2
했다가	2
했더니	2
했지만	2
행각	2
행동대장	2
행동으로	2
행렬에	2
행렬종합	2
행보에	2
행보종합	2
행복을	2
행복의	2
행사는	2
행성직렬	2
행안위	2
행안장관	2
행위이자	2
행장	2
행정관	2
행정력	2
행정소송	2
행정에	2
행정장관에	2
행정청장	2
행진에	2
향동지구	2
향발	2
향방	2
향상에	2
향취	2
허난성서	2
허니문	2
허덕	2
허락한다면	2
허무는	2
허문	2
허상	2
허석	2
허쉬	2
허식	2
허용법	2
허용한	2
허욱	2
허위주장	2
허윤자	2
허일영	2
허정재	2
허츠렌터카	2
허탕	2
헉헉	2
헌법재판소가	2
헌법재판소장과	2
헌사	2
헌정시	2
헌터	2
헌트	2
헌팅턴씨병	2
헌혈	2
헌화	2
헐크처럼	2
헛발질	2
헤드폰	2
헤레베헤	2
헤밍웨이	2
헤수스	2
헤아	2
헤이룽장성	2
헤지펀드	2
헤지펀드에	2
헤치고	2
혁명기념일	2
혁명적	2
혁신금융	2
혁신기업	2
혁신성장동력	2
혁신위원장	2
혁신적	2
혁신종합	2
혁신해야	2
현금배당종합	2
현금자산	2
현대건설과	2
현대건설은	2
현대그린푸드	2
현대까지	2
현대미술로	2
현대백화점그룹	2
현대산업개발	2
현대일렉트릭	2
현대종합상사	2
현대차투자증권	2
현대캐피탈과	2
현대판	2
현대해상	2
현물출자	2
현미경	2
현상금	2
현실에	2
현실적으로	2
현실화종합	2
현실화하면	2
현장간담회	2
현장경영	2
현장의	2
현장최고위	2
현재로선	2
현주소	2
현주소는	2
현주엽	2
현지법인	2
현지화	2
현판	2
현행범	2
혈맹	2
혈세	2
혈안	2
혈액도핑	2
혐오발언	2
혐오범죄	2
혐오표현	2
혐의도	2
혐의종합	2
협공	2
협동로봇	2
협력으로	2
협력중단	2
협력키로	2
협력한다	2
협력협정	2
협박에	2
협상대표	2
협상도	2
협상없는	2
협상은	2
협상중단	2
협상해야	2
협의채널	2
협의키로	2
협의할	2
협조방안	2
협조해야	2
협치내각	2
협치로	2
협회	2
협회에	2
형	2
형들	2
형사처벌도	2
형상화한	2
형지엘리트	2
형집행	2
형태	2
형태의	2
혜경궁	2
혜경궁김씨	2
혜민	2
호	2
호감	2
호감도	2
호날두도	2
호날두의	2
호모	2
호미곶	2
호반의	2
호세	2
호소하는	2
호수의	2
호얏셍	2
호이	2
호조로	2
호주도	2
호주에서	2
호주의	2
호주프로야구	2
호지슨	2
호출	2
호크니의	2
호텔롯데	2
호텔에서	2
호통	2
호투로	2
호펜하임에	2
호화생활	2
호황에	2
호흡으로	2
혹시나	2
혼란에	2
혼사	2
혼자만	2
혼자서만	2
혼잡	2
혼전	2
혼쭐	2
홀대	2
홀트	2
홈경기에	2
홈런군단	2
홈런까지	2
홈런은	2
홈플러스리츠	2
홍기택	2
홍대	2
홍등가	2
홍명보	2
홍명보장학재단	2
홍문종	2
홍미노트5	2
홍미노트7	2
홍보대사로	2
홍보물	2
홍보영상	2
홍성	2
홍어	2
홍역	2
홍윤식	2
홍의락	2
홍장표	2
홍종학	2
홍채	2
홍채인식	2
홍천군	2
홍콩경찰	2
홍콩선거	2
홍콩시민	2
홍콩시위대	2
홍콩투어	2
홍해상	2
홍해서	2
화기애애한	2
화답하라	2
화들짝	2
화력발전소	2
화력에	2
화마	2
화면서	2
화백	2
화산재	2
화색	2
화석연료	2
화성10	2
화성남자와	2
화성서	2
화성에	2
화성의	2
화성탐사선	2
화성표면	2
화순	2
화승엔터프라이즈	2
화염	2
화요일	2
화웨이폰	2
화재안전	2
화재에	2
화재원인	2
화재참사	2
화재피해	2
화재현장	2
화재후	2
화전양면	2
화천산천어	2
화폐	2
화풀이	2
화학무기	2
화합물	2
화합의	2
화해치유재단	2
화환	2
확대15일	2
확대2보	2
확대되면	2
확대하는	2
확대한다	2
확보가	2
확보는	2
확보종합	2
확보하며	2
확보한	2
확보해야	2
확성기방송	2
확실하게	2
확실한	2
확인에	2
확인하는	2
확인하세요	2
확인해야	2
확장공사	2
확장성	2
확장시	2
확정되지	2
확정에	2
확정한	2
확진	2
환경미화원	2
환경에	2
환경에서	2
환담하는	2
환대주간	2
환송하는	2
환영만찬	2
환영받는	2
환영인파에	2
환자에	2
환한	2
환희	2
활동가들	2
활동정지	2
활보한	2
활성	2
활성화에	2
활용이	2
활용하세요	2
활용한다	2
활용할	2
활화산	2
활활	2
활황에	2
황각규	2
황교안과	2
황교안은	2
황금빛	2
황금세대	2
황금장갑	2
황영기	2
황의조의	2
황제복식	2
황주리	2
황주홍	2
황해도	2
횃불행진	2
회계감사	2
회계사기	2
회고하다	2
회귀	2
회담종합	2
회동종합2보	2
회복에	2
회복이	2
회사들	2
회사에서	2
회삿돈	2
회상	2
회생계획안	2
회선	2
회수하는	2
회원국에	2
회원들	2
회의론	2
회의방해	2
회의에	2
회장과	2
회장은행장	2
회장이	2
회추위	2
획정안	2
횟수	2
횡단보도	2
효도의	2
효성중공업	2
효율적	2
후끈종합	2
후방테러	2
후배들	2
후배들이	2
후보도	2
후보에게	2
후보자와	2
후속개각	2
후속대책	2
후속모델	2
후손들	2
후엔	2
후예	2
후위	2
후쿠오카서	2
후텁지근	2
후후앱	2
훈	2
훈련비행	2
훈련장	2
훈민정음	2
훈장	2
훌쩍	2
훔치기는	2
훼손에	2
훼손으로	2
휘두른	2
휘슬	2
휘어지는	2
휠러	2
휩싸여	2
휴가복귀	2
휴가지	2
휴가지는	2
휴가지원	2
휴대	2
휴대전화로	2
휴대폰사업	2
휴비츠	2
휴스턴과	2
휴스턴서	2
휴스턴의	2
휴스턴전	2
휴양지서	2
휴전에	2
휴전협정	2
휴켐스	2
흉악범	2
흑백갈등	2
흑사병	2
흑역사	2
흑자행진	2
흑해	2
흔든다	2
흔들기	2
흔들리나	2
흔들릴	2
흔들종합	2
흘리는	2
흡수하는	2
흡연	2
흥	2
흥국	2
흥국생명도로공사	2
흥국생명의	2
흥국증권	2
흥미로운	2
흥분	2
흥이	2
흩어진	2
희귀질환	2
희망은	2
희생자에	2
희생정신	2
희생제	2
희생플라이로	2
희소식	2
흰으로	2
히든	2
힉스	2
힌트	2
힐러리는	2
힐러리우크라이나	2
힐러리의	2
힐러리측	2
힘겨루기	2
힘내라	2
힘들	2
힘들다	2
힘들면	2
힘모아	2
힘싣기	2
힘에	2
힘을	2
힘주는	2
힙합	2
015주	1
02달러로	1
03주	1
04달러	1
07시	1
0도	1
0명종합2보	1
0순위	1
0시부터	1
0원에	1
0원으로	1
0으로	1
0캠퍼스	1
0틴위크	1
0플랜	1
1000m	1
1000선	1
1000원대	1
1000인	1
1000일의	1
100gb종합	1
100km	1
100kw급	1
100mm	1
100가족	1
100개국서	1
100경	1
100경기	1
100경기에서	1
100구	1
100권의	1
100년간	1
100년간의	1
100년래	1
100년만에	1
100년에	1
100도움	1
100득점	1
100만년	1
100만명선	1
100만명이상	1
100만배럴	1
100만번째	1
100만뷰	1
100만송이	1
100만원대설	1
100만원도	1
100만원이면	1
100배로	1
100분	1
100분간	1
100분의	1
100세시대연구소	1
100쇄	1
100시간	1
100안타	1
100억원대	1
100억원어치	1
100억원에	1
100여	1
100여발	1
100원짜리	1
100위권	1
100위밖	1
100인의	1
100일째	1
100장면	1
100장면으로	1
100점대	1
100조개의	1
100조엔	1
100타	1
100팀	1
100호골	1
101빌딩	1
101세	1
101세종합	1
101억원	1
1020대	1
1020세대	1
1020세대는	1
102곳	1
102명에	1
102세	1
102세로	1
1030년	1
103구	1
103만원	1
103엔	1
103조	1
104구	1
104만8천300원	1
104만9천400원	1
104명	1
104세	1
1050원대	1
105개	1
105국	1
105명으로	1
105억	1
105억원	1
105엔	1
105일	1
105층	1
1066원	1
106개	1
106곳	1
106억원에	1
106조원	1
107곳	1
107번째	1
107석	1
107억원	1
1086원대	1
108개	1
108경기	1
108년	1
108만원	1
108억	1
108억달러	1
108억원	1
108조원	1
1092원대	1
109가구	1
109개사	1
109곳	1
109만4천500원	1
109종	1
10cm	1
10gb를	1
10개국에	1
10개월만	1
10개월만에	1
10거래일째	1
10건	1
10건당	1
10경기만	1
10경기에서	1
10곳의	1
10과	1
10권으로	1
10나노급	1
10년7개월	1
10년뒤	1
10년만	1
10년새	1
10년이상	1
10년전의	1
10년째	1
10년후엔	1
10단계	1
10달러	1
10달러로	1
10대그룹	1
10대뉴스	1
10대뉴스에	1
10대는	1
10대때	1
10대소녀	1
10대에도	1
10돌	1
10득점	1
10라운드	1
10만5천여건	1
10만6천	1
10만6천가구	1
10만7천여건	1
10만9천명	1
10만달러	1
10만명이	1
10만명종합	1
10만여	1
10만여명	1
10명안팎	1
10명으로	1
10발	1
10배로	1
10번종합	1
10분간	1
10분거리	1
10분기	1
10분기째	1
10분만	1
10살	1
10세	1
10세대	1
10세이브에	1
10세트	1
10순위	1
10승에	1
10시30분	1
10시30분께	1
10시30분부터	1
10시40분	1
10시부터	1
10억5천만원	1
10억5천만원에	1
10억년	1
10억명	1
10여	1
10여가구	1
10여개국	1
10여년만의	1
10여분만에	1
10월1일	1
10월께	1
10월로종합	1
10월엔	1
10월은	1
10월의	1
10월중	1
10월초	1
10위권	1
10으로	1
10이	1
10인에	1
10일까지	1
10일내	1
10일짜리	1
10일째	1
10장	1
10점만점에	1
10점차	1
10조5천730억원	1
10종	1
10주	1
10주년의	1
10중	1
10집	1
10초이내	1
10타석	1
10통	1
10패	1
10패로	1
10호	1
10회말	1
1100고지	1
110개국	1
110구까지	1
110만권	1
110만주	1
110명	1
110분	1
110억5천만원	1
110억원에	1
110여점으로	1
110여표차	1
110점	1
110조원	1
1112위전	1
111년	1
111년만에	1
111조원	1
1120원	1
1123원대	1
112건	1
112억	1
112조원	1
1139원에	1
113만대	1
113명	1
113억	1
113억원	1
1140원대로	1
114로	1
114명	1
114억원	1
115km	1
115만5천원	1
115만원대	1
115명	1
115번째	1
1163원대	1
116명	1
116억원	1
117개	1
1180원	1
118로	1
118억원에	1
118일만의	1
119년	1
119소년단	1
119에	1
11k에	1
11개곳서	1
11개월전과	1
11거래일째	1
11경기만	1
11경기째	1
11골	1
11곳으로	1
11년형	1
11대	1
11도까지	1
11만	1
11만4천명	1
11만5천명	1
11만6천명	1
11만7천가구	1
11만가구에	1
11만명	1
11만명대	1
11만원	1
11명까지	1
11명은	1
11발언	1
11배로	1
11번	1
11분에	1
11억3천만달러	1
11억3천만원	1
11억원씩	1
11연승종합	1
11월14일	1
11월까지	1
11월에	1
11월의	1
11위를	1
11일간의	1
11일까지	1
11일까진	1
11일께	1
11일에	1
11일째	1
11조6천억원	1
11주	1
11주년	1
11차례	1
11테러	1
11패	1
11호가	1
11호골	1
1200까지	1
1200원	1
1200원선	1
120ah	1
120가지	1
120개	1
120경기	1
120국으로	1
120만명	1
120일	1
120조원	1
120조원대	1
1210원	1
1215일	1
121명	1
121억달러	1
1222원까지	1
122건	1
122대	1
122조원	1
123점으로	1
1240원대	1
124만8천500원부터	1
124만원	1
124명	1
124억	1
125개국	1
125만원	1
125억	1
125원	1
126개	1
126명으로	1
127만명	1
127만석	1
128명	1
128세	1
128억원	1
12r	1
12거래일째	1
12곳서	1
12곳으로	1
12년간의	1
12년제	1
12도까지	1
12득점	1
12만	1
12만4천가구	1
12만5천개	1
12만6천여건	1
12만명	1
12만명이	1
12만명종합	1
12만여가구	1
12방	1
12번째	1
12분기	1
12살	1
12살에	1
12세로	1
12수석	1
12시간새	1
12시간차로	1
12시부터	1
12억	1
12연승종합	1
12월11일	1
12월에종합	1
12월엔	1
12월은	1
12월의	1
12인	1
12일만에	1
12일서	1
12일여자부	1
12작품	1
12점도	1
12조6천억원	1
12종	1
12차전	1
12척	1
12척의	1
12첼리스트	1
12팀에	1
12패로	1
12호골	1
12홈런	1
12회	1
12회까지	1
130개국으로	1
130개팀	1
130년	1
130년만에	1
130년치	1
130만곳	1
130만명	1
130만점	1
130명	1
130명과	1
130명으로	1
130승	1
130조원어치	1
130주년종합	1
1315일	1
1321개	1
134개	1
134명으로	1
134일만인	1
135명	1
135일	1
136개	1
136곳	1
137년	1
137명	1
138경기	1
138억	1
138억년	1
139만7천원	1
13faq	1
13개국	1
13개로	1
13개월	1
13개월만종합	1
13년만의	1
13달러	1
13대책에도	1
13대책후	1
13도까지	1
13도루	1
13만	1
13만2천원	1
13만6천원	1
13만8천원	1
13만9천700원	1
13만건	1
13만년전에	1
13만부	1
13만여명	1
13명과	1
13명으로	1
13배	1
13범	1
13분기	1
13분만에	1
13세	1
13시	1
13쌍	1
13억3천만원	1
13억건	1
13인으로	1
13일께	1
13일치	1
13조	1
13조6천억원	1
13조원	1
13종	1
13주	1
13주년	1
13중	1
13척	1
13척은	1
13피안타	1
13호	1
13호골	1
13홈런	1
13회	1
140건	1
140달러까지	1
140대	1
140만주로	1
140분	1
140억원	1
140여일만	1
140원	1
140자	1
141억원	1
141일째2보	1
142m	1
142만원	1
143만명이	1
143억원	1
143일만	1
144만여명	1
145억	1
147시간	1
147억	1
148만원	1
14개사	1
14거래일	1
14거래일째	1
14건의	1
14경기	1
14기	1
14년간	1
14도2일	1
14도로	1
14만5천원	1
14만대	1
14만명	1
14만명분	1
14명이	1
14배	1
14봉	1
14분	1
14분만	1
14시간	1
14억9천만달러	1
14억원대	1
14억원에	1
14억의	1
14월	1
14위까지	1
14점	1
14조8천억원	1
14차	1
14편	1
14호골종합2보	1
1500m	1
150m	1
150개국서	1
150건	1
150만원대	1
150명	1
150살	1
150석	1
150세	1
150안타	1
150억	1
150억건	1
150억달러	1
150억원	1
150여국	1
150여만명	1
150여명	1
150원	1
150조원	1
150초	1
151명에	1
152명	1
153억	1
153억원	1
154만	1
154만명	1
155억불	1
156m	1
156조	1
157건	1
157명	1
157억원어치	1
158만원	1
158명	1
159만원	1
159억원	1
15개교	1
15개국에	1
15개월만의	1
15개팀	1
15거래일째	1
15골	1
15권	1
15기	1
15남측위	1
15년간	1
15년간의	1
15년에	1
15년전의	1
15년지기	1
15년형	1
15도14일	1
15도16일	1
15만	1
15만1천개	1
15만3천명	1
15만4천원	1
15만명7	1
15만명까지	1
15만부	1
15명가량	1
15명은	1
15발	1
15배로	1
15번	1
15번째	1
15부작	1
15북측위	1
15분만	1
15살	1
15선	1
15세기	1
15세트	1
15시간	1
15시즌	1
15억5천만원	1
15억8천900만원	1
15억달러	1
15억원대에	1
15월	1
15위	1
15위권	1
15이산상봉	1
15인치	1
15일내	1
15일만에	1
15점차	1
15정신	1
15조5천억원	1
15종합	1
15주	1
15주째	1
15차는	1
15탈삼진	1
15호	1
15호종합	1
1608년	1
160개	1
160만배럴	1
160만원	1
160억원	1
160억원에	1
161억	1
161억원	1
162억원	1
163만명	1
163만원	1
164만명	1
164억원	1
165억원	1
166승	1
166억원	1
1674세	1
167억원	1
169명	1
169원	1
16k	1
16강전	1
16개월만에	1
16건	1
16경기	1
16골	1
16년간	1
16년형	1
16도까지	1
16도로	1
16득점	1
16만가구	1
16만대	1
16배	1
16번째	1
16억5천만원	1
16억원	1
16원	1
16일까지	1
16일동안	1
16일만에	1
16조3천억원	1
16조7천억	1
16조8천억원	1
16주년	1
16호골	1
170개	1
170년전	1
170만	1
170억배	1
170억원	1
170여	1
170여개	1
1718일	1
172억원	1
174만원	1
174억원	1
175명	1
175억	1
175원	1
175조	1
176만명	1
176위	1
177개사	1
177골	1
178mm	1
178골로	1
179원	1
17mm	1
17개국	1
17곳에	1
17권	1
17년래	1
17년전	1
17대	1
17도로	1
17도움	1
17라운드	1
17리바운드	1
17만1천명	1
17만6천원	1
17명에게	1
17번째로	1
17분간	1
17시	1
17안타	1
17연패	1
17점차	1
17조3천100억원	1
17조8천억	1
17조9천752억원	1
17조원	1
17주년	1
17차례	1
17척	1
17초	1
17호골	1
180만대	1
180만명	1
180만원	1
180억5천만원	1
180억원대	1
181명	1
1824세	1
182명	1
183조원	1
184명	1
184배	1
184차례	1
186억원	1
188만	1
188억원	1
188위	1
1890선에	1
1895년	1
189세대	1
18개국	1
18개월	1
18개월전	1
18거래일째	1
18건종합	1
18곳	1
18년간	1
18단체	1
18때	1
18만	1
18만8천여명	1
18만번	1
18묘역	1
18묘지	1
18민주광장서	1
18민주묘지에	1
18배	1
18번째	1
18분	1
18분기만에	1
18세기	1
18세로	1
18승째	1
18억원종합	1
18언론상	1
18에	1
18연전	1
18왜곡처벌법	1
18이	1
18이닝	1
18일로	1
18일만에	1
18조8천747억원	1
18조원	1
18징계	1
18홀	1
18회에	1
1900년	1
1900선	1
1906년	1
190만원	1
190억원	1
1920년대	1
1921년	1
1922일	1
1930년대	1
1930선	1
1934패키지	1
193억원	1
1940년대	1
1940선	1
1945년	1
194만원부터	1
194억원	1
1950선	1
1958년작	1
195cm	1
195도	1
1960대	1
196대	1
196만9천원	1
196억원	1
1970년	1
1973년	1
197달러	1
197억원	1
1980년	1
1980년대	1
1980년대생	1
1980선서	1
1985년	1
1987년부터	1
1988년생	1
1988명	1
198개	1
198조원	1
1990선	1
1991년에	1
1992년	1
1998년	1
1998년에	1
199만원대	1
199조원	1
199호	1
19개구	1
19개국과	1
19개대	1
19건	1
19골	1
19금	1
19년간	1
19년만에	1
19년전	1
19대보다	1
19대책	1
19라운드	1
19만	1
19만8천명	1
19만주	1
19번째	1
19분	1
19살	1
19안타	1
19억30억에	1
19연승	1
19연승도	1
19연패	1
19위야후스포츠	1
19일로	1
19조	1
19주	1
19주년	1
19편	1
19혁명	1
19호포	1
19홈런	1
19회	1
1cm	1
1gb	1
1g석유	1
1kg	1
1km	1
1m	1
1r는	1
1t	1
1tb	1
1강2중	1
1개로	1
1개에	1
1개월만에	1
1개월형	1
1건종합	1
1계단	1
1교	1
1구	1
1군에서	1
1급	1
1기가	1
1년2개월	1
1년7개월만에	1
1년내	1
1년만	1
1년물	1
1년반만에	1
1년에만에	1
1년여	1
1년여만에	1
1년을	1
1년이	1
1년이상	1
1년전부터	1
1년후	1
1능이	1
1달러에	1
1달러짜리	1
1달여	1
1대꼴	1
1도움으로	1
1독립선언서	1
1등기업	1
1등상	1
1등에	1
1등은	1
1등이네요	1
1라도	1
1리바운드	1
1마리에	1
1막	1
1만1천349대	1
1만1천가구	1
1만1천명	1
1만1천여	1
1만1천여가구	1
1만1천여건	1
1만1천여명	1
1만200명	1
1만2천개	1
1만2천명에	1
1만2천여	1
1만3천122명	1
1만3천700	1
1만3천건	1
1만3천년전	1
1만4천	1
1만4천t	1
1만4천여가구	1
1만5천936가구	1
1만5천건	1
1만5천원	1
1만5천포기	1
1만5천호	1
1만6천	1
1만6천명	1
1만7천명	1
1만8천601대	1
1만8천년	1
1만8천원	1
1만928	1
1만9천	1
1만9천개	1
1만9천건	1
1만m	1
1만t	1
1만년전	1
1만명에게	1
1만번	1
1만분의	1
1만원으로	1
1만장	1
1만점	1
1만주	1
1명꼴로	1
1명꼴종합	1
1명만	1
1명으로	1
1명이	1
1무	1
1발	1
1발에	1
1발은	1
1배	1
1번동지	1
1번에	1
1번종합2보	1
1보후퇴	1
1볼넷으로	1
1분간	1
1분기말	1
1분기보다	1
1분기에	1
1분도	1
1분이	1
1사1촌	1
1사구	1
1삼진	1
1상	1
1서기	1
1세기	1
1세대	1
1세트	1
1소위	1
1속보	1
1순위에	1
1승1패씩	1
1승4패로	1
1승씩	1
1승에	1
1승이라도	1
1승종합	1
1시간22분	1
1시간30분	1
1시간50분	1
1시간50분종합	1
1시간50분종합2보	1
1시간내	1
1시간에	1
1시간째	1
1실점강민호	1
1심서	1
1아웃	1
1안타에	1
1억1천800만달러	1
1억2천만	1
1억2천만원	1
1억2천만원대	1
1억3천700만원	1
1억3천만원	1
1억4천만	1
1억4천만원까지	1
1억4천만원어치	1
1억500만	1
1억5천만	1
1억5천만대	1
1억5천만불	1
1억5천여만원	1
1억6천만원에	1
1억7천여만원	1
1억8천만원으로	1
1억900만달러	1
1억개	1
1억씩	1
1억원에	1
1억유로	1
1억짜리	1
1억회	1
1운동을	1
1원으로	1
1월1일	1
1월30일	1
1월국회서	1
1월국회에	1
1월말로	1
1월보다는	1
1월엔	1
1월이	1
1월초	1
1위가	1
1위도	1
1위들의	1
1위리얼미터	1
1위부터	1
1위서	1
1위원회	1
1위의	1
1위팀의	1
1위한국	1
1유로에	1
1은	1
1이	1
1인1표	1
1인방송	1
1인으로	1
1인자	1
1인출판사	1
1일까지	1
1일의	1
1일차	1
1자책	1
1자책점	1
1장	1
1장꼴	1
1장에	1
1절도	1
1점도	1
1점을	1
1점이라도	1
1정신	1
1조119억원	1
1조1천195억원	1
1조1천600억원	1
1조1천602억원	1
1조1천921억원	1
1조2천350억원	1
1조2천600억	1
1조2천774억원	1
1조2천880억원	1
1조2천929억	1
1조2천억원대	1
1조3천325억원	1
1조3천700억원	1
1조3천억	1
1조4천600억원	1
1조4천억중	1
1조5천억달러	1
1조5천억여원	1
1조5천억원으로	1
1조5천억이상	1
1조6천111억원	1
1조6천321억원2보	1
1조6천920억원	1
1조6천억	1
1조6천억원	1
1조6천여억원	1
1조700억원	1
1조8천억	1
1조8천억원	1
1조8천억원에	1
1조8천여억원	1
1조9천144억원	1
1조9천150억원	1
1조원대로	1
1조원으로	1
1주간	1
1주내	1
1주새	1
1주에	1
1주일내	1
1주일만에	1
1주택	1
1주택자	1
1차관종합	1
1차관종합2보	1
1차분	1
1차와	1
1차장종합	1
1차적	1
1차전부터	1
1차전에	1
1차전을	1
1채	1
1천100곡	1
1천100억	1
1천100원	1
1천107억원	1
1천110정	1
1천112억원	1
1천113억원	1
1천117조원	1
1천11억원	1
1천124건	1
1천133원	1
1천135억	1
1천137억원	1
1천140억원	1
1천142개	1
1천152억원	1
1천157점	1
1천164억원	1
1천173억	1
1천174억	1
1천200km종합	1
1천200가구	1
1천205억원에	1
1천214억원	1
1천218억달러	1
1천220억	1
1천226명	1
1천228억	1
1천230만대	1
1천230억원	1
1천238억원	1
1천239억원	1
1천241억원	1
1천245억원	1
1천250억원	1
1천260억	1
1천265억원	1
1천277명	1
1천282개사	1
1천296억원	1
1천2억원	1
1천300편	1
1천30억원	1
1천312억원	1
1천326명	1
1천338억	1
1천344	1
1천345건	1
1천34억원	1
1천361억원	1
1천382억원	1
1천383일만에	1
1천400	1
1천400명	1
1천400석	1
1천400억원	1
1천400억원이	1
1천400원	1
1천404억원	1
1천412억원	1
1천417건	1
1천417억원	1
1천418	1
1천418가구	1
1천422억원	1
1천42억	1
1천438일	1
1천450억원	1
1천450원선	1
1천450조원	1
1천453명	1
1천455억	1
1천458억원	1
1천460곳에	1
1천460타자	1
1천465억원	1
1천488건으로	1
1천496억원	1
1천498억원어치	1
1천500	1
1천500경기	1
1천500곳	1
1천500년	1
1천500만달러	1
1천500만명	1
1천500만원	1
1천500억원	1
1천500원씩	1
1천500조	1
1천502개	1
1천502건	1
1천50명	1
1천533일만의	1
1천540억원	1
1천550명	1
1천550원	1
1천550조	1
1천551억원	1
1천552억원에	1
1천561억원에	1
1천573억원	1
1천578억원	1
1천57억원	1
1천590억원	1
1천599억	1
1천600만곡	1
1천600명	1
1천600억	1
1천600억원	1
1천602억원	1
1천625만건	1
1천630억원	1
1천638가구	1
1천648개	1
1천65만원	1
1천680만명	1
1천683억원	1
1천68억원	1
1천700만명	1
1천730억원	1
1천73억원	1
1천744억원	1
1천748일	1
1천750원	1
1천754억원	1
1천757억원	1
1천758억원	1
1천759개사	1
1천782억원	1
1천787억원	1
1천800만명	1
1천800명만	1
1천800억원대로	1
1천807명	1
1천80억원	1
1천82일	1
1천833억원	1
1천842조원	1
1천844억원	1
1천866억원	1
1천867건뿐	1
1천880일	1
1천881억원	1
1천900만원대부터	1
1천900억원	1
1천915억원	1
1천923억원	1
1천930만원부터	1
1천93억원	1
1천946억원	1
1천97건	1
1천988명	1
1천993타점	1
1천997타점	1
1천9만6천원	1
1천9억원	1
1천개	1
1천경기	1
1천달러	1
1천도	1
1천만개	1
1천만년	1
1천만대	1
1천만명에	1
1천만원치	1
1천만평	1
1천만회	1
1천명을	1
1천억대	1
1천억으로	1
1천여가구	1
1천여개	1
1천여곳	1
1천여곳에	1
1천여장	1
1천여주	1
1천원당	1
1천원대	1
1천원서	1
1천원에	1
1천원을	1
1천인	1
1천일	1
1초	1
1초까지	1
1초라도	1
1초로	1
1초에	1
1쿼터	1
1쿼터에만	1
1패는	1
1패무득점에	1
1패에	1
1편도	1
1편이	1
1표차	1
1피안타	1
1필지	1
1학년	1
1할대	1
1호골	1
1호기	1
1호는	1
1호법	1
1호점	1
1호포	1
1호협력	1
1회말	1
1회에	1
1회용	1
1회초	1
2000년보다	1
2001년	1
2002년생	1
2003년부터	1
2004년	1
2005년부터	1
2006년	1
2007년과	1
2007년부터	1
2007년의	1
2008년부터	1
2009년	1
200mm	1
200개사	1
200개씩	1
200건씩	1
200년	1
200년전	1
200만개	1
200만대	1
200만원대	1
200만주	1
200실	1
200여	1
200여개	1
200여개국으로	1
200일전투	1
200일전투인력	1
200조원	1
200주년	1
200홈	1
200홈런200도루	1
200홈런에	1
200홈런은	1
2010년엔	1
20112012시즌	1
2011년보다	1
2012년의	1
2013년과	1
2014년부터	1
2014년형	1
2015년보다	1
2015년의	1
2016까지	1
2016년보다	1
2016년형	1
2016명분	1
2016서	1
2016춘계학술발표회	1
2016회계연도에	1
20172018시즌을	1
2017년까지	1
2017년에	1
2018년에는	1
2018년엔	1
2018명	1
2018바이오	1
2018세법개정	1
2018아시안게임	1
20192020시즌	1
2019년도	1
2019년도에	1
2019년의	1
2019년이	1
2019에서	1
2019의	1
201곳	1
201억원	1
2020년에는	1
2020년으로	1
2020년이면	1
2020대	1
2020사업에	1
2020예산	1
2021년에도	1
2021일	1
2022년에	1
2022년인지	1
2023년까지	1
2024년엔	1
2024서	1
2025년까지	1
2026년으로	1
2028년까지	1
202만원	1
202명	1
202억	1
2030년까지	1
2030년대	1
2030만년전	1
2030선으로	1
2030억	1
2032년	1
2033년	1
2034세	1
2035년	1
2035년까지	1
2038년까지	1
203골	1
203호	1
2040개국에	1
2040년까지	1
2049세	1
204명	1
204억	1
204억원	1
2050년까지	1
205명	1
2070대로	1
2070선도	1
207억원	1
208배	1
2090대	1
20gbps	1
20mb	1
20mm	1
20개월	1
20곳으로	1
20기	1
20년내	1
20년째	1
20년후엔	1
20달러	1
20대는	1
20도19일	1
20도까지	1
20리바운드	1
20만8천건	1
20만8천원	1
20만9천건	1
20만건	1
20명까지	1
20명만	1
20명으로	1
20명종합	1
20배	1
20분간	1
20석	1
20승까지	1
20승대박	1
20시간	1
20억달러	1
20억원에	1
20여	1
20여개	1
20여개국서	1
20여곳	1
20여대	1
20여명과	1
20여명의	1
20여종	1
20여차례	1
20위밖	1
20의	1
20일께	1
20일에	1
20일이	1
20장	1
20종목	1
20척	1
20초	1
20필지	1
20호골은	1
20호점	1
20홈런은	1
210개	1
210개로	1
210만배럴	1
210만원	1
211승	1
211억원	1
2120대	1
212억	1
2130대	1
213억원	1
2140선	1
214명	1
214억	1
214억원	1
2150대	1
2160대	1
2160대로	1
2160선도	1
216억원	1
2170대로	1
2170선	1
217명으로	1
217억원	1
218명	1
2190대	1
2190대로	1
219명	1
219억	1
21개국으로	1
21개월	1
21개월만에	1
21개월째	1
21개월형	1
21곳	1
21구	1
21권	1
21년새	1
21달러	1
21대	1
21득점	1
21만1천건	1
21만8천건	1
21만대	1
21만원	1
21명으로	1
21방	1
21배	1
21번째	1
21살	1
21세기에도	1
21시간	1
21안타	1
21억불	1
21억원어치	1
21연패	1
21위	1
21일께	1
21일이든	1
21조	1
21조원	1
21종	1
2200대종합	1
220만원	1
220억원	1
2210대	1
221억원	1
222억원	1
222장	1
2230선	1
223명	1
223일	1
224명	1
224억원	1
225석으로	1
225억원	1
2260대	1
226억원	1
2270대	1
2270호의	1
227명	1
227억	1
227억원	1
22개월	1
22경기	1
22곳에	1
22년만에	1
22년전	1
22대	1
22만3천건	1
22만9천건	1
22만명	1
22만원	1
22번	1
22서	1
22세	1
22시간	1
22안타	1
22억	1
22억개	1
22억원에	1
22원	1
22일에	1
22장	1
22조6천억원	1
22조원	1
22주기에	1
22주년	1
22호	1
2300선은	1
230명	1
230억	1
230여명	1
230원	1
230원에	1
231명에	1
231억원	1
231일	1
2320대에	1
2324일	1
2325일	1
232억원	1
233곳은	1
233명	1
233억원	1
234억원	1
2360대	1
2360선	1
236개	1
236번째	1
236억	1
236억원으로	1
237명	1
2380선	1
238만주	1
239만8천원	1
239억원	1
23개	1
23개월	1
23개월만	1
23경기	1
23년	1
23대	1
23득점	1
23리바운드	1
23만	1
23만5천명	1
23만6천명	1
23만7천원	1
23만대	1
23만여건	1
23명알파	1
23명이	1
23명탄	1
23배	1
23분	1
23세	1
23승	1
23억	1
23인	1
23인에	1
23인이	1
23일까지	1
23일로	1
23주년	1
23초	1
23필지	1
23호골	1
23홈런	1
2400cc	1
2400선	1
240만명	1
240만호	1
240명	1
240조	1
242명으로	1
242억원	1
243건	1
243억원에	1
2440대로	1
2440도	1
245냐가	1
245명	1
2460대로	1
246명	1
2470대서	1
247억원	1
248명종합	1
248억원	1
2490선	1
249골	1
249억원	1
249표	1
24개국	1
24개국으로	1
24개면	1
24개팀으로	1
24건	1
24곳으로	1
24년만에	1
24대	1
24도	1
24만6천명	1
24만9천원	1
24만원	1
24만원종합	1
24만주	1
24명에	1
24분간	1
24살	1
24세이하	1
24시간내	1
24억3천600만원	1
24억달러	1
24억분	1
24인의	1
24일간	1
24일로	1
24일에는	1
24일째	1
24조	1
24조3천억원	1
24차례	1
24초	1
24호포	1
25000종합	1
250도	1
250만대	1
250명	1
250세이브	1
250승	1
250억건	1
250억원	1
250에	1
250여명	1
250원	1
250이냐	1
2510선은	1
251억원	1
2520선	1
252억에	1
2531일	1
2534세	1
253석	1
253억원어치	1
254년전	1
255명	1
256만원	1
256억원	1
257명	1
259건	1
259명	1
25개국	1
25개로	1
25건	1
25년	1
25년과	1
25년만에	1
25년전	1
25달러	1
25도까지	1
25득점종합	1
25만대	1
25문화회관은	1
25번째	1
25선	1
25억2천500만원	1
25억엔	1
25억원에	1
25와	1
25위	1
25일께	1
25일엔	1
25전사자	1
25점차	1
25체육단	1
260명	1
261조	1
2628일	1
262만원	1
262억원	1
263g	1
263억	1
265로	1
266번째	1
266억원종합	1
267억원	1
269명	1
26gb	1
26개주	1
26건	1
26권의	1
26년만에	1
26달러대	1
26도	1
26라운드	1
26만5천개	1
26만6천건	1
26만대	1
26만원	1
26명에	1
26번째	1
26분만에	1
26세	1
26세대	1
26억	1
26위	1
26일도	1
26일에도	1
26일후든	1
26조9천억원	1
26호	1
270도	1
270배	1
270억	1
270억원	1
2728일	1
272조원	1
2730일	1
274억원	1
276명	1
278만원	1
278일만에	1
27경기	1
27교	1
27년간	1
27년만에	1
27년보다	1
27득점	1
27만7천개	1
27만가구	1
27만대	1
27명에	1
27배	1
27번째	1
27분간	1
27살에	1
27시즌	1
27억	1
27일까지	1
27일만에	1
27조2천억	1
27조6천억원	1
27주년	1
27호포	1
2800선	1
280만	1
280만명	1
280명	1
280억원	1
280자로	1
281억원	1
2829일까지	1
282km	1
282명	1
282억원	1
2831일	1
283만명	1
284명	1
286억원	1
287억원	1
289일	1
28ghz대역	1
28개	1
28개국	1
28계단	1
28곳	1
28년	1
28년만에	1
28달러	1
28득점	1
28마리	1
28만원	1
28명인	1
28분	1
28분간	1
28세	1
28억분의	1
28일로	1
28편	1
28호	1
290g	1
290억원	1
291억원	1
294억원	1
295억원	1
299억원	1
29p0	1
29곳	1
29금	1
29년	1
29달러대	1
29만	1
29만9천200원부터	1
29만9천원	1
29만가구는	1
29만개	1
29만여명	1
29명이	1
29명째	1
29살	1
29시간	1
29일다음달	1
29일부터	1
29조	1
29팀	1
29회	1
2gbps	1
2g서비스	1
2m	1
2p	1
2p종합	1
2q	1
2강	1
2강1약	1
2강여자부	1
2개국	1
2개부문	1
2개사에	1
2개상	1
2개시즌	1
2개월간	1
2개월동안	1
2개월만	1
2개월만에	1
2개월여	1
2거래일째	1
2건은	1
2계단	1
2골로	1
2곳서	1
2곳에	1
2공항	1
2국가	1
2국서	1
2군단	1
2군에서	1
2군행	1
2권도	1
2권역서	1
2기도	1
2기체제	1
2년3개월만에	1
2년6개월여	1
2년7개월만에	1
2년9개월	1
2년뒤	1
2년마다	1
2년만의	1
2년반	1
2년약정	1
2년에	1
2년연속	1
2년으로	1
2년전보다	1
2단	1
2단지	1
2달	1
2달러에서	1
2달만에	1
2당	1
2대에	1
2대책에도	1
2도로	1
2등	1
2등시민	1
2라운	1
2루수	1
2루타가	1
2루타볼넷	1
2루타시즌	1
2만2천대	1
2만2천명	1
2만2천여명	1
2만3천여개	1
2만4천건	1
2만4천명	1
2만4천여가구	1
2만4천여권	1
2만506주	1
2만5천대	1
2만5천원	1
2만5천원에	1
2만7천	1
2만7천400원	1
2만9천	1
2만9천745달러	1
2만9천건	1
2만km를	1
2만개	1
2만개보급	1
2만건까지	1
2만곳	1
2만명에	1
2만명에게	1
2만석	1
2만원대에	1
2명의	1
2명이면	1
2발	1
2방에	1
2방으로	1
2번으로	1
2번째로	1
2범	1
2보전진	1
2보트럼프	1
2부동산대책참여정부때	1
2부작	1
2부장	1
2분기에	1
2분기엔	1
2블록슛	1
2사까지	1
2사에서	1
2살	1
2상서	1
2석	1
2선	1
2선발	1
2선발은	1
2선으로	1
2세들	1
2송이라는데	1
2순위	1
2스트라이크	1
2승2패	1
2승만	1
2시14분	1
2시간30분	1
2시간만에	1
2시간째	1
2시까지	1
2시부터	1
2실점권오준	1
2실점종합	1
2실점종합2보	1
2안타종합	1
2약	1
2어시스트	1
2억181만주	1
2억1천만년전	1
2억4천500	1
2억4천500만달러에	1
2억4천만년	1
2억4천만원	1
2억5천만명	1
2억7천만원	1
2억7천만원에	1
2억800만대	1
2억8천443만원	1
2억8천만	1
2억8천만원	1
2억달러	1
2억원에	1
2연	1
2연전서	1
2연전에서	1
2연패도	1
2월4일	1
2월5일에	1
2월6일	1
2월도	1
2월말까지로	1
2월보다	1
2월에	1
2월중순	1
2월초	1
2위로도약	1
2위에	1
2위종합	1
2일만에	1
2자책	1
2장	1
2점1리바운드	1
2조1천106억	1
2조1천300억원	1
2조214억원	1
2조2천억원	1
2조4천억원	1
2조5천억원대로	1
2조5천억으로	1
2조7천729억원	1
2조7천억여원	1
2조8천억원대	1
2조9천억원	1
2조원에	1
2종합	1
2주가	1
2주뒤	1
2주새	1
2주전	1
2집	1
2차관과	1
2차관에게	1
2차국민투표	1
2차드래프트	1
2차물량도	1
2차보복	1
2차북미정상회담	1
2차전에서는	1
2차전이다	1
2차전지가	1
2차정상회담	1
2차회담	1
2척에	1
2척으로	1
2천100가구	1
2천100억원	1
2천100억원대	1
2천100여편	1
2천118억원	1
2천121억원에	1
2천132억	1
2천133억원	1
2천151가구	1
2천18명	1
2천197억원	1
2천200명	1
2천200배	1
2천200억	1
2천207억원	1
2천249억종합2보	1
2천26일	1
2천28억원	1
2천294억원	1
2천303억원	1
2천312억	1
2천323만주	1
2천324개	1
2천336억원	1
2천350억원	1
2천357억	1
2천36억원	1
2천378타석	1
2천400만명	1
2천400만원	1
2천400억원	1
2천400억원어치	1
2천400편	1
2천439개	1
2천441억원	1
2천478억원	1
2천481건	1
2천500만대	1
2천500명과	1
2천500억	1
2천500원	1
2천500탈삼진	1
2천522명	1
2천527명	1
2천543억원	1
2천581억원	1
2천59일만의	1
2천600만원	1
2천600억	1
2천600여명	1
2천600여점으로	1
2천612억원	1
2천632억원	1
2천637억	1
2천64억원	1
2천700년전	1
2천712억원	1
2천713억원	1
2천736건	1
2천763억원	1
2천796명	1
2천800명	1
2천800억대	1
2천800억원설	1
2천807억원	1
2천830억원	1
2천83일	1
2천840억원	1
2천852억원	1
2천889억원	1
2천890억원	1
2천900억원에	1
2천950억원	1
2천971억	1
2천972억원	1
2천건	1
2천년된	1
2천년전	1
2천마리	1
2천만건	1
2천만대	1
2천억달러	1
2천억으로	1
2천여만원	1
2천원에	1
2천원으로	1
2천장	1
2천주	1
2천채	1
2천타점	1
2쿼터	1
2팀이	1
2편으로	1
2피안타	1
2피홈런	1
2호로	1
2호선	1
2회로	1
2회이상	1
3000종합	1
300km	1
300t급	1
300대	1
300대가	1
300루타	1
300만년	1
300만원대	1
300명에게	1
300배	1
300번째	1
300부터	1
300세대	1
300억	1
300억달러	1
300여	1
300여개로	1
300여명부상종합2보	1
300종합	1
300홈런에	1
301m	1
302억원	1
3030클럽	1
303석	1
304가지	1
305억원에	1
306건	1
309회	1
30개국	1
30개는	1
30개사	1
30건	1
30곡	1
30곳	1
30곳으로	1
30년간	1
30년대	1
30년만에	1
30년만의	1
30년째	1
30년형	1
30년후	1
30도로	1
30득점	1
30만가구	1
30만년전	1
30만원씩	1
30번째	1
30분간	1
30분짜리	1
30석	1
30석만	1
30선	1
30세이브	1
30승리	1
30억원에	1
30여건	1
30여차례	1
30여편	1
30일까지	1
30일만에	1
30조	1
30주	1
30주년에	1
30초	1
30초로	1
30초만에	1
310억	1
311억원에	1
313명	1
315억원	1
318만건	1
318억원	1
31개	1
31개국	1
31라운드	1
31만	1
31만9천원	1
31만원	1
31명으로	1
31배종합	1
31번째	1
31분	1
31살	1
31세	1
31억원	1
31위로	1
31주기	1
324억원	1
325명	1
329억짜리	1
32개국	1
32개사	1
32개월	1
32년을	1
32도17일	1
32로	1
32만가구	1
32만명	1
32분	1
32분간	1
32억	1
32억명	1
32위	1
32이닝	1
32점차	1
330광년	1
330명	1
331명	1
331억원	1
331표	1
333억원	1
337억원	1
33개월	1
33개월간	1
33곳	1
33년만에	1
33대	1
33도31일	1
33도종합	1
33라운드	1
33만9천900원부터	1
33만원	1
33명	1
33번	1
33석	1
33억	1
33위로	1
33일째	1
33조원	1
33호	1
33회	1
340광년	1
340만	1
340명	1
342명	1
346만명	1
346억원어치	1
34kg	1
34개	1
34년만에	1
34달러대	1
34도7일	1
34만	1
34만9천원	1
34배	1
34분	1
34세	1
34승	1
34억건	1
34억년전	1
34위	1
34인	1
34층	1
34편	1
34호포	1
350m	1
350대	1
350명	1
350억	1
351억원	1
353구	1
353억원	1
353일	1
355개	1
356명	1
356억원	1
357만	1
358억원	1
35개국	1
35곳	1
35권	1
35년	1
35도19일	1
35도이상	1
35도종합	1
35득점	1
35라운드	1
35만2천원	1
35명은	1
35명의	1
35분	1
35살	1
35시간	1
35억	1
35조	1
35주년	1
35층	1
360g	1
360과	1
360억대	1
362억원	1
362편	1
364석	1
365석	1
365일	1
369명	1
36gb	1
36r	1
36경기	1
36대	1
36명의	1
36배로	1
36세	1
36억	1
36위	1
36조	1
36조4천억원	1
36주	1
370만개	1
371명	1
372억원	1
374억원	1
37p0	1
37개국	1
37년	1
37년만에	1
37득점	1
37라운드	1
37만원	1
37명으로	1
37분	1
37안타	1
37위	1
37인	1
37타수	1
37호	1
37호골	1
380건	1
380억	1
381억원	1
383억원	1
384만명	1
385만원	1
386억	1
38개	1
38개국중	1
38노스가	1
38도	1
38만원	1
38명으로	1
38분	1
38선	1
38억	1
38억5천만원	1
38종	1
38주년	1
38편	1
38필지	1
38호	1
38회	1
390명	1
392억원	1
395구	1
398명	1
39개	1
39개국	1
39경기	1
39곳	1
39곳서	1
39년만에	1
39득점	1
39만원	1
39사단	1
39억원	1
39점차	1
39조5천억원	1
39조원	1
39주년	1
39초	1
3a호	1
3d낸드	1
3d로	1
3d프린팅	1
3d프린팅산업	1
3gpp	1
3kh	1
3m로	1
3r	1
3x3최강전	1
3각협력	1
3강의	1
3강팀	1
3개년	1
3개에	1
3개월만	1
3개월물	1
3개월에	1
3개월여	1
3개팀	1
3거래일	1
3거래일째	1
3건만	1
3건은	1
3골	1
3곳과	1
3곳꼴로	1
3곳만	1
3곳으로	1
3구	1
3구에	1
3남	1
3년2개월만종합	1
3년5개월만에	1
3년6개월	1
3년간만	1
3년만의	1
3년반	1
3년반만에	1
3년보다	1
3년은	1
3달간	1
3달째	1
3당대표와	1
3당혁명	1
3대3농구연맹	1
3대가	1
3대비전	1
3대에	1
3등	1
3등국가	1
3라운드라면	1
3라운드서	1
3루	1
3만1천978건	1
3만1천건	1
3만1천여가구	1
3만1천원	1
3만1호	1
3만2천여가구	1
3만34	1
3만3천명에	1
3만3천원	1
3만5천개	1
3만5천명	1
3만7천건	1
3만7천명	1
3만8천마리	1
3만개	1
3만건	1
3만여명	1
3만여점	1
3만점8천리바운드8천도움	1
3명과	1
3명은	1
3명의	1
3명이	1
3명중	1
3무로	1
3바퀴	1
3박4일	1
3배수	1
3배인	1
3배종합	1
3백만	1
3분기19월	1
3분기까지	1
3분기부터	1
3분기에	1
3분기에도	1
3분의2	1
3분종합	1
3사건	1
3사연합	1
3사와	1
3사의	1
3삼진	1
3상	1
3성	1
3세	1
3세력	1
3세션	1
3순위자	1
3스타	1
3시1분부터	1
3시30분	1
3시30분부터	1
3시35분	1
3시간30분	1
3시간여	1
3시까지	1
3실장	1
3실점결승타	1
3쌍	1
3어시스트	1
3억1천만원	1
3억2천500만	1
3억2천만원	1
3억3천만	1
3억3천만원	1
3억4천만원	1
3억7천만원에	1
3억8천만원	1
3억달러	1
3억대	1
3억원으로	1
3연승종합2보	1
3연승한	1
3연임	1
3연임에	1
3월10	1
3월20일	1
3월2627일	1
3월26일부터	1
3월2일	1
3월30일	1
3월들어	1
3월로	1
3월말부터	1
3위로종합	1
3위에	1
3위와	1
3인	1
3인3색	1
3인자의	1
3인전용	1
3인조	1
3일부터	1
3일서	1
3자책	1
3자협의	1
3장	1
3전3승	1
3점으로	1
3점포로	1
3점포솔로포	1
3점포에	1
3조1천648억원	1
3조2천억원	1
3조3천억	1
3조3천억원	1
3조4천억	1
3조5천억	1
3조7천억	1
3조7천억원	1
3조8천317억	1
3조8천억원	1
3조9천억	1
3조씩	1
3종세트	1
3주간	1
3주기와	1
3주차	1
3주차서	1
3중	1
3중고종합	1
3진아웃	1
3차대전	1
3차분	1
3차원구조	1
3차장	1
3차장에	1
3차전으로	1
3채	1
3천	1
3천168개	1
3천200억원	1
3천200점	1
3천212억원	1
3천241조원	1
3천247t	1
3천273억원	1
3천300만원	1
3천300억	1
3천308억원	1
3천400가구	1
3천400명	1
3천400억	1
3천413억원	1
3천500년	1
3천500만원	1
3천500명	1
3천500억	1
3천500억원	1
3천520억원2보	1
3천560억원	1
3천573억원	1
3천658일	1
3천661일	1
3천700년전	1
3천709억원이면	1
3천753억	1
3천753억종합	1
3천800	1
3천800명	1
3천819억원	1
3천849명	1
3천851억	1
3천958억	1
3천967억5천만	1
3천가구에	1
3천건	1
3천대	1
3천루타	1
3천만	1
3천만곡	1
3천만원씩	1
3천억	1
3천억달러	1
3천억대	1
3천억원에	1
3천여명	1
3천원부터	1
3초	1
3초에	1
3층	1
3코스	1
3타점씩	1
3탄은	1
3패	1
3평화문학상	1
3필지	1
3필지만	1
3할	1
3호골	1
3호종합	1
40000까지	1
400년	1
400만명에	1
400만명이	1
400명	1
400배	1
400여발	1
400원짜리	1
400조원	1
400호골	1
4050배	1
4050후기청년의	1
406일	1
408억원	1
40건	1
40계단씩	1
40권	1
40년사	1
40년의	1
40대도	1
40대에	1
40만	1
40만원	1
40명과	1
40명에	1
40세	1
40세이브	1
40시간	1
40억	1
40여곳	1
40여구	1
40여분	1
40원	1
40장종료	1
40조	1
40조종합	1
40주년에	1
40차례	1
40초	1
40팀	1
40홈런40도루까지	1
40홈런타자	1
410도	1
410만명	1
412억	1
414억원	1
414회	1
419억	1
41개월	1
41건	1
41년만에	1
41도	1
41득점	1
41만9천100원	1
41만원	1
41분	1
41세	1
41억5천만원으로	1
41억명은	1
41억원	1
41호포	1
420억불	1
423억원	1
424억불	1
424억회	1
427억원	1
428억원	1
42년전	1
42만9천원	1
42만명	1
42번	1
42세	1
42억5천만원에	1
42일	1
42조6천억원	1
430회	1
431억원	1
435억원	1
437개	1
437억	1
43개사	1
43년만에	1
43분부터	1
43세	1
43억	1
43억원	1
43으로	1
442억원	1
443명	1
445억원	1
446억원	1
447만명	1
448명	1
44개	1
44개사	1
44건	1
44년	1
44년간	1
44년만에	1
44달러	1
44득점	1
44명	1
44분	1
44억원	1
44일로	1
44조원	1
44타수	1
450년	1
450대	1
450만	1
450원	1
458곳	1
45가	1
45건	1
45곳	1
45달러	1
45대	1
45도	1
45명이	1
45번	1
45세의	1
45억6천만원	1
45월	1
45일만종합	1
45조원	1
45호	1
463억원	1
467억	1
46개	1
46개국	1
46건	1
46년	1
46년만종합	1
46만건	1
46만명	1
46만여건	1
46분만에	1
46살	1
46억	1
46조원	1
46주년	1
46초로	1
470개	1
470억원	1
470조	1
472억원	1
4745일	1
476회	1
479억원	1
47개로	1
47계단	1
47곳	1
47년	1
47년만에	1
47만3천원	1
47분	1
47억	1
47일	1
480만명	1
480억원에	1
480여만t	1
485원	1
486만	1
48개사	1
48년	1
48번	1
48억	1
48인	1
48인치	1
48일	1
48조	1
48조원	1
48주	1
48줄의	1
490명	1
493만명	1
495억	1
497건	1
49개국	1
49곳중	1
49년만의	1
49마리	1
49만5천원	1
49만명	1
49만원	1
49만원대	1
49명	1
49비서관	1
49억원	1
49연속	1
49유로	1
49일	1
49일째	1
49장종료	1
49주기	1
4d	1
4d영화관	1
4g5g	1
4g폰보다	1
4k만	1
4q	1
4t	1
4강부터	1
4강에	1
4강에서	1
4강외교	1
4강은	1
4개국어	1
4개만	1
4개월내	1
4개월여만에	1
4개월이면	1
4개월째	1
4개주	1
4개팀	1
4거래일	1
4거래일째	1
4경기째	1
4계단	1
4곳과	1
4곳이	1
4곳이나	1
4관왕	1
4구	1
4구가	1
4권	1
4권으로	1
4급으로	1
4년5개월만의	1
4년7개월만에	1
4년뒤	1
4년반	1
4년반만에	1
4년에	1
4년차	1
4년치	1
4년형	1
4년후	1
4달러	1
4대1	1
4대4	1
4대가	1
4대개혁	1
4대그룹	1
4대로	1
4도종합	1
4득점	1
4득점으로	1
4룡	1
4리바운드	1
4만1천원	1
4만4천명	1
4만5천명	1
4만5천원	1
4만6천원대로	1
4만개	1
4만건	1
4만년	1
4만달러시대	1
4만여	1
4만여가구	1
4만여명	1
4만원	1
4만원대	1
4면	1
4명과	1
4명사망	1
4명은	1
4명중	1
4박5일	1
4발	1
4번도	1
4번의	1
4번째종합	1
4법은	1
4법저지	1
4볼넷으로	1
4부팀과	1
4분간	1
4분기도	1
4분기부터	1
4분기째	1
4분의1로	1
4사	1
4살꼬마가	1
4선언	1
4세트	1
4승번즈	1
4승째	1
4시간30분	1
4시간씩	1
4실	1
4안타	1
4억2천650만달러	1
4억3천만	1
4억4천만원	1
4억5천만달러	1
4억6천만원	1
4억명	1
4억원대	1
4연승에	1
4연승으로	1
4연승종합	1
4운동	1
4월12일	1
4월19일	1
4월1일	1
4월30일	1
4월3일	1
4월8일	1
4월국회	1
4월로	1
4월말	1
4월말까지	1
4월에만	1
4월의봄	1
4월중	1
4월중순	1
4위에도	1
4위전	1
4위전서	1
4위종합	1
4인극으로	1
4인방	1
4인용	1
4인으로	1
4인치	1
4일까지	1
4일종합	1
4일차	1
4자	1
4자책점	1
4장	1
4점7r	1
4점차	1
4조	1
4조160억원	1
4조1천억원	1
4조2교대	1
4조3천억원	1
4조4천억	1
4조5천억	1
4조5천억원	1
4조7천억원	1
4조7천여억원	1
4조8천712억원	1
4주간	1
4주기	1
4주차서	1
4주차와	1
4중전회종합	1
4진법	1
4차산업위원회	1
4차산업혁명위원회	1
4차산업혁명이	1
4차전서	1
4채	1
4천	1
4천100명	1
4천100원	1
4천105억	1
4천120억원	1
4천150억원	1
4천200만분	1
4천200명	1
4천200석	1
4천200억원	1
4천203회	1
4천20일	1
4천243만원	1
4천263억원	1
4천298가구	1
4천300만달러	1
4천300만원	1
4천300억원	1
4천342억원	1
4천34일	1
4천362억	1
4천368억원	1
4천400억원	1
4천440억원	1
4천47억달러	1
4천490억원	1
4천495억원	1
4천500만명	1
4천500여가구	1
4천503억원	1
4천540건	1
4천577억	1
4천600억	1
4천600여가구	1
4천654억원	1
4천700마리	1
4천775억원으로	1
4천800	1
4천800만명	1
4천800억원	1
4천80억원	1
4천844억원	1
4천876일	1
4천900만원	1
4천900억원	1
4천900원에	1
4천930만달러	1
4천93억원	1
4천건	1
4천만	1
4천만건	1
4천만대	1
4천명에	1
4천억불	1
4천억원에	1
4천억원으로	1
4천억으로	1
4천여개	1
4천여년	1
4천여만원	1
4천원	1
4천원대	1
4천유로	1
4초	1
4초에	1
4층	1
4쿼	1
4쿼터만	1
4타자	1
4팀	1
4패	1
4패로	1
4패째	1
4피안타	1
500600명	1
500m	1
500m에서	1
500개	1
500건	1
500대	1
500만달러	1
500만명분	1
500위권에	1
500점	1
500종	1
500주년에	1
500채	1
500호	1
50100개	1
502골	1
5030클럽에	1
503명	1
505억원	1
506억	1
508억원	1
50km	1
50m까지	1
50개	1
50년만에	1
50년만의	1
50만개	1
50만대	1
50만대는	1
50만대종합2보	1
50만명대	1
50만원	1
50만편	1
50번	1
50세이브	1
50억달러	1
50억명	1
50억불	1
50억원대	1
50억원에	1
50여개	1
50여개국	1
50여마리	1
50여일만에	1
50여척	1
50위	1
50유튜버	1
50으로	1
50인승	1
50일간	1
50점에도	1
50층이상	1
50특별위원회	1
50편	1
510억원	1
510위전에서	1
512명	1
514달러	1
514일	1
517억원	1
51년	1
51만원	1
51번째	1
51억	1
51억달러	1
51억원	1
51일간	1
51주년	1
51호	1
51회로	1
520억원	1
524대	1
527억원	1
529억원	1
52가지	1
52개	1
52개국	1
52골로	1
52년만의	1
52만5천800원부터	1
52만명	1
52명	1
52명2보	1
52분	1
52억원	1
533일	1
534억원	1
535명	1
53개	1
53개로	1
53개월	1
53도	1
53만원	1
53만원대	1
53명	1
53위로	1
53으로	1
53조	1
544억원	1
547건	1
54개국중	1
54곳에	1
54년만에	1
54만t	1
54만명	1
54세	1
54세종합	1
54승	1
54억	1
54억원	1
54종합	1
54주년	1
550만달러	1
550여명	1
550조	1
555억원	1
556곳서	1
559명	1
55만개	1
55만대	1
55억불	1
55억원	1
55조원	1
55초	1
55홈런	1
560km	1
560억원	1
562명	1
565억원	1
567억	1
56개로	1
56개월째	1
56골	1
56년	1
56대	1
56만여명	1
56만원	1
56억분	1
56억원어치	1
56월로	1
56위전	1
56점	1
56조원	1
570원씩	1
571억원	1
573돌	1
574조원	1
575억	1
575억원	1
576억원	1
577억원	1
579원	1
57개	1
57만원	1
57만원대	1
57종합	1
57타석	1
580억원	1
582억원	1
584로	1
584억원	1
586일	1
587억원	1
58번째	1
58일	1
58점	1
58조원	1
58주년	1
590건	1
595건	1
59개	1
59개월째	1
59승째	1
59억원으로	1
59위	1
59일	1
5a	1
5cm	1
5cm종합	1
5gb	1
5gb도	1
5gb선	1
5good	1
5gx관	1
5g게임방송	1
5g길	1
5g까지	1
5g는	1
5g다운	1
5g망에	1
5g망으로	1
5g설비	1
5g스마트오피스	1
5g스마트폰	1
5g시장	1
5g에서	1
5g요금제	1
5g종합3보	1
5g체험관	1
5g카	1
5g커버리지맵	1
5g폰보다	1
5m	1
5mm종합	1
5r	1
5가	1
5강	1
5개구청	1
5개년전략	1
5개로	1
5개부처	1
5개월만	1
5개월만에	1
5개주	1
5거래일	1
5게임	1
5경기밖에	1
5경기째	1
5곳꼴	1
5곳이	1
5공	1
5구	1
5구단	1
5국에서	1
5년10개월만에	1
5년4개월	1
5년뒤	1
5년래	1
5년만	1
5년물은	1
5년반만에	1
5년차에도	1
5년형	1
5단계	1
5달러	1
5당대표에	1
5대1	1
5대의제	1
5대중	1
5도로	1
5도종합	1
5등급	1
5만1천건	1
5만4천여명	1
5만5천여명	1
5만5천원	1
5만8천여가구	1
5만9천130원	1
5만9천원	1
5만건	1
5만여	1
5만원권	1
5만원에	1
5만편	1
5말	1
5명3보	1
5명으로	1
5명이	1
5배라니	1
5배종합	1
5번	1
5번째로	1
5번타자	1
5법	1
5부리그의	1
5분간	1
5분만에	1
5분의	1
5선반대	1
5선발로	1
5세트에	1
5승과	1
5시45분	1
5시간50분	1
5시간만에	1
5시보도서도	1
5실점에	1
5안타	1
5약	1
5억1천350만명	1
5억4천만원	1
5억8천만원	1
5억뷰	1
5억여건	1
5억원으로	1
5에	1
5연패서	1
5월6일	1
5월내	1
5월말까지	1
5월에	1
5월에는	1
5월에만	1
5월엔	1
5월은	1
5위간	1
5위까지	1
5위부터	1
5위에서	1
5위의	1
5이	1
5이닝4실점3	1
5인의	1
5인치가	1
5일로	1
5일만에	1
5일부터	1
5일에	1
5일전	1
5일째	1
5장	1
5점차	1
5조406억원	1
5조5천51억	1
5조6천억원	1
5조8천300억	1
5조원대	1
5종합	1
5주기에	1
5주만에	1
5주차도	1
5주차서	1
5주차에	1
5차례	1
5차전까지	1
5차전도	1
5차전서	1
5채	1
5척	1
5천100개	1
5천111원	1
5천116억원	1
5천141억원	1
5천174억	1
5천252억원	1
5천29회	1
5천300	1
5천300명	1
5천340억으로	1
5천377억원	1
5천400	1
5천441억	1
5천445명	1
5천468억원	1
5천474명	1
5천500	1
5천500만달러	1
5천500만대	1
5천500원	1
5천52억원	1
5천550만	1
5천560억원	1
5천600억원	1
5천600여명	1
5천645일만의	1
5천700만원	1
5천700억	1
5천739억달러	1
5천77억원	1
5천813억원	1
5천845억원	1
5천860억	1
5천866억원	1
5천900억원	1
5천945억원	1
5천950억원	1
5천970원	1
5천득점	1
5천만곡으로	1
5천만원으로	1
5천여명	1
5천조원	1
5천주	1
5초	1
5출루종합	1
5타점	1
5판	1
5패로	1
5프로	1
5호선	1
5호종합	1
5회까지	1
5회로	1
600만	1
600억달러	1
600억불	1
600억원대	1
600여명	1
600원	1
600원씩	1
600일간의	1
600회	1
605일	1
605일만의	1
607억	1
609억원	1
60l	1
60개국으로	1
60년대	1
60년만에	1
60년째	1
60년형	1
60대이상	1
60만	1
60만건	1
60만대	1
60만명	1
60만원으로	1
60배	1
60배종합	1
60세	1
60여	1
60위	1
60인치	1
60일내	1
60조각의	1
60조원	1
60조이상	1
60초	1
60편	1
60평	1
60홈런	1
615곳서	1
616억원에	1
617억원	1
61만5천800원	1
61억8천만원	1
61점	1
61타석	1
620상무	1
620원	1
624개	1
625억	1
62만원	1
62억원	1
62억원어치	1
62장종료	1
62주년	1
630권	1
634건	1
635명	1
636억원에	1
63년	1
63만여명	1
63분	1
63빌딩	1
63아트	1
63억원	1
63주년	1
63컨벤션센터서	1
640만불	1
640억원	1
642억원	1
644억	1
645억원	1
646억원	1
64강서	1
64경기	1
64만명	1
64명에	1
64번	1
64분	1
64억8천만원	1
64억원	1
64원	1
64편	1
650억원	1
653건	1
653억원	1
65건	1
65년	1
65년된	1
65년만에	1
65달러	1
65대	1
65배	1
65번째	1
65분	1
65세	1
65억	1
65억배	1
65원	1
65일만에	1
666억원	1
667억원에	1
668건	1
66대	1
66명	1
66승째	1
66이닝	1
66조원	1
670대	1
670억에	1
672대	1
676가구로	1
67p	1
67개	1
67년만에	1
67만명	1
67명	1
67억원	1
67억원에	1
67월	1
67주년	1
684곳엔	1
68개	1
68명	1
68세	1
68억	1
68위로	1
68주년	1
68혁명	1
690대	1
693억원	1
69만9천600원	1
69만9천원	1
69만원부터	1
69명	1
69승째	1
69억원	1
69위	1
69조	1
6k	1
6s	1
6개국과	1
6개시	1
6개에도	1
6개연대	1
6개월내	1
6개월로	1
6개월만	1
6개월신기남	1
6개월전에	1
6개월종합	1
6개지역	1
6개항	1
6거래일만에	1
6거래일째	1
6곳만	1
6곳서	1
6권	1
6년4개월만에	1
6년만의	1
6년반만에	1
6년전	1
6년전으로	1
6대륙	1
6라운드는	1
6렌즈	1
6만4천320주	1
6만5천명의	1
6만5천장	1
6만6천원	1
6만8천달러	1
6만9천원	1
6만가구	1
6만원대	1
6명에	1
6명은	1
6명을	1
6박	1
6박7일	1
6발	1
6방에	1
6번타자	1
6부리그	1
6사단	1
6살	1
6살짜리도	1
6선발	1
6시간만에	1
6시까지	1
6시부터	1
6실점으로	1
6억8천만원	1
6연승한	1
6월4일	1
6월에	1
6월에도	1
6월이	1
6월초까지	1
6위로	1
6위에	1
6위의	1
6인	1
6인의	1
6인치대	1
6인치도	1
6일권	1
6일까지	1
6일만에	1
6일째	1
6자는	1
6자리	1
6전7기도	1
6점6리바운드	1
6조2천억원	1
6조3천억원	1
6조6천700억원	1
6조9천억원	1
6조원보다	1
6종에	1
6주간	1
6주기	1
6주년	1
6차전	1
6차전도	1
6차핵실험	1
6천158억원	1
6천266억원	1
6천272억원	1
6천300만대	1
6천323억	1
6천323억종합	1
6천323억종합2보	1
6천500	1
6천500만명대	1
6천500만원	1
6천500명	1
6천500억원	1
6천595억원	1
6천598억원	1
6천700개	1
6천700만분의	1
6천700억원	1
6천707만원	1
6천776개	1
6천800명에	1
6천800조원	1
6천807억원	1
6천곳	1
6천만개	1
6천만콜	1
6천명	1
6천억에	1
6천여구	1
6천원	1
6초는	1
6코스	1
6팀	1
6평	1
6피안타	1
6홈런으로	1
6회까지	1
700만원종합	1
700분의	1
700억	1
700여개	1
700여구	1
700여종	1
701억원	1
706억원	1
70km	1
70년대	1
70년대생	1
70대가	1
70만원대에	1
70만주	1
70분간	1
70분만에	1
70세	1
70세까지	1
70승	1
70억달러	1
70억원어치	1
70여국	1
70여편	1
70일만에	1
70일전투	1
70조	1
70조원	1
70층	1
70평	1
711일	1
715억원	1
71개국서	1
71골	1
71곳	1
71년	1
71년만에2보	1
71년만의	1
71주년	1
720억원	1
729억원	1
72tb	1
72개국	1
72구	1
72년	1
72만8천대	1
72배	1
72살	1
72주년	1
730만원	1
730억원	1
732억불	1
735억원	1
735일	1
73경기	1
73년	1
73대	1
73만대	1
73만명	1
73만원	1
73명	1
73명까지	1
73세	1
73세종합	1
73억원	1
73조	1
73초	1
740만대	1
742조원	1
74년이	1
74만여건	1
74분	1
74점	1
750여곡	1
750여만명	1
75경기서	1
75년만에	1
75석	1
75세	1
75원씩	1
75조	1
75초	1
75회	1
760명	1
760억	1
762개	1
76p0	1
76개	1
76만명	1
76만원으로	1
76으로	1
770개	1
770곳	1
773억원	1
77건	1
77명을	1
77분	1
77세	1
77세로	1
77조종합	1
780억원	1
78개	1
78만원으로	1
78억원	1
78점	1
790명	1
791명	1
795억원	1
799억원	1
79개	1
79달러	1
79만9천700원	1
79명	1
79억원	1
79조원	1
79척	1
79편	1
7cm종합	1
7가구당	1
7개국	1
7개꼴로	1
7개월간	1
7개월새	1
7개월후	1
7개의	1
7개팀	1
7거래일째	1
7경	1
7경기로	1
7곳에	1
7권	1
7년1개월	1
7년5개월만	1
7년6개월	1
7년연속	1
7년으로	1
7년의	1
7년전	1
7년째	1
7라운드	1
7만	1
7만1천개	1
7만2천개	1
7만3천700원	1
7만5천개째	1
7만6천명	1
7만7천여건	1
7만9만원	1
7만대	1
7만원대	1
7만원부터	1
7명에	1
7명에서	1
7명으로	1
7박8일간	1
7방	1
7배로	1
7번째로	1
7볼넷	1
7부	1
7부능선	1
7분간	1
7분뒤	1
7살	1
7색	1
7선	1
7시30분으로	1
7실점종합	1
7억	1
7억3천만원	1
7억7	1
7억7천만원에	1
7억원대	1
7연승종합	1
7원에	1
7월4일	1
7월4일쯤	1
7월7일	1
7월8일	1
7월까지	1
7월까진	1
7월도	1
7월말까지	1
7월에도	1
7월은	1
7위종합	1
7인치	1
7인치대	1
7일간	1
7일밤	1
7일은	1
7일째	1
7장	1
7장될	1
7전8기	1
7조2천억	1
7조7천억원	1
7조8천억	1
7조8천억원	1
7조8천억원대	1
7조원대	1
7주	1
7주기	1
7차대회	1
7차전으로	1
7차전이라는	1
7척뿐	1
7천	1
7천124억원	1
7천172억원	1
7천200가구	1
7천211억	1
7천24권	1
7천260억종합2보	1
7천300만	1
7천300억원	1
7천306만원	1
7천347만원	1
7천38억원	1
7천416억원	1
7천428만건	1
7천455억원	1
7천500억	1
7천500여명	1
7천50억원	1
7천544억	1
7천901억원	1
7천904호	1
7천987가구	1
7천대	1
7천마리가	1
7천명	1
7천억	1
7천억원	1
7천여t	1
7천원	1
7촌	1
7층	1
7층짜리	1
7패	1
7패로	1
7편	1
7할이면	1
7호골	1
7호골종합	1
7호선	1
800개사	1
800건	1
800만대	1
800만명	1
800만원	1
800선	1
800쌍	1
800억원대	1
800원	1
800호	1
80개월	1
80년대	1
80년대부터	1
80년전	1
80년후	1
80만	1
80만달러	1
80만대	1
80만명에	1
80만원씩	1
80시간	1
80엔대	1
80여개	1
80여곳서	1
80조원	1
810번째	1
811명	1
818곳	1
81개	1
81년만에	1
81년만의	1
81년생	1
81만원	1
81세	1
81점	1
820건	1
822일	1
826억	1
826억원	1
8273으로	1
827억원	1
828조원	1
82개사	1
82곡	1
82년만의	1
82만5천명	1
82세2보	1
82세종합	1
82원	1
82학번	1
830만	1
830선	1
830억원	1
836정	1
83곳	1
83년만에	1
83명	1
83분	1
84개	1
84년생	1
84세로	1
84세종합2보	1
84세종합3보	1
84억개로	1
84일	1
855억원	1
856쪽짜리	1
85개시	1
85곳	1
85년전	1
85달러	1
85만9천원	1
85만9천원종합	1
85만대	1
85명으로	1
85세	1
860선	1
862억원	1
866경기	1
866억	1
867억원	1
86tbps	1
86년만에	1
86달러	1
86달러로	1
86만9천원	1
870대	1
870억	1
875억	1
876억원	1
87개로	1
87개점서	1
87만명	1
87명	1
87억	1
87억원에	1
880명	1
880억원	1
881건	1
884억원	1
884회	1
88개사가	1
88건	1
88년생	1
88달러	1
88만원	1
88만원대	1
88만원부터	1
88분	1
88억원	1
88주년	1
890명	1
890조	1
896만명	1
89년전	1
89만	1
89만8천700원	1
89만9천800원	1
89명	1
89명이	1
89억원	1
8gbps	1
8k로	1
8m	1
8가지	1
8강라운드	1
8강에서	1
8강전부터	1
8강전서	1
8강전에	1
8강팀	1
8강행종합	1
8개국어로	1
8개월만에	1
8개의	1
8개팀	1
8거래일째	1
8경기서	1
8경기씩으로	1
8경기에	1
8경에	1
8곳은	1
8과	1
8기	1
8년에	1
8년째2보	1
8년차	1
8뉴스	1
8달러	1
8독립선언이	1
8라운드	1
8만	1
8만1천명	1
8만2천명	1
8만575가구	1
8만5천원	1
8만6천명	1
8만6천명종합	1
8만6천여건	1
8만7천건	1
8만8천명	1
8만개	1
8만건	1
8만여명	1
8만원짜리	1
8명과	1
8명꼴	1
8명으로	1
8명은	1
8명의	1
8배로	1
8번타자	1
8분기	1
8분의	1
8승으로	1
8승은	1
8승째	1
8시30분께	1
8시간여	1
8억4천만원	1
8억5천만원	1
8억700만	1
8억7천400만원	1
8억8천만원	1
8억명	1
8월2일	1
8월30일	1
8월3일	1
8월국회	1
8월말	1
8월사태	1
8월이후	1
8월초	1
8위종합	1
8유로	1
8의	1
8일간	1
8일께	1
8일내	1
8일부터	1
8일에	1
8일은	1
8조4천억원	1
8조7천억	1
8조8천억원	1
8주	1
8주기	1
8주기에	1
8주년	1
8차	1
8천323만원	1
8천360억원	1
8천400명	1
8천434억	1
8천500억원	1
8천516억원	1
8천600만	1
8천643만건	1
8천777건	1
8천800원	1
8천m급	1
8천가구	1
8천년	1
8천만건	1
8타점	1
8탈삼진	1
8통은	1
8패	1
8할	1
8호골로	1
8호기	1
8홈런	1
8홈런에	1
900mbps	1
900만명	1
900명	1
900스틸	1
900억	1
900여명	1
906억원	1
908일	1
909명	1
90개	1
90곳	1
90년대생에	1
90년생	1
90달러	1
90도	1
90도에도	1
90만	1
90만년	1
90만주	1
90분만에	1
90분이상	1
90승	1
90억원대	1
90주년	1
90차례	1
910시	1
911억원	1
911에	1
914억원	1
914일	1
915만달러	1
91m	1
91명	1
91홈런에도	1
924만원	1
928억	1
92kg	1
92구	1
92대	1
92세	1
92세2보	1
92억원	1
936억원	1
93만5천원	1
93만5천원부터	1
93만개	1
93명씩	1
93억달러	1
940원	1
944일만에	1
948억원	1
94에	1
94원에	1
94위	1
94편	1
950만대	1
953억	1
95건	1
95광년	1
95만7천원	1
95명	1
968억원	1
96개로	1
96년	1
96년간	1
96단	1
96승째	1
96종	1
972억원	1
97만명	1
97명	1
97억원	1
987억원	1
98p3	1
98곳	1
98억	1
98일	1
991억원	1
996억원	1
997억원	1
999달러짜리	1
99경기	1
99만8천800원	1
99명은	1
99세	1
99세종합	1
99위	1
9cm로	1
9gb	1
9k에도	1
9mm	1
9가	1
9개월여만에	1
9거래일만에	1
9건은	1
9건이나	1
9경기만에	1
9골	1
9골의	1
9골종합	1
9곳서	1
9곳에	1
9곳종합2보	1
9년래	1
9대1	1
9도15일	1
9득점	1
9리바운드	1
9만2천명에	1
9만7천	1
9만9천원	1
9만곡	1
9배로	1
9번	1
9번째종합	1
9부	1
9부능선	1
9분	1
9분간	1
9분기	1
9살	1
9세는	1
9시10분	1
9시16분	1
9시께	1
9시뉴스	1
9시로	1
9시즌	1
9실점	1
9억초과	1
9에서	1
9역	1
9연	1
9원으로	1
9월1일	1
9월5일	1
9월께	1
9월로	1
9월말까지	1
9월보다	1
9월부터	1
9월에	1
9월의	1
9월인데	1
9월전	1
9월초까지	1
9위까지	1
9위로	1
9위종합	1
9이닝스	1
9인으로	1
9일부터는	1
9일은	1
9일째	1
9장	1
9조4천억원에	1
9조6천억원어치	1
9조원에	1
9주년	1
9척	1
9천	1
9천100억원	1
9천178억	1
9천379억원	1
9천440억원	1
9천600만원	1
9천600억	1
9천615원	1
9천733억	1
9천810억원	1
9천821억원	1
9천859억원	1
9천900억원	1
9천900원	1
9천900원에	1
9천만명	1
9천만병	1
9천만원	1
9천여만원	1
9천원대에	1
9층짜리	1
9호선	1
9호포	1
a1	1
a30	1
a380으로	1
a40	1
a50	1
a80	1
aa3로	1
abba	1
abba룰	1
abu	1
ab운용	1
acm	1
activex	1
ac밀란전에	1
ad	1
afc챔스	1
afc챔피언스리그	1
afc컵	1
ag결과	1
ag까지	1
ag는	1
ag승선	1
ag엔트리	1
ag여자축구	1
ag축구대표팀	1
ag행	1
aia생명	1
aiib	1
ai개발자	1
ai기능	1
ai기술로	1
ai기업	1
ai대화	1
ai대회	1
ai데이터	1
ai도움으로	1
ai로봇이	1
ai리모컨	1
ai만	1
ai보다	1
ai보안	1
ai보안기술	1
ai분야	1
ai상담원	1
ai서비스로	1
ai시장	1
ai연구소	1
ai와	1
ai월드컵	1
ai융합에	1
ai조직도	1
ai추천	1
ai특허	1
ai플랫폼	1
ai협동로봇	1
alcs서	1
all	1
amoled	1
anc의	1
apbc	1
api스퀘어	1
api포털	1
apt	1
aptld	1
ap우주항공과	1
ap위성통신	1
ars로	1
ar게임	1
ar동물원	1
ar시장	1
ar이모지에	1
ar콘텐츠에	1
asem서	1
asf방역	1
asia	1
asml	1
as까지	1
as도	1
as로	1
as로마로부터	1
atdc	1
atl	1
atm기를	1
atm서	1
atm에서	1
au	1
au에	1
avc컵	1
avc컵서	1
avr	1
avtest	1
az	1
a대표	1
a시리즈가	1
a에서	1
a조	1
a학점	1
b20	1
b2b서	1
b2b시장	1
b612	1
b737맥스와	1
b78710	1
baa3로	1
baro	1
bat	1
bbc기자	1
bbk	1
bbq	1
bbwf서	1
bdo	1
bgf와	1
bh가	1
bien	1
biff	1
bigger	1
bio한파	1
bis	1
bjp	1
bj가	1
bj에	1
bmw도	1
bmw와	1
bnk금융그룹	1
bnk자산운용	1
bo	1
boe	1
bok	1
bp	1
bw도	1
byd에	1
b형	1
cabsat	1
cas	1
cbsi	1
ccibm	1
ccs충북방송	1
cc아이지에스	1
cc인증	1
cc카이스트	1
ceo까지	1
ceo냐	1
ceo들	1
ceo들에	1
ceo의	1
ceo직원	1
ceo추천위에	1
cepa	1
cepa로	1
cercg	1
cern에	1
ces아시아	1
ces에	1
ces에서	1
cevoc	1
cfd	1
cfo	1
cgv영등포에	1
check	1
cia국장	1
cia의	1
cj가	1
cj그룹	1
cj그룹주	1
cj브랜드	1
cj오쇼핑공영홈쇼핑	1
cj올리브네트웍스	1
cj컵	1
cj포디플렉스	1
cj헬로비전skb	1
cj헬로비전의	1
cj헬로에	1
cj헬스케어	1
ckl스테이지에	1
cma	1
cmb	1
cmb광주방송	1
cmmi	1
cmo캠퍼스와	1
cms	1
cnn보다	1
cns카카오	1
cns팀	1
co2	1
cor	1
cpsc	1
creator	1
csd워킹그룹과	1
cska	1
csr캠페인	1
ct	1
ctbto	1
ct촬영	1
cu	1
c형간염	1
d11	1
d13	1
d16	1
d1성악전공	1
d2년	1
d31	1
d9헌장에	1
da	1
dac	1
daum을	1
db금융	1
db금융스팩6호	1
db금투	1
db꺾	1
db나와	1
db냐	1
db는	1
db두경민	1
db로	1
db손보	1
db손해보험과	1
db와의	1
db잡고	1
db현대모비스	1
ddp	1
dfb	1
dg	1
dgb생명	1
dgist에서	1
dh	1
dh로	1
diy스타일	1
dj는	1
dl	1
dlf에	1
dmc를	1
dmc미디어nbp	1
dmz까지	1
dmz내	1
dmz를	1
dmz방문	1
dmz작전	1
dmz종합	1
dna로	1
dna에	1
dna였다	1
dna처럼	1
dni	1
do	1
dp	1
dsc초기기업성장지원펀드	1
dslr급으로	1
du	1
d데이	1
d데이는	1
d램익스체인지	1
d리그	1
d캠프서	1
eaff	1
eas	1
eas서	1
ebs노조	1
ebs대전방송	1
ebs미디어	1
ebs사장	1
ebs에	1
ebs와	1
edgc	1
edm	1
edr	1
eez에	1
eidf	1
ek	1
eln에	1
emk	1
emkt스카이라이프	1
emk의	1
emp	1
epl사상	1
epl서는	1
epl에서	1
epl의	1
er	1
erp	1
ess사업부	1
etn도	1
eu가입	1
eu거부권	1
eu관세동맹	1
eu기업	1
eu나토	1
eu는	1
eu대사	1
eu미국	1
eu법	1
eu상임의장	1
eu수출	1
eu아랍연맹	1
eu우크라	1
eu의	1
eu이사회	1
eu정상	1
eu주재	1
eu지역	1
eu집행위서	1
eu출신	1
eu측	1
eu터키	1
ev	1
exid	1
e내비게이션	1
e스포츠라이브로	1
e스포츠팀	1
e스포츠협회	1
e커머스는	1
e클래스	1
f1	1
f1963에	1
f1963점	1
f2	1
f35b	1
f35전투기	1
facis	1
fao	1
fao와	1
farc와	1
farm	1
fa들이	1
fa시장	1
fa자격선수	1
fa자유계약선수	1
fa컵서	1
fa컵축구	1
fbi가	1
fbi국장	1
fbi식	1
fbi처럼	1
fc	1
fca	1
fcc	1
fc도쿄와	1
fc서울에	1
fc아트드림	1
fc포르투	1
fc포르투와	1
fdd	1
fe	1
femnadel상	1
ffvd	1
fifa랭킹	1
fila기초과학	1
fk골	1
fm	1
fm라디오	1
fomc서	1
fomc에	1
fp	1
ft	1
ftc	1
ftse	1
fwa	1
fx2에	1
f까지	1
g1에	1
g20공동성명에	1
g20일정	1
g20정상들	1
g20정상회의서	1
g2무역전쟁	1
g2발	1
g2분쟁에	1
g300	1
g5도	1
g5와	1
g6는	1
g6로	1
g6부터	1
g70	1
g7과	1
g7씽큐	1
g7에도	1
g7이	1
g7정상회의	1
g8로	1
g90	1
gcc회의	1
gc녹십자	1
gdp로	1
gdp의	1
gepp	1
ge헬스케어	1
gh컨소시엄에	1
giga	1
giga프리미엄x10	1
gkl	1
gln	1
gmo노벨상	1
gmp	1
gm공장	1
gm사태	1
gps교란	1
gps판	1
gp를	1
gs25	1
gsw	1
gsw클리블랜드	1
gs계열사	1
gs는	1
gs리테일보다	1
gs샵	1
gs앤포인트	1
gs엔텍	1
gs이엠	1
gs인삼	1
gs인증	1
gs칼텍	1
gs칼텍스는	1
gt	1
gtb	1
gtx	1
gtxa	1
gwp4	1
g마켓	1
g마켓서	1
g시리즈	1
g패드	1
h1b	1
h7n9	1
hb	1
hdc그룹	1
hdc부동산콘텐츠	1
hdc아이서비스	1
hdc아이콘트롤스	1
hdc현대ep	1
hd급	1
hf	1
hfc	1
hm	1
hmd	1
hp	1
hp코리아	1
htc	1
https는	1
hug	1
h조	1
i3	1
i30에	1
iaea가	1
iaea서	1
iaea에	1
iaea요원	1
ibk기업은	1
ibk기업은행과	1
ibk기업은행장배	1
ibk에	1
ibm엔	1
ibs	1
ibsf	1
ib대표	1
icbm급	1
icc컵서	1
ico	1
ict가	1
ict관에	1
ict기술	1
ict기업에	1
ict로	1
ict분야	1
ict사업	1
ict사업자	1
ict산업전망	1
ict연구센터	1
ict장비	1
ict체험관서	1
ict학점연계	1
ic단말기	1
idb와	1
idea	1
idq	1
iea	1
iec	1
ifa에서	1
ifa제품	1
ifc로	1
iffhs	1
ihs보고서	1
iitpkista	1
il	1
im100	1
imf위기	1
imf총재와	1
imm인베스트먼트	1
impc	1
im부문장	1
inf탈퇴	1
ioc와	1
ioc의	1
ios12	1
ios용	1
iot기기	1
iot망	1
iot서비스	1
iot숙면등	1
iot숙면알리미	1
iot전용	1
iot칩에	1
iot통한	1
ipaf	1
ipf	1
iphone에서도	1
ipo에	1
iptv만	1
ipu총회	1
ipv6	1
ip주소	1
ip특위	1
iq160	1
irp	1
isa도	1
isp와	1
iss	1
is가	1
is가담	1
is까지	1
is로	1
is로부터	1
is보다	1
is식	1
is연계	1
is전투원	1
is조직원은	1
is테러에	1
is포로	1
iter	1
iter근무	1
itf	1
itx청춘	1
it기업과	1
it기업들	1
it기업의	1
it대표주	1
it대형주	1
it부문	1
it사업자	1
it서비스	1
it쇼	1
it스포츠	1
it업종	1
it업체들과	1
it월드컵	1
it의	1
it인재	1
it전문가들	1
it합작법인	1
ix로	1
iyf월드문화캠프	1
j10	1
j6	1
jb금융	1
jb금융지주	1
jfk공항	1
jkl파트너스	1
jmt	1
jp모건운용	1
jp와의	1
jr	1
jtbc골프	1
jtbc에	1
jtv전주방송	1
jtv지역	1
jyp엔터	1
j노믹스	1
k10도	1
k40s	1
k50s	1
k7	1
k9	1
kai	1
kaist이사회	1
kata	1
kbc광주방송	1
kbis	1
kbl군산시	1
kbl에	1
kbl유망주들의	1
kbl출신	1
kbo는	1
kbo리거	1
kbo리그서	1
kbo리그와	1
kbo리그의	1
kbo서	1
kbo선수협심판위원장	1
kbo와	1
kbo의	1
kbo총재도	1
kbo출신	1
kbsabu	1
kbsn	1
kbs공영노조	1
kbs교향악단과	1
kbs교향악단더	1
kbs국민패널	1
kbs노동조합	1
kbs노조	1
kbs로	1
kbs본부노조	1
kbs사태	1
kbs시청자위원회	1
kbs제주총국	1
kbs클래식fm으로	1
kbs한전	1
kbs한전음악콩쿠르	1
kb국민	1
kb국민은행장	1
kb국민카드와	1
kb글로벌코어리츠펀드	1
kb금융의	1
kb금융지주	1
kb까지	1
kb달러표시아시아채권펀드	1
kb도	1
kb손보도	1
kb손보의	1
kb손해보험전	1
kb스타터스	1
kb에	1
kb오토시스	1
kb의	1
kb자산운용	1
kb중소형고배당	1
kb캐피탈	1
kb통중국4차산업펀드	1
kcc전자랜드	1
kcgi측	1
kci	1
kdb산업은행	1
kdi	1
keb	1
keb하나은행율촌	1
keit	1
kf	1
kfm	1
kgc	1
kgc인삼공사행	1
kglobal	1
kg모빌리언스	1
kg케미칼	1
kiask	1
kia라서	1
kia롯데	1
kia삼성	1
kia서	1
kia에	1
kia에도	1
kia의	1
kia행	1
kic마하	1
kisa혁신참여단	1
kisdi	1
kiso	1
kistatc협회	1
kisti	1
kistit여성기업인협회	1
kist뉴로바이오젠	1
kist에	1
kis제주	1
kj프리텍에	1
kkr	1
klpga	1
kl정상회의	1
knn	1
koica	1
korea	1
korea3x3	1
kor아닌	1
kotra	1
kov	1
kov0컵	1
kovac	1
kpf	1
kpipa	1
kpop퍼포먼스	1
kpx생명과학	1
kpx케미칼	1
kpx홀딩스	1
kq소비자체험단	1
kr	1
krx300	1
krx300으로	1
krx금시장	1
kr모터스	1
ksd나눔재단	1
kspo에	1
kssqi	1
ks에서	1
ktbnf	1
ktb네트워크	1
ktb자산운용	1
ktb투자증권에	1
ktcmb	1
kth	1
ktkt텔레캅	1
ktlg유플러스	1
ktlg전	1
ktsk	1
ktv	1
ktx로	1
ktx서	1
ktx타고	1
kt가	1
kt골프존카운티	1
kt그룹사	1
kt기가아이즈	1
kt넥스알	1
kt대교	1
kt두산	1
kt로	1
kt를	1
kt부산대병원	1
kt삼성전자퀄컴	1
kt샛	1
kt서브마린	1
kt서울랜드	1
kt스마트로	1
kt스퀘어에	1
kt아현지사	1
kt안전진단협회	1
kt언맨드솔루션	1
kt에릭슨노키아	1
kt엠모바일의	1
kt연세대	1
kt온산지점서	1
kt와	1
kt유니세프	1
kt인상에	1
kt전서	1
kt카스	1
kt파트너스관	1
kt한국관광공사	1
kt한국프로축구연맹	1
kt항우연	1
kt화재	1
k글로벌	1
k로드	1
k리그2도	1
k리그도	1
k리그서도	1
k리그에	1
k리그에서도	1
k리그와	1
k문화축제	1
k뱅크	1
k북	1
k스토리	1
k스포츠재단서	1
k컬처밸리	1
k콘	1
k팝스타	1
lad	1
lan	1
lask전서	1
la갤럭시	1
la공항에	1
la대학서	1
la시장	1
la에선	1
la총영사관	1
la클리퍼스	1
la필하모닉	1
lcd장비	1
leti와	1
lf	1
lgbt	1
lgd와	1
lgu와도	1
lgu유비쿼스	1
lgu종합	1
lg그룹주	1
lg그룹주는	1
lg기	1
lg도	1
lg로	1
lg사이언스파크	1
lg생건	1
lg서	1
lg스럽지가	1
lg아트센터서	1
lg유니폼	1
lg유플러스kt	1
lg유플러스는	1
lg유플러스부산은행	1
lg유플러스에	1
lg유플러스에스원	1
lg유플러스여기어때	1
lg유플러스장애인재활협회	1
lg유플러스화웨이	1
lg의인상	1
lg전자네이버	1
lg전자넥슨	1
lg전자도	1
lg전자신한카드	1
lg전자와	1
lg트윈스	1
lg트윈스기	1
lg폴더	1
lg퓨리케어	1
lhc	1
lh와	1
ligo	1
lig투자증권	1
ll시리즈	1
lmo	1
lngc	1
lng운반선	1
lol	1
lol경기장으로	1
lpg차	1
ls그룹	1
ls니꼬동제련	1
ls엠트론	1
ls오토모티브	1
lte2	1
ltem	1
ltem1	1
lter	1
lte기능	1
lte다운로드	1
lte로	1
lte망	1
lte망에	1
lte모델의	1
lte보단	1
lte비디오포털	1
lte에	1
lte통신으로	1
lte폰과	1
m3	1
maas	1
maga의	1
mama	1
mama까지	1
max	1
mbc경남	1
mbc기자회	1
mbc까지	1
mbc노조	1
mbc뉴스	1
mbc사장	1
mbc정상화위	1
mbc충북	1
mbk파트너스	1
mb국정원	1
mb를	1
mb블랙리스트	1
mb비서관	1
mb소환	1
mb정부	1
mb측에	1
mc	1
mc본부	1
mc사업본부장	1
mdl로	1
mds	1
md와	1
mg손보	1
mit도	1
mit와	1
mj	1
mlb경기서	1
mlb계약	1
mlb닷컴연평균	1
mlb닷컴의	1
mlb도	1
mlb로	1
mlb보다	1
mlb스카우트	1
mlb시선은	1
mlb에	1
mlb에선	1
mlb의	1
mlb파워랭킹	1
mls	1
mls구단	1
ml복귀	1
ml슈퍼스타	1
ml점령한	1
ml타이기록	1
mmf에	1
mmorpg시장	1
motoz2	1
movie	1
mp3에	1
mr	1
msg	1
msnbc도	1
ms기기에	1
mtcr	1
mts에	1
mv	1
mvi와	1
mvp김선형	1
mvp까지	1
mvp서	1
mvp수상	1
mwc는	1
mwc상하이서	1
m포인트로	1
narle나를	1
nasa도	1
nba스타	1
nba에서도	1
nba와	1
nbc도	1
nbiot망	1
ncck	1
nckia전	1
nc두산전	1
nc로	1
nc서	1
nc의	1
nc전서	1
nc출신	1
nc팬들	1
ndt2	1
new	1
new트렌드	1
nfc에	1
nfl경기와	1
nfl로	1
nfv	1
ngo가	1
ngo난민구조선	1
ngo에	1
nhk는	1
nhn으로	1
nhn한국사이버결제	1
nhs	1
nh농협금융지주	1
nh농협생명	1
nh선물	1
nh저축은행	1
nia	1
nice평가정보와	1
nipa	1
ni스틸	1
nlcs서	1
nlds서	1
nl사이영상	1
nl신인상	1
no5261	1
now에서	1
npdi	1
npl	1
npt	1
npt추가의정서	1
nsa서	1
nsc국장	1
nsc채널	1
nsg	1
nsml	1
nsok	1
nst	1
nsw주	1
nsw주에서만	1
nsw주의	1
nugu로	1
nyt기고	1
nyt조사선	1
n서울타워	1
n스토어웹툰	1
n의	1
n페이에	1
o2o사업	1
ob	1
obs경인tv	1
oca	1
oca의장	1
oci보고펀드	1
oct4	1
oda	1
odm	1
odm업체	1
odm폰	1
oecd사무총장	1
ogc니스	1
ogq마켓	1
ogq에	1
oic	1
oj	1
okc	1
okc잡고	1
ok도	1
ok와	1
ok저축은행은	1
on7	1
one	1
on국민방송	1
open	1
ops	1
os로	1
os클라우드	1
ott박스	1
out	1
p0서	1
p1	1
p20프로에	1
p2p금융상품	1
p2p금융협회서	1
p53	1
p9	1
pac3로	1
paiss	1
pass	1
pbr	1
pbs	1
pb들이	1
pc같은	1
pc게임	1
pc는	1
pc안심2	1
pc에서도	1
pc용	1
pc키보드	1
pc판에서도	1
pdvsa	1
pd수첩은	1
pd연합회	1
pd의	1
pf대출채권	1
pf부동산	1
pg사업	1
phev	1
pk에서	1
pk행	1
plo	1
plus	1
pnn	1
po2회전	1
posco	1
po는	1
po진출	1
po행종합	1
ppt도	1
pp와	1
pr	1
pr을	1
psg는	1
psg이적	1
psg행	1
psg회장에게	1
ps는	1
ps서도	1
ptt	1
pvc	1
pw	1
p내로	1
p로	1
p차로	1
q7	1
q9	1
qled냐	1
qm6	1
qo	1
qp	1
qr결제	1
qr코드	1
qr코드가	1
qs로	1
qs안치홍	1
q렌즈	1
rav4	1
rco	1
rcs서비스	1
rd사업	1
rd예산	1
rd인프라	1
rd투자액	1
rd혁신	1
rf	1
rfa종합	1
rfe	1
rf중계기	1
rj	1
rm16	1
rna	1
rotc중앙회	1
rp금리	1
rv	1
r마드리드는	1
r의	1
r클럽2	1
s11	1
s3	1
s300	1
s300종합	1
s5e	1
s7보다	1
s8보다	1
s8플러스	1
s9도	1
s9보다	1
s9에	1
saaf	1
sabic	1
sap	1
sas	1
sav	1
sbi저축은행	1
sbs8뉴스	1
sbsjtbc	1
sbs골프에	1
sbs네오파트너스	1
sbs로	1
sbs스페셜	1
sbs일감	1
scie	1
scm	1
sco	1
sc제일	1
sdc	1
sdk로	1
sdn	1
se2	1
sema	1
sema창고서	1
sema하나	1
sericeo	1
sey체인	1
sf에	1
sf전	1
sf창극에	1
sga솔루션즈	1
sg생활안전과	1
sh수협은행장	1
sj9	1
sk3호스팩	1
skbebs연세대	1
skb도	1
skb도미노피자	1
skc에코솔루션즈	1
skc코오롱pi	1
skdb	1
skkcc	1
sktcj헬로	1
sktkdb산업은행	1
sktkotra	1
sktkt	1
sktms	1
sktsbs	1
sktsm	1
skt가	1
skt경기평생교육진흥원	1
skt노키아	1
skt대한적십자사	1
skt만	1
skt매스프레소	1
skt매직리프	1
skt버라이즌	1
skt브이씨	1
skt사장	1
skt삼성전자	1
skt삼성중공업	1
skt서울시	1
skt아이센스	1
skt엔비디아	1
skt오픈	1
skt인텔	1
skt코트라	1
skt퀄컴	1
skt행안부	1
skt헬로비전	1
sky	1
skyuhd	1
sky서비스센터서	1
sk가	1
sk가스	1
sk국제전화	1
sk냐	1
sk두산	1
sk두산전	1
sk디앤디	1
sk렌터카	1
sk로	1
sk브로드밴드와	1
sk옥수수	1
sk와이번스	1
sk유화	1
sk전	1
sk전서	1
sk텔레콤서울관광재단	1
sk텔레콤서울대	1
sk텔레콤안양시	1
sk텔레콤의	1
sk텔링크로	1
sk행복드림구장	1
slbm로	1
slbm으로	1
slr	1
sma	1
smc엔지니어링	1
sms	1
sm그룹	1
sm엔터	1
sm타운	1
snk	1
snl서	1
snp	1
sns게시물에	1
sns속	1
sns앱은	1
sns영상	1
sns플랫폼	1
spc	1
spc그룹	1
spc삼립	1
spp조선	1
sq10	1
srf갈등	1
sri	1
ss	1
ssg닷컴	1
stic	1
stl	1
stl전	1
stx중공업에	1
stx프랑스	1
st모티브	1
st전장	1
su35	1
suhd	1
sun	1
sv인베스트먼트	1
swh	1
switch	1
sw교구활용	1
sw도	1
sw산업진흥법	1
sw업그레이드센터에	1
sw융합클러스터	1
sw중심대학	1
sw진흥법	1
sw패치	1
s씨어터	1
s어워즈	1
s펜에	1
s펜의	1
t155	1
tbs교통방송	1
tbs도	1
tcl	1
tdd방식종합2보	1
teac	1
tf팀	1
tg4	1
the	1
things	1
tip	1
tk서	1
tk서도	1
topcit	1
tpp보다	1
travel	1
tr모듈	1
tsdn	1
ts인베스트먼트	1
tt	1
ttip협상	1
tu95ms	1
tvn	1
tv가	1
tv도	1
tv로도	1
tv산업	1
tv속	1
tv쇼의	1
tv스트리밍	1
tv시청	1
tv에	1
tv예술무대	1
tv의	1
tv조선2	1
tv주파수	1
tv중계	1
tv캐스트	1
tv토론서	1
tv토론서도	1
tv토론은	1
tv토론회	1
tv특강	1
tv패널	1
tv프로그램	1
tv홈쇼핑으로부터	1
t건강걷기	1
t데이터	1
t렌탈	1
t맵에	1
t모바일	1
t뷰	1
t월드	1
t크리스마스	1
t페스타	1
t펫	1
t포켓파이	1
t포켓파이r	1
t플랜	1
u11	1
u14	1
u17여자축구	1
u17월드컵서	1
u18팀	1
u19축구팀	1
u20서	1
u20월드컵의	1
u20팀	1
u23에	1
u23축구팀	1
uae공방	1
uae는	1
uae와	1
uae행	1
uar로	1
uar서	1
ubc	1
ubs	1
uci	1
ucla서	1
uefa대회	1
uefa의	1
uefa챔스리그서	1
ufo슛으로	1
uhd방송	1
uhd영화	1
uified	1
uiot에	1
umbc	1
un보고서	1
usa투데이	1
usc	1
usim칩	1
usmca	1
ust	1
us여자오픈	1
utc레이시온	1
utm	1
utv용	1
utv프리	1
ux	1
u게임live	1
u골프앱	1
u골프에서	1
u리그	1
u멤버스에서	1
u멤버십	1
u봇	1
u비디오포털vr	1
u샵서	1
u스마트드론	1
u스마트홈	1
u아이돌라이브	1
u우리집ai로	1
u카카오내비	1
u클라우드	1
u턴기업	1
u파손도움	1
u파울	1
u포켓빔	1
u프로야구는	1
v12	1
v30s씽큐	1
v30s씽큐의	1
v30는	1
v30도	1
v30에서	1
v30으로	1
v40로	1
v5	1
v50s에	1
v7	1
vc	1
vdi	1
vips	1
vm웨어와	1
vna	1
vna통신	1
vnl준비	1
vod는	1
vol	1
volte	1
vov	1
vqa	1
vr게임	1
vr기기	1
vr방	1
vr업체와	1
vr영상	1
vr의	1
vr종합	1
vr체험전	1
vr카메라	1
vr콘텐츠	1
vvip에게	1
v리그와는	1
war서	1
watchplay란	1
ways	1
wc서	1
weekly	1
wh1000xm3	1
whip는	1
wimp	1
wiscom	1
wiz	1
wjc와	1
wk리그까지	1
wm	1
wmd선박	1
wmo	1
wpa2	1
wp기자	1
wsl	1
wto서	1
wto에	1
wto제소	1
wwdc	1
www	1
w홀딩컴퍼니	1
x1	1
x2	1
x401	1
x4플러스	1
x6	1
x7	1
xp등	1
x마스	1
x보다	1
x선레이저	1
x시리즈	1
x에	1
x여행	1
y	1
ymca야구단	1
yonseikt	1
ys서거	1
yt클래스	1
y데이터박스	1
y주니어	1
zte에	1
zte와	1
zte폰	1
가겠다종합	1
가격만	1
가격보다	1
가격보다는	1
가격부담	1
가격비교	1
가격비교는	1
가격의	1
가격인상에	1
가격인하	1
가격차별	1
가격통제	1
가격하락시	1
가격한	1
가결1보	1
가결로	1
가결에	1
가결지원책	1
가계동향조사	1
가계배당금	1
가계부채로	1
가계부채화	1
가계빚	1
가계소득	1
가계소비는	1
가계지출	1
가고있어종합	1
가곡공연	1
가곡의	1
가공	1
가구가	1
가구는	1
가구에	1
가극의	1
가극화	1
가급적	1
가길	1
가까스로	1
가까워졌다	1
가까워지면	1
가까워질	1
가깝다	1
가깝지	1
가꾸며	1
가꾼다	1
가나스기	1
가나팀	1
가난	1
가난에	1
가난한가	1
가느냐고	1
가느다란	1
가는길	1
가늘어진	1
가능기간	1
가능성21일	1
가능성2일	1
가능성3보	1
가능성도종합	1
가능성도종합2보	1
가능성에도	1
가능속보	1
가능토록	1
가능하겠나	1
가능하고	1
가능하냐고	1
가능하다	1
가능하다고	1
가능하면	1
가능한가요	1
가능할까요	1
가능할까종합	1
가능해야	1
가능해질까	1
가덕도냐	1
가도	1
가동될까	1
가동중단	1
가동중단이	1
가동중지	1
가동하니	1
가두지	1
가드	1
가드드론으로	1
가뜩	1
가라고	1
가라데킥으로	1
가라앉을	1
가라앉을까	1
가려고	1
가려낼	1
가려다	1
가려던	1
가려면	1
가려서	1
가려져	1
가려질것	1
가련다	1
가로	1
가로막는	1
가로막아	1
가로막은	1
가로막혔던	1
가로수길에	1
가로화면	1
가르시아와	1
가르치고	1
가르치지	1
가르친다	1
가르친다종합	1
가르칠	1
가른	1
가리기	1
가리기로	1
가리지	1
가리키는	1
가리킨	1
가리킨다	1
가림막	1
가만한	1
가맹본부당	1
가맹점과	1
가며	1
가문	1
가문이	1
가문종합	1
가문종합2보	1
가뭄과의	1
가뭄에	1
가뭄으로	1
가민	1
가방으로	1
가방제품에	1
가볍고도	1
가볍다	1
가보자	1
가볼까	1
가볼만한	1
가봉서	1
가봐야	1
가봤니	1
가비아	1
가빈과	1
가빈도	1
가빈에	1
가빈에게	1
가빴던	1
가뿐	1
가사도우미	1
가사하는	1
가산일반산단	1
가상계좌로	1
가상과	1
가상대륙까지	1
가상비서	1
가상세계로	1
가상에서	1
가상영상	1
가상의	1
가상인체	1
가상통화거래소	1
가상편지로	1
가상현실vr	1
가상현실도	1
가상현실의	1
가상현실이	1
가상화폐거래소	1
가상화폐에	1
가세종합	1
가세한	1
가속에	1
가속페달	1
가속화에	1
가수는	1
가수들	1
가스공	1
가스사고	1
가스저장탱크	1
가스전서	1
가스파리니는	1
가스파리니에게	1
가스폭발로	1
가슴아파	1
가슴에	1
가슴엔	1
가슴의	1
가슴이	1
가습기특위	1
가시	1
가시게	1
가시권	1
가시권내	1
가시권종합	1
가시와전	1
가시화종합3보	1
가시화종합4보	1
가야문화권	1
가야본성전	1
가야지	1
가야할	1
가업상속	1
가오리에게도	1
가오이샹	1
가우크	1
가운데	1
가을과	1
가을까지	1
가을느낌의	1
가을대전	1
가을도	1
가을마다	1
가을바람	1
가을빛	1
가을산	1
가을시즌	1
가을아	1
가을야구도	1
가을야구에서	1
가을야구의	1
가을야구인데	1
가을어떰	1
가을에도	1
가을에만	1
가을여행은	1
가을옷	1
가을은	1
가을이네요	1
가을이라	1
가을이었지만	1
가을잔치	1
가을좀비	1
가을향기에	1
가입국	1
가입기간	1
가입대상	1
가입되는	1
가입률	1
가입문건	1
가입사	1
가입에	1
가입연령	1
가입자들	1
가입자망	1
가입키로	1
가입한	1
가입할	1
가입해도	1
가자종합	1
가자지구에	1
가장해	1
가전까지	1
가전도	1
가전마진	1
가전쇼	1
가전시장	1
가전업계	1
가전으로	1
가전전시회	1
가전제품도	1
가정도우미	1
가정마을	1
가정서	1
가정집	1
가정집에	1
가져가	1
가져가라	1
가져다준	1
가져야	1
가져야속보	1
가져오면	1
가져오지	1
가져온	1
가졌다	1
가족가치	1
가족간	1
가족끼리	1
가족동반	1
가족들도	1
가족들에	1
가족문제로	1
가족사진	1
가족안심	1
가족에게	1
가족이었으나	1
가족증인	1
가족축제	1
가족친화인증	1
가족할인상품	1
가족회사로	1
가죽	1
가죽공장	1
가죽소재로	1
가중종합	1
가지로	1
가짜계정	1
가짜뉴스가	1
가짜뉴스법	1
가짜뉴스와	1
가짜에	1
가짜와	1
가짜편지	1
가짜화폐	1
가짜환자	1
가차없이	1
가축	1
가축도	1
가축방역	1
가축분뇨	1
가축서	1
가축시장	1
가치가	1
가치전달	1
가치평가	1
가톨릭의대	1
가톨릭평화방송	1
가파도	1
가파른	1
가하면	1
가한	1
가해	1
가해교사	1
가해기업은	1
가해자일	1
가혹	1
가혹근무	1
가혹한	1
가힌샤의	1
각계인사	1
각국서	1
각국의	1
각당	1
각론서	1
각료들	1
각료회의	1
각성	1
각세우는	1
각세워온	1
각양각색의	1
각오도	1
각오에	1
각오하고	1
각오해야	1
각자	1
각자대표	1
각지	1
각축전종합	1
간격으로	1
간결해진	1
간다고	1
간다더니	1
간단	1
간단한	1
간담회장으로	1
간담회장의	1
간당간당	1
간디는	1
간만에	1
간밤	1
간밤에	1
간부가	1
간부도	1
간부들과	1
간부사회	1
간사	1
간사만	1
간사에	1
간사와	1
간섭종합	1
간식	1
간암종양	1
간에	1
간염	1
간이발전시설	1
간절	1
간절하게	1
간절함	1
간절함과	1
간절함이	1
간절했기	1
간절히	1
간접고용	1
간접광고ppl	1
간접운용자산	1
간직하겠다	1
간직하고	1
간직한	1
간직해야할	1
간질간질	1
간첩사건	1
간첩용의자	1
간첩행위	1
간첩혐의	1
간첩활동	1
간츠는	1
간파하면	1
간파했었다	1
간판개선	1
간판들	1
간판서	1
간판앵커	1
간판에	1
간편금융	1
간편납부	1
간편식	1
간편신고	1
간편요리세트	1
간편인증	1
간편청구	1
간편투자	1
간편해진다	1
간행	1
간호사와	1
간혹	1
갈등과	1
갈등극	1
갈등빚는	1
갈등사태에	1
갈등상황	1
갈등설	1
갈등속	1
갈등요인	1
갈등으로	1
갈등은	1
갈등종합	1
갈등증폭	1
갈등해결	1
갈라까지	1
갈라놓아wsj	1
갈라서자종합	1
갈라선	1
갈랜드는	1
갈린	1
갈림길로	1
갈만한	1
갈망	1
갈망하는지	1
갈아입고	1
갈아입자	1
갈아치운	1
갈아치웠다	1
갈아타	1
갈아타기용	1
갈아탄다	1
갈이	1
갈채가	1
갈취하는	1
갈취한	1
감각도	1
감각을	1
감각의	1
감각적	1
감격스러웠다	1
감격종합	1
감경종합	1
감고	1
감귤나무	1
감기몸살로	1
감길	1
감당못해	1
감독공정배	1
감독과의	1
감독교체에도	1
감독김태종	1
감독님과	1
감독님도	1
감독님에	1
감독님이	1
감독들이	1
감독상은	1
감독서	1
감독선임위원장	1
감독이어도	1
감독이자	1
감독전은	1
감독제	1
감독직	1
감독할	1
감동스토리	1
감동적	1
감미로운	1
감방생활	1
감방서	1
감비노	1
감빵생활	1
감사결과	1
감사드린다	1
감사만	1
감사만종합	1
감사보고서	1
감사서신	1
감사시간	1
감사에	1
감사예배	1
감사위원	1
감사위원회	1
감사위원회에	1
감사위원회포럼	1
감사이벤트	1
감사인지정	1
감사종합2보	1
감사해	1
감사해종합	1
감사했어요	1
감산연장	1
감산의지	1
감산정책	1
감산종합	1
감산확대	1
감상에도	1
감상하고	1
감상하기	1
감상한다	1
감상해볼까	1
감성에세이	1
감세국가의	1
감세카드	1
감소1보	1
감소규모	1
감소도	1
감소시키고	1
감소종합2보	1
감소통일연구원	1
감소하면	1
감소할	1
감속운행	1
감수	1
감수성이	1
감수하고	1
감수할까	1
감수해야	1
감시강화종합	1
감시대국	1
감시도청	1
감시레이더	1
감시망에	1
감시시스템	1
감시앱	1
감시종합	1
감시태세	1
감시한다	1
감시해야	1
감시해야종합	1
감식	1
감싸	1
감싸기	1
감싸는	1
감아도	1
감악산	1
감안시	1
감안한	1
감안해서	1
감았다	1
감염도	1
감염되지	1
감염률	1
감염성	1
감염이	1
감염인듯	1
감염종합	1
감옥으로부터의	1
감옥이	1
감원3천만원	1
감원폭	1
감은	1
감응의	1
감일지구	1
감자원정대	1
감자후	1
감정원	1
감정은	1
감정적	1
감정평가	1
감정평가사협회	1
감지능력	1
감지되면	1
감지종합2보	1
감지한다	1
감지해	1
감찰유출은	1
감찰의혹	1
감찰한	1
감찰할	1
감청	1
감청장비	1
감추고	1
감추고자	1
감축명령	1
감축목표서	1
감축으로	1
감축을	1
감축종합2보	1
감춰	1
감투상	1
감투섬	1
감행말라	1
감형자	1
감회	1
감히	1
갑론을박도	1
갑분싸	1
갑작스런	1
갑절	1
갑질에	1
갑질인가	1
값싸게	1
값싼	1
값이라	1
갓길서	1
갓난아들	1
갓스물	1
갓은	1
갔다가	1
갔던	1
갔어	1
갔을까	1
강간할	1
강감찬축제	1
강강술래	1
강경기조	1
강경대처	1
강경대회	1
강경보수파	1
강경성	1
강경정책	1
강경종합	1
강경책	1
강경책에도	1
강경책은	1
강경태도에	1
강경투쟁론	1
강경파가	1
강경파로	1
강경함	1
강공모드	1
강공에	1
강구시장	1
강국으로	1
강나경	1
강남4구마용성	1
강남까지	1
강남아파트	1
강남재건축	1
강남지청	1
강달러에	1
강대국	1
강도사건에	1
강도살인	1
강동역에	1
강등됐던	1
강등되면	1
강등위기	1
강력규제	1
강력대응에	1
강력대응종합4보	1
강력대응중	1
강력반발	1
강력비판	1
강력사건	1
강력압박	1
강력압박종합	1
강력제재로	1
강력제재종합	1
강력해졌다	1
강련학	1
강렬하게	1
강렬하고	1
강령	1
강령서	1
강령파동	1
강론	1
강릉독서대전	1
강릉문화올림픽	1
강릉선거구	1
강릉숙박업소	1
강릉시대	1
강릉에	1
강릉에서	1
강릉여고	1
강릉출신	1
강릉컬링센터	1
강명구	1
강명구씨	1
강물은	1
강백호에	1
강백호와	1
강변도	1
강변테크노마트	1
강병현	1
강보합2보	1
강북	1
강북권	1
강사단	1
강서브로	1
강세1보	1
강세로	1
강세였던	1
강세장에	1
강소국이	1
강소특구	1
강소특구는	1
강소특구에	1
강수	1
강수량과	1
강수량의	1
강수진	1
강습	1
강습타구	1
강신욱	1
강아지와	1
강아지의	1
강안동	1
강압에	1
강압적	1
강에서	1
강연도	1
강연으로	1
강연중	1
강연회서	1
강온양면	1
강요가	1
강요당할	1
강요당해	1
강요된	1
강요받는	1
강용석	1
강우방	1
강원경제	1
강원경찰	1
강원과	1
강원기자상	1
강원농협	1
강원도에서	1
강원도에서부터	1
강원도와	1
강원미디어센터	1
강원민속예술축제	1
강원산간	1
강원산불로	1
강원상주전	1
강원소식	1
강원은	1
강원의	1
강원이	1
강원전	1
강원정보문화진흥원	1
강원지사	1
강으로	1
강익중의	1
강인욱의	1
강인하고	1
강자	1
강자를	1
강점은	1
강점종합	1
강정호도	1
강정호의	1
강정호최지만	1
강제노동	1
강제노동도	1
강제단전	1
강제로	1
강제로라도	1
강제매춘	1
강제소환	1
강제송환된	1
강제송환할	1
강제수사	1
강제수사종합	1
강제수용소	1
강제억류	1
강제이주	1
강제입대	1
강제제출	1
강제조사권	1
강제조치	1
강제진입	1
강제징병	1
강제징용판결후	1
강제철거	1
강제추방	1
강조는	1
강조하는	1
강조하면서	1
강조하면서도	1
강조한	1
강조할	1
강조해도	1
강조해야	1
강조했지만	1
강조후	1
강종합	1
강진때	1
강진에	1
강진청자축제	1
강철방패	1
강철보다	1
강추위로	1
강추위와	1
강탈사건	1
강탈하려고	1
강탈하지	1
강태공	1
강태공들	1
강팀	1
강팀이라고	1
강풍경보로	1
강풍까지	1
강풍동반	1
강풍주의보도	1
강풍특보	1
강하면	1
강하지	1
강한비	1
강한울	1
강합니다	1
강해져서	1
강해져요	1
강해졌나	1
강해종합	1
강해지	1
강해진다	1
강행군서	1
강행두고	1
강행속	1
강행종합3보	1
강행키로	1
강행태세속	1
강행하다	1
강행하면서도	1
강행한	1
강행할	1
강호들에	1
강호들의	1
강화가	1
강화길	1
강화냐	1
강화도	1
강화도조약	1
강화된다	1
강화땐	1
강화로	1
강화방안은	1
강화사업	1
강화사절단과	1
강화서	1
강화속보	1
강화안	1
강화위해	1
강화조치	1
강화종합2보	1
강화키로	1
강화하자	1
강화할것종합	1
강화해달라	1
강화해도	1
강효상	1
강효상에	1
강효상이	1
갖다주라	1
갖자는	1
갖지	1
갖출	1
갖춰	1
갖춰달라	1
갖춰야종합	1
갖춰진다면	1
같다종합	1
같아도	1
같아서	1
같으면	1
같은날	1
같은달	1
같은데요	1
같은색	1
갚겠다	1
갚고	1
갚기	1
갚나	1
갚아야	1
갚아줘	1
갚으려	1
갚을	1
개xx	1
개각론	1
개각발표	1
개각서	1
개각없다	1
개각은	1
개각종합	1
개관기념작	1
개관사	1
개관종합	1
개관하는	1
개관한	1
개교	1
개그맨	1
개기일식	1
개념부터	1
개념사	1
개념없는	1
개도	1
개도국과	1
개라도	1
개량형	1
개로	1
개막과	1
개막날	1
개막당일	1
개막무대	1
개막식서	1
개막식의	1
개막앞둔	1
개막엔트리	1
개막인사	1
개막종합2보	1
개막축제	1
개막한	1
개막한다면	1
개미들	1
개발계획	1
개발금지령	1
개발도구	1
개발목표	1
개발목표에	1
개발부담금	1
개발사가	1
개발시설	1
개발은행	1
개발의	1
개발이익환수	1
개발중인	1
개발지연	1
개발지원	1
개발착수	1
개발하고도	1
개발하청업체	1
개발한미	1
개발할	1
개발할것	1
개발해	1
개발해야	1
개발현장서	1
개방공간	1
개방과	1
개방성으로	1
개방으로	1
개방의지	1
개방종합	1
개방하고	1
개방해요	1
개방형으로	1
개방확대	1
개별면담	1
개별여행	1
개별여행으로	1
개봉에	1
개봉한	1
개빈	1
개선tf	1
개선계획서	1
개선과제	1
개선논의	1
개선대책	1
개선돼	1
개선됐다	1
개선되나	1
개선비핵화	1
개선에도	1
개선종합	1
개선한	1
개선한다종합	1
개선할	1
개선협상	1
개설고객	1
개설서	1
개설한다	1
개성공단기업에	1
개성공단서	1
개성공단에	1
개성공단으로	1
개성공단자금	1
개성넘치는	1
개성넘친	1
개성시	1
개성시에	1
개성으로	1
개소로	1
개소식에	1
개소후	1
개시2보	1
개시3보	1
개시부터	1
개시삼성sds	1
개시시간	1
개시종합3보	1
개시할	1
개신교	1
개신교의	1
개악	1
개와	1
개원기념식	1
개원연설	1
개원연설할	1
개원정국	1
개월의	1
개의속보	1
개의하는	1
개의했지만	1
개인고객	1
개인고객은	1
개인관광객	1
개인맞춤형	1
개인메일	1
개인미디어	1
개인방송도	1
개인별	1
개인보단	1
개인비리	1
개인비중	1
개인사업자에	1
개인소비	1
개인소비지출은	1
개인신용평가	1
개인위협	1
개인이	1
개인적으로	1
개인적으론	1
개인전세기	1
개인전으로	1
개인정보보호관리체계	1
개인정보유출	1
개인정보이용	1
개인정보체계	1
개인주의	1
개인택시	1
개인투자	1
개인투자자	1
개인형	1
개인화한다	1
개인회사로	1
개입내역	1
개입도	1
개입시	1
개입에	1
개입으로	1
개입하나	1
개입할	1
개입해	1
개장가	1
개장종합2보	1
개정돼야	1
개정돼야종합	1
개정될	1
개정엔	1
개정을	1
개정입법	1
개정전에	1
개정한	1
개정협상	1
개조	1
개조하려	1
개처럼	1
개척	1
개척자	1
개척하겠다	1
개척해야	1
개천서	1
개천에서	1
개최2보	1
개최3보	1
개최권	1
개최도시	1
개최되는	1
개최소식	1
개최속보	1
개최전망	1
개최종합3보	1
개최한	1
개최해야	1
개최했다	1
개최협약	1
개츠비	1
개탄	1
개탄스럽다	1
개통업무	1
개통자	1
개통종합	1
개통하면	1
개통하세요	1
개통해야	1
개편방안	1
개편서	1
개포2단지	1
개포주공2단지	1
개포주공3	1
개포주공3단지	1
개포지구	1
개표결과	1
개표방송	1
개표서	1
개표에	1
개헌과	1
개헌논의는	1
개헌론	1
개헌발언	1
개헌발의	1
개헌밥상	1
개헌보다	1
개헌브리핑	1
개헌연대	1
개헌열차	1
개헌위한	1
개헌으로	1
개헌의지	1
개헌전쟁	1
개헌준비	1
개헌투표	1
개헌특위도	1
개헌파	1
개헌판	1
개헌하면	1
개헌할	1
개헌해야종합	1
개헌화두	1
개헌후	1
개혁개방은	1
개혁도	1
개혁방안	1
개혁방향	1
개혁보수신당	1
개혁부터	1
개혁신당	1
개혁에	1
개혁에는	1
개혁완수	1
개혁의지	1
개혁이행	1
개혁입법연대	1
개혁저항에	1
개혁적	1
개혁전선	1
개혁절박	1
개혁진영은	1
개혁하자는	1
개회사2보	1
개회사3보	1
개회사종합	1
개회식에서	1
객관적	1
객실승무원	1
객실요금	1
객실점유율	1
객원	1
갤	1
갤a7	1
갤a9으로	1
갤s10보다	1
갤s11	1
갤s7의	1
갤s8보다	1
갤s8부터	1
갤s8서	1
갤s9도	1
갤s9보다	1
갤노트10과	1
갤노트10에	1
갤노트4	1
갤노트7보다	1
갤노트7사태에	1
갤노트7에	1
갤노트7의	1
갤노트8v30	1
갤노트8과	1
갤노트8는	1
갤노트8도	1
갤노트8으로	1
갤노트8의	1
갤노트8이	1
갤노트9과	1
갤노트9배그	1
갤러리북	1
갤러리아	1
갤러리아면세점63	1
갤러리아포레	1
갤러리현대	1
갤럭시a3	1
갤럭시a30	1
갤럭시a51	1
갤럭시a6	1
갤럭시a8s	1
갤럭시a90	1
갤럭시a9프로	1
갤럭시j3	1
갤럭시j4	1
갤럭시j5	1
갤럭시j6	1
갤럭시m으로	1
갤럭시on7	1
갤럭시s10과	1
갤럭시s10도	1
갤럭시s10에	1
갤럭시s10으로	1
갤럭시s11	1
갤럭시s7과	1
갤럭시s7보다	1
갤럭시s7엣지	1
갤럭시s8랑	1
갤럭시s8보다	1
갤럭시s8은	1
갤럭시s8의	1
갤럭시s8이	1
갤럭시s8플러스도	1
갤럭시s9과	1
갤럭시노트8에	1
갤럭시는	1
갤럭시북s	1
갤럭시스토어	1
갤럭시아sm과	1
갤럭시에	1
갤럭시와이드2	1
갤럭시워치로	1
갤럭시탭	1
갤럭시탭s3에	1
갤럭시폰서	1
갤럭시폴더2	1
갤로	1
갤탭s3	1
갤탭s3까지	1
갤탭s6	1
갬	1
갯벌도	1
갱	1
갱단	1
갱단이	1
갱도	1
갸우뚱	1
거국내각	1
거국내각부터	1
거국중립내각	1
거나	1
거냐	1
거닐고	1
거닐었던	1
거대기업	1
거대양당	1
거대운석	1
거둔	1
거둘	1
거둘까	1
거둬	1
거둬종합	1
거듭나	1
거듭난다	1
거듭종합	1
거듭할수록	1
거뜬	1
거라	1
거란	1
거래가	1
거래규모만	1
거래규제	1
거래는	1
거래단속	1
거래도	1
거래된	1
거래라던	1
거래로	1
거래봉쇄	1
거래세	1
거래소들	1
거래신고건수	1
거래업자	1
거래이자	1
거래재개	1
거래재개후	1
거래전문가	1
거래종목	1
거래종합	1
거래중단	1
거래중지	1
거래지수	1
거래처리	1
거래하는	1
거래하던	1
거로	1
거론됐던	1
거론되나종합	1
거론된	1
거론안해종합	1
거론종합2보	1
거론하나	1
거른다	1
거를	1
거리가	1
거리두고	1
거리둔	1
거리로종합	1
거리선	1
거리에	1
거리엔	1
거리예술	1
거리유세	1
거리유세로	1
거리종합	1
거리청소	1
거리행진종합	1
거만	1
거명	1
거목을	1
거물	1
거물급	1
거물도	1
거미	1
거버넌스	1
거부감	1
거부는	1
거부당해	1
거부당해종합	1
거부돼	1
거부되면	1
거부반응으로	1
거부속보	1
거부시	1
거부하고	1
거부하는	1
거부하지	1
거부한다	1
거부할	1
거부해선	1
거부해야	1
거북선	1
거북선축제도	1
거북이성장	1
거세져	1
거세진	1
거셀	1
거셀듯	1
거셌다	1
거소	1
거소투표	1
거스르지	1
거슬러	1
거슬러선	1
거슬리지	1
거시기	1
거실매트	1
거울까지	1
거울의	1
거인은	1
거장136년	1
거장급	1
거장들의	1
거장들이	1
거절당한	1
거절당한다종합	1
거절종합	1
거절해	1
거점서	1
거점종합	1
거점항만으로	1
거점화	1
거제경제	1
거제서	1
거죠	1
거주권	1
거주자	1
거주지서	1
거주지역서	1
거주해야	1
거지	1
거짓말인	1
거짓말쟁이라는	1
거짓말종합2보	1
거짓말하면	1
거짓브리핑	1
거짓의	1
거짓자백	1
거짓종합	1
거창	1
거창하지만	1
거쳐야	1
거치고	1
거치며	1
거칠게	1
거포군	1
거포는	1
거포들	1
거행종합2보	1
거행하는	1
걱정되고	1
걱정된다	1
걱정마	1
걱정마시라	1
걱정없다	1
걱정없이	1
걱정은	1
걱정이	1
걱정인	1
걱정종합	1
걱정하는	1
걱정하지	1
걱정한다면	1
걱정했었다	1
건강검진	1
건강검진결과	1
건강검진결과를	1
건강격차	1
건강기능식품	1
건강문제로	1
건강보험료	1
건강상	1
건강상식	1
건강상태는	1
건강위협론	1
건강이상개탄할	1
건강이상설	1
건강이슈	1
건강제품	1
건강진단서	1
건강하고	1
건강하다는	1
건강하면	1
건강할	1
건강해	1
건강해져요종합	1
건건이	1
건국70돌	1
건국70주년	1
건국도	1
건국론은	1
건국언론인상에	1
건국한	1
건군	1
건너가	1
건너가나	1
건너간	1
건너길	1
건너는	1
건너다	1
건너뛸	1
건너볼	1
건네	1
건넨	1
건드리면	1
건들락	1
건립안	1
건립연대는	1
건물내	1
건물로	1
건물붕괴	1
건물붕괴로	1
건물서	1
건물에	1
건물에서	1
건물이	1
건물짓기	1
건배만찬종합	1
건설기술연구원에	1
건설기업	1
건설노동	1
건설노동자	1
건설노동자들이	1
건설된	1
건설로	1
건설분야	1
건설비리	1
건설사들	1
건설사들이	1
건설사에	1
건설산업	1
건설수주	1
건설시도	1
건설업계	1
건설업에	1
건설업체	1
건설엔지니어링	1
건설은	1
건설인	1
건설자금	1
건설적이었다	1
건설종합	1
건설중지	1
건설투자	1
건설할	1
건설해	1
건설협회	1
건실한데	1
건의사항	1
건의속보	1
건의에	1
건재한	1
건재할	1
건전발전	1
건전한	1
건조경보	1
건조기	1
건조기술	1
건조중	1
건조해	1
건축가협회	1
건축공간	1
건축상	1
건축설계	1
건축의	1
건축인	1
건축인생	1
건축자재로	1
건축학	1
걷기는	1
걷기로	1
걷기여행길	1
걷기여행자	1
걷기왕	1
걷기의	1
걷기체험	1
걷던	1
걷어	1
걷어내나	1
걷어야	1
걷어치워야	1
걷혀도	1
걷힌	1
걷힐것	1
걸기도	1
걸까	1
걸던	1
걸러	1
걸러낼	1
걸러야	1
걸리면	1
걸릴까	1
걸림돌은	1
걸림돌종합	1
걸어갈	1
걸어라	1
걸어보세요	1
걸어보셨나요	1
걸어온	1
걸으면	1
걸을까	1
걸음마	1
걸음마종합	1
걸작들	1
걸지	1
걸프국가	1
걸프국가와	1
걸프의	1
걸프해	1
걸프해역	1
검거작전	1
검거종합	1
검거하는	1
검게	1
검문소	1
검사까지	1
검사도	1
검사받는다	1
검사받지	1
검사법	1
검색광고도	1
검색량	1
검색알고리즘	1
검색어에	1
검색으로	1
검색창만	1
검색창에	1
검색탭	1
검색하면	1
검암역	1
검암역에서	1
검역	1
검역망	1
검열하라	1
검은사슴은	1
검은셔츠	1
검은연기로	1
검의	1
검정결과에	1
검정옷	1
검증가능	1
검증기구	1
검증되지	1
검증사업	1
검증에서	1
검증위원회	1
검증절차	1
검찰고발	1
검찰도	1
검찰송치	1
검찰수사	1
검찰유착	1
검찰의	1
검찰이	1
검찰조사	1
검찰총장과	1
검찰총장이	1
검출기서	1
검출된	1
검출장치	1
검출하는	1
검출한다	1
검침	1
검침용역	1
검토2보	1
검토미	1
검토설	1
검토안해종합2보	1
검토자료	1
검토중이지만	1
검토중종합	1
검토하겠다	1
검토할까	1
검토할만한	1
검토해달라종합	1
검토해야종합	1
검표하는	1
겁	1
겁내	1
겁내는	1
겁낸	1
겁박용으로	1
겁없는	1
것3보	1
것같아	1
것건산연	1
것들에	1
것리얼미터	1
것만으로도	1
것뿐이었다	1
것에	1
것의	1
것이다	1
것전문가	1
겉으로	1
겉은	1
게놈시대	1
게놈지도	1
게리	1
게시종합	1
게시판유안타증권	1
게시판인터넷신문위원회	1
게양됐던	1
게양식	1
게양을	1
게양한	1
게오르기에바	1
게으르게	1
게으르다는	1
게으른	1
게이고의	1
게이머까지	1
게이츠보다	1
게이츠에	1
게이트는	1
게이트로	1
게임개발사	1
게임매출	1
게임머니	1
게임문화	1
게임물	1
게임방	1
게임방송인	1
게임보다	1
게임사냥	1
게임사업	1
게임사업총괄	1
게임산업협회	1
게임서버엔진	1
게임앱	1
게임업계	1
게임에	1
게임의	1
게임이	1
게임장소서	1
게임중독	1
게임즈	1
게임질병코드	1
게임탭	1
게임팬	1
게임포털	1
게임플랫폼	1
게임하는	1
게임허브	1
겐트	1
겐트전서	1
겨냥종합2보	1
겨냥하거나	1
겨냥할	1
겨냥했나	1
겨냥했다	1
겨누는	1
겨레에	1
겨레의	1
겨루는	1
겨룬다	1
겨룬다종합	1
겨울과	1
겨울문화페스티벌	1
겨울바다에	1
겨울방학에다	1
겨울산행	1
겨울숲	1
겨울에도	1
겨울은	1
겨울음악회	1
겨울잠에서	1
겨울철	1
겨울추위	1
겨울축제의	1
겨울축제장	1
겨울폭풍에	1
겨자	1
격	1
격노	1
격노종합	1
격랑속으로종합	1
격랑의	1
격려사	1
격려오찬	1
격려와	1
격려종합	1
격렬한	1
격렬했던	1
격론끝	1
격론일듯	1
격론종합	1
격리치료	1
격리환자	1
격변에도	1
격분	1
격분한	1
격전지강원	1
격전지로	1
격차는	1
격차리얼미터	1
격차문제	1
격차에도	1
격차해소	1
격추돼	1
격추용	1
격추종합2보	1
격추하겠다	1
격추한다	1
격추했다	1
격퇴전	1
격퇴하려면	1
격투기	1
격투기종합	1
격파한	1
격화냐	1
격화되나	1
격화되는	1
격화로	1
격화하는	1
겪고	1
겪나	1
겪는	1
견고한	1
견고해졌다	1
견뎌낼	1
견뎠다	1
견디고	1
견딘	1
견인2보	1
견인건수	1
견인되는	1
견인이	1
견인한	1
견인할까	1
견인해야	1
견제가	1
견제권력	1
견제냐	1
견제받는	1
견제에	1
견제에도	1
견제하고	1
견제하나	1
견제하라	1
견조	1
견주부터	1
견줄만	1
견지종합2보	1
견지해야	1
견학만	1
견학하는	1
결과가	1
결과로	1
결과를	1
결과물	1
결과물인듯	1
결과왜곡	1
결국은	1
결단이	1
결단종합	1
결단코	1
결단하나	1
결단할까	1
결단해야	1
결렬엔	1
결렬종합	1
결론날	1
결론에	1
결론에도	1
결론종합3보	1
결말은	1
결말의	1
결백하다	1
결번	1
결별설	1
결별한	1
결별해야	1
결산보고	1
결산심사소위	1
결선서	1
결선에	1
결선진출	1
결선투표제	1
결선투표종합	1
결선투표해야	1
결선투표행	1
결속도	1
결승2루타	1
결승까지	1
결승은	1
결승점에	1
결승진출	1
결승타까지	1
결승타로	1
결승타쐐기	1
결승타점	1
결승행종합	1
결실의	1
결심에	1
결심해야	1
결의식	1
결의안을	1
결의전	1
결의종합	1
결의지지	1
결의채택	1
결장종합	1
결장한	1
결장할	1
결전지	1
결정구조	1
결정권	1
결정권종합	1
결정기준안에	1
결정돼도	1
결정되면	1
결정된다	1
결정될	1
결정력	1
결정력에도	1
결정속보	1
결정안돼	1
결정연기에	1
결정으로	1
결정적인	1
결정판	1
결정하겠다	1
결정하든	1
결정하면	1
결정하지	1
결정한	1
결정한다	1
결정할듯	1
결정해야종합	1
결제고객에	1
결제까지	1
결제된다	1
결제망	1
결제수단	1
결제수수료	1
결제시스템	1
결제업체	1
결제하면	1
결집나설것	1
결집에	1
결집용	1
결집해	1
결집해달라종합	1
결판낼까종합	1
결핍	1
결함논란	1
결함보완	1
결함에	1
결함으로	1
결합기술	1
결합시장	1
결항종합2보	1
결핵약	1
결핵예방	1
결혼과	1
결혼생활	1
결혼식도	1
결혼을	1
결혼종합	1
결혼하면	1
결혼한	1
결혼해도	1
겸손한	1
겸임	1
겸임하는	1
겸직종합2보	1
겸한	1
겸허한	1
겸허히	1
겹경사	1
겹경사에	1
겹치는	1
겹치며	1
경감	1
경계가	1
경계구분	1
경계레벨	1
경계를	1
경계못하고	1
경계선	1
경계선이	1
경계성	1
경계심에	1
경계심종합	1
경계조정	1
경계하라	1
경계하면서도	1
경계할	1
경계했더니	1
경고누적	1
경고도	1
경고로이터	1
경고메시지	1
경고불구	1
경고사격	1
경고신호로	1
경고신호종합	1
경고음	1
경고조치	1
경고종합3보	1
경고한	1
경고한다	1
경고했어야	1
경과	1
경관은	1
경교장	1
경기2천	1
경기가	1
경기감각	1
경기광주시	1
경기권	1
경기도가	1
경기도내	1
경기도챌린지리그	1
경기동부	1
경기둔화에도	1
경기라는	1
경기력으론	1
경기력은	1
경기력을	1
경기력향상위	1
경기만	1
경기민요	1
경기방송	1
경기방송한국일보	1
경기보단	1
경기부	1
경기부양책	1
경기부양책에	1
경기부양한다는	1
경기부진	1
경기북부경찰	1
경기북부권	1
경기북부로	1
경기선행	1
경기시청자미디어센터	1
경기악화시	1
경기운영본부장에	1
경기위원이	1
경기위축	1
경기장에	1
경기전망	1
경기정점	1
경기조작	1
경기종합	1
경기지만	1
경기지역	1
경기침체로	1
경기침체속	1
경기콘텐츠진흥원과	1
경기판단	1
경기하겠다	1
경기하방압력	1
경기회복해도	1
경남경찰	1
경남내륙	1
경남도	1
경남도경남fc	1
경남도지사	1
경남수원	1
경남여행	1
경남으로	1
경남은	1
경남지역	1
경남해안	1
경남혁신센터	1
경내진입	1
경도	1
경량화	1
경력	1
경력사원	1
경력에	1
경륜	1
경륜의	1
경매나왔다	1
경매물품	1
경매사	1
경매시장	1
경매시장까지	1
경매시장도	1
경매시장서	1
경매업체에	1
경매종합	1
경매회사	1
경미선	1
경보2보	1
경보에	1
경보제약	1
경보지역	1
경복궁서	1
경복궁옆	1
경복궁을	1
경북관광	1
경북교통방송	1
경북내륙	1
경북대학교서	1
경북도당	1
경북도지사	1
경북도청	1
경북서	1
경북소식	1
경북엔	1
경북은	1
경북지사	1
경북지역혁신협	1
경비노동자	1
경비원	1
경비원으로	1
경비초소	1
경비함정	1
경사	1
경산성	1
경상감영	1
경상남북	1
경상대	1
경상보조금	1
경상지명연구	1
경상회계장부	1
경색된	1
경선가점	1
경선구도	1
경선도	1
경선방식	1
경선시기에	1
경선에	1
경선으로	1
경선참여	1
경선캠프	1
경선하라	1
경선후보	1
경선후보도	1
경선후유증	1
경성의	1
경신3보	1
경신속보	1
경신종합2보	1
경신할	1
경신할까종합	1
경악	1
경연서	1
경영계획	1
경영구상에	1
경영난에	1
경영대상서	1
경영백서로	1
경영복귀	1
경영본부장	1
경영비리	1
경영승계	1
경영실적	1
경영안전자금	1
경영에	1
경영위기	1
경영을	1
경영자문	1
경영전략워크숍	1
경영정상화종합	1
경영진과	1
경영참여	1
경영참여형	1
경영체계	1
경영하겠다종합	1
경영하겠다종합2보	1
경영협약	1
경우도	1
경우에도	1
경우엔	1
경위조사	1
경유값	1
경유차	1
경의선책거리서	1
경이	1
경이로움	1
경이적	1
경인고속도로서	1
경인선	1
경자년	1
경자님께	1
경쟁과열	1
경쟁구도	1
경쟁국	1
경쟁국가	1
경쟁국은	1
경쟁력에	1
경쟁력은	1
경쟁법	1
경쟁사보다	1
경쟁상대	1
경쟁속	1
경쟁시킬	1
경쟁열풍	1
경쟁의	1
경쟁자가	1
경쟁자들과	1
경쟁작이	1
경쟁체제로	1
경쟁평가	1
경쟁하는	1
경쟁하자	1
경쟁하자종합	1
경쟁후보	1
경전으로	1
경전의	1
경전철역서	1
경제강국의	1
경제개발구	1
경제개발펀드로	1
경제개혁안	1
경제개혁연대	1
경제검찰	1
경제계획	1
경제공동위	1
경제공약	1
경제관료	1
경제교류	1
경제교류회	1
경제교육	1
경제구상	1
경제구조	1
경제기술개발구	1
경제네트워크	1
경제노선	1
경제단체	1
경제대국	1
경제대통령	1
경제대화	1
경제로	1
경제를	1
경제민주주의	1
경제민주화는	1
경제발전전략서	1
경제법	1
경제보복에	1
경제부	1
경제부분	1
경제부총리를	1
경제부총리와	1
경제부흥	1
경제불안	1
경제비용	1
경제사령탑	1
경제살리기	1
경제상황인식	1
경제선대위체제로	1
경제수석과	1
경제스파이와	1
경제실정	1
경제심판론	1
경제안정	1
경제에도	1
경제엔	1
경제여건	1
경제연합위원회	1
경제영역서	1
경제영토	1
경제우선	1
경제위기는	1
경제위원장	1
경제위축	1
경제위한	1
경제위해	1
경제이슈는	1
경제이야기	1
경제인대회	1
경제인포럼	1
경제입법	1
경제자유구역	1
경제자유구역을	1
경제점검	1
경제정책도	1
경제제재가	1
경제제재에	1
경제제재해야종합	1
경제지평	1
경제지표	1
경제철학	1
경제청문회	1
경제체질	1
경제충격	1
경제침략에	1
경제타격	1
경제통로	1
경제투톱	1
경제파탄에	1
경제플랜	1
경제학의	1
경제학자가	1
경제학자도	1
경제해결책	1
경제해방	1
경제핵	1
경제행보라	1
경제협력박차	1
경제협력위	1
경제협력협의체	1
경제환경	1
경제활성화법	1
경제효과	1
경주강진	1
경주국립공원	1
경주문화재연구소	1
경주박물관	1
경주박물관장	1
경주시	1
경주시민축구단	1
경주시와	1
경주의	1
경질도	1
경질론에	1
경질은	1
경질하라	1
경질할	1
경징계	1
경징계에	1
경찰본부	1
경찰분야	1
경찰서서	1
경찰서에서	1
경찰서장	1
경찰수사	1
경찰야구단	1
경찰이	1
경찰이첩	1
경찰정보로	1
경찰조사	1
경찰진압	1
경찰청한국심리학회	1
경찰초소	1
경찰출석	1
경찰폭력	1
경찰피격	1
경청모드	1
경청하고	1
경청하랬더니	1
경청해	1
경축사	1
경축사는	1
경축사서	1
경축식	1
경축행사	1
경축행사에	1
경쾌한	1
경트럭	1
경포해변	1
경포해변으로	1
경포해수욕장서	1
경포해수욕장의	1
경품으로	1
경합주서도	1
경합주에서	1
경합지역	1
경합했나	1
경향신문	1
경험률	1
경험서	1
경험에서	1
경험자를	1
경험해	1
경험해보세요	1
경험했다	1
경협보험금	1
경협사업	1
경협주	1
경협확대	1
경호권	1
경호는	1
경호원과의	1
경호원들에	1
경호차장	1
경호처	1
경희	1
경희대에	1
경희대와	1
곁들인	1
곁에	1
곁에서	1
계	1
계가정확도	1
계곡에서	1
계급도시	1
계기되나	1
계기속보	1
계기종합	1
계보는	1
계보를	1
계산과학	1
계산에서	1
계산으로	1
계산은	1
계산이	1
계산해보세요	1
계속12일	1
계속1일	1
계속돼야	1
계속되나종합	1
계속하고	1
계속하나	1
계속한다	1
계속한다종합	1
계승	1
계승종합	1
계승종합4보	1
계승할	1
계승해야	1
계약갱신	1
계약과	1
계약금은	1
계약기간	1
계약만료	1
계약보다	1
계약식	1
계약실적	1
계약연장	1
계약으로	1
계약잔고	1
계약취소	1
계약하고파	1
계약하자	1
계약해지	1
계엄문건의	1
계엄시	1
계엄포고	1
계절과	1
계절빅데이터	1
계절이	1
계정정보	1
계좌에	1
계좌이체	1
계좌정보	1
계좌추적	1
계촌5리	1
계촌마을의	1
계파간	1
계파갈등	1
계파별	1
계파정치	1
계파주의	1
계파청산할	1
계획3보	1
계획대로	1
계획도	1
계획도시	1
계획된	1
계획보다	1
계획서	1
계획은	1
계획의	1
계획종합	1
계획했었다	1
고3	1
고3생에	1
고가매입	1
고가아파트	1
고가요금제로	1
고가화	1
고각사격	1
고갈	1
고갈도	1
고갈돼	1
고갈돼종합	1
고갈된	1
고개드는	1
고개든	1
고개를	1
고객가치	1
고객가치혁신2	1
고객관리시스템	1
고객님	1
고객들	1
고객뺏기	1
고객사은	1
고객상담	1
고객서비스	1
고객수익률	1
고객에게도	1
고객에도	1
고객영향	1
고객용	1
고객의	1
고객이면	1
고객전용	1
고객정보도	1
고객중심	1
고객지지	1
고객채널	1
고객철회제	1
고객피해	1
고고도	1
고고한	1
고공	1
고공비행	1
고공행진종합	1
고관절	1
고광헌	1
고광헌씨	1
고교무상화	1
고교생도	1
고교생들이	1
고교생백일장	1
고교생피격에	1
고교시절	1
고교야구	1
고교야구팀	1
고교에	1
고구려인의	1
고국	1
고국으로	1
고군분투한	1
고궁박물관서	1
고금리상품으로	1
고급	1
고급스러워진	1
고급시계	1
고급일자리	1
고급정보	1
고급주택	1
고급중고차	1
고급호텔	1
고급화가	1
고기를	1
고꾸라진	1
고난의	1
고농축	1
고는	1
고단한	1
고대무덤	1
고대부터	1
고대사	1
고대종합	1
고대종합2보	1
고대하는	1
고도	1
고도의	1
고된	1
고드름축제	1
고드름축제에	1
고등과학원	1
고등법원	1
고등학생	1
고래문화	1
고래뼈	1
고려대멕시코	1
고려대상	1
고려대생	1
고려대에	1
고려대에서	1
고려대중앙대	1
고려돼야	1
고려사회	1
고려신용정보	1
고려인연합회	1
고려인연합회장에게	1
고려인의	1
고려하는	1
고려하면	1
고려한	1
고려한듯	1
고려할	1
고려해야종합	1
고령가	1
고령사회	1
고령에	1
고령운전자	1
고령자가구	1
고령층비고령층	1
고르게	1
고르겠다	1
고르며	1
고른다면	1
고를까	1
고를까종합	1
고리들	1
고립과	1
고립도종합	1
고립돌파	1
고립되는	1
고립되지	1
고립된	1
고립시켜선	1
고립이	1
고립종합	1
고립주의와	1
고립탈피	1
고마운	1
고마웠습니다	1
고만고만	1
고맙습니다	1
고메위크	1
고무밴드	1
고무적종합	1
고문당하고	1
고문보다	1
고문하기	1
고민도종합	1
고민부터	1
고민은	1
고민이다	1
고민중	1
고민하게	1
고민해야	1
고바우	1
고발당해	1
고발방송	1
고발엔	1
고발전	1
고발하는	1
고발한	1
고발해야	1
고배	1
고배당	1
고배당주	1
고부가	1
고부가가치	1
고부담	1
고분양가의	1
고브	1
고비용	1
고삐죈다	1
고사로	1
고사양	1
고산을	1
고상지	1
고생많다종합	1
고생하고	1
고성능차	1
고성삿대질몸싸움속	1
고성으로	1
고성장세	1
고성중공업	1
고소득가구	1
고소장	1
고소함이	1
고속도로가	1
고속도로서	1
고속버스	1
고속버스전용차로	1
고속버스터미널	1
고속선	1
고속열차	1
고속작동	1
고속회선	1
고수종합	1
고수한	1
고수할	1
고스트워크	1
고시종합	1
고실업으로	1
고심하나	1
고안할	1
고압적	1
고양소식	1
고양시민과	1
고양시장컵	1
고양을	1
고양이가	1
고양이에	1
고양이에게	1
고영표	1
고예림도	1
고예림만	1
고온에	1
고온현상으로	1
고요	1
고요와	1
고용관계	1
고용금지	1
고용기업	1
고용도	1
고용동향	1
고용률에	1
고용문제	1
고용보장	1
고용부진	1
고용산업위기지역	1
고용쇼크	1
고용수준	1
고용악화	1
고용악화에	1
고용에	1
고용여건	1
고용위기는	1
고용의	1
고용장관	1
고용장관과	1
고용정책	1
고용존에서	1
고용증감	1
고용하고	1
고용해야	1
고용확대	1
고우나	1
고운세상코스메틱	1
고원	1
고원도시	1
고원도시의	1
고위간부	1
고위관료	1
고위관리	1
고위급대표단과	1
고위급대표단에	1
고위급회담도	1
고위급회담에	1
고위당국자	1
고위당정청회의	1
고위대표단	1
고위인사들	1
고위층서	1
고위험	1
고유	1
고유가로	1
고유례로	1
고유문화	1
고유민	1
고유정	1
고은과	1
고을	1
고음악	1
고의볼넷	1
고의성	1
고이즈미	1
고전과	1
고전극장	1
고전도	1
고전에	1
고전을	1
고전이	1
고전종합	1
고전해석까지	1
고정금리	1
고정금리용	1
고정밀	1
고정종합	1
고정형	1
고조된	1
고조종합2보	1
고조종합3보	1
고졸신인	1
고졸출신	1
고종욱	1
고즈넉하고	1
고지대	1
고지대는	1
고지도를	1
고지도에	1
고지로	1
고지서	1
고지없어	1
고지하고	1
고집적회로	1
고찰한	1
고참의	1
고참이	1
고척돔	1
고척서	1
고체추진	1
고추를	1
고출력	1
고치기에	1
고치자	1
고친	1
고친다는	1
고칠레오	1
고침문화수어영상	1
고택과	1
고택의	1
고통스러운	1
고통스러워하는	1
고통스럽지만	1
고통에서	1
고통은	1
고품질이어도	1
고품질투자	1
고프로	1
고향으로	1
고향의	1
고향팀	1
고혈압	1
고화질로	1
고흐는	1
고흐와	1
고흐의	1
고흥서	1
고흥항공센터서	1
곡성세계장미축제	1
곡소리	1
곡소리만	1
곡식	1
곡해	1
곤경	1
곤경의	1
곤란	1
곤란이라며	1
곤파스부터	1
곤혹종합2보	1
곧된다는	1
곧장	1
골고루	1
골골	1
골닷컴	1
골대가	1
골대는	1
골대에	1
골드만삭스에	1
골드만삭스의	1
골드파크	1
골드퍼시픽	1
골득실	1
골든글러브만	1
골든레이호	1
골든벨	1
골든보이상	1
골든볼	1
골든브릿지	1
골든센츄리	1
골든스테이트휴스턴	1
골든에이지	1
골든크로스	1
골디에	1
골라가세요	1
골라드려요	1
골라서	1
골라쓰는	1
골라주네	1
골라주는	1
골라주는걸까	1
골란고원에	1
골란고원은	1
골로서	1
골목길	1
골목놀이	1
골목콘서트	1
골목형	1
골몰종합	1
골무효를	1
골에도	1
골잡이서	1
골절수술	1
골종합	1
골침묵	1
골키	1
골키퍼가	1
골키퍼는	1
골텐딩	1
골프금지	1
골프대전	1
골프대회	1
골프리조트	1
골프엑스포서	1
골프웨어	1
골프존네트웍스	1
골프존카운티	1
골프종합	1
골프중계	1
골프회동	1
곰	1
곰이가	1
곰탕	1
곱게	1
곳곳이	1
곳까지	1
곳보단	1
곳서	1
곳에서도	1
곳에선	1
곳을	1
곳종합	1
공간감	1
공간과	1
공간배치도	1
공간뿐	1
공간서	1
공간에서	1
공간의	1
공간이죠	1
공갈	1
공갈미수	1
공감격차가	1
공감대이자	1
공감종합	1
공감하면서도	1
공감할	1
공감형	1
공개검증	1
공개검증해야	1
공개까지	1
공개꺼리는	1
공개논란	1
공개되는	1
공개된다	1
공개될	1
공개매수	1
공개매수에	1
공개모집	1
공개모집이라니	1
공개못해	1
공개보좌	1
공개사과하기로	1
공개사퇴	1
공개서한종합	1
공개선발	1
공개선언	1
공개선언종합	1
공개설명회	1
공개에	1
공개자료	1
공개작업	1
공개조사	1
공개종합2보	1
공개지지	1
공개처형	1
공개키로	1
공개토론서	1
공개포럼	1
공개하기도	1
공개하기로	1
공개하기로종합	1
공개하라종합	1
공개하며	1
공개하자	1
공개하진	1
공개해라종합	1
공격기회	1
공격대상	1
공격득점	1
공격목표	1
공격받았다	1
공격받으면	1
공격배구	1
공격범	1
공격보다	1
공격본능까지	1
공격설은	1
공격옵션	1
공격을	1
공격점유율	1
공격종합2보	1
공격종합3보	1
공격지시	1
공격지시에	1
공격포인트는	1
공격하겠다	1
공격한다	1
공격한다면	1
공격할	1
공격해온	1
공격했다는	1
공격후	1
공고로	1
공고발전	1
공고종합	1
공고화	1
공공sw사업	1
공공가치	1
공공경보	1
공공공사	1
공공구매	1
공공극장으로	1
공공극장의	1
공공근로자	1
공공기관과	1
공공기관용	1
공공데이터	1
공공도서관서	1
공공디자인	1
공공디자인포럼	1
공공보건	1
공공부동산	1
공공부채에도	1
공공상생연대기금	1
공공서비스와	1
공공영역	1
공공와이파이	1
공공운수노조	1
공공의	1
공공일자리사업	1
공공임대아파트	1
공공입찰	1
공공자산	1
공공자전거	1
공공장소에서	1
공공적	1
공공주택지구내	1
공공지원민간임대	1
공공행사	1
공공혁신	1
공과	1
공과대학과	1
공과로	1
공관부사관으로	1
공관에	1
공군1호기	1
공군기지피습에	1
공군도	1
공군은	1
공금유용	1
공금횡령	1
공급가격	1
공급되는	1
공급될	1
공급망	1
공급부족	1
공급사로	1
공급종합	1
공급증가	1
공급차질	1
공급충격	1
공급한다종합	1
공급해야	1
공기관	1
공기관리	1
공기관이	1
공기정화기	1
공기중	1
공기중에	1
공기청정	1
공대혁신	1
공동1위	1
공동개발로	1
공동개시	1
공동규제	1
공동규탄대회	1
공동기술개발	1
공동노력	1
공동마케팅	1
공동모금	1
공동번영	1
공동번영에도	1
공동번영으로	1
공동보도	1
공동브랜드	1
공동사업제품	1
공동생산할	1
공동선대위원장	1
공동센터	1
공동식수	1
공동연구법인	1
공동연구팀	1
공동연락사무소	1
공동운영	1
공동운항	1
공동유치	1
공동유해발굴속보	1
공동응원	1
공동의	1
공동입장하는	1
공동작전	1
공동전선에	1
공동전선종합	1
공동전시	1
공동점검	1
공동주최	1
공동진출	1
공동진출종합	1
공동창업	1
공동체라고	1
공동체의식	1
공동취재로	1
공동토론회	1
공동파업	1
공동편집	1
공동행보	1
공동협의체	1
공동활용	1
공동활용해야	1
공동훈련	1
공들여	1
공략하기가	1
공략할	1
공략해야	1
공로로	1
공로패	1
공론화종합	1
공론화해	1
공룡들	1
공룡멸종	1
공룡선거구	1
공룡은	1
공룡특별전	1
공룡화석	1
공립유치원	1
공립초등학교서	1
공립학교들	1
공립학교에	1
공매정보	1
공명정대한	1
공모가도	1
공모규모	1
공모는	1
공모전서	1
공모전에	1
공모종합	1
공모하겠다	1
공모한	1
공무원과	1
공무원노동조합	1
공무원들이	1
공무원에게	1
공무원연금공단	1
공무직노조	1
공무집행방해로	1
공방속	1
공방전	1
공방종합2보	1
공백에	1
공백에도	1
공범론	1
공범인정	1
공보기준	1
공부도	1
공부머리	1
공부벌레	1
공부법	1
공부에	1
공부폰	1
공부하고	1
공부하는	1
공부한다	1
공부할	1
공부해요	1
공분	1
공사가	1
공사계약	1
공사구분	1
공사기간	1
공사로	1
공사업체	1
공사에	1
공사장서	1
공사중지	1
공사현장서	1
공산당도	1
공산당원	1
공산당은	1
공산당을	1
공산독재국가	1
공생의	1
공석된	1
공석사태	1
공소	1
공소들	1
공소시효	1
공습강화에도	1
공습받아	1
공습종합	1
공습종합2보	1
공습종합3보	1
공습한	1
공습해	1
공시가격도	1
공시가는	1
공시사항	1
공시에	1
공시위반	1
공시지가의	1
공시해야	1
공식교육	1
공식기념곡	1
공식논평	1
공식발표종합	1
공식방송	1
공식부인	1
공식사과종합	1
공식서류에	1
공식신장	1
공식언급	1
공식오찬에	1
공식온라인몰	1
공식요청종합	1
공식의견	1
공식일정	1
공식임명	1
공식재개	1
공식종말	1
공식트윗으로	1
공식판단	1
공식판매	1
공식표명	1
공식화속보	1
공식환영식	1
공식환영식장	1
공식환영식장으로	1
공식활동	1
공식후보	1
공실률	1
공안과	1
공안부	1
공안부장	1
공안에	1
공안청과	1
공안탄압	1
공약은	1
공약책임제	1
공약한	1
공여국	1
공여국장	1
공연관람권	1
공연관람에	1
공연단원	1
공연도	1
공연방해	1
공연비	1
공연시작	1
공연시장	1
공연예술가들	1
공연을	1
공연장에도	1
공연취소	1
공연하던	1
공연홍보	1
공영방송발전포럼	1
공영성	1
공예문화산업	1
공예클러스터	1
공예트렌드페어	1
공용	1
공원으로	1
공원의	1
공유도	1
공유망	1
공유서비스	1
공유오피스	1
공유재산	1
공유전기차	1
공유플랫폼	1
공유하면	1
공유하세요	1
공유한다	1
공유해	1
공익	1
공익광고로	1
공익신고자	1
공익요원	1
공익캠페인	1
공인구보다	1
공인구의	1
공인중개사	1
공인중개사도	1
공인중개사의	1
공자와	1
공작사건	1
공작소	1
공작에	1
공작원	1
공작정치	1
공장도	1
공장들	1
공장신설	1
공장지대서	1
공장폭발사고	1
공적개발원조	1
공적자금	1
공적책임	1
공전시킬	1
공정거래법	1
공정거래위원장	1
공정거래협약	1
공정경제는	1
공정관리	1
공정기술	1
공정기회	1
공정노동시장	1
공정사회	1
공정선거	1
공정수사청	1
공정수사특위	1
공정시장가액비율	1
공정에	1
공정위까지	1
공정위와	1
공정위의	1
공정하고	1
공정하지	1
공정한가	1
공정해야	1
공제요건	1
공조강화해야	1
공조강화해야종합	1
공조견인	1
공조과시	1
공조외교	1
공조해	1
공조확인	1
공존과	1
공존하는	1
공주에	1
공중	1
공중강습훈련	1
공중서	1
공중서도	1
공중쇼	1
공중전화	1
공중파	1
공중폭발로	1
공중폭발한듯	1
공지영엔	1
공직	1
공직사회가	1
공직선거정책토론회	1
공직선거후보자	1
공직자에	1
공직자와	1
공직자윤리법	1
공짜라더니	1
공짜를	1
공짜망	1
공짜사용	1
공짜여행	1
공짜점심에	1
공짜평화	1
공채에	1
공처럼	1
공천내전	1
공천레이스	1
공천면접심사	1
공천배제	1
공천심사때	1
공천않겠다	1
공천여부	1
공천작업	1
공천장	1
공천장종합	1
공천탈락	1
공천헌금	1
공천혁명	1
공통의	1
공통점이	1
공통화두는	1
공판부	1
공평하게	1
공평한	1
공포기억	1
공포로	1
공포심리에	1
공포안	1
공포여부	1
공포정치로	1
공포종합	1
공포통치	1
공학	1
공학과	1
공학소녀시대	1
공학연구팀에	1
공항엔	1
공항의	1
공항직원	1
공해상	1
공해상서	1
공허한	1
공헌	1
공헌도는	1
공화국기	1
공화당서	1
공화당서도	1
공화당에	1
공화당원	1
공화당은	1
공화당이	1
공화당전국위원회	1
공화도	1
공화반발	1
공화에	1
공화유권자	1
공화주류트럼프	1
공화지지층도	1
공휴일	1
과감하게	1
과거가	1
과거로부터의	1
과거방식	1
과거보다	1
과거사를	1
과거사위	1
과거에	1
과거에도	1
과거와	1
과거의	1
과거지향	1
과거청산	1
과격	1
과격단체	1
과격시위자	1
과격팬	1
과기1차관	1
과기기본계획	1
과기부로	1
과기부블록체인	1
과기부산업부	1
과기부정보통신기획평가원	1
과기원	1
과기위성	1
과기인공제회	1
과기인단체	1
과기장관은	1
과기정통부gsma	1
과기정통부로	1
과기정통부방통위	1
과기정통부신성철	1
과기혁신본부	1
과는	1
과다채무	1
과다하다	1
과대	1
과대평가됐다	1
과대해석	1
과대홍보	1
과도군사위	1
과도기	1
과도기라	1
과도하게	1
과도하다	1
과로사인지	1
과매도	1
과반당선이	1
과반의석	1
과반저지냐	1
과반종합	1
과부하종합	1
과분한	1
과세	1
과세대상	1
과세자료	1
과세하되	1
과세확대	1
과시한다	1
과시할	1
과실비율	1
과실속보	1
과실연	1
과실치사	1
과열로	1
과의존	1
과이도와	1
과잉반응	1
과잉인력	1
과잉축적의	1
과자의	1
과장된	1
과장방송	1
과장하고	1
과장해	1
과정서도	1
과정이기를	1
과제는종합	1
과제될	1
과제발굴	1
과제안고	1
과제종합	1
과제죠	1
과제평가	1
과징금도	1
과징금은	1
과징금종합	1
과천과학관에	1
과천서울랜드	1
과천지식정보타운	1
과총회장단에	1
과테말라서	1
과학강연	1
과학과	1
과학관육성	1
과학관인	1
과학기술공동위원회	1
과학기술과	1
과학기술들	1
과학기술분야	1
과학기술센터	1
과학기술에	1
과학기술예산	1
과학기술유공자에	1
과학기술은	1
과학기술의	1
과학기술이	1
과학기술인상에	1
과학기술전략회의	1
과학기술전문사관	1
과학기술정책세미나	1
과학기술정책위원회	1
과학기술정책포럼	1
과학기술포럼서	1
과학기술학술대회	1
과학기술한림원터키한림원	1
과학기술혁신	1
과학기술혁신과	1
과학기술혁신본부에	1
과학기술혁신정책포럼	1
과학기지	1
과학뉴스에	1
과학대중화	1
과학대통령	1
과학문화산업	1
과학문화제	1
과학문화축제	1
과학문화행사	1
과학분야	1
과학서	1
과학성과는	1
과학송	1
과학엘리트	1
과학영재단	1
과학외교	1
과학으로	1
과학을	1
과학자가	1
과학자로	1
과학자상에	1
과학자에게	1
과학자와의	1
과학잡지	1
과학전람회	1
과학전시교육	1
과학창의	1
과학창의재단생산성본부	1
과학창의축전	1
과학책	1
과학축제	1
과학축제에	1
과학캠프	1
과학캠프서	1
과학커뮤니케이션	1
과학콘텐츠	1
과학탐구관	1
과학탐구관으로	1
과해	1
곽효환	1
관객도	1
관객심사	1
관객중심	1
관객참여	1
관건은	1
관건적	1
관건종합2보	1
관계강화	1
관계강화법	1
관계개선과	1
관계개선으로	1
관계단절도	1
관계부처	1
관계부처에서	1
관계설정	1
관계소원	1
관계자가	1
관계자입법조사관	1
관계장관회의	1
관계종합	1
관광가이드	1
관광개발	1
관광객도	1
관광객용	1
관광객위해	1
관광객은	1
관광객을	1
관광객의	1
관광객종합	1
관광경쟁력	1
관광기금	1
관광기념품	1
관광대국	1
관광대전	1
관광명소로	1
관광발전지수	1
관광버스기사	1
관광버스로	1
관광보트	1
관광복지	1
관광분석솔루션	1
관광불편신고사이트	1
관광비자	1
관광사진	1
관광산업에	1
관광산업육성	1
관광상품화	1
관광선	1
관광소비	1
관광수지	1
관광시장	1
관광업	1
관광열차	1
관광열차에	1
관광올림픽에	1
관광의	1
관광인프라	1
관광자원으로	1
관광적자	1
관광정보	1
관광정책	1
관광종합상황반	1
관광지도	1
관광지로	1
관광지서	1
관광지원	1
관광책자	1
관광축제로	1
관광택시	1
관광통역	1
관광특구	1
관광해요	1
관광환경	1
관급공사	1
관급수주	1
관까지	1
관념적이었는지	1
관두는	1
관람권	1
관람시간	1
관람에	1
관람엔	1
관람오세요	1
관람종합	1
관람하던	1
관람한	1
관람할	1
관람할까	1
관련국	1
관련기업	1
관련법안	1
관련서적	1
관련성	1
관련소식	1
관련인	1
관련자료	1
관련주	1
관례따라	1
관록	1
관록의	1
관료중용	1
관리강화	1
관리규정	1
관리기관	1
관리기술	1
관리도	1
관리되는	1
관리문제	1
관리부터	1
관리센터	1
관리소홀	1
관리시스템	1
관리안	1
관리의	1
관리종합	1
관리종합2보	1
관리지역	1
관리지역에	1
관리지표	1
관리처분인가	1
관리체제	1
관리한다종합	1
관리할	1
관리해야	1
관리해요	1
관리형	1
관망종합	1
관망중	1
관망할	1
관문만	1
관문은	1
관방장관	1
관세2보	1
관세면제	1
관세부과에	1
관세장벽으로	1
관세청과	1
관세폭탄	1
관세효과	1
관심도	1
관심두게	1
관심사항에	1
관심없어	1
관심없어요	1
관심에	1
관심은	1
관심을	1
관심있는	1
관심있다	1
관심종합	1
관심집중	1
관악구	1
관악언론인회장에	1
관악콩쿠르	1
관여가	1
관여해야	1
관영매체들	1
관영방송	1
관영언론	1
관용사회에	1
관장님	1
관저에	1
관저칩거	1
관전여부에	1
관절염	1
관점	1
관점서	1
관점에서	1
관점에선	1
관제개헌	1
관제서비스	1
관중도	1
관중들에게	1
관중석서	1
관중석에	1
관중석에선	1
관찰주의자	1
관찰하고	1
관철종합	1
관측만	1
관측시설	1
관측으로	1
관측회	1
관치금융	1
관통하는	1
관통할	1
관하여	1
관행적	1
관현악단	1
관훈클럽신영기금	1
괌서	1
괌에서도	1
광	1
광검출기	1
광고가	1
광고감시	1
광고글에	1
광고금지법	1
광고는	1
광고매체	1
광고문자	1
광고물	1
광고보면	1
광고비용	1
광고서비스	1
광고성	1
광고수익	1
광고시장서	1
광고시청률	1
광고영상	1
광고인	1
광고제	1
광고조회	1
광고주광고회사	1
광고주에	1
광고지성총서	1
광고판	1
광고학회	1
광고한	1
광고홍보제	1
광고효과	1
광기에	1
광기와	1
광대역가입자망	1
광대역망	1
광대하고	1
광동tv와	1
광동성의	1
광란이	1
광명	1
광명동굴	1
광명성4호	1
광모듈	1
광물가격	1
광물개발	1
광물공사	1
광물수입	1
광물수출	1
광물자원공사	1
광반도체	1
광범위	1
광범위한	1
광변환	1
광복	1
광복로	1
광복을	1
광복회모잠비크	1
광복회에	1
광복회장	1
광부	1
광산기업	1
광산발파	1
광산업계의	1
광선로	1
광선로감시시스템	1
광안리	1
광안리해수욕장	1
광역수사대도	1
광역시는	1
광역시로	1
광역은	1
광역의원	1
광역자원봉사센터	1
광역출마자	1
광응답성	1
광인이	1
광인프라	1
광인프라로	1
광장에	1
광장으로	1
광장응원전에	1
광장의	1
광저우	1
광적인	1
광주fc	1
광주fc서	1
광주가	1
광주과학관	1
광주과학관에	1
광주과학기술원과	1
광주광역시로	1
광주교육청	1
광주기상청	1
광주디자인비엔날레서	1
광주마스터즈수영대회에	1
광주문화재단	1
광주민심종합	1
광주민주화운동	1
광주방문	1
광주서갑	1
광주서도	1
광주선언에	1
광주선언은	1
광주세계수영대회에	1
광주소식홀리데이인	1
광주수원시	1
광주시교육청	1
광주시당	1
광주시립미술관	1
광주시민노동학교	1
광주시의회	1
광주시정	1
광주시청사에서	1
광주영어방송	1
광주오면	1
광주와	1
광주의	1
광주전남기자협회	1
광주전남보도사진전	1
광주전남본부	1
광주찾아	1
광주총선	1
광진구	1
광진구청장	1
광팬들	1
광폭	1
광폭행보	1
광풍	1
광풍에서	1
광학	1
광학렌즈	1
광한루	1
광한루원	1
광화문광장에	1
광화문광장이	1
광화문엔	1
광화문점	1
광화문천막	1
괜찮겠죠	1
괜찮네요	1
괜찮으면	1
괴로웠다	1
괴롭고	1
괴롭습니다	1
괴롭혀	1
괴롭히는	1
괴롭히려는	1
괴롭힘에	1
괴리	1
괴리는	1
괴물같은	1
괴물센터	1
괴물신인	1
괴물외인	1
괴물을	1
괴물투수	1
괴산고추축제	1
괴산군	1
괴이한	1
괴테와	1
교감	1
교감하는	1
교과서에	1
교과서에서	1
교과서왜곡	1
교구	1
교내	1
교내상	1
교단	1
교단서	1
교도소내	1
교도소서도	1
교도소에서도	1
교동도서	1
교동도에	1
교두보는	1
교란용	1
교량	1
교류끊고	1
교류도	1
교류사업	1
교류협력질서	1
교류협약	1
교류회의	1
교묘해지는	1
교문위원장	1
교민단체들	1
교민들	1
교민들도	1
교민이	1
교보문고도	1
교보문고서	1
교보문고와	1
교보생명	1
교보영풍	1
교보인문학석강	1
교보클래식	1
교복시장	1
교사들	1
교사연구회	1
교섭단체가	1
교수들	1
교수팀	1
교수형	1
교실마다	1
교양과	1
교양만화로	1
교역조건	1
교역조건지수	1
교육감	1
교육감이	1
교육개혁	1
교육계	1
교육기관	1
교육기관에	1
교육까지	1
교육도	1
교육리그	1
교육목적주택	1
교육받는	1
교육부도	1
교육부에	1
교육사상가	1
교육사업	1
교육서비스	1
교육시설	1
교육시장	1
교육영상	1
교육용	1
교육장관	1
교육프로그램	1
교육혁신	1
교장선생님들	1
교전격화	1
교전격화로	1
교전서	1
교전에	1
교전중단	1
교정국장	1
교정서	1
교정에	1
교정하는	1
교차투표	1
교착상태	1
교착에	1
교착정국	1
교체돼	1
교체된	1
교체될	1
교체될듯	1
교체멤버	1
교체설	1
교체설에	1
교체시도	1
교체에	1
교체주기	1
교체하기로	1
교체해야	1
교통관리체계	1
교통대책	1
교통량	1
교통사고로	1
교통상황	1
교통영향평가	1
교통장관이	1
교통정리종합	1
교통정보	1
교통허브	1
교통협력	1
교통혼잡	1
교포들	1
교학사	1
교향곡에	1
교향곡을	1
교향곡의	1
교환기	1
교환종합	1
교환하려다	1
교환학생	1
교환후에도	1
교황에게	1
교황의	1
교황푸틴	1
교회에서	1
교훈도	1
구간에	1
구걸	1
구경만	1
구경보다	1
구경시켜줄	1
구경하고	1
구경하기	1
구경하러	1
구글x	1
구글나우	1
구글놈	1
구글로	1
구글보다	1
구글식	1
구글앱	1
구글어스로	1
구글플러스	1
구글플레이서	1
구글홈보다	1
구금돼	1
구금생활	1
구금중	1
구내서	1
구단도	1
구단명	1
구단사장	1
구단선	1
구단은	1
구단의	1
구대성의	1
구도로종합	1
구도를	1
구도종합2보	1
구독과	1
구독률	1
구독펀드	1
구동되는	1
구두	1
구두개입	1
구두경고	1
구두경고종합	1
구두로	1
구례자연드림	1
구류됐던	1
구름다리	1
구름많다가	1
구리서	1
구리선	1
구리촉매	1
구마	1
구매가능	1
구매계약에	1
구매고객	1
구매고객에	1
구매국	1
구매는	1
구매말라	1
구매비율	1
구매상담회	1
구매설에	1
구매시기는	1
구매심리	1
구매액	1
구매입찰	1
구매종합	1
구매중단	1
구매취소	1
구매하는	1
구매하면	1
구매해	1
구매했다가	1
구멍가게	1
구멍같은	1
구멍난	1
구미5공단	1
구미공단	1
구미대	1
구미에	1
구미형	1
구버전	1
구본승	1
구분돼야	1
구분해	1
구사일생	1
구사종합2보	1
구상도	1
구상문학상에	1
구상속보	1
구상엔	1
구설수로	1
구성군	1
구성될	1
구성사령부	1
구성안	1
구성원	1
구성원으로	1
구성작업	1
구성키로	1
구성한	1
구성해	1
구성해도	1
구성해야	1
구세주	1
구세주는	1
구속기소종합	1
구속복	1
구속부상자회	1
구속수사	1
구속수사감	1
구속수사에	1
구속심사	1
구속영장종합	1
구속은	1
구속한	1
구속후	1
구스만에	1
구시대	1
구시대적	1
구시장서	1
구심점	1
구애경쟁	1
구역	1
구와우	1
구원등판할	1
구원왕	1
구원을	1
구원투수상	1
구원투수진	1
구위	1
구위가	1
구입자금도	1
구입자에게	1
구입하기	1
구자욱의	1
구자철황인범	1
구장서	1
구절초축제의	1
구제도	1
구제물질	1
구제신청	1
구제청구	1
구제한다	1
구조개혁과	1
구조과정서	1
구조물은	1
구조선에도	1
구조에	1
구조와	1
구조요청에	1
구조작업에	1
구조적	1
구조조정계획	1
구조조정에도	1
구조조정으로	1
구조조정의	1
구조조정자금	1
구조체	1
구조했다던	1
구조화	1
구조훈련	1
구주주	1
구청	1
구체	1
구체일정	1
구체화해야	1
구축된다	1
구축사업	1
구축에	1
구축용	1
구축한	1
구축한다	1
구축해야	1
구출돼	1
구출에	1
구태	1
구태의연한	1
구테흐스와	1
구토	1
구토에	1
구하라	1
구하셨나요	1
구하지	1
구한다	1
구한다종합2보	1
구한말	1
구한말부터	1
구할듯	1
구해낸	1
구해드립니다	1
구해줘	1
구했다가디언	1
구했지만	1
구현못해	1
구현하겠다	1
구현하는	1
구현한	1
구현할	1
구형모델	1
구형은	1
구호는	1
구호사업에	1
구호아래	1
구호외치는	1
구호용	1
구호차량	1
구호판	1
구호품도	1
구호활동지원	1
국가rd사업	1
국가rd성과	1
국가ri신약센터	1
국가가격위원회	1
국가경쟁력	1
국가경제성장에	1
국가고객만족도	1
국가공로훈장	1
국가공무원인재개발원장	1
국가공무원인재개발원장에	1
국가공무원인재개발원장에게	1
국가공인	1
국가과학기술	1
국가과학기술심의회	1
국가과학기술자문회의	1
국가과학기술혁신위	1
국가과학원	1
국가교육위원회	1
국가균형발전선언	1
국가균형발전지원단	1
국가금융감독위원회	1
국가급	1
국가기간통신사	1
국가기관과	1
국가기관에	1
국가기념일로	1
국가기능	1
국가기록물	1
국가기술안전관리	1
국가기술표준원의	1
국가대표급	1
국가대표로	1
국가대표에	1
국가대표와	1
국가대표팀과	1
국가대표팀서도	1
국가들에	1
국가로	1
국가리스크	1
국가마비	1
국가무형문화재	1
국가발전	1
국가발전위해	1
국가배상	1
국가보안법	1
국가보훈	1
국가보훈처	1
국가보훈처장	1
국가부채	1
국가분할	1
국가브랜드대상	1
국가산업단지	1
국가생물다양성기관연합	1
국가수립	1
국가승인통계로	1
국가시험망	1
국가안보	1
국가안보는	1
국가안보보좌관과	1
국가안보실장	1
국가안보실장과	1
국가안보전략에	1
국가안보전략연구원장	1
국가안보종합	1
국가안위	1
국가연구기관	1
국가연구비로	1
국가연구시설장비	1
국가영웅묘역에	1
국가위기관리센터장	1
국가이기주의에	1
국가인권위원장	1
국가인권위원장과	1
국가인재원	1
국가자격증	1
국가자본주의	1
국가자산	1
국가재정전략회의	1
국가적	1
국가전략으로	1
국가정보국장	1
국가정보보증협회	1
국가정보원	1
국가정보원장	1
국가정책	1
국가주도	1
국가주석	1
국가주석에	1
국가지식재산위	1
국가직화법	1
국가철도망	1
국가체육지도위원장	1
국가컬렉션	1
국가통계발전을	1
국가통제	1
국가통치체계	1
국가평의회	1
국가폭력	1
국가회의	1
국감갑질	1
국감복귀	1
국감상황	1
국감에서	1
국감위증	1
국감이슈	1
국감일정	1
국감증인	1
국경거점	1
국경근처	1
국경까지	1
국경넘어	1
국경넘은	1
국경방문	1
국경배치	1
국경봉쇄종합	1
국경분쟁	1
국경비극	1
국경없는기자회와	1
국경없는의사회에	1
국경을	1
국경의	1
국경이	1
국경장벽	1
국경지대	1
국경지역서	1
국경통제	1
국경폐쇄	1
국고에	1
국고채와	1
국교정상화	1
국교회복	1
국군의	1
국군의장대	1
국기관	1
국기로	1
국내가	1
국내공장	1
국내관광	1
국내기관	1
국내대회	1
국내로	1
국내법원에	1
국내선수들만	1
국내에도	1
국내에서도	1
국내에선	1
국내여행도	1
국내연수	1
국내영업본부	1
국내외서	1
국내이슈	1
국내이용자	1
국내정치와	1
국내주식	1
국내주식펀드	1
국내주식펀드서	1
국내주식형의	1
국내주식형이	1
국내주식형펀드	1
국내증시	1
국내지점	1
국내최대	1
국내출장	1
국내파	1
국내프로농구	1
국대	1
국력분산	1
국론	1
국론분열	1
국립	1
국립경주박물관	1
국립고궁박물관	1
국립고궁박물관서	1
국립공원별	1
국립국악관현악단	1
국립국어원과	1
국립김해박물관	1
국립대병원	1
국립대에	1
국립대학에	1
국립무용단	1
국립미술관	1
국립박물관	1
국립발레단장	1
국립병원	1
국립부산과학관	1
국립상당산성휴양림	1
국립세종도서관	1
국립여성사전시관	1
국립여성사전시관장	1
국립자연휴양림	1
국립장애인도서관	1
국립전통예술고	1
국립중앙과학관장	1
국립중앙과학관후원회	1
국립중앙극장장	1
국립중앙박물관장에	1
국립진주박물관	1
국립표준원	1
국립한국문학관	1
국립한글박물관	1
국립합창단	1
국립해양박물관서	1
국립해양생물자원관	1
국립현대미술관장에	1
국립현충원	1
국립현충원서	1
국면전환용	1
국면종합	1
국무위원	1
국무위원들	1
국무위원들과	1
국무위원회	1
국무위원회에	1
국무장관이	1
국무총리비서실장과	1
국무회의서도	1
국무회의에	1
국무회의에서는	1
국무회의장	1
국민mc	1
국민감사	1
국민개헌안	1
국민결집	1
국민계	1
국민고통	1
국민공감	1
국민공감전략위원장에	1
국민권익위언론진흥재단	1
국민권익위원장과	1
국민기대	1
국민단합이	1
국민당	1
국민당과	1
국민당에	1
국민대	1
국민대통합	1
국민대통합위원장	1
국민대화	1
국민들	1
국민들만	1
국민디자인단	1
국민뜻	1
국민만이	1
국민맞춤형	1
국민부담	1
국민불안	1
국민생명	1
국민성장	1
국민세금	1
국민소통	1
국민소환투표	1
국민신뢰	1
국민심판대에	1
국민안전기술	1
국민얼굴에	1
국민에종합2보	1
국민여론	1
국민역량	1
국민연금공단	1
국민연금은	1
국민영예상	1
국민영웅으로	1
국민요금제	1
국민우려	1
국민으로	1
국민으로부터	1
국민으로서	1
국민은행장	1
국민은행티맥스	1
국민의당도	1
국민의당은	1
국민의당종합2보	1
국민의례하는	1
국민임대주택	1
국민저력	1
국민저항에	1
국민저항운동	1
국민정서	1
국민차	1
국민참여	1
국민참여로	1
국민참여평가단	1
국민체감	1
국민체험단	1
국민추천	1
국민타자	1
국민통합위원장에	1
국민통합종합	1
국민투표결과	1
국민투표는	1
국민투표로	1
국민투표안이	1
국민투표에	1
국민헌법자문특위	1
국민협조	1
국민회의	1
국방기술개발에	1
국방대행	1
국방무기체계	1
국방백서에	1
국방부서	1
국방비서관에	1
국방산업	1
국방수권법	1
국방수권법에	1
국방에	1
국방용	1
국방위도	1
국방은	1
국방장관대행	1
국방장관도	1
국방장관들	1
국방장관에게	1
국방장관회담	1
국방장관회의	1
국방전산정보원장	1
국방정책	1
국방정책실무회의	1
국방체험관	1
국방협력	1
국보디자인	1
국보에	1
국부	1
국부호칭	1
국비	1
국비보조금	1
국비지원해야	1
국빈급으로	1
국빈만찬	1
국빈만찬에	1
국빈방문시	1
국사교육	1
국산화에	1
국세수입	1
국세청에	1
국악계	1
국악공연	1
국악관현악	1
국악관현악단	1
국악극	1
국악박물관	1
국악의	1
국어	1
국영tv	1
국영기업에	1
국영보험	1
국영석유	1
국영석유회사	1
국영에너지사	1
국영영어방송	1
국영전력사에	1
국왕왕세자	1
국외독립유공자	1
국외서	1
국외여행상품	1
국외전송때	1
국외출장	1
국유	1
국유기업	1
국유기업개혁	1
국익관점서	1
국익차원서	1
국장급	1
국장급협의	1
국장대행	1
국장도	1
국적도	1
국적박탈	1
국적선사	1
국적세탁	1
국적없이	1
국정경험	1
국정공유	1
국정교과서	1
국정당부	1
국정동력은	1
국정동반자로서	1
국정매진	1
국정반전	1
국정방향	1
국정부담에	1
국정성과	1
국정쇄신	1
국정수행	1
국정수행의	1
국정운영에	1
국정운영하며	1
국정원서	1
국정원이	1
국정전반	1
국정조사종합	1
국정조사해야	1
국정좌우종합2보	1
국정지지율에	1
국정책임	1
국정챙기기	1
국정초점	1
국정초점종합	1
국정파탄	1
국정현안점검하는	1
국정현안점검회의	1
국정현안조정회의	1
국정현안회의	1
국정협력에	1
국정흔들기	1
국제개발처	1
국제갤러리	1
국제걷기대회	1
국제경기서	1
국제경제	1
국제경진대회서	1
국제고문	1
국제공모전	1
국제공인	1
국제공조	1
국제과학기술경진대회	1
국제관계	1
국제관계에	1
국제관악제	1
국제교통포럼	1
국제구조위	1
국제구호단체	1
국제규정	1
국제규칙을	1
국제금융기구에	1
국제금융위기	1
국제기구대표로	1
국제기준	1
국제꽃박람회장서	1
국제남자농구	1
국제대학생프로그래밍대회서	1
국제로밍	1
국제로타리	1
국제모형	1
국제무역	1
국제물류센터	1
국제배구대회	1
국제버스터미널	1
국제범죄	1
국제법적	1
국제법정	1
국제보훈워크숍	1
국제불빛축제	1
국제블랙리스트	1
국제비즈니스대상	1
국제사법재판소	1
국제사회가	1
국제사회에	1
국제사회의	1
국제사회적금융협력기구	1
국제상품전시회	1
국제생물올림피아드	1
국제선	1
국제수묵비엔날레	1
국제수입박람회	1
국제수직마라톤대회	1
국제시인상	1
국제신문	1
국제안보연구소	1
국제안전	1
국제안전도시	1
국제야구연맹	1
국제약품	1
국제영화제	1
국제영화제서	1
국제오르간콩쿠르	1
국제오페라	1
국제올림피아드	1
국제용	1
국제우주정거장	1
국제워크숍	1
국제유소년축구	1
국제인권단체들	1
국제인도주의	1
국제자동화정밀기기전시회	1
국제적십자	1
국제적십자연맹	1
국제적십자위	1
국제적십자위원회	1
국제전기통신연합에	1
국제전문가	1
국제전화가	1
국제정세	1
국제제재에도	1
국제조명전시회	1
국제주택도시금융포럼	1
국제증권감독기구	1
국제지지	1
국제질서	1
국제천문올림피아드서	1
국제축구대회	1
국제축구선수협회	1
국제컨퍼런스	1
국제코미디페스티벌	1
국제태권도연맹	1
국제파생상품	1
국제표준시험	1
국제학교	1
국제학술지에	1
국제학술토론회	1
국제학술회	1
국제학회	1
국제한림원연합	1
국제행사도	1
국제형사재판관	1
국제형사재판소	1
국제형사재판소가	1
국제화	1
국제화에	1
국조실장	1
국조특위에	1
국조해야	1
국채가격	1
국채도	1
국채매각까지	1
국채발행	1
국채보다	1
국채선물	1
국채시장	1
국책	1
국책연구원	1
국책연구원장	1
국토	1
국토계획	1
국토교통	1
국토교통과학기술진흥원에	1
국토교통위	1
국토국	1
국토부서	1
국토장관	1
국토정보공사와	1
국토종합계획	1
국한	1
국한되진	1
국호	1
국호로	1
국화도	1
국화에	1
국화의	1
국화축제	1
국회개헌논의	1
국회결의	1
국회냐	1
국회논의	1
국회다운	1
국회돼야	1
국회법에	1
국회법으로	1
국회비판	1
국회사무처	1
국회상황에	1
국회시위	1
국회심판론	1
국회심판론서	1
국회에서	1
국회엔	1
국회열어	1
국회열차	1
국회예산정책처	1
국회운영위원장	1
국회의	1
국회의결에	1
국회의원과	1
국회의원들	1
국회의원선거	1
국회의원에	1
국회의원의	1
국회의장까지	1
국회의장에	1
국회입법	1
국회제출	1
국회종합3보	1
국회주도	1
국회직	1
국회차원	1
국회추천	1
국회측	1
국회침탈	1
국회통과에	1
국회혁신특별위원회	1
국회혁신특위	1
군간부들	1
군관계자들	1
군기잡기토론불참	1
군단	1
군대가	1
군대스리가	1
군락지	1
군망제도와	1
군민운동	1
군벌사령관	1
군벌사령관에	1
군벌세력	1
군병력	1
군복	1
군부세력	1
군부실세종합	1
군부주도	1
군부통치	1
군비경쟁	1
군비통제	1
군사계획	1
군사고문	1
군사굴기	1
군사기지화	1
군사당국회담	1
군사도발	1
군사력이	1
군사령관	1
군사법정	1
군사보복	1
군사분계선에서	1
군사분야	1
군사옵션	1
군사용	1
군사원조바이든	1
군사위	1
군사작전에	1
군사접촉한	1
군사정보	1
군사정보협정	1
군사제국	1
군사조치도	1
군사지도의	1
군사충돌에	1
군사통제구역	1
군사퍼레이드	1
군사합의도	1
군사핫라인	1
군사행보	1
군사행진	1
군산시	1
군산시체육회	1
군산에	1
군산역사박물관서천해양자원관	1
군산저수지	1
군산해경	1
군수	1
군수공장	1
군수뇌부	1
군용기로	1
군의	1
군의관	1
군인들은	1
군인들이	1
군인에	1
군인연금	1
군인을	1
군입대는	1
군정보기관장	1
군차량	1
군최고사령관	1
군축대사	1
군축협정에	1
군침	1
군침이	1
군통수권	1
군통수권자	1
군통수권자로서	1
군파견	1
군포	1
군포서	1
군함도에	1
군함에	1
군함이	1
군항	1
굳건한	1
굳건히	1
굳는다	1
굳센	1
굳어가는	1
굳어졌다	1
굳어지나	1
굳어진	1
굳히기냐	1
굳히기종합	1
굳힐	1
굴뚝	1
굴뚝농성	1
굴뚝이	1
굴러갈지	1
굴러라	1
굴레방다리의	1
굴린다	1
굴복않겠다	1
굴복종합	1
굴복한	1
굴복해	1
굴었던	1
굴욕이다	1
굴욕적	1
굴욕패	1
굴지마	1
굶는데	1
굶어죽고	1
굶어죽지	1
굶주리는데	1
굽듯	1
굽이굽이	1
굿뉴스코	1
굿닥	1
굿닥터	1
굿보러가자	1
굿샷	1
굿스테이	1
굿즈	1
굿프라이데이	1
궁궐	1
궁극의	1
궁극적	1
궁극적으로	1
궁금할	1
궁금해	1
궁금해서	1
궁바이오랩스와	1
궁석웅	1
궁전의	1
궁중음악부터	1
궁지몰린	1
궁지에	1
궁할까	1
궂은일	1
권고로	1
권고종합2보	1
권력개편론	1
권력게이트	1
권력남용	1
권력독점세력	1
권력에	1
권력은	1
권력을	1
권력이양에	1
권력자의	1
권력지형	1
권력집중	1
권력투쟁	1
권력협상	1
권리없어	1
권리옹호	1
권리장전	1
권리종합	1
권리행사액	1
권양숙	1
권에	1
권여선	1
권여선의	1
권역별비례	1
권역별연구소	1
권역서	1
권위	1
권유업무	1
권유하는	1
권유했으나	1
권익	1
권익위원장	1
권장량	1
권정생	1
권창훈도	1
권창훈마저	1
권투	1
권투선수	1
권하고	1
권한을	1
권한의	1
권함	1
궤도선	1
궤도수정	1
궤멸	1
궤멸까지	1
궤멸종합2보	1
궤멸할	1
귀걸이	1
귀걸이에	1
귀경	1
귀경차량	1
귀국길에	1
귀국부터	1
귀국불허	1
귀국설	1
귀국시	1
귀국예정이었다	1
귀국직후	1
귀국취소	1
귀국하는	1
귀국한	1
귀국한다	1
귀국해	1
귀국후	1
귀까지	1
귀는	1
귀도	1
귀막은	1
귀순대기자	1
귀에	1
귀여운	1
귀엽지만	1
귀중품	1
귀한	1
귀했다	1
귀향투표	1
귀화선수	1
귀화한	1
귀환공연	1
귀환에	1
귀환용사회	1
귀환하는	1
규격은	1
규명돼야	1
규명종합	1
규명한	1
규모로	1
규모의	1
규범	1
규슈로	1
규약	1
규정도	1
규정위반	1
규정으로	1
규정이	1
규정하겠다	1
규정해야	1
규제강화	1
규제개선종합	1
규제개혁위원회	1
규제개혁은	1
규제개혁장관회의	1
규제개혁종합	1
규제개혁회의	1
규제기관장과	1
규제기준	1
규제는	1
규제도	1
규제로	1
규제받는	1
규제안	1
규제안에	1
규제안해속보	1
규제없는	1
규제에도	1
규제의	1
규제자유특구	1
규제자유특구기획단	1
규제철회종합	1
규제프리존	1
규제할	1
규제해야	1
규제혁신에	1
규제혁신이	1
규제회의	1
규칙에	1
규탄대회	1
규탄에도	1
균열된	1
균열생기나	1
균형발전	1
균형발전에	1
균형보도	1
균형외교	1
균형인사협의회	1
균형잡힌	1
균형적	1
그것	1
그곳	1
그곳에서	1
그곳으로	1
그녀	1
그녀의	1
그늘에	1
그늘에서	1
그다음	1
그대	1
그대에게	1
그대의	1
그들도	1
그들은	1
그들이	1
그때에	1
그때와는	1
그라운드x	1
그라운드x와	1
그라운드에	1
그라폴리오	1
그라폴리오서	1
그란달에	1
그란달의	1
그란데	1
그란폰도	1
그랑프리1호조합으로	1
그래픽국내	1
그래픽난방비	1
그래픽남북통일농구대회에	1
그래픽무선통신	1
그래픽삼성바이오로직스	1
그래픽주택구입부담지수	1
그랜드	1
그랜드세일	1
그랜드오페라단	1
그랩과	1
그랬습니다	1
그러나	1
그러면	1
그러지	1
그런일	1
그럴까	1
그럼	1
그렇다	1
그렇다종합	1
그레이스	1
그레이스1	1
그려	1
그려보는	1
그려보이는	1
그렸다	1
그루가	1
그룹리스크	1
그룹보다	1
그룹승계	1
그룹의	1
그룹지원	1
그룹채팅	1
그룹통합	1
그를	1
그릇된	1
그리며	1
그리스도	1
그리스의	1
그리스총리	1
그리움	1
그리움아티스트상에	1
그리워요	1
그리워할	1
그리웠어요	1
그린닷으로	1
그린란드	1
그린본드	1
그린플러스	1
그림부터	1
그림손	1
그림에는	1
그림의	1
그림자를	1
그림장터부터	1
그림전	1
그림책들종합	1
그림책에	1
그림책의	1
그림편지	1
그만두기로	1
그만두라	1
그만두라는	1
그만두었다속보	1
그만종합	1
그만하고	1
그물	1
그시대의	1
그에겐	1
그윽한	1
그을린	1
그저	1
그쪽	1
그쳐10일	1
그쳐13일	1
그쳐22일	1
그쳐3보	1
그쳐5일	1
그쳐요	1
그쳐종합	1
그치고	1
그치기	1
그치니	1
그치지	1
그후	1
극강	1
극단의	1
극단이	1
극단처방	1
극대화할	1
극동개발	1
극동사령부	1
극동유화	1
극동지역	1
극동협력	1
극명히	1
극복에	1
극복하고	1
극복하는	1
극복하라	1
극복한	1
극복해야	1
극복했다	1
극비	1
극비프로그램으로	1
극에	1
극우단체	1
극우단체로	1
극우발탁	1
극우세력	1
극우정당과	1
극우정당에	1
극우정치로	1
극우정치인에	1
극우청년조직	1
극우혐한인사들	1
극우활동	1
극장식	1
극장을	1
극장의	1
극장장	1
극적타결	1
극찬받은	1
극찬한	1
극한대립	1
극한대치	1
극한에서	1
극한의	1
극한정쟁에	1
극한추위	1
근거없다고	1
근거있어종합	1
근대감옥	1
근대국가였다	1
근대문화	1
근대문화유산	1
근대불교문헌	1
근대성의	1
근대의	1
근대화	1
근대화는	1
근로자들	1
근로자휴가지원사업	1
근로장려세제	1
근로조건	1
근무환경	1
근본대책	1
근본방안	1
근본변화종합	1
근본을	1
근본해결책	1
근성의	1
근속	1
근속연수	1
근심	1
근심커진다	1
근원	1
근육량	1
근육의	1
근육조직	1
근절안에	1
근절한다	1
근절해야	1
근접까지	1
근접비행	1
근접시	1
근접통신	1
근처	1
근해서	1
근해에	1
근현대세계사	1
근현대통사	1
글과	1
글꼴로	1
글도	1
글라스	1
글램핑	1
글램핑장	1
글램핑축제	1
글로도	1
글로모	1
글로벌경기	1
글로벌리더십	1
글로벌시장	1
글로벌인프라펀드	1
글로벌자금	1
글로벌코리아스테이션	1
글로벌파트너링	1
글로컬	1
글리벡	1
글모음집	1
글못써	1
글배우	1
글쎄요	1
글쓰기	1
글쓰기는	1
글쓰기만으론	1
글쓰기에	1
글쓰기와	1
글쓰는	1
글씨	1
글씨의	1
글에	1
글자는	1
긁은	1
금감원도	1
금감원서	1
금감원예보	1
금감원이	1
금감원코이카	1
금강산면회소	1
금강송	1
금고	1
금고지기	1
금광서	1
금동반가사유상	1
금리담합	1
금리도	1
금리도종합	1
금리리스크경감	1
금리보다	1
금리부담	1
금리불이익	1
금리상승	1
금리역전에도	1
금리와	1
금리우대	1
금리인상에	1
금리인하도	1
금리인하로	1
금리인하요구권	1
금리적용	1
금리차도	1
금메달1	1
금메달리스트	1
금메달에도	1
금메달은	1
금메달을	1
금메달이	1
금물종합2보	1
금성	1
금성테크	1
금소원	1
금속공예와	1
금속구조체	1
금속박막	1
금속은	1
금수산태양궁전서	1
금수저출신	1
금시장	1
금액이	1
금연연구보급기지	1
금연운동	1
금요공감	1
금요예배	1
금요일	1
금요일에	1
금요일엔	1
금원산	1
금융3법	1
금융it	1
금융감독자문위원회	1
금융경색	1
금융계	1
금융계열사	1
금융고객보호	1
금융공기업	1
금융광고	1
금융권에	1
금융규제	1
금융그룹감독	1
금융그룹에	1
금융데이터	1
금융발전심의회	1
금융보안으로	1
금융부정	1
금융사들과	1
금융사에	1
금융상품의	1
금융상품정보	1
금융상황	1
금융상황지수	1
금융서비스앱	1
금융소득종합과세	1
금융소비자	1
금융소비자국장	1
금융소비자국장에	1
금융소비자보호	1
금융소비자보호법	1
금융시스템의	1
금융시장도	1
금융아카데미	1
금융안정	1
금융안정보고서	1
금융안정성	1
금융안정에	1
금융안정위	1
금융안정지수	1
금융애로	1
금융업무	1
금융에	1
금융자금	1
금융자료	1
금융자문	1
금융전담회사에	1
금융전문가	1
금융접근성에	1
금융정보업체	1
금융정책통	1
금융주선	1
금융중심	1
금융지	1
금융지원위	1
금융지주사	1
금융채널	1
금융탄압	1
금융투자분석사	1
금융투자업계	1
금융투자회사에	1
금융특강	1
금융피해	1
금융허브	1
금융혁신	1
금융혁신도	1
금융혁신지원특별법	1
금융협회	1
금의환향한	1
금자탑1보	1
금자탑종합	1
금자탑종합2보	1
금전	1
금전취득까지	1
금주구역	1
금주내	1
금주도	1
금주초	1
금지구간	1
금지는	1
금지됐을까	1
금지된	1
금지령	1
금지법안	1
금지약물	1
금지위배	1
금지정책	1
금지키로	1
금지하는	1
금지하라	1
금지한다	1
금통위원	1
금통위원들	1
금투업계	1
금투업계에	1
금투협회	1
금투협회장배	1
금한령	1
금호가	1
금호강변	1
금호석유화학	1
금호아트홀서	1
금호영재	1
금호음악인상에	1
금호전기	1
금호타이어도	1
금호타이어에	1
급	1
급감종합	1
급감했다	1
급감했지만	1
급거귀국국토안보	1
급등락	1
급락장에도	1
급락한	1
급랭종합	1
급류	1
급물살종합	1
급박한	1
급변	1
급변동	1
급변에도	1
급변하는	1
급상승할	1
급선회	1
급성장한	1
급속충전	1
급속한	1
급수습	1
급여만	1
급이	1
급증은	1
급증하던	1
급증할	1
급증했지만	1
급진화종합3보	1
급파종합	1
급하다고	1
급한데	1
급했어요	1
긍정의	1
긍정적이나	1
긍정적이었다	1
긍정효과	1
긍지있는	1
기가급	1
기가라이브	1
기가스텔스	1
기가지니서	1
기가팩	1
기각돼	1
기간단축	1
기간마저	1
기간은	1
기강에	1
기강잡기	1
기강해이	1
기계류엔	1
기계번역	1
기계부터	1
기계산업	1
기계에	1
기계연	1
기계연구원	1
기공식	1
기관경고	1
기관과	1
기관에	1
기관장도	1
기관장들에	1
기관장들이	1
기관전용	1
기관증인만	1
기관차	1
기관차종합	1
기관팔자에	1
기관평가	1
기구서	1
기금교수	1
기금운용본부장	1
기금출연	1
기금평가단	1
기기5천500원이면	1
기기값	1
기기는	1
기기변경	1
기기에서	1
기기와	1
기내서	1
기네스북감	1
기념곡	1
기념관에	1
기념구	1
기념구는	1
기념대회	1
기념로고	1
기념메달	1
기념부터	1
기념비	1
기념비적	1
기념사하는	1
기념식에서	1
기념식은	1
기념식종합	1
기념열기에	1
기념음악회	1
기념음악회서	1
기념일에	1
기념종합	1
기념출시	1
기념하는	1
기념해	1
기념행사에서	1
기능경진대회	1
기능과	1
기능도	1
기능상실	1
기능으로	1
기능정지	1
기니	1
기다려보자	1
기다려지는	1
기다려진다	1
기다렸다가	1
기다렸어요	1
기다리더니	1
기다리되	1
기다리며	1
기다리자	1
기다린	1
기당미술관	1
기대감종합	1
기대는	1
기대돼요	1
기대되네	1
기대된다	1
기대만큼	1
기대속보	1
기대이하	1
기대하지	1
기대해	1
기댈듯	1
기도하겠다	1
기도하고	1
기도해	1
기독교	1
기독교단체	1
기독교단체에	1
기돈	1
기득권포기	1
기량이	1
기록강습회	1
기록검토팀	1
기록경신	1
기록경쟁	1
기록과	1
기록그	1
기록도	1
기록들	1
기록들종합	1
기록문화	1
기록물	1
기록에도	1
기록있다	1
기록있다종합	1
기록잔치	1
기록종합	1
기록하다	1
기록할	1
기류도	1
기류에	1
기류종합	1
기르겠다	1
기른	1
기른다	1
기름값	1
기름값은	1
기린	1
기린다	1
기립	1
기만한	1
기메박물관서	1
기무개혁	1
기무사개혁	1
기미	1
기미독립선언서가	1
기밀누설로	1
기밀도	1
기밀보고서	1
기밀유출	1
기밀정보	1
기반될	1
기반시설	1
기반조성	1
기법	1
기보만도	1
기보와	1
기본계약	1
기본계획용역	1
기본규정	1
기본닦은	1
기본데이터	1
기본방향	1
기본서	1
기본원리도	1
기본원칙	1
기본적용	1
기본정신	1
기본틀	1
기본형	1
기부자에	1
기부종합	1
기부행렬	1
기부행사	1
기뻐요	1
기뻐하고	1
기뻐했을	1
기쁘지	1
기쁜	1
기쁠	1
기쁨으로	1
기쁨의	1
기사가	1
기사로	1
기사를	1
기사에	1
기사와	1
기사정보	1
기사표절	1
기사형	1
기상과	1
기상예보관	1
기상예측	1
기상청의	1
기상청장	1
기상청장에게	1
기상캐스터도	1
기생충	1
기생충까지	1
기선	1
기선잡기	1
기성용정우영	1
기세꺾인	1
기세는	1
기세로	1
기세에	1
기소권	1
기소된	1
기소면제	1
기소명령	1
기소심의위	1
기소키로	1
기소해야	1
기수	1
기수론	1
기술강국	1
기술개발에	1
기술검증	1
기술검증센터	1
기술경쟁보단	1
기술계약	1
기술고문	1
기술과	1
기술교류	1
기술교육에	1
기술금융펀드	1
기술기업으로	1
기술기업이	1
기술까지	1
기술냉전	1
기술대상	1
기술대출	1
기술문제	1
기술발전위원장	1
기술분석	1
기술분석보고서	1
기술사까지	1
기술사대회	1
기술수출	1
기술시연	1
기술신용평가	1
기술싸움	1
기술업체	1
기술역량	1
기술은	1
기술을	1
기술이	1
기술이란	1
기술이전센터	1
기술자	1
기술자립	1
기술장비	1
기술전수	1
기술전쟁	1
기술지원협의회	1
기술진	1
기술책임자들	1
기술침투	1
기술특위	1
기술프로젝트	1
기술혁신포럼	1
기술협력계약	1
기술협의	1
기술형	1
기술확보	1
기습공격	1
기습발사	1
기습번트로	1
기습적인	1
기습철거	1
기승30일	1
기승에도	1
기승전조국	1
기싸움도종합	1
기아위험	1
기아자동차	1
기아지수	1
기아차에	1
기아타이거즈	1
기약	1
기약없는	1
기약종합	1
기어360	1
기어s3에	1
기억극장	1
기억나겠나	1
기억나지	1
기억난다	1
기억도	1
기억력	1
기억의	1
기억하고자	1
기억하다	1
기억하라	1
기억하자	1
기억한다	1
기억할	1
기억합니다	1
기억해주길	1
기업가정신	1
기업가치평가	1
기업거버넌스포럼	1
기업경기실사지수	1
기업경영	1
기업고객	1
기업공감원스톱지원센터	1
기업구조	1
기업구조조정촉진법	1
기업구조혁신펀드	1
기업권력	1
기업금수조치	1
기업기밀	1
기업대출은	1
기업도	1
기업돼야	1
기업들의	1
기업매각	1
기업명	1
기업문화	1
기업방문	1
기업부담	1
기업부채	1
기업소에	1
기업스마트지점	1
기업승계	1
기업시장	1
기업어음	1
기업엔	1
기업여신에	1
기업올림픽서	1
기업용pc	1
기업용메신저	1
기업운영	1
기업유치	1
기업은행에서	1
기업은행은	1
기업인과	1
기업인들	1
기업인에	1
기업인은	1
기업주도형	1
기업중	1
기업지배구조원도	1
기업책임	1
기업체	1
기업투자	1
기업혁신	1
기업협력이사회	1
기업협의회	1
기업회생절차	1
기업회선	1
기여방안	1
기여하고파	1
기여하는	1
기온차	1
기용한	1
기울어지나	1
기울어진	1
기울이는	1
기웃	1
기원과	1
기원설	1
기원을	1
기원전	1
기원하겠다	1
기원합니다	1
기은	1
기이한	1
기자간담회장	1
기자도	1
기자들과	1
기자만	1
기자수첩	1
기자에	1
기자의	1
기자재업체에	1
기자지역에서	1
기자협회국제교류재단	1
기자협회동행	1
기자회견문	1
기자회견실	1
기자회견에	1
기자회견종합	1
기장시장	1
기재누락	1
기재부5급	1
기적같은	1
기적은	1
기적이	1
기조는	1
기조발언	1
기조유지종합	1
기조종합	1
기조협의회	1
기존계좌도	1
기존과	1
기존보다	1
기존사업자는	1
기존안서	1
기존약정자	1
기존약정자도	1
기존체제	1
기존폰	1
기종서	1
기죽으면	1
기죽지	1
기준안	1
기준으로는	1
기준종합	1
기준치	1
기증종합	1
기증합니다	1
기지반대운동	1
기지서	1
기지에	1
기차역	1
기차역서	1
기차역에	1
기차역에서	1
기초과학관	1
기초과학이	1
기초는	1
기초생활보장비	1
기초수급자	1
기초연구자	1
기초연구지원	1
기초연금수급자	1
기초원천	1
기축통화	1
기축통화국2보	1
기치료	1
기쿠치와	1
기폭제	1
기프트샵	1
기프티샷	1
기프티쇼	1
기프티콘처럼	1
기피	1
기피신청	1
기피현상	1
기필코	1
기하라종합	1
기할	1
기항시간	1
기행집	1
기형도가	1
기형도에	1
기호3	1
기호와	1
기활법	1
기활법은	1
기회겠죠	1
기회는	1
기회다	1
기회되면	1
기회라고	1
기회를	1
기회보장	1
기회조차	1
기회종합	1
기회줄	1
기회형창업	1
기획기사	1
기획단	1
기획방향	1
기획보도한	1
기획사	1
기획사들	1
기획사업에	1
기획안	1
기획전시	1
기획전시회	1
기획조정실장에	1
기후과제	1
기후기술대전	1
기후기술협력	1
기후문제	1
기후변화가	1
기후변화대응	1
기후변화로	1
기후위성	1
기후재앙	1
기후좋고	1
긴급간담회	1
긴급대책회의	1
긴급발제권	1
긴급배포	1
긴급보호조치	1
긴급상담만	1
긴급주행	1
긴급차	1
긴급체포	1
긴급체포하라	1
긴급출동	1
긴급탈출할	1
긴급폐쇄	1
긴급현안회의	1
긴급협의	1
긴급회의종합	1
긴밀하게	1
긴밀한	1
긴밀해야	1
긴밀협의	1
긴밀협의종합	1
긴박한	1
긴박해지는	1
긴장감만	1
긴장감으로	1
긴장고조종합	1
긴장과	1
긴장기류도	1
긴장됐다	1
긴장수위	1
긴장조성	1
긴장종합	1
긴줄	1
긴축강요	1
긴축경영	1
길5	1
길거리서	1
길거리에서	1
길까	1
길들이기	1
길들임의	1
길렀더니	1
길목을	1
길병민	1
길병원	1
길병원에	1
길수록	1
길시위에	1
길안내	1
길어	1
길어져	1
길어졌다	1
길어지는	1
길어진	1
길었구나	1
길에서	1
길엔	1
길의	1
길재욱	1
길재욱씨	1
길지	1
길터주려	1
길텄다	1
길트나종합	1
김강률	1
김경수오거돈	1
김경협	1
김관진	1
김광규	1
김광림속보	1
김광현과	1
김광현은	1
김구	1
김규민	1
김규민은	1
김기민마린스키	1
김기사	1
김기철	1
김기훈	1
김대중	1
김대중컨벤션센터서	1
김도수와	1
김도읍	1
김동연박명재	1
김동철호	1
김련희	1
김련희다	1
김명식으로	1
김무성대표서청원	1
김무성은	1
김무성의	1
김무성이한구	1
김문수는	1
김문환이	1
김민석씨	1
김민정	1
김민호	1
김민호의	1
김병양	1
김병오	1
김병준과	1
김병준에	1
김병준종합	1
김봉길	1
김비서가	1
김상곤도	1
김상근	1
김상근씨	1
김상진	1
김선동	1
김선동정양석	1
김선빈	1
김선욱	1
김선형의	1
김성식에	1
김성욱	1
김성욱이	1
김성윤	1
김성현의	1
김수영문학상	1
김수영문학상에	1
김수현은	1
김승규	1
김승규도	1
김승대도	1
김승옥의	1
김신욱과	1
김신욱손흥민	1
김신욱이근호	1
김어준의	1
김어준주진우	1
김언수	1
김연경에게	1
김연경이	1
김영권은	1
김영권의	1
김영기	1
김영남에	1
김영란	1
김영란법에	1
김영석	1
김영석씨	1
김영우	1
김영철은	1
김용	1
김용균으로	1
김우중	1
김유정문학상	1
김은호가	1
김인성	1
김인성은	1
김인혁	1
김일성경기장	1
김일성대	1
김일성대에	1
김일성을	1
김일성종합대	1
김일성종합대학	1
김일성직위	1
김재수도	1
김재환은	1
김재환이라	1
김정우	1
김정우와	1
김정은과의	1
김정은금수저	1
김정은도	1
김정은으로만	1
김정은이	1
김정은종합2보	1
김정은주민	1
김정은폼페이오	1
김정일고향집	1
김정일이	1
김정일주의청년동맹러시아청소년연합	1
김정희	1
김정희의	1
김제지평선축제	1
김종문	1
김종민과	1
김종인과는	1
김종인문재인	1
김종인의	1
김종인측	1
김주성님	1
김주성에	1
김주성은	1
김주찬과	1
김준성	1
김지영은	1
김지한은	1
김진우	1
김진표는	1
김천서	1
김철수씨	1
김치통	1
김태년종합	1
김태우	1
김태종	1
김태환	1
김태훈의	1
김포공항서	1
김포국제공항	1
김포서	1
김포아트빌리지	1
김포풍무	1
김하성마저	1
김학범이	1
김학범호에서	1
김한표	1
김해공항서	1
김해란과	1
김해란은	1
김해서	1
김해서부소방서	1
김해시동남지방통계청	1
김해시의회	1
김해에	1
김해영	1
김해자	1
김현수에	1
김현수의	1
김현아	1
김현아와	1
김현종	1
김혜리	1
김혜순의	1
김혜진	1
김홍도	1
김홍박	1
김희진이	1
깃들다	1
깃들도록	1
깃발로	1
깅리치	1
깅리치프리버스도	1
깊어갈수록	1
깊어진다	1
깊은밤	1
까다로워	1
까닭은종합	1
까레이쯔	1
까먹었다	1
까뮤이앤씨	1
깎고	1
깎아준다	1
깎아줄게	1
깎이는	1
깐깐해져	1
깐깐해진	1
깐깐해진다	1
깐다	1
깔깔티비	1
깔끔한	1
깔려	1
깔려종합	1
깔아야	1
깜박	1
깜빡임까지	1
깜짝도착	1
깜짝방문	1
깜짝선발	1
깜짝쇼크	1
깜짝투	1
깨	1
깨끗하게	1
깨닫게해야종합	1
깨달아야	1
깨달을	1
깨달음	1
깨물어보는	1
깨야	1
깨어나	1
깨어남의	1
깨어났다	1
깨우나	1
깨운	1
깨져	1
깨졌지만	1
깨진다	1
깨질	1
깨질까	1
깨질라	1
깨트리기	1
깬다	1
깰	1
깰라	1
꺼	1
꺼내고	1
꺼내나	1
꺼내드나	1
꺼내드나종합	1
꺼내며	1
꺼낸것	1
꺼낸다	1
꺼낼	1
꺼낼까	1
꺼냈나	1
꺼려	1
꺼져라	1
꺼지고	1
꺼지나	1
꺼진	1
꺾겠다	1
꺾는	1
꺾어	1
꺾여13일	1
꺾였지만	1
꺾을	1
꺾을지는	1
꺾이니	1
꺾이지	1
꺾인다	1
꺾일까	1
껍데기	1
껍데기는	1
껑충종합	1
껴도	1
꼬리자르기	1
꼬마빌딩	1
꼬마빌딩을	1
꼬마작곡가	1
꼬마철학자	1
꼬북칩	1
꼬여	1
꼭두각시	1
꼭두각시에서	1
꼭두이야기	1
꼴찌종합	1
꼴찌탈출	1
꼴찌팀의	1
꼼꼼	1
꼼수증여	1
꼼짝	1
꼽히는	1
꽁꽁종합	1
꽁치잡이	1
꽁치캔	1
꽂나	1
꽂으면	1
꽂은	1
꽂히다	1
꽃게축제	1
꽃과	1
꽃길이다	1
꽃길처럼	1
꽃대신	1
꽃들이여	1
꽃무릇	1
꽃벽정원	1
꽃봉오리	1
꽃봉오리에서	1
꽃비가	1
꽃비는	1
꽃에이드	1
꽃으로	1
꽃은	1
꽃지해변	1
꽃청년	1
꽃축제	1
꽃축제장	1
꽃피우자	1
꽃향기는	1
꽃향기에	1
꽈당	1
꽉막힌	1
꽝꽝	1
꽝치지	1
꽤	1
꾀하며	1
꾀해	1
꾸려야	1
꾸리고종합	1
꾸리지	1
꾸릴	1
꾸며	1
꾸몄다	1
꾸었다고	1
꾸울꺽	1
꾸준한	1
꾸준함도	1
꿀	1
꿀꺽	1
꿀꺽종합	1
꿀벌의	1
꿀보직	1
꿀재미	1
꿀잼	1
꿀팁은	1
꿇고	1
꿇기	1
꿇었나	1
꿇지	1
꿈fc	1
꿈꾸게	1
꿈꾼	1
꿈꾼다면	1
꿈꾼다종합	1
꿈꿉니다	1
꿈꿔	1
꿈꿔온	1
꿈꿔요	1
꿈꿨던	1
꿈나무들	1
꿈나무들의	1
꿈도	1
꿈마을	1
꿈은	1
꿈이	1
꿈인	1
꿈쩍	1
꿈쩍않는	1
꿈틀대	1
꿈품교실	1
꿔주신	1
꿰매	1
꿰매지	1
꿰찬	1
꿴	1
끄덕	1
끄덕인	1
끄덕종합	1
끄자	1
끄집어낸	1
끈기는	1
끈끈함	1
끈다	1
끈적괴물	1
끈적한	1
끊	1
끊겨	1
끊겼다	1
끊기	1
끊기나	1
끊김없는	1
끊김없이	1
끊나종합	1
끊는	1
끊어	1
끊어낸	1
끊어야	1
끊어주려고	1
끊임없는	1
끊지	1
끌고	1
끌려간	1
끌려갈	1
끌림의	1
끌어	1
끌어내린	1
끌어내야	1
끌어낸	1
끌어냈다	1
끌어당길	1
끌어들여	1
끌어들이는	1
끌어들이려는	1
끌어안고	1
끌어올렸다	1
끌어올렸다종합	1
끌어올리기	1
끌어올릴까	1
끓어오르는	1
끓었다	1
끔찍하고	1
끔찍한	1
끗	1
끙끙	1
끝나고도	1
끝나길	1
끝나니	1
끝나서	1
끝나자마자	1
끝날까	1
끝날지	1
끝났나	1
끝났다종합3보	1
끝났어	1
끝났으니	1
끝났으면	1
끝났지만	1
끝내고요	1
끝내기까지	1
끝내기승	1
끝내는	1
끝내라	1
끝내지	1
끝낼	1
끝냈으면	1
끝서	1
끝없어	1
끝없이	1
끝은	1
끝의	1
끝이라면	1
끝인가요	1
끝장내기	1
끝장낼	1
끝장레슨	1
끼고	1
끼니	1
끼면	1
끼어든	1
끼여	1
끼우는	1
끼워	1
끼워넣지	1
끼웠다	1
끼치지	1
끼친	1
끼친다	1
나가겠다던	1
나가고	1
나가네	1
나가던	1
나가도	1
나가도록	1
나가면	1
나가서	1
나가자	1
나간다	1
나갔다	1
나같은	1
나경복의	1
나경채	1
나나영롱킴	1
나날이	1
나네요	1
나노기술에	1
나노기술원	1
나노로봇	1
나노분야	1
나노센서	1
나노셀	1
나노와이어	1
나노융합	1
나노융합사업	1
나노입자	1
나노입자가	1
나노입자로	1
나노주름	1
나노채널	1
나노캠텍에	1
나노패터닝	1
나누고	1
나누기	1
나누러	1
나눈	1
나눔과	1
나눔을	1
나눔의	1
나눔장터	1
나눔주차장	1
나눔축제로	1
나눠갚는	1
나눠먹기	1
나눠서	1
나눠쓰세요	1
나눠쓴다	1
나눠야	1
나눠요	1
나눠주고	1
나눠주나요	1
나눠주는	1
나뉘었다	1
나는데	1
나는야	1
나니	1
나답게	1
나델라	1
나돌아	1
나들이는	1
나들이엔	1
나라는	1
나라다	1
나라답게	1
나라로	1
나라배움터	1
나라서	1
나라에	1
나라에선	1
나라장터	1
나르시시스트들이	1
나르시시스트와	1
나름	1
나면	1
나몰라라	1
나몰래	1
나무가	1
나무가도	1
나무라는	1
나무심기	1
나무의	1
나뭇잎이	1
나뭇잎처럼	1
나발니	1
나발니가	1
나발니에	1
나보타	1
나비정원	1
나빠	1
나빠져	1
나빠지는	1
나빠질듯	1
나빴다	1
나쁘다	1
나쁜소식	1
나쁜손	1
나쁜일	1
나쁜짓	1
나쁜친구	1
나쁠수록	1
나쁨12일	1
나쁨14일	1
나상호황의조	1
나서기	1
나서길	1
나서라	1
나서라종합	1
나선다종합	1
나선서	1
나선지역	1
나선팔	1
나설듯	1
나설수도	1
나설수밖에	1
나섰나	1
나스닥	1
나아가겠다	1
나아가길	1
나아가는	1
나아가라속보	1
나아가야종합	1
나아간	1
나아야	1
나아요	1
나아져	1
나아졌겠지	1
나아졌으나	1
나아질	1
나야	1
나약	1
나약종합2보	1
나였던	1
나오기	1
나오길	1
나오나요	1
나오니	1
나오던	1
나오도록	1
나오라	1
나올것	1
나올것종합	1
나올라	1
나올지	1
나와서	1
나와야	1
나와있지	1
나왔나	1
나왔다종합	1
나왔던	1
나왔어요	1
나우	1
나우필름과	1
나운규	1
나운규의	1
나을	1
나을까요	1
나이는	1
나이들수록	1
나이듦을	1
나이스	1
나이스데이터	1
나이스디앤비	1
나이스알앤씨	1
나이스정보통신	1
나이야가라	1
나이언틱	1
나이에	1
나이제한	1
나이지리아에서	1
나이지리아인	1
나이키와	1
나이트클럽	1
나이트클럽서	1
나인브릿지	1
나일강	1
나일강댐	1
나일강에	1
나전	1
나주곰탕	1
나주에	1
나중	1
나중에	1
나처럼	1
나체	1
나체풍자	1
나치가	1
나치수용소	1
나치와	1
나치즘이	1
나카소네는	1
나타날	1
나타날것	1
나태주	1
나토가	1
나토동맹국도	1
나토러	1
나토와	1
나토와의	1
나트륨전지	1
나포는	1
나포에	1
나포종합	1
나포한	1
나폴리전	1
나한테	1
나향욱	1
나혜석거리	1
나흘간의	1
나흘에	1
낙관은	1
낙관해	1
낙동강변	1
낙동강체육공원서	1
낙뢰로	1
낙뢰사고	1
낙수효과	1
낙승	1
낙점받을까	1
낙점종합	1
낙점팀	1
낙점하나	1
낙조	1
낙찰가	1
낙찰액	1
낙찰통지서	1
낙천	1
낙천에	1
낙천운동	1
낙태광고	1
낙태금지	1
낙태금지한	1
낙태죄	1
낙폭은	1
낙하하면	1
낙화도	1
낙후지역서	1
낙후한	1
낚시기사	1
낚시꾼	1
낚싯배끼리	1
난감한	1
난관도	1
난관종합	1
난다면	1
난맥상	1
난맥상으로	1
난민구조선도	1
난민도	1
난민들	1
난민루트	1
난민보다	1
난민보트	1
난민상	1
난민선에서	1
난민선의	1
난민센터	1
난민수용	1
난민수용소	1
난민수용소의	1
난민시설에도	1
난민시위	1
난민에겐	1
난민위기	1
난민이	1
난민정책	1
난민지원	1
난민지원단체	1
난민촌서	1
난민캠프서	1
난민쿼터	1
난방비	1
난사로	1
난색에도	1
난센	1
난센스	1
난쏘공	1
난장이	1
난제풀어야	1
난조로	1
난조에	1
난중일기서	1
난지	1
난치성	1
난타	1
난타전서	1
난타전종합	1
난타종합	1
난파된	1
난항에도	1
난항종합	1
날개로	1
날개를	1
날개부분	1
날개부품	1
날고	1
날까지	1
날두	1
날뛴	1
날뛸수록	1
날랐나	1
날레디	1
날려버린	1
날려버릴	1
날려보내	1
날려보자	1
날려요	1
날렸다	1
날렸어요	1
날리고	1
날리기도	1
날리다	1
날리면	1
날리자	1
날린다	1
날마다	1
날선	1
날쌘돌이	1
날씨가	1
날씨는	1
날씨로	1
날씨속	1
날씨에서	1
날아	1
날아가	1
날아가종합	1
날아다닐까	1
날아온	1
날아왔나	1
날아왔다	1
날에도	1
날은	1
날이	1
날이었다	1
날종합	1
날짜는	1
날카로운	1
남겨종합	1
남겼다	1
남경필은	1
남과	1
남기고도	1
남기기로	1
남긴건	1
남긴다	1
남녀농구	1
남녀동반	1
남녀프로농구	1
남녘	1
남녘에서	1
남다른	1
남달라	1
남도로	1
남도문화재단	1
남도에	1
남도일보	1
남들이	1
남매	1
남매에	1
남모를	1
남미공동시장	1
남미국가연합	1
남미예선서	1
남발한	1
남방정책	1
남부국경서	1
남부권	1
남부권은	1
남부내륙지역	1
남부도시	1
남부럽지	1
남부분리주의	1
남부서도	1
남부시장	1
남부아프리카	1
남부지방부터	1
남부지방에	1
남부지방으로	1
남부지방은	1
남부표심	1
남북간	1
남북갈등	1
남북공동	1
남북공동개최	1
남북공동개최에	1
남북공동편찬	1
남북관계개선	1
남북관계발전안도	1
남북교류외국인제도	1
남북교류협력법	1
남북군사공동위서	1
남북군축	1
남북노동자단체	1
남북노동자축구	1
남북노동자통일	1
남북노동자통일축구	1
남북노동자통일축구대회	1
남북당국	1
남북대결	1
남북미일중	1
남북미회담	1
남북북미회담	1
남북사무소	1
남북산림협력	1
남북산림협력회의	1
남북선수	1
남북연락사무소장	1
남북연합	1
남북은	1
남북이산가족	1
남북인권대화서	1
남북적대행위	1
남북전	1
남북정상회담둘이	1
남북정상회담서	1
남북정상회담역사적인	1
남북정상회담으로	1
남북정상회담을	1
남북정상회의	1
남북철도	1
남북체육교류협회	1
남북탁구	1
남북통일농구경기대회	1
남북통일농구대회	1
남북하나재단	1
남북학술대회	1
남북한의	1
남북현안	1
남북협력기금	1
남북협력기금서	1
남북협력증진	1
남북화해모드만	1
남북회담본부	1
남북회담본부장	1
남북회담에도	1
남북회담은요	1
남산국악당	1
남산예술센터서	1
남성가족	1
남성들이	1
남성보다	1
남성성의	1
남성잡지	1
남성전용	1
남수단서	1
남수단에서	1
남아공관광청	1
남아공선관위	1
남아공인	1
남아있다	1
남아있습니다	1
남아있으면	1
남았고	1
남았다면	1
남양	1
남양주권	1
남양주서	1
남양주정비사업소	1
남용은	1
남용하면	1
남유럽	1
남으려면	1
남일대해수욕장	1
남자농구도	1
남자들은	1
남자로	1
남자배구부	1
남자아이	1
남자직원	1
남자팀	1
남자핸드볼선수권	1
남중국해가	1
남중국해는	1
남중국해의	1
남쪽부터	1
남쪽으로	1
남측과	1
남친	1
남친샷	1
남쿠릴열도	1
남탓	1
남탓담화	1
남탓말고	1
남탓하는	1
남테운	1
남티베트	1
남파랑길	1
남파랑길로	1
남편에	1
남편에게	1
남편은	1
남편의	1
남포항에	1
남포항종합	1
남풍	1
남풍에	1
남하	1
남하해	1
남학생의	1
남한강축제서	1
남한에	1
남한이	1
남해로	1
남해안길	1
남해엔	1
납	1
납득	1
납부키로	1
납북은	1
납북자	1
납북자단체	1
납세논란	1
납세문제	1
납세소송	1
납세회피	1
납오염	1
납입	1
납작해	1
납치돼	1
납치됐다	1
납치위험국	1
납치피해단체	1
납치피해자	1
납품계약	1
납품대금	1
납품업자	1
납품업체	1
났네	1
났다하면	1
났어요	1
낭독의	1
낭독종합	1
낭독하는	1
낭만벚꽃	1
낭만에	1
낭만이	1
낭보	1
낭송	1
낭송한	1
낭송회	1
낭자	1
낭트	1
낭트행	1
낭패	1
낭패본다	1
낮과	1
낮기	1
낮밤	1
낮부터는	1
낮아진다	1
낮으로	1
낮으면	1
낮을	1
낮을듯	1
낮잠도	1
낮지만	1
낮추겠다	1
낮추기	1
낮추는	1
낮추다	1
낮추면서도	1
낮출	1
낮춰종합	1
낯설지가	1
낱낱이	1
낳는가	1
낳아	1
낳아종합	1
낳았을	1
낳았지	1
내각개편	1
내각기강	1
내각도	1
내각부총리	1
내각에	1
내각은	1
내각이	1
내각회의	1
내건다	1
내걸고	1
내걸어	1
내걸어종합	1
내겠다	1
내겠다종합	1
내고도	1
내구성저하	1
내나	1
내나라여행박람회서	1
내년말	1
내년말까지	1
내년에는	1
내년으로	1
내년이면	1
내놓겠다종합	1
내놓아	1
내놓으라	1
내놓을	1
내놓을까종합	1
내놓을듯	1
내놔보라	1
내놨지만	1
내달8일	1
내달말까지	1
내던	1
내딛는	1
내라종합	1
내라종합2보	1
내려간	1
내려놓겠다	1
내려놓고	1
내려놓으세요	1
내려놓지	1
내려놔야종합2보	1
내려도	1
내려드립다	1
내려면	1
내려받아도	1
내려서기	1
내려앉은	1
내려왔을	1
내려요	1
내려종합	1
내려종합2보	1
내려진	1
내려질까	1
내려치면	1
내렸고	1
내렸다	1
내렸지만	1
내륙과	1
내륙서	1
내륙엔	1
내륙으로	1
내륙지역	1
내리	1
내리기로	1
내리나	1
내리는데	1
내리다	1
내리자	1
내리지	1
내릴지	1
내면을	1
내면의	1
내몰리는	1
내몰린	1
내몰린다	1
내민	1
내밀	1
내버려둬선	1
내보내겠다	1
내보내고	1
내보내야	1
내보낼	1
내보험	1
내부갈등	1
내부고발	1
내부기강	1
내부단속	1
내부로	1
내부문서	1
내부분석자료	1
내부서	1
내부서도	1
내부에서	1
내부자	1
내부자가	1
내부자료	1
내부정리	1
내부지침	1
내부통제강화	1
내부통제로	1
내부행사	1
내부회계관리제	1
내분사태	1
내비에	1
내비쳐	1
내성결핵치료제	1
내성적인	1
내세우는	1
내세워종합	1
내셔널리	1
내셔널축구선수권대회	1
내셔널트러스트	1
내손안의	1
내수부진에	1
내수부진으로	1
내수점유율	1
내수진작	1
내수판매	1
내수회복	1
내쉬	1
내시	1
내시도	1
내실	1
내야수	1
내야안타	1
내어주며	1
내외곽	1
내외국인	1
내외금리차로	1
내용도	1
내용에	1
내용엔	1
내용이	1
내용증명	1
내음	1
내인생에	1
내일tv	1
내일의	1
내일이면	1
내자고	1
내장산	1
내장산리조트	1
내전격화	1
내전격화에	1
내전문제	1
내전서	1
내전속	1
내전에도	1
내전으로	1
내전의	1
내전종식	1
내전중단	1
내전해결	1
내전후	1
내정1보	1
내정간섭은	1
내정된	1
내정자도	1
내정종합3보	1
내주더	1
내주지	1
내주초가	1
내주초부터	1
내준	1
내줄	1
내줄게	1
내줄듯	1
내줘1보	1
내지	1
내집	1
내집마련	1
내집연금	1
내친김에	1
내통설은	1
내팽개친	1
내홍속으로종합	1
내홍으로	1
내후년	1
내후년에나	1
낸다종합	1
낸드플래시	1
냄새에	1
냈다종합2보	1
냈으면	1
냉각속도	1
냉각에	1
냉동디저트	1
냉동만두	1
냉동보관	1
냉동차는	1
냉동컨테이너에	1
냉동트럭서	1
냉면	1
냉면값	1
냉면먹는	1
냉방	1
냉장고에서	1
냉장고의	1
냉전사고에	1
냉전시대	1
냉전종식	1
냉정	1
냉혹함	1
너가	1
너그러운	1
너끈히	1
너는	1
너라도	1
너머	1
너무나	1
너무도	1
너무해종합	1
너였다	1
너울성	1
넉달만에	1
넉달반	1
넉달여	1
넉달전보다	1
넉달째	1
넉살	1
넌	1
널	1
널널	1
넓고	1
넓어졌다	1
넓어진	1
넓어진다	1
넓혀	1
넓혀야	1
넓히고	1
넓힌	1
넓힐까	1
넘게는	1
넘겠다	1
넘겨라	1
넘겨라종합	1
넘겨받는	1
넘겨받아	1
넘겨받은	1
넘겨야	1
넘겨져	1
넘겼나	1
넘겼지만	1
넘기겠느냐	1
넘기기로	1
넘기는	1
넘기자	1
넘나	1
넘나들다	1
넘나들며	1
넘는다종합	1
넘다	1
넘다종합	1
넘버	1
넘실대는	1
넘어2보	1
넘어가나	1
넘어가선	1
넘어갈	1
넘어갈듯	1
넘어까지	1
넘어서겠다	1
넘어서고	1
넘어서다	1
넘어선다	1
넘어설까	1
넘어온	1
넘어와도	1
넘어왔나	1
넘어져	1
넘어종합	1
넘었다종합	1
넘었지만	1
넘으려면	1
넘을것	1
넘을것종합	1
넘쳐나	1
넣고도	1
넣기까지	1
넣는다는	1
넣어나가던	1
넣어둘	1
넣어야	1
넣었어야	1
넣었을	1
넣을듯	1
넣자는	1
네게바	1
네덜란드대학	1
네덜란드서	1
네덜란드와	1
네덜란드총리에	1
네바다도	1
네바다서	1
네시삼십삼분	1
네오	1
네오위즈	1
네오위즈게임즈	1
네오팜	1
네오프레임	1
네온으로	1
네온테크	1
네이마르와	1
네이마르의	1
네이밍후원	1
네이버tv로	1
네이버tv캐스트	1
네이버강원창조경제혁신센터	1
네이버고려대	1
네이버는	1
네이버도	1
네이버랩스삼송캐스터	1
네이버랩스유럽	1
네이버랩스퀄컴테크놀로지	1
네이버로	1
네이버서	1
네이버서비스	1
네이버에도	1
네이버에서	1
네이버연세대	1
네이버페이도	1
네이션스	1
네이션스컵서	1
네이트	1
네타냐후가	1
네타냐후간츠	1
네타냐후와	1
네타냐후와의	1
네타냐후중도	1
네타냐후측에	1
네탓	1
네트워크기술	1
네트워크사업부	1
네트워크사업부장	1
네트워크에	1
네트워크의	1
네트워크장비	1
네트워킹데이	1
네팔도	1
네패스	1
넥벤져스	1
넥센kia	1
넥센kia와	1
넥센발	1
넥센의	1
넥스트bt	1
넥스트vr	1
넥스트바이오홀딩스	1
넥슬렌	1
넷	1
넷플릭스서	1
넷플릭스서도	1
넷플릭스의	1
년의	1
노골화에	1
노는	1
노동3권	1
노동4법	1
노동개혁4법	1
노동개혁특위	1
노동계도	1
노동계층이	1
노동권	1
노동권보호	1
노동단련대	1
노동당대회	1
노동당원	1
노동력	1
노동력이	1
노동부에	1
노동분배율	1
노동소득	1
노동시장	1
노동유연성	1
노동으로	1
노동이사제	1
노동인권	1
노동인권단체와	1
노동인권자료	1
노동자는	1
노동자당	1
노동자들의	1
노동자로	1
노동자에	1
노동자와	1
노동자의	1
노동조건	1
노동착취	1
노동친화적으로	1
노동현안	1
노들섬에서	1
노딜브렉시트	1
노딜은	1
노라라고	1
노라의	1
노란배	1
노란우산공제	1
노랑	1
노래도	1
노래방에서	1
노래책	1
노래하는	1
노래하다	1
노래하던	1
노래한	1
노래한다	1
노래해요	1
노력1보	1
노력은	1
노력을	1
노력의	1
노력이	1
노력지속	1
노력하겠다	1
노력하는	1
노력할	1
노력해야종합	1
노렸나	1
노렸다가	1
노렸지만	1
노루의	1
노루홀딩스	1
노르망디작전	1
노르웨이국부펀드	1
노르웨이의	1
노르웨이항공	1
노릇	1
노릇하다	1
노릇한	1
노리고	1
노리나	1
노리다	1
노리던	1
노무	1
노무현의	1
노무현정부	1
노바	1
노반공사	1
노벨과학상	1
노벨물리학상은	1
노벨상은	1
노벨상의	1
노벨상추천	1
노벨생리의학상	1
노벨클래스	1
노벨평화상에	1
노보텔	1
노보텔부산	1
노부스	1
노사가	1
노사계약	1
노사민정협의회	1
노사와	1
노사협상기술	1
노사확약	1
노상	1
노상에서	1
노선경쟁	1
노선공방	1
노선에서	1
노선투쟁	1
노숙의	1
노숙자	1
노숙자들	1
노스캐롤라이나대	1
노시인이	1
노신영	1
노예계약과	1
노예국가	1
노예제도	1
노원병은	1
노원서	1
노인과	1
노인들에	1
노인빈곤율	1
노인성	1
노인의	1
노자와	1
노장	1
노장부	1
노점	1
노조가	1
노조간부	1
노조법	1
노조위원장	1
노조진주시	1
노주원	1
노준	1
노총	1
노총위원장에	1
노출극	1
노출종합	1
노출종합2보	1
노출종합3보	1
노키아폰	1
노터스	1
노트7과	1
노트7보다	1
노트9과	1
노트fe	1
노트북서	1
노트텔	1
노포	1
노화개선	1
노회찬재단	1
노후대비	1
노후시설	1
노후아파트에	1
노후자금	1
노후주택	1
노후준비	1
노후차량	1
노후한	1
노후화된	1
녹	1
녹는	1
녹록지	1
녹록하진	1
녹색기술센터	1
녹색돌풍	1
녹색불	1
녹색성장	1
녹색인증	1
녹색창에서	1
녹십자랩셀	1
녹십자홀딩스	1
녹아드는	1
녹아든	1
녹여낸	1
녹여낼까	1
녹우당에서	1
녹원씨아이등	1
녹으면	1
녹음된	1
녹음파일처럼	1
녹조	1
녹조라떼	1
녹차고을	1
녹화	1
녹화방송3보	1
녹화한	1
논	1
논객	1
논다	1
논란끝	1
논란도	1
논란에도	1
논란엔	1
논리	1
논리보다	1
논문건수는	1
논문은	1
논문이라는	1
논설위원	1
논설위원실장	1
논설주간	1
논술로	1
논어	1
논어를	1
논으로	1
논의가	1
논의기구	1
논의는	1
논의도	1
논의될	1
논의론	1
논의서	1
논의에서	1
논의요청	1
논의주도	1
논의체	1
논의키로	1
논의하겠다	1
논의하나	1
논의한듯	1
논의할까	1
논의할듯	1
논의했는데	1
논쟁에서	1
논쟁종합	1
논평종합	1
논하다	1
논할	1
놀	1
놀고	1
놀라셨어요	1
놀랄	1
놀랍고	1
놀랍도록	1
놀랐나	1
놀린	1
놀멍	1
놀멍쉬멍	1
놀아난	1
놀아보자	1
놀아볼게요	1
놀아요	1
놀이	1
놀이공원	1
놀이방	1
놀이방매트	1
놀이시설	1
놀이터	1
놀이하는	1
놀자	1
농가소득	1
농구감독대행	1
농구경기	1
농구단	1
농구발전위원회	1
농구야	1
농구영신	1
농구인생	1
농구장서	1
농구장에	1
농구장에서	1
농구캠프	1
농구하면서	1
농구협회	1
농구화	1
농구황제	1
농단	1
농담을	1
농담종합2보	1
농담하는	1
농락	1
농락한	1
농락행위	1
농림수산	1
농민공	1
농민들	1
농민수당	1
농부	1
농부와	1
농사	1
농산물기금	1
농성하는	1
농수산물	1
농아유치원	1
농아인	1
농어업협력재단과	1
농어촌도	1
농업은	1
농업이	1
농업인	1
농업재해	1
농업전선	1
농업지원	1
농업진흥지역	1
농업총조사	1
농작물	1
농장관리	1
농장서	1
농촌사랑운동	1
농촌서	1
농촌에	1
농촌여행코스	1
농촌융복합산업	1
농촌체험	1
농축산	1
농축수산물	1
농축시설	1
농축에	1
농축우라늄	1
농축은	1
농축종합	1
농푸	1
농협경제지주	1
농협금융아문디	1
농협금융지주	1
농협손보	1
농협은행이	1
농협중앙회	1
농협캐피탈	1
농협하나로마트	1
높고	1
높다종합	1
높아졌다	1
높아종합	1
높아지는	1
높아진다는데	1
높았다	1
높여종합	1
높여준	1
높은데	1
높음	1
높이겠다	1
높이자	1
높지만	1
놓고는	1
놓고도	1
놓나	1
놓는	1
놓다	1
놓인	1
놓인다	1
놓쳐선	1
놓쳤나	1
놓쳤다면	1
놓쳤던	1
놓쳤지만	1
놓치나	1
놓치면	1
놓칠까	1
놓칠라	1
놔뒀나	1
뇌가	1
뇌과학	1
뇌과학자	1
뇌관으로	1
뇌물공여	1
뇌물도	1
뇌물수사	1
뇌물수수로	1
뇌물여부	1
뇌물의혹	1
뇌물조작	1
뇌물줄께	1
뇌발달	1
뇌부위	1
뇌수술	1
뇌신경도	1
뇌신경망	1
뇌에서	1
뇌우로	1
뇌우에	1
뇌이식	1
뇌졸중으로	1
누	1
누가종합	1
누구까지	1
누구니	1
누구라도	1
누구로	1
누구를	1
누구보다	1
누구에게나	1
누구에게도	1
누구에서	1
누구였을까	1
누구와도	1
누구편	1
누군가	1
누군가의	1
누굴까	1
누그러진다더니	1
누드	1
누드는	1
누려볼까	1
누려선	1
누리과정까지	1
누리과정예산	1
누리꾼들	1
누리온	1
누리호엔진시험발사	1
누린	1
누벼라	1
누빈다	1
누설은	1
누운	1
누의	1
누이네요종합	1
누적가입	1
누적결제액	1
누적매출액	1
누적시청	1
누적이용자	1
누적투자	1
눈14일	1
눈18일	1
눈23일	1
눈26일	1
눈감아주는	1
눈감은	1
눈꽃세상	1
눈뇌	1
눈덮인	1
눈도	1
눈도장	1
눈돌려	1
눈뜨는	1
눈물나게	1
눈물나는	1
눈물도	1
눈물만	1
눈물은	1
눈물이	1
눈보라	1
눈보라에	1
눈부시도록	1
눈빛만	1
눈사람	1
눈사람도	1
눈세상으로	1
눈속에	1
눈쌓인	1
눈앞의	1
눈엣가시	1
눈엣가시처럼	1
눈여겨본	1
눈을	1
눈이나	1
눈종합	1
눈치보고	1
눈치보며	1
눈치보지	1
눈폭풍에	1
눌러	1
눌러종합	1
눌렀다	1
뉴넷	1
뉴라이즈	1
뉴럴링크	1
뉴로바이오젠과	1
뉴로텐신	1
뉴스공유플랫폼	1
뉴스공장	1
뉴스는	1
뉴스댓글	1
뉴스랩	1
뉴스로	1
뉴스미디어	1
뉴스앵커	1
뉴스위크	1
뉴스제휴	1
뉴스채널	1
뉴스콘서트	1
뉴스타파	1
뉴스타파와	1
뉴스통신사세계대회	1
뉴스특보	1
뉴스판에	1
뉴스플랫폼	1
뉴스피드에	1
뉴스피처	1
뉴시	1
뉴욕매거진	1
뉴욕선	1
뉴욕시	1
뉴욕시장도	1
뉴욕에서	1
뉴욕을	1
뉴욕인문융합여행	1
뉴욕주의회	1
뉴욕필	1
뉴욕현대미술관	1
뉴이어	1
뉴있저	1
뉴질랜드관광에	1
뉴질랜드도	1
뉴질랜드선수들	1
뉴질랜드에	1
뉴질랜드와	1
뉴질랜드페루	1
뉴캐슬전	1
뉴캐슬전에서	1
뉴파트너십	1
뉴페이	1
뉴햄프셔도	1
느긋하게	1
느껴진다네요	1
느끼기만	1
느끼길	1
느끼다	1
느끼세요	1
느낀	1
느낌든다	1
느낌이	1
느낌있는	1
느는	1
느랭이골의	1
느리게	1
느리울중	1
느릴	1
느림	1
느슨해져	1
늑대	1
늑대머리	1
늑장	1
늑장대응	1
늑장대응에	1
늘까	1
늘던	1
늘려가는	1
늘려도	1
늘려종합	1
늘려준다	1
늘려줘	1
늘렸나	1
늘렸더니	1
늘리기	1
늘리나	1
늘리려면	1
늘리지도	1
늘면	1
늘수록	1
늘어날까	1
늘어선	1
늘어종합2보	1
늘어진	1
늘었나봐요	1
늘이면	1
늘자	1
늘푸른연극제	1
늙나	1
늙어서도	1
늙었습니다	1
늙지	1
늙지않는	1
늠름한	1
능력과	1
능률교육	1
능선	1
능수매	1
능통한	1
능한	1
늦게부터	1
늦기	1
늦다	1
늦더위에	1
늦어종합	1
늦어지는	1
늦어진다	1
늦었다	1
늦은밤	1
늦지	1
늦추고	1
늦추기도	1
늦추나	1
늦추면	1
늦춘	1
늦춘다	1
늦춰	1
늦춰야	1
늦춰야종합2보	1
늦춰져	1
늦춰종합	1
늦춰진다	1
늦춰질까	1
늪에빠진	1
늪으로	1
늪으로종합	1
니네	1
니들	1
니뽕내뽕과	1
니스서	1
니스에	1
니스전	1
니제르서	1
니퍼트처럼	1
닌텐도	1
님	1
님도	1
다가갈	1
다가갑니다	1
다가구	1
다가구도	1
다가구주택에서	1
다가서	1
다가서는	1
다가오나	1
다가오는	1
다가온다	1
다가올	1
다각검토중	1
다각도	1
다각도로	1
다각적	1
다각포석종합	1
다같이	1
다급한	1
다나	1
다나스로	1
다낭시장	1
다녀가면	1
다녀오세요	1
다녀올게	1
다녔던	1
다는	1
다니엘	1
다닌	1
다닐수록	1
다다르는	1
다다른	1
다닥다닥	1
다단계	1
다단계업체	1
다단계영업	1
다당제	1
다당제보다	1
다대마을	1
다도해	1
다득점	1
다듬는	1
다루기	1
다루다	1
다루스만	1
다룰	1
다뤄야속보	1
다뤄질	1
다르니까	1
다르면서	1
다르빗슈에	1
다른계좌	1
다른지	1
다를것	1
다를까	1
다름없다	1
다름에	1
다리로	1
다리에	1
다리역할	1
다리와	1
다리위의	1
다마스쿠스서	1
다무네	1
다문	1
다문화독서동아리	1
다문화의	1
다문화한마당	1
다발	1
다변화종합	1
다보스에서	1
다보스포럼서	1
다부처	1
다빈치	1
다빈치는	1
다산	1
다산진건	1
다산초당	1
다선의원에	1
다섯번째	1
다섯작가의	1
다세대주택	1
다세대주택서	1
다수의석	1
다수인듯	1
다승은	1
다시금	1
다시마	1
다양성과	1
다양성은	1
다양종합2보	1
다양하고	1
다양화한	1
다영	1
다영이가	1
다영이와	1
다우키움그룹	1
다운1보	1
다운2보	1
다운계약	1
다운받는데	1
다윈	1
다윈서	1
다음에는	1
다음에서	1
다음으로	1
다음주까지	1
다음주중	1
다이노스	1
다이닝	1
다이빙캐치	1
다이아티비	1
다이애나	1
다이애나비	1
다이애나빈	1
다이앤	1
다이어리도	1
다이어트도	1
다이어트로	1
다이얼로그	1
다자구도	1
다자무역체계	1
다자회담서	1
다자회의	1
다잡기	1
다저	1
다저스의	1
다저스전	1
다저스타디움	1
다저스타디움서	1
다정한	1
다져	1
다져야	1
다져종합	1
다주택자는	1
다주택자들	1
다중수어	1
다중주택도	1
다지겠다	1
다지길	1
다지는	1
다짐대회	1
다짐하면서	1
다쳐서	1
다쳤나	1
다칠	1
다카서	1
다케시마는	1
다케시마의	1
다큐서	1
다큐영화	1
다투다	1
다툰	1
다툰듯	1
다툴	1
다툼에	1
다파장	1
다하라	1
다함께	1
다해주길	1
다했나	1
다했다종합	1
다행스러운	1
다행히	1
닥쳤다	1
닥터	1
닥터엔서	1
닥터헬기	1
닦고	1
닦는	1
단감	1
단감축제	1
단거리발사체	1
단결	1
단결할	1
단계로	1
단계선	1
단계에	1
단교위기	1
단교한	1
단국대	1
단기금융업	1
단기급등	1
단기매매	1
단기성과	1
단기손익	1
단기연장	1
단기외채	1
단기차입	1
단단해질	1
단단히	1
단독1위	1
단독같은	1
단독과반	1
단독국감	1
단독국회	1
단독대북소식통	1
단독러셀	1
단독문체부	1
단독범행종합2보	1
단독선거에	1
단독선두	1
단독시진핑	1
단독윤병세	1
단독인터뷰	1
단독주택단지	1
단독집권	1
단독채택	1
단독출마한	1
단독회담	1
단둥역	1
단련한다	1
단막극	1
단말기술에	1
단말기자급제	1
단말로	1
단말보상보험	1
단말보험	1
단말부터	1
단말이	1
단백질로	1
단백질로도	1
단백질에	1
단비같은	1
단상에	1
단상에서	1
단상으로	1
단속에	1
단속에도	1
단속용	1
단속은	1
단속정보	1
단속하다	1
단속해도	1
단속효과	1
단수추천	1
단수추천공천	1
단수후보	1
단순노무	1
단순도박	1
단순변심도	1
단순하게	1
단순한	1
단순화	1
단식8일째	1
단식농성	1
단식은	1
단식이	1
단식중단에도	1
단식투쟁으로	1
단신	1
단양팔경	1
단어	1
단어를	1
단어에	1
단어일뿐	1
단연	1
단오	1
단원고	1
단원들도	1
단원에	1
단원이	1
단위행사	1
단일교섭단체	1
단일대회	1
단일된	1
단일리그	1
단일성	1
단일종	1
단일팀도	1
단임	1
단임제로	1
단장으로	1
단장한	1
단전된	1
단절	1
단절종합2보	1
단정하지	1
단종까지	1
단종문화제	1
단종설	1
단종설에	1
단종에게	1
단죄하라	1
단죄한	1
단체가	1
단체관광	1
단체관광객도	1
단체관광서	1
단체는	1
단체들과	1
단체로부터	1
단체상봉	1
단체석	1
단체여행한다	1
단체응원전	1
단체장과	1
단체전	1
단체팀	1
단체협약	1
단축방안에	1
단축법	1
단축으로	1
단축할	1
단타	1
단타족	1
단톡방	1
단편	1
단편소설에	1
단편영화	1
단편을	1
단편적	1
단편집	1
단풍과	1
단풍맛	1
단풍물든	1
단풍으로	1
단풍의	1
단풍인파	1
단합과	1
단합당부	1
단합된	1
단합이	1
단행본	1
단행속보	1
단행종합	1
단호	1
단호대응	1
닫게한	1
닫는다	1
닫은	1
닫지	1
닫혔던	1
닫힐	1
달갑지만은	1
달과	1
달구는	1
달군다	1
달궈진	1
달궜다	1
달까	1
달까지	1
달나무	1
달다	1
달동네	1
달라고	1
달라도	1
달라붙어	1
달라져	1
달라져야	1
달라졌나	1
달라졌네요	1
달라종합	1
달라집니다	1
달랑	1
달래고	1
달래기종합	1
달래러	1
달러매도에	1
달러보유에	1
달러보험	1
달러예금	1
달러의	1
달러종합	1
달러채권	1
달러패권	1
달러화	1
달러화는	1
달러화예금	1
달러화의	1
달려가	1
달려간	1
달려들었던	1
달려보니	1
달려온다	1
달려왔다	1
달려요종합	1
달려종합	1
달력	1
달렸다종합	1
달리	1
달리기	1
달리다	1
달리던	1
달리면	1
달릴	1
달릴까종합	1
달만에	1
달맞이축제	1
달빛걷기	1
달성공원	1
달성률	1
달성의	1
달성하겠다	1
달성하자	1
달아나는	1
달아나라	1
달아드리기	1
달아야	1
달아오른	1
달아오를	1
달에	1
달여	1
달인	1
달째	1
달착륙은	1
달콤커피가	1
달콤한	1
달탐사	1
달탐사선	1
달탐사선은	1
달할	1
닭갈비	1
닭갈비로	1
닭갈비축제	1
닭의	1
닮아가는	1
닮았다	1
담겼나	1
담겼죠	1
담그니	1
담그세요	1
담근	1
담금질은	1
담기나	1
담기나종합	1
담는	1
담담히	1
담당경찰	1
담당관	1
담당자가	1
담당직원에	1
담당하도록	1
담도암	1
담라우의	1
담배기업	1
담배농사	1
담배연기	1
담백하고	1
담뱃갑에	1
담보	1
담보가치	1
담보안	1
담보제공설	1
담보할	1
담수화	1
담아내는	1
담아온	1
담았죠	1
담요	1
담을	1
담을까	1
담을지	1
담판종합	1
담판종합2보	1
담합에	1
담화2보	1
담화종합	1
답답종합	1
답답하다	1
답방을	1
답변논의	1
답변안해	1
답변요지6	1
답변은	1
답변하라	1
답을	1
답이다	1
답장에	1
답장작성	1
답하겠다	1
답하다	1
답해	1
답해야	1
답해야종합	1
닷새만	1
닷새에	1
닷컴	1
당겨종합	1
당관리	1
당국에	1
당국엔	1
당국이	1
당국조사	1
당국통보	1
당권경쟁에도	1
당권구도	1
당권도전	1
당권도전종합	1
당권은	1
당권투쟁	1
당근	1
당근마켓	1
당기	1
당내서도	1
당뇨병	1
당뇨에도	1
당당하게	1
당당하고	1
당당하지	1
당당할	1
당당히	1
당대표회	1
당대회서	1
당돌하게	1
당돌한	1
당력	1
당론땐	1
당론발의종합	1
당론으로	1
당무	1
당무감사	1
당무거부종합	1
당부할	1
당비	1
당비대납	1
당사에	1
당사자는	1
당사자와	1
당선1보	1
당선돼도	1
당선된	1
당선무효	1
당선소감	1
당선인에	1
당신과	1
당신만	1
당신만을	1
당심	1
당에서	1
당연속보	1
당연하다	1
당원교과서	1
당원권	1
당원권리	1
당원도	1
당원투표	1
당원투표제	1
당위	1
당위원회	1
당으로	1
당이냐	1
당일과	1
당일꾼	1
당일꾼처럼	1
당일에야	1
당장은	1
당장이라도	1
당정청은	1
당정청회의에서	1
당조직까지	1
당직인선	1
당직자들	1
당직자들과	1
당진	1
당진에	1
당진으로	1
당창건일	1
당청관계	1
당할	1
당해도	1
당해종합	1
당했는데	1
당헌	1
당현실	1
당협	1
당협위원장들에	1
당협위원장직	1
당혹속	1
당혹스런	1
당혹했을	1
닿는	1
닿다	1
대가가	1
대가검증협의체	1
대가야체험축제	1
대개방	1
대게마을	1
대격돌종합	1
대격변의	1
대결도	1
대결정국	1
대결하는	1
대경기계기술	1
대공	1
대공개	1
대공방어	1
대공유도무기	1
대공황	1
대관령에	1
대관령음악제	1
대관령의	1
대관령종합	1
대관탈락	1
대구고검	1
대구교육청	1
대구는	1
대구라이온즈파크서	1
대구를	1
대구뮤지컬축제	1
대구방문	1
대구삼성라이온즈파크서	1
대구세계여자비치발리볼	1
대구소식	1
대구시내	1
대구시당	1
대구시립희망원	1
대구시민	1
대구시민운동장	1
대구에서	1
대구와	1
대구웹툰캠퍼스	1
대구은행과	1
대구은행서	1
대구전남도	1
대구전주	1
대구점	1
대구지점	1
대구페스티벌	1
대구행동	1
대국it전문가들	1
대국민사과	1
대국세계	1
대권가도	1
대권레이스	1
대권시계	1
대권주자	1
대권주자들	1
대권주자였던	1
대권출사표	1
대금지급	1
대기기간	1
대기록종합	1
대기업은	1
대기업의	1
대기업이	1
대기업집단에	1
대기오염에	1
대기오염으로	1
대기오염이	1
대기자	1
대기줄	1
대기하던	1
대기해도	1
대기행렬	1
대기환경보전법	1
대기획	1
대남경계종합2보	1
대남기구	1
대남위협	1
대남정책	1
대남협박	1
대납의혹	1
대뇌	1
대는	1
대단한	1
대단해	1
대담한	1
대답	1
대답은	1
대답이	1
대대적으로	1
대대적인	1
대도	1
대도마을에서	1
대도무문	1
대도무문종합2보	1
대도시서	1
대동강변	1
대동강수산물식당	1
대동강을	1
대동공업	1
대동하고	1
대두가격	1
대량도살	1
대량멸종	1
대량살상무기	1
대량살상무기일수도	1
대량생산으로	1
대량실업	1
대량탈북	1
대량학살	1
대러협상	1
대령	1
대령에게	1
대륙고기압	1
대륙예선	1
대륙적	1
대를	1
대리모	1
대리모로	1
대리석	1
대리운전	1
대리운전까지	1
대리점수수료	1
대리점이	1
대리처방	1
대리처벌	1
대립종합	1
대만a	1
대만a에	1
대만b에	1
대만관광객	1
대만관광버스	1
대만단교	1
대만도	1
대만독립	1
대만문제	1
대만법안	1
대만보다	1
대만서도	1
대만업체	1
대만여행객은	1
대만은	1
대만일	1
대만전	1
대만정책	1
대만정책은	1
대만총통	1
대만침투	1
대만판공실	1
대면보고는	1
대면하나	1
대멸종	1
대모엔지니어링	1
대모험	1
대목에	1
대문어	1
대미수출	1
대미얀마	1
대미외교	1
대미종속체제	1
대미종합	1
대미특사	1
대미협상	1
대박난	1
대박에	1
대박종합	1
대반격	1
대반격의	1
대반전에도	1
대반전종합	1
대방출	1
대법관에	1
대법원도	1
대법원이	1
대법원장의	1
대법판결	1
대변매체	1
대변인과	1
대변인종합	1
대변인행세	1
대변하겠다종합	1
대부가	1
대부분이	1
대부업계	1
대부업으로	1
대부터	1
대북경계태세	1
대북경협	1
대북대화론에	1
대북매체	1
대북메시지	1
대북민간단체	1
대북방송	1
대북봉쇄	1
대북사업	1
대북사업에	1
대북성명	1
대북수출	1
대북수해지원금	1
대북심리전	1
대북인도지원	1
대북정책은	1
대북제재결의안	1
대북제재권한	1
대북제재후	1
대북제제	1
대북지원	1
대북특사는	1
대북특사에	1
대북특사와	1
대북포용	1
대북협상	1
대붕괴	1
대비까지	1
대비로는	1
대비에	1
대비위해	1
대비중	1
대비책	1
대비태세에	1
대비태세종합	1
대비하는	1
대비하라	1
대비하세요	1
대비한	1
대비해야종합	1
대비훈련	1
대사가	1
대사관과	1
대사급	1
대사대리	1
대사들과	1
대사로	1
대사에	1
대사와	1
대사초치까지	1
대산문화	1
대상국	1
대상됐던	1
대상될	1
대상서	1
대상식품과학상	1
대상인지	1
대상작	1
대서양동맹	1
대서양서	1
대선가도	1
대선개입	1
대선계획	1
대선공약은	1
대선과	1
대선국면	1
대선도	1
대선무기	1
대선변수로	1
대선보도에	1
대선승리	1
대선시계도	1
대선어젠다	1
대선에	1
대선으로	1
대선쟁점	1
대선정강에	1
대선주자들과	1
대선주자들도	1
대선지지도	1
대선판	1
대선판도	1
대선판에	1
대선포럼에	1
대선해도	1
대선후	1
대선후보순위	1
대설내린	1
대설예비특보	1
대설예비특보종합	1
대설주의보는	1
대성산업가스	1
대성산업에	1
대성에너지	1
대성자산운용	1
대성창투	1
대세됐다	1
대세되는	1
대세된다	1
대세들의	1
대세로	1
대세몰이	1
대세에	1
대수	1
대수비	1
대수비로	1
대수술	1
대승으로	1
대승의	1
대신금융그룹	1
대신밸런스제3호스팩	1
대신밸런스제5호스팩에	1
대신저축은행에	1
대신지배구조	1
대신한다	1
대신할	1
대신해주는	1
대신협	1
대실패	1
대안공간	1
대안론	1
대안모색	1
대안없는	1
대안에	1
대안을	1
대안입니다	1
대야	1
대야관계	1
대약진	1
대어급	1
대여공세	1
대여공조	1
대여로	1
대여총공세	1
대여투쟁	1
대역전극으로	1
대역전승으로	1
대연정에	1
대열	1
대열전	1
대오각성하고	1
대외관계청	1
대외구상	1
대외변수가	1
대우건설산업은행	1
대우조선과	1
대우조선해양에	1
대우할	1
대원제약	1
대위원회	1
대유그룹	1
대유플러스	1
대응과	1
대응관세	1
대응기조	1
대응능력	1
대응도	1
대응예산	1
대응용종합	1
대응을	1
대응의지	1
대응조치로	1
대응체계	1
대응카드는	1
대응태세	1
대응팀도	1
대응필요	1
대응한	1
대응한다종합2보	1
대응할것	1
대응했다	1
대의원	1
대의원들	1
대이스라엘	1
대일	1
대일외교에	1
대작으로	1
대장암	1
대장에게	1
대재앙	1
대재앙의	1
대재앙이	1
대저생태공원	1
대전교육과학원구원	1
대전교육청	1
대전기상청	1
대전망	1
대전맹학교	1
대전서	1
대전세종충남기자협회	1
대전시	1
대전시의	1
대전시장	1
대전시하나금융	1
대전언론문화연구원	1
대전에도	1
대전진흥원과	1
대전차유도무기	1
대전충남에	1
대전테크노파크	1
대전환종합	1
대접은	1
대정부	1
대조되는	1
대좌한	1
대중가요의	1
대중교통에서	1
대중문화	1
대중문화시설	1
대중문화예술의	1
대중부유층	1
대중성	1
대중속으로	1
대중음악	1
대중음악가	1
대중음악현대미술	1
대중의존도	1
대중이	1
대중적	1
대중화	1
대중화에	1
대지의	1
대지진급	1
대진침대	1
대진표28일	1
대질주	1
대차잔고	1
대책tf회의에	1
대책과	1
대책마련	1
대책반	1
대책에도	1
대책으로	1
대책종합	1
대처수단	1
대처위해	1
대처할	1
대첩	1
대체거래소	1
대체공휴일	1
대체선박	1
대체수단	1
대체인력	1
대체조달	1
대체하는	1
대추	1
대추축제	1
대출건전성	1
대출권유	1
대출금리도	1
대출금지	1
대출도	1
대출만기	1
대출문턱	1
대출받는다	1
대출받으면	1
대출사기	1
대출상환	1
대출설계	1
대출손실	1
대출액	1
대출액에	1
대출에도	1
대출은	1
대출자가	1
대출자도	1
대출제한도	1
대출조건	1
대출지원	1
대출창구	1
대충돌종합	1
대치pb센터서	1
대치국면	1
대치에	1
대치종합	1
대치하나	1
대치하는	1
대타협하자종합	1
대테러기구	1
대테러센터	1
대테러센터소장	1
대토보상권	1
대통령3당	1
대통령tk의원	1
대통령감	1
대통령과의	1
대통령권한	1
대통령김종인	1
대통령님	1
대통령담화	1
대통령당선인	1
대통령대선후보지도부	1
대통령되지	1
대통령들의	1
대통령들이	1
대통령반군	1
대통령사진	1
대통령상에	1
대통령상에서	1
대통령새누리당	1
대통령시	1
대통령여야지도부	1
대통령으로	1
대통령을	1
대통령이냐	1
대통령이어서	1
대통령이정현	1
대통령이정현당정청은	1
대통령재벌	1
대통령제	1
대통령제가	1
대통령종합	1
대통령직속	1
대통령최순실재단	1
대통령추미애	1
대통령친서	1
대통령카타르	1
대통령퇴진	1
대통령트럼프	1
대통령특사로	1
대통령펜스	1
대통령홍준표	1
대통합	1
대투수가	1
대파종합	1
대파한	1
대패로	1
대포로	1
대포차	1
대포폰은	1
대표vna	1
대표경선	1
대표곡	1
대표는	1
대표단과	1
대표단은	1
대표들과	1
대표모델	1
대표번호	1
대표부대표	1
대표서	1
대표성	1
대표연설하는	1
대표위원은	1
대표의원	1
대표이사와	1
대표자대회	1
대표자와	1
대표자회의	1
대표작	1
대표작가들	1
대표적인	1
대표주자	1
대표축제답게	1
대표팀과	1
대표팀도	1
대표팀서도	1
대표팀은	1
대표팀의	1
대표합니다	1
대표회담	1
대풍	1
대풍에	1
대프리카의	1
대피소동	1
대피시켜야	1
대피시켜야종합	1
대피시키고	1
대피종합	1
대하	1
대하의	1
대학가도	1
대학가로	1
대학갈때까지	1
대학건물서	1
대학과	1
대학교수들	1
대학교수와	1
대학교수의	1
대학기술경영촉진사업	1
대학농구리그	1
대학로서	1
대학로에	1
대학로에는	1
대학로에서	1
대학로예술극장서	1
대학부	1
대학생기자단	1
대학생도	1
대학생들	1
대학생봉사단	1
대학생에	1
대학시절	1
대학야구	1
대학원	1
대학입학가능자원	1
대학입학정보박람회	1
대학종합	1
대학총장	1
대학축구	1
대학출판협회	1
대학팀에	1
대학평가	1
대한골프협회	1
대한골프협회에	1
대한민국도	1
대한민국무용대상	1
대한민국민화공모대전	1
대한민국에	1
대한민국예술원	1
대한민국이	1
대한민국주의자로서	1
대한민국휠체어합창단	1
대한배구협회	1
대한변호사협회장	1
대한상인	1
대한수학회	1
대한제국으로	1
대한제국을	1
대한제국의	1
대한제분	1
대한축구협회에	1
대한축구협회장	1
대한출판문화협회	1
대한항공서	1
대한항공에서	1
대한항공우	1
대한항공으로	1
대한항공이	1
대한항공현대캐피탈	1
대항	1
대항마는	1
대항마될까	1
대항전서	1
대항종합	1
대항해	1
대행과	1
대행기관	1
대행도	1
대행업체	1
대행업체와	1
대행종합	1
대행체제	1
대행체제로	1
대행체제종합	1
대혁명기념일	1
대형it기업	1
대형과학조사선	1
대형로펌서	1
대형로펌에	1
대형리츠	1
대형마트	1
대형백화점	1
대형사	1
대형사업자	1
대형산불	1
대형산불로	1
대형산불에	1
대형서점엔	1
대형여객선	1
대형정당	1
대형참사로	1
대형추리소설	1
대형토목공사	1
대형화	1
대혼돈의	1
대혼란	1
대혼전	1
대홍수로	1
대홍수에	1
대화가능성	1
대화견인	1
대화경위	1
대화공조로	1
대화관계	1
대화관계수립	1
대화국면	1
대화록땐	1
대화만으로	1
대화만이	1
대화모멘텀	1
대화목록	1
대화분위기	1
대화상대	1
대화서	1
대화와	1
대화용의	1
대화재개	1
대화전환이냐	1
대화제의	1
대화중단	1
대화테이블	1
대화통한	1
대화하며	1
대화하면	1
대화하자는	1
대화할듯	1
대회에서	1
대회에선	1
대회의실에서	1
대회장	1
댄	1
댄스	1
댄스시어터1	1
댄스월드컵	1
댈러스로	1
댈러스와	1
댓글도	1
댓글사건보다	1
댓글수사에	1
댓글은	1
댜우존스	1
더나은	1
더뎌	1
더뎌질듯	1
더듬는	1
더럽게	1
더로전과	1
더많이	1
더미	1
더미래	1
더민주내	1
더민주는	1
더민주무소속	1
더민주부터	1
더민주정의당	1
더민주종합	1
더벤처스와	1
더불어	1
더불어한국당	1
더블미와	1
더블업	1
더블위기	1
더블이	1
더비카운티에	1
더빙	1
더빙하는	1
더선	1
더우면	1
더우주	1
더운데	1
더울	1
더워도	1
더워서	1
더웠던	1
더위까지	1
더위도	1
더위를	1
더위야	1
더위에	1
더위종합	1
더이앤엠	1
더존비즈온	1
더좋은	1
더캐피탈그룹컴퍼니스	1
더타임스	1
더테라스	1
더플라자	1
더필요	1
더하다	1
더한다	1
더할것	1
더해야	1
더해줄	1
덕분이죠	1
덕분종합	1
덕성	1
덕성여대	1
덕유산리조트	1
덕유산에	1
덕이죠	1
덕큐리로	1
덕큐리의	1
덕후	1
덕후들	1
덕후들아	1
던져서	1
던져야	1
던져종합	1
던졌는지도	1
던졌어요종합	1
던지겠다	1
던지고	1
던지고도	1
던지기	1
던지기가	1
던지더라	1
던지려고	1
던진다	1
던질	1
던질지	1
덜고	1
덜덜	1
덜미잡혀	1
덜어내고	1
덜었다종합2보	1
덜컥	1
덜컹	1
덤	1
덤까지	1
덤빌까	1
덥고	1
덥네	1
덥다니	1
덥지	1
덧없는	1
덩달아	1
덩샤오핑의	1
덩크왕은	1
덫	1
덫종합	1
덮어	1
덮은	1
덮자고	1
덮쳤다	1
덮치는	1
덮친다	1
덮칠라	1
덮힌	1
데가	1
데까지	1
데드라인	1
데려가겠다	1
데려가기로	1
데려가도록	1
데려온다	1
데려왔다	1
데리고	1
데리다	1
데리다를	1
데리다와	1
데만	1
데뷔골로	1
데뷔무대	1
데뷔시즌	1
데뷔앨범서	1
데뷔앨범으로	1
데뷔전도	1
데뷔전서도	1
데뷔하는	1
데뷰	1
데이비스의	1
데이식스	1
데이에	1
데이터가	1
데이터거래	1
데이터경제	1
데이터랩	1
데이터를	1
데이터센터서	1
데이터업체	1
데이터에	1
데이터저널리즘코리아	1
데이터홈	1
데이트용	1
데이트폭력	1
데이트하듯	1
데이팅	1
데일리울산	1
덱스로	1
덴마크서	1
덴마크에	1
덴버에	1
덴버전	1
델루나에	1
델리	1
델리미트	1
델마	1
델타로봇	1
뎅기	1
뎅기보다	1
도가	1
도구로	1
도구종합	1
도깨비난장	1
도깨비책방	1
도난당해	1
도난당했다	1
도난분실	1
도난아냐	1
도널드슨과	1
도널드슨에게	1
도넘고	1
도넘어	1
도달가능	1
도달종합	1
도달할까	1
도달할까종합	1
도달했다	1
도당개편대회	1
도대체	1
도덕	1
도덕규칙	1
도덕적으로	1
도둑의	1
도래	1
도레	1
도레는	1
도로개설	1
도로공	1
도로공사에	1
도로공사의	1
도로교통법	1
도로는	1
도로변	1
도로변서	1
도로서	1
도로에서	1
도로위	1
도로주행	1
도롯가	1
도루까지	1
도루에	1
도르트문트는	1
도르트문트전	1
도를	1
도리안	1
도리어	1
도마에	1
도망자	1
도망치던	1
도매가	1
도매대가	1
도매로	1
도매시장	1
도매평균가	1
도모종합	1
도미니카공화국	1
도미니카공화국서	1
도미니카에도	1
도미닉	1
도미닉시뇨라	1
도민	1
도민공청회	1
도박꾼	1
도박보다	1
도박산업	1
도박업체	1
도박으로	1
도발서	1
도발억제책	1
도발중단	1
도발카드	1
도발하면	1
도발행위종합	1
도배종합	1
도보다리에서	1
도보로	1
도보여행	1
도봉구보다	1
도상훈련	1
도서개발촉진법	1
도서관들	1
도서관에	1
도서관으로	1
도서관인가	1
도서관정보정책위	1
도서나눔	1
도서전에	1
도서정가제	1
도서톡집사	1
도시가	1
도시가스	1
도시개발구역	1
도시개발조합원간	1
도시계획	1
도시계획조례	1
도시공원	1
도시공원위	1
도시농민공	1
도시농업의	1
도시란	1
도시에	1
도시연합에	1
도시와	1
도시정비	1
도시철도에	1
도시첨단산단	1
도시투어	1
도시화는	1
도심공원에	1
도심도	1
도심서는	1
도심속	1
도심에	1
도심에서	1
도심의	1
도약의	1
도약하리라	1
도에	1
도와달라	1
도와드려요	1
도와야죠	1
도와온	1
도와줄게	1
도와줍니다	1
도요타	1
도요타에	1
도용신고로	1
도용한	1
도움되도록	1
도움될까	1
도움될지	1
도움받고	1
도움받는다	1
도움받은	1
도움속보	1
도움이	1
도의원으로	1
도의적	1
도이체방크의	1
도이치모터스	1
도이치텔레콤	1
도이치텔레콤과	1
도이치파이낸셜	1
도입2보	1
도입된다	1
도입땐	1
도입으로	1
도입키로	1
도입하라	1
도입한다	1
도입할	1
도입할까	1
도입후	1
도자	1
도자기서	1
도자기축제	1
도자재단	1
도전기종합	1
도전하겠다	1
도전하고	1
도전하기로	1
도전하라	1
도전하면	1
도전한	1
도전한다	1
도전해야	1
도주교도	1
도주극	1
도주한	1
도착1보	1
도착3보	1
도착시각	1
도착시간	1
도착종합2보	1
도청방지	1
도출되길종합2보	1
도출하겠다	1
도출하길	1
도쿄ymca	1
도쿄는	1
도쿄도지사	1
도쿄돔	1
도쿄매장	1
도쿄보다	1
도쿄에	1
도쿄올림픽도	1
도쿄이야기	1
도쿄지사	1
도쿄지사에	1
도쿄항	1
도피는	1
도핑스캔들	1
도핑컨트롤센터	1
도하서	1
독감백신	1
독대요청	1
독대종합	1
독도경비대에	1
독도는	1
독도에	1
독도의	1
독도일본땅	1
독도헬기	1
독려에도	1
독립경영	1
독립과	1
독립군처럼	1
독립기관	1
독립기념일로	1
독립기념일행사	1
독립기업	1
독립기업으로	1
독립노선	1
독립리그서	1
독립리그에서	1
독립만세	1
독립사적지	1
독립서점	1
독립선언	1
독립야구	1
독립야구단	1
독립언론도	1
독립영화로	1
독립운동	1
독립운동과	1
독립운동유적지	1
독립유공자와	1
독립유공자회	1
독립유공자후손	1
독립적인	1
독립제작사	1
독립주의자	1
독립창작자	1
독립창작자와	1
독립추진	1
독립출판인	1
독립출판협회	1
독립투표	1
독립해도	1
독살	1
독살미수	1
독서경영	1
독서는	1
독서대전	1
독서동아리	1
독서동아리에	1
독서마라톤	1
독서서비스	1
독서축제	1
독서축제종합	1
독서클럽	1
독선이	1
독신	1
독신서약	1
독신여성	1
독은	1
독일관광청	1
독일관광청의	1
독일군	1
독일기자가	1
독일까	1
독일대표팀	1
독일산	1
독일상의	1
독일은	1
독일이냐	1
독일이다	1
독일작곡가협회	1
독일전엔	1
독일축구	1
독일축구선수	1
독일하원	1
독자개발	1
독자기술	1
독자노선	1
독자들	1
독자소송	1
독자제재종합2보	1
독자추천	1
독자해제	1
독자핵무장	1
독재국가	1
독재로	1
독재의	1
독재정권때	1
독재정부	1
독재타도	1
독재희생자	1
독점안돼	1
독점유통으로	1
독점적	1
독점종합	1
독주한	1
독해	1
독해져야	1
독해지는	1
돈과	1
돈나룸마	1
돈다발이	1
돈되면	1
돈만	1
돈받고	1
돈방석도	1
돈버는	1
돈벌려는	1
돈보따리에	1
돈빌린	1
돈세탁방지	1
돈없는	1
돈육선물	1
돈은	1
돈이다	1
돈주들	1
돈찍으면	1
돈처럼	1
돈치킨	1
돈풀어	1
돋보인	1
돋운다	1
돌고	1
돌려받는다	1
돌려받아	1
돌려보내자	1
돌려보낼	1
돌려보냈을	1
돌려보는	1
돌려선	1
돌려종합2보	1
돌려주오	1
돌려준다	1
돌렸다	1
돌렸지만	1
돌리기	1
돌린다	1
돌발변수	1
돌발변수에	1
돌발악재에	1
돌봄노동	1
돌아가겠다	1
돌아가길	1
돌아가는	1
돌아가라	1
돌아가려다	1
돌아가며	1
돌아가야	1
돌아가야종합	1
돌아감의	1
돌아다니며	1
돌아다니면	1
돌아보고	1
돌아보라	1
돌아본다	1
돌아볼	1
돌아선	1
돌아설	1
돌아오겠다	1
돌아오는데	1
돌아오도록	1
돌아오려면	1
돌아오렴	1
돌아오자마자	1
돌아온다	1
돌아올것	1
돌아올게요	1
돌아올까	1
돌아와	1
돌아와라	1
돌았다	1
돌연변이로	1
돌연변이의	1
돌이	1
돌입하는데	1
돌입한	1
돌입해야	1
돌직구로	1
돌진하는	1
돌파구찾기	1
돌파기념	1
돌파속보	1
돌파에도	1
돌파예상	1
돌파자영업대출	1
돌파종합2보	1
돌파카드	1
돌파한	1
돌파할까	1
돌풍과	1
돌풍동반	1
돌풍에도	1
돌풍의	1
돌하르방	1
돔에서	1
돕다	1
돕지말라	1
동강	1
동거	1
동거하나	1
동결된	1
동결될까	1
동결이	1
동결한	1
동결할	1
동계	1
동계시즌	1
동계아시안게임	1
동계올림픽기간	1
동계올림픽을	1
동계정비	1
동계패럴림픽	1
동계훈련	1
동교동계	1
동국대박물관	1
동국실업	1
동굴	1
동굴서	1
동굴이	1
동굴피아	1
동기보다	1
동기부여	1
동기의	1
동기화	1
동나고	1
동남부는	1
동남아는	1
동남아로	1
동남아서도	1
동남아의	1
동남아인	1
동남아판	1
동남합성	1
동났다	1
동네는	1
동네서점과	1
동네책방	1
동네책방이	1
동대문에서	1
동대문점	1
동독	1
동독의	1
동동	1
동등하게	1
동래읍성	1
동력은	1
동력이지만	1
동력확보	1
동료들과	1
동료들에게	1
동료들이	1
동료에게	1
동료와	1
동률종합	1
동맥경화반	1
동맹강화	1
동맹국들에	1
동맹국에	1
동맹국으로	1
동맹군	1
동맹도	1
동맹에서	1
동맹파업	1
동문	1
동물단체	1
동물도	1
동물들	1
동물보호단체	1
동물실험	1
동물용의약품	1
동물원에	1
동물원이	1
동물은	1
동물해방	1
동반개각	1
동반귀순	1
동반성장위원회	1
동반성장지수	1
동반성장펀드	1
동반우승	1
동반자의	1
동반종합	1
동반진	1
동반하락갤럽	1
동반해	1
동방경제포럼	1
동방포럼서	1
동백꽃	1
동백숲이	1
동부내륙	1
동부대우전자서비스	1
동부본부	1
동부지역	1
동북	1
동북권	1
동북동쪽서	1
동북부	1
동북아공동체	1
동북아재단	1
동산	1
동산금융	1
동산담보	1
동상도	1
동생들	1
동생에게	1
동생은	1
동서갈등	1
동서격차	1
동서고속철	1
동서남해서	1
동서부	1
동서양	1
동선	1
동선까지	1
동성	1
동성간	1
동성결혼반대	1
동성부부	1
동성애는	1
동성커플	1
동수	1
동승은	1
동승해	1
동시공개	1
동시관측	1
동시대	1
동시만기	1
동시베리아서	1
동시선거	1
동시선거로	1
동시세일	1
동시압박종합	1
동시입장	1
동시재송신은	1
동시조사	1
동시처리	1
동시체류	1
동시출격	1
동시출시	1
동시파업	1
동시판매	1
동심의	1
동심초	1
동아리	1
동아시아를	1
동아시아에	1
동아시아의	1
동아시아정상회의	1
동아시안컵	1
동아에스티	1
동아엘텍	1
동아태	1
동안의	1
동양예술극장	1
동영상과	1
동영상서	1
동영상에	1
동영상으로	1
동요말고	1
동요하나	1
동원fb	1
동원여부	1
동원종합	1
동원하다니	1
동유럽에	1
동을	1
동의로	1
동의받아	1
동의받아야종합	1
동의여부	1
동의하면	1
동의한	1
동의할	1
동의해야	1
동일1보	1
동일기연	1
동일산업	1
동일철강	1
동전	1
동점11회	1
동점골로	1
동점타	1
동점타에	1
동정방통위	1
동정여론	1
동조기류	1
동조했다가	1
동족대결광	1
동족대결정책의	1
동중국해	1
동지가	1
동지들과	1
동지라고	1
동지서	1
동쪽	1
동쪽서	1
동쪽에서	1
동참해달라종합	1
동참했으면	1
동창리에서	1
동탄2	1
동탄2기	1
동탄2신도시	1
동탄2신도시서	1
동탄호	1
동토된	1
동판	1
동포2세들	1
동포들	1
동포들도	1
동학농민혁명	1
동학에서	1
동해nll	1
동해가	1
동해만	1
동해무릉제	1
동해상서	1
동해안권	1
동해안서도	1
동해안에	1
동해안으로	1
동해일본해	1
동해해역	1
동행끼리	1
동행속보	1
동행종합	1
동행지표	1
동호인이	1
동화나라	1
동화를	1
동화음악회	1
동화적	1
돼도	1
돼라	1
돼버린	1
돼서도	1
돼선	1
돼속보	1
돼있다	1
돼주셨다종합2보	1
돼지고기값	1
돼지꿈	1
돼지농가	1
돼지농장	1
돼지심장	1
됐고	1
됐어	1
됐어도	1
됐을까	1
됐지만	1
되감기	1
되갚은	1
되기까지	1
되기도	1
되기에	1
되나요	1
되냐	1
되는데	1
되더라고요	1
되돌려달라	1
되돌리면	1
되돌릴	1
되돌아가	1
되돌아가지	1
되돌아간	1
되돌아간다	1
되살리겠다	1
되살리나	1
되살리면	1
되살린	1
되살린다	1
되살릴까	1
되살아날	1
되새겨야	1
되새기자	1
되셨나요	1
되어가는	1
되어볼까	1
되자종합	1
되지마라	1
되찾기	1
되찾는	1
되찾는다	1
되찾아	1
되찾았지만	1
되찾으면	1
되찾을	1
되풀이되나	1
되풀이하기	1
된거	1
된다는	1
된다더니	1
된다종합	1
된서리	1
될것종합	1
될게요	1
될듯	1
될라	1
될래요	1
될수도	1
될수없는	1
됩니다	1
두개골	1
두개골서	1
두경민김선형	1
두고봐야종합	1
두골은	1
두곳서	1
두권	1
두근거리는	1
두껍게	1
두껍네	1
두나라	1
두뇌게임	1
두뇌유출	1
두는	1
두달새	1
두대	1
두더지쥐의	1
두둑하게	1
두둥실	1
두드렸다가	1
두드리면	1
두들겨	1
두들기며	1
두려우면	1
두려움의	1
두려워할	1
두렵게	1
두른	1
두린이날	1
두만강변과	1
두만강의	1
두목에	1
두바이공항	1
두바이에	1
두배	1
두번	1
두번째종합	1
두분	1
두산sk	1
두산건설에	1
두산공작기계	1
두산과	1
두산로보틱스	1
두산마저	1
두산분당센터	1
두산서	1
두산솔루스	1
두산인문극장	1
두산청소년아트스쿨	1
두산테크포럼	1
두산퓨얼셀	1
두산행	1
두살이어서	1
두시간만에	1
두올산업	1
두자	1
두자릿수서	1
두집살림	1
두터운	1
두테르테에	1
두툼한	1
둔채	1
둔해진다	1
둔화로	1
둔화세	1
둔화에	1
둔화종합	1
둘러보고	1
둘러본다	1
둘러볼까	1
둘레길	1
둘레길에	1
둘로	1
둘뿐인	1
둘이	1
둘째날	1
둘째에	1
둘째주	1
둡시다	1
둥근	1
둥둥	1
둥펑17	1
둥펑21d	1
뒤덮다	1
뒤덮히다	1
뒤돌아서서	1
뒤따라	1
뒤따르는	1
뒤떨어진	1
뒤로종합	1
뒤부터	1
뒤샹	1
뒤섞여	1
뒤섞인	1
뒤숭숭	1
뒤엉킨	1
뒤엎어	1
뒤에는	1
뒤에서	1
뒤이어	1
뒤져종합	1
뒤지다	1
뒤지다가	1
뒤집기냐	1
뒤집기종합	1
뒤집나	1
뒤집는	1
뒤집어	1
뒤집어쓴	1
뒤집었다	1
뒤집을까	1
뒤집힌	1
뒤쫓아	1
뒤처져	1
뒤척뒤척	1
뒤통수	1
뒤투아	1
뒤흔드나	1
뒤흔드는	1
뒤흔든	1
뒷걸음종합	1
뒷담화	1
뒷돈거래	1
뒷돈받고	1
뒷뜰서	1
뒷마당	1
뒷마당서	1
뒷면	1
뒷면에	1
뒷모습	1
뒷받침할	1
뒷받침해야	1
뒷북감찰	1
뒷북만	1
뒷북종합	1
뒷심부족	1
뒷심에	1
뒷전	1
뒷전으로	1
듀랜트까지	1
듀랜트와	1
듀얼스크린에	1
듀얼스크린으로	1
듀얼앱	1
듀오의	1
드나들어	1
드나종합2보	1
드니	1
드라기의	1
드라마는	1
드라마시장	1
드라마에	1
드라이브로	1
드라이브종합2보	1
드라이빙센터에	1
드래곤플라이와	1
드래프트는	1
드래프트서	1
드러나다	1
드러나더라고요	1
드러나면	1
드러나지	1
드러내면	1
드러내지	1
드러내통일부	1
드러냈나	1
드러누울	1
드러머	1
드러먼드	1
드러먼드와	1
드러밍	1
드레스	1
드레스코드	1
드렸다	1
드렸다종합2보	1
드로셔	1
드론계의	1
드론과	1
드론레이싱	1
드론시설	1
드론이	1
드론저널	1
드론프레스와	1
드롭	1
드루킹사건	1
드루킹사건이	1
드루킹에	1
드리는	1
드리우는	1
드리자	1
드린다	1
드림걸즈	1
드림세이브	1
드림시어터	1
드림씨어터	1
드림팀되자	1
드문	1
드물게	1
드뷔시	1
드뷔시로	1
드시러	1
드억	1
드제라드	1
득	1
득보다	1
득보다는	1
득세로	1
득세에	1
득실계산	1
득인가	1
득점2위	1
득점까지	1
득점도	1
득점랭킹	1
득점리바운드	1
득점보다	1
득점에도	1
득점종합	1
득표율로	1
득표율은	1
득표종합	1
든든하게	1
든든하네	1
든든해	1
든든해요	1
듣기	1
듣기로	1
들겠다종합2보	1
들고나올까	1
들기	1
들까	1
들끓게	1
들끓는데	1
들끓어	1
들려오는	1
들려주고	1
들려주시오	1
들려준	1
들려줄	1
들리고	1
들린다면	1
들불축제	1
들썩인	1
들썩인다	1
들쑥날쑥종합	1
들어가	1
들어가는	1
들어간	1
들어간다	1
들어갈	1
들어라	1
들어보이는	1
들어보지도	1
들어서도	1
들어서면	1
들어오면	1
들어올	1
들어와야	1
들어왔는데	1
들어왔다	1
들어있는	1
들었을수록	1
들었지만	1
들여다보니	1
들여다보다	1
들여다본다	1
들여다볼	1
들여다봐야	1
들여다봤다	1
들여와	1
들으며	1
들을까봐	1
들인	1
들통날까	1
듯2보	1
듯속보	1
듯한	1
등거리	1
등교	1
등교시간	1
등기수수료	1
등도	1
등돌리나	1
등락에	1
등락종합2보	1
등록금에	1
등록돼	1
등록발행	1
등록선수	1
등록신청	1
등록신청서	1
등록엑스포	1
등록완료	1
등록제	1
등반가	1
등반대원	1
등번호도	1
등산코스	1
등으로부터	1
등은	1
등이	1
등장에서	1
등장장면	1
등장하나	1
등장하는	1
등장했다	1
등장했지만	1
등재해야	1
등정한	1
등지에	1
등치는	1
등판날	1
등판도	1
등판만	1
등판에도	1
등판에서	1
등판이라고	1
등판일은	1
등판종합	1
등판하는	1
등판할듯	1
등판해	1
디그	1
디그롬과	1
디그요정	1
디딤돌로	1
디딤돌이자	1
디바이스이엔지	1
디벨로퍼	1
디벨로퍼스	1
디스커버와	1
디스크	1
디스플레이가	1
디스플레이광고	1
디스플레이산업협회	1
디스플레이에	1
디스플레이텍	1
디스플레이폰	1
디스플레이화	1
디스하는	1
디씨엠	1
디아스포라	1
디아이티	1
디아이피홀딩스	1
디앱	1
디에스씨밸류하이1호	1
디에스에이티컴퍼니	1
디에스티	1
디에이테크놀로지	1
디우프는	1
디자이너들	1
디자이너를	1
디자이너와의	1
디자이너의	1
디자인과	1
디자인산업	1
디자인상	1
디자인어워드	1
디자인으로	1
디자인의	1
디자인이	1
디저트	1
디젤게이트	1
디젤엔진	1
디종은	1
디지털9	1
디지털tv	1
디지털광고	1
디지털뉴스	1
디지털대성	1
디지털방송아카데미	1
디지털변환	1
디지털성범죄	1
디지털성범죄물	1
디지털어드벤처	1
디지털저널리즘	1
디지털전환	1
디지털정보화	1
디지털콘텐츠	1
디지털헬스케어	1
디지털혁명으로	1
디지털화폐	1
디턴족	1
디토	1
디토와	1
디트로이트에	1
디트로이트전서	1
디펜딩챔프	1
딕	1
딜라이브카카오	1
딜러들에	1
딜레마에	1
딜레마종합	1
딜리트	1
딜만은	1
딜은	1
딥	1
딥드림	1
딥러닝용	1
딥마인드에	1
따겠다	1
따귀	1
따내	1
따낸	1
따냈다	1
따돌려종합	1
따뜻하고	1
따뜻함	1
따뜻해져	1
따라가	1
따라가고	1
따라다니던	1
따라야	1
따라야종합	1
따라잡는다	1
따라잡는다더니	1
따랐더라면	1
따랐던	1
따랐을	1
따로따로	1
따로없어	1
따르겠다	1
따르는	1
따를까	1
따릅니다	1
따면	1
따복버스	1
따스한	1
따자	1
따져도	1
따져보니	1
따지기보다	1
따질	1
딱이네	1
딱이네종합	1
딱정벌레	1
딸과	1
딸도	1
딸들이	1
땀에	1
땅끝	1
땅끝까지	1
땅끝마을	1
땅도	1
땅부자	1
땅에	1
땅에도	1
땅콩과	1
땅콩회항	1
땅투기	1
때때로	1
때려잡기에	1
때렸습니다	1
때론	1
때를	1
때리고	1
때리기에도	1
때리기의	1
때리나	1
때리면	1
때린다	1
때린다는	1
때마침	1
때만	1
때문이라고요	1
때보다도	1
때와	1
때울	1
때의	1
때인가	1
땡문뉴스	1
땡큐모바일팩스	1
떠나기	1
떠나기보단	1
떠나나	1
떠나는가	1
떠나니	1
떠나며	1
떠나면	1
떠나보낸	1
떠나보자	1
떠나볼까	1
떠나서	1
떠나세요	1
떠나야종합	1
떠나지	1
떠난다고	1
떠날까	1
떠납니다	1
떠넘겨데일리nk	1
떠돈	1
떠돌던	1
떠돌이	1
떠들고	1
떠안은	1
떠올렸다종합	1
떠올리는	1
떤	1
떨림	1
떨며	1
떨어져종합	1
떨어져종합2보	1
떨어졌는데	1
떨어졌다	1
떨어졌지만	1
떨어지니	1
떨어지며	1
떨어지면	1
떨어지지	1
떨쳐내야	1
떨치겠다종합	1
떨치고	1
떨치나	1
떨치려	1
떨친	1
떳떳하게	1
떼	1
떼간	1
떼는	1
떼써요	1
떼어낼	1
떼었다	1
떼여	1
떼일뻔	1
떼창을	1
뗀날	1
뗄수	1
뗐다	1
또렷한	1
또봉이통닭	1
또한발	1
똑같은	1
똑같은데	1
똑똑	1
똑똑하긴	1
똑똑하다	1
똑똑하지	1
똑똑할까	1
똑똑해져	1
똑똑해진다종합	1
똘똘한	1
똥	1
똥을	1
뚜뚜뚜	1
뚜렷하게	1
뚜루뚜루	1
뚜루루	1
뚜벅뚜벅	1
뚜벅이	1
뚜아뚜지	1
뚝딱맨	1
뚫겠다	1
뚫는다	1
뚫듯	1
뚫려	1
뚫어	1
뚫어라	1
뚫어주는	1
뚫었다종합	1
뚫을까	1
뚱뚱하고	1
뚱뚱해도	1
뚱뚱해진	1
뚱한	1
뛰	1
뛰게	1
뛰길	1
뛰놀자	1
뛰더라도	1
뛰려	1
뛰어가는데	1
뛰어나	1
뛰어났다	1
뛰어넘겠다	1
뛰어넘는다	1
뛰어넘어	1
뛰어놀기	1
뛰어든다	1
뛰어든다종합2보	1
뛰어들어야	1
뛰어야	1
뛰었지만	1
뛰지	1
뛰쳐나가서	1
뜁니다	1
뜨거워진	1
뜨거웠다	1
뜨거웠다종합	1
뜨겁게	1
뜨네	1
뜨지	1
뜬공	1
뜯어	1
뜯어보니	1
뜰을	1
뜻깊다	1
뜻대로	1
뜻밖의	1
뜻이	1
뜻하는	1
띄게	1
띄네	1
띄우고	1
띄우기종합	1
띄우자	1
띄워준다	1
띤	1
띵곡	1
라건아가	1
라건아로	1
라농	1
라닉스	1
라도	1
라돈	1
라디오방송국	1
라디오서	1
라떼	1
라라라페스티벌	1
라라랜드	1
라라랜드와	1
라마단에도	1
라멜라와	1
라바	1
라바랜드	1
라벨	1
라벨갈이	1
라벨라오페라단	1
라스베이거스서	1
라스베이거스행	1
라오스에	1
라운드서	1
라운지	1
라운징	1
라울과	1
라윤	1
라이	1
라이고비르고	1
라이벌로	1
라이벌이자	1
라이베리아서	1
라이브로	1
라이브볼	1
라이브사이트로	1
라이브에	1
라이브케어	1
라이브톡	1
라이브피칭	1
라이언과	1
라이언록	1
라이언의	1
라이언킹	1
라이온켐텍	1
라이즈	1
라이트2	1
라이트로	1
라이트백	1
라이트홈	1
라이프러리	1
라이프스타일	1
라이프스타일숍	1
라이프에	1
라이프치히	1
라이프치히와	1
라이프치히전에서	1
라인게임즈	1
라인업은	1
라인웍스	1
라인이	1
라인플러스	1
라커룸	1
라트비아와	1
라틀리프의	1
라틴	1
라틴계	1
란지니	1
랄라블라서	1
람보르기니와	1
람에	1
람페두사	1
람페두사섬서	1
람페두사항	1
랍스터	1
래	1
래시가드	1
래프팅하러가요	1
랜드로	1
랜드마크72	1
랜드마크로	1
랜드마크인	1
랜드연구소	1
랜선	1
랜선으로	1
랜섬웨어는	1
랜섬웨어도	1
랜섬웨어와	1
랠리에	1
랩으로	1
랩탑2	1
랭커급	1
랭킹에	1
랭햄	1
랴오닝에	1
랴오닝함	1
랴오닝함과	1
랴오닝함에	1
량의경	1
러국제학교	1
러닝메이트로	1
러닝메이트제	1
러대사	1
러도	1
러북	1
러브앤피스	1
러브콜에	1
러브콜종합	1
러브투게더	1
러빙	1
러서	1
러셀	1
러스트벨트서	1
러시아가	1
러시아군의	1
러시아기	1
러시아대사	1
러시아로부터	1
러시아를	1
러시아문제	1
러시아문학기행	1
러시아베트남	1
러시아서도	1
러시아스캔들	1
러시아식	1
러시아에도	1
러시아엔	1
러시아월드컵에서	1
러시아전서	1
러시아터키	1
러시에	1
러에코	1
러우크라	1
러이	1
러이란	1
러이스라엘	1
러종합	1
러츠의	1
러츠이소영강소휘	1
러측과	1
러측은	1
러트럼프	1
럭셔리호텔	1
럭스로보에	1
럭시	1
런	1
런닝맨까지	1
런던시내	1
런던시장	1
런던시장은	1
런던시티공항	1
런던심포니가	1
런던에	1
런던은	1
런던지하철	1
런던필	1
런웨이	1
런웨이를	1
런칭	1
레고	1
레너드	1
레너드더로전	1
레드닥	1
레드북	1
레드삭스	1
레드삭스는	1
레모나	1
레몬	1
레몬법	1
레바논서도	1
레바논전	1
레버쿠젠과	1
레버쿠젠전	1
레비나스	1
레스터시티전	1
레스터에게	1
레스토랑서	1
레슨	1
레슬링	1
레알과	1
레알이냐	1
레오강	1
레오강은	1
레이건참모도	1
레이건호	1
레이더갈등도	1
레이더갈등에	1
레이더개발	1
레이더로	1
레이더서	1
레이블	1
레이블로	1
레이스는	1
레이시온과	1
레이저로	1
레이저쇼	1
레이저폰2	1
레이지	1
레이커스는	1
레이커스에	1
레이팅	1
레일	1
레저대회	1
레저를	1
레저스포츠	1
레저스포츠의	1
레저축제	1
레전드서	1
레전드캐피탈	1
레전설의	1
레즈	1
레지던스서도	1
레지던스에	1
레진엔터	1
레포츠	1
레프트로	1
레프트서	1
렉처	1
렌탈몰	1
렌털시장	1
령도자종합3보	1
로널드	1
로드가	1
로드도	1
로드맵은	1
로드먼	1
로또아파트	1
로라	1
로마대사	1
로마서	1
로마시	1
로마에서	1
로마재단	1
로맥과	1
로맨틱페스티벌	1
로메리고	1
로미오와	1
로밍시대	1
로밍음성통화	1
로보비	1
로보어드바이저의	1
로보어드바이저펀드	1
로보월드	1
로보틱	1
로보틱스	1
로봇2	1
로봇개발	1
로봇과	1
로봇기사	1
로봇기술	1
로봇기업과	1
로봇기자가	1
로봇까지	1
로봇나무	1
로봇동아리	1
로봇모듈	1
로봇물고기	1
로봇사업	1
로봇심판	1
로봇애인	1
로봇자동화	1
로봇카페	1
로비자금	1
로비조직	1
로숙영과	1
로스가	1
로스로	1
로스의	1
로스쿨	1
로스토프	1
로열	1
로열브루나이	1
로열브루나이항공	1
로이즈	1
로이터기사	1
로이터통신	1
로저스에게	1
로저스와	1
로켓공격	1
로켓발사	1
로켓발사준비	1
로켓배송	1
로켓시험	1
로켓시험발사	1
로켓에	1
로켓엔진시험에	1
로켓포에	1
로테르담	1
로텐더홀서	1
로펌	1
로하니트럼프의	1
로힝야족	1
록앤롤	1
록키	1
론디네	1
론칭에	1
롤러코스터종합	1
롤로웨이	1
롤모델로	1
롬니의	1
롯데kia	1
롯데가	1
롯데닷컴	1
롯데렌탈	1
롯데리조트	1
롯데백화점에	1
롯데삼성넥센	1
롯데수사	1
롯데에서	1
롯데월드lgu	1
롯데월드몰	1
롯데월드타워	1
롯데월드타워서	1
롯데자산개발	1
롯데자이언츠	1
롯데정보통신셀바스	1
롯데카드로	1
롯데카드인터파크	1
롯데컬처웍스	1
롯데콘서트홀서울시향	1
롯데타워	1
롯데호텔	1
롯데호텔월드	1
롯데홈쇼핑에	1
루	1
루게릭병	1
루게릭병이	1
루나lunar	1
루나s	1
루나프로젝트	1
루디랑	1
루머에	1
루브르가	1
루사	1
루살	1
루쉰과	1
루쉰전집	1
루스의	1
루시아도	1
루즈니키경기장	1
루키들도	1
루킹	1
루타	1
루트로닉	1
루틴	1
루프	1
루프펀딩	1
룰의	1
룸메이트하면	1
류경	1
류경정주영체육관에	1
류마티스	1
류문학	1
류성걸	1
류스	1
류스페이	1
류현진답지	1
류현진보다	1
류희운	1
르네상스편	1
르노닛산	1
르노닛산미쓰비시	1
르노삼성자동차	1
르노의	1
르완다군이	1
르완다에	1
른합개혁신당	1
를	1
리거	1
리그가	1
리그서	1
리그앙은	1
리그에서	1
리그전	1
리그컵에서	1
리길성	1
리눅스	1
리는	1
리니언시	1
리니지	1
리니지m은	1
리니지가	1
리더가	1
리더들	1
리더로	1
리더보드	1
리더스포레에	1
리더역할	1
리드와	1
리드코프	1
리딩뱅크	1
리마인더	1
리먼	1
리모컨은	1
리바오둥	1
리바운드스틸블록슛	1
리버뷰	1
리버풀fc초청	1
리버풀과	1
리버풀에	1
리버풀전서	1
리버풀전에서	1
리베라	1
리베라에게	1
리베라처럼	1
리베로	1
리베로의	1
리보	1
리보중	1
리뷰용	1
리비아가	1
리비아로	1
리비아와	1
리빌딩해야종합	1
리서치기관	1
리셉션	1
리스	1
리스크관리	1
리스크는	1
리스크도	1
리스크업종	1
리스트서	1
리스트에	1
리시브를	1
리안	1
리얼리티쇼	1
리옹토리노	1
리용남과	1
리용선	1
리용호와	1
리우에	1
리전에	1
리조에	1
리조트서	1
리츠	1
리츠에	1
리츠펀드	1
리치	1
리치에츠키	1
리커브	1
리커창과	1
리코	1
리콜로	1
리콜차량	1
리터러시	1
리턴	1
리튬	1
리튬알루미늄합금	1
리튬전지에	1
리튬황	1
리트릿	1
리트에	1
리트윗한	1
리틀야구	1
리포트	1
리프트에	1
리허설작전	1
리히텐슈타인	1
린가드와	1
린동원	1
린드블럼은	1
린지	1
릴레이허그	1
릴레이회담	1
링링으로	1
링지화	1
링카	1
링컨	1
링컨센터	1
링컨시티	1
링컨시티와	1
링크트인	1
마감1보	1
마감일에	1
마감하나	1
마감해야	1
마광수가	1
마구	1
마그리트	1
마그리트를	1
마냥	1
마녀	1
마녀사냥	1
마늘	1
마늘값도	1
마늘주사	1
마니아	1
마다	1
마다가스카르서	1
마다가스카르에	1
마다가스카르에서	1
마당	1
마두로측	1
마드리드뮌헨	1
마드리드바르사	1
마드리드에서	1
마드리드지로나전	1
마드리드회담	1
마라도나의	1
마라토너	1
마러라고서	1
마련속보	1
마련에	1
마련키로	1
마련하겠다	1
마련하겠다종합	1
마련할	1
마루도종합	1
마루의	1
마류밍의	1
마르세유	1
마르세유에	1
마르세유전에서	1
마르케스	1
마르케스의	1
마르코스독재	1
마르크스를	1
마르티네스	1
마른	1
마리나	1
마리아도	1
마리오처럼	1
마리의	1
마린	1
마린시티자이	1
마마무	1
마마스건	1
마무리는	1
마무리되는	1
마무리되면	1
마무리로	1
마무리에도	1
마무리종합2보	1
마무리지어야	1
마무리한	1
마무리할까	1
마블marvel	1
마블이	1
마비시킨	1
마비시킨다	1
마비질환	1
마사	1
마사지숍	1
마사지숍서	1
마사회	1
마산가고파국화축제	1
마산문신미술관	1
마산자유무역지역	1
마산편	1
마셔	1
마셨을	1
마스코트로	1
마스크까지	1
마스크쓴	1
마스터	1
마스터스에	1
마스터카드	1
마스터피스	1
마시게	1
마시길	1
마시러	1
마시며	1
마시시	1
마식령스키장	1
마식령훈련	1
마실축제	1
마쓰모토	1
마야와	1
마약갱단끼리	1
마약갱단이	1
마약과의	1
마약단속국	1
마약단속기구	1
마약문제	1
마약밀매혐의로	1
마약범	1
마약성	1
마약용의자	1
마약전쟁	1
마약카르텔	1
마약혐의로	1
마오쩌둥은	1
마오쩌둥의	1
마요	1
마우스	1
마우스로	1
마우스의	1
마운드에	1
마운드의	1
마워	1
마을과	1
마을별	1
마을정비형	1
마음교육	1
마음도	1
마음뿐속보	1
마음속	1
마음속보	1
마음속에	1
마음이	1
마이	1
마이너리그에	1
마이너스정권	1
마이애미와	1
마이크레딧	1
마이크로	1
마이크로led	1
마이크로sd카드	1
마이홈	1
마인드	1
마인드가	1
마인드풀니스	1
마일리지도	1
마임	1
마임공작소	1
마장로	1
마장호수에	1
마제스타	1
마제스티아	1
마주보다	1
마주앉는다종합	1
마주하게	1
마주하는	1
마주하다	1
마주할것	1
마지	1
마지노선일듯	1
마지막에	1
마지막이라는	1
마지막종합	1
마진	1
마진거래	1
마차도에	1
마찰	1
마찰탈퇴종합2보	1
마쳐야	1
마쳤는데	1
마쳤다	1
마취	1
마취수술	1
마취용	1
마치	1
마치면	1
마칠	1
마카오까지	1
마케도니아는	1
마케도니아와	1
마케터	1
마케팅까지	1
마케팅상	1
마케팅으로	1
마켓서	1
마켓오	1
마켓컬리	1
마텔	1
마트3사	1
마트신촌점	1
마트의	1
마포	1
마포구	1
마포문화재단	1
마포서	1
마한	1
마흔되니	1
마흔살까지	1
마힌드라와	1
막가파종합	1
막강폭염	1
막강한	1
막걸리	1
막국수축제	1
막기위한	1
막내려종합2보	1
막내와	1
막던	1
막막한	1
막말에	1
막말하겠다	1
막말회사	1
막스	1
막아내	1
막아내겠다종합	1
막아내종합	1
막아내종합2보	1
막아낸	1
막아낼	1
막아냈다	1
막아야종합	1
막아야하는데	1
막아종합	1
막았나	1
막았다	1
막았으니	1
막오른	1
막으니	1
막으려는	1
막으려다	1
막으면	1
막장	1
막장부터	1
막판진통	1
막판협상	1
막혔다	1
막혔던	1
막후조종	1
막히고	1
막히나요	1
막히자	1
막힐까	1
만65세	1
만개	1
만개한	1
만기도래에	1
만기때	1
만기에	1
만기임박	1
만끽하는	1
만끽하려는	1
만끽하며	1
만나기	1
만나니	1
만나라	1
만나러	1
만나리라	1
만나보는	1
만나볼	1
만나볼까	1
만나분식	1
만나야겠다	1
만나야종합	1
만나야죠	1
만나종합	1
만난다종합	1
만날것	1
만날것종합	1
만날수도	1
만날수도종합	1
만날수록	1
만남서	1
만남속보	1
만남은	1
만남이	1
만났던	1
만능	1
만능인가	1
만능통장	1
만드나	1
만드는가	1
만들겠다는	1
만들겠다종합	1
만들고파	1
만들기는	1
만들까	1
만들려면	1
만들수도종합2보	1
만들어가야	1
만들어가야종합	1
만들어갈	1
만들어낸	1
만들어드립니다	1
만들어볼까	1
만들어야속보	1
만들어주는	1
만들어진다	1
만들어질까	1
만들었다종합	1
만들었어요	1
만들지	1
만듦새	1
만듦새는	1
만료했다	1
만루에서	1
만루포로	1
만루홈런의	1
만류	1
만리방화벽	1
만리장성에	1
만리장성에서의	1
만리포서	1
만만찮을	1
만반의	1
만발했다	1
만비즈로	1
만산홍엽	1
만석	1
만설	1
만연사	1
만연했던	1
만우절	1
만원관중	1
만원종합2보	1
만장	1
만장일치는	1
만전속보	1
만전종합2보	1
만져보세요	1
만족감	1
만족스러운	1
만족을	1
만족종합	1
만족하는	1
만족하면	1
만족하지만	1
만족한	1
만족할	1
만주	1
만주만리	1
만주사변	1
만주식	1
만지는	1
만지작종합	1
만찬까지	1
만찬앞서	1
만찬은	1
만찬장으로	1
만찬종합2보	1
만찬참석자들	1
만찬했는데	1
만찬회동	1
만추	1
만취난동	1
만취운전	1
만취운전자	1
만트럭버스	1
만하다	1
만하지	1
만할까	1
만해	1
만해언론인상	1
만했다	1
만행	1
만화가협회	1
만화대상에	1
만화시편	1
만화애니메이션축제	1
만화영상진흥원	1
만화일기	1
만화축제	1
만화카페	1
만회골	1
만회실패	1
만회할까	1
많	1
많겠지만	1
많다더니	1
많아갤럽	1
많아도	1
많아서	1
많아요	1
많아질	1
많았죠	1
많으	1
많으면	1
많이들	1
많죠	1
많지	1
맏언니	1
맏형	1
맏형의	1
말고도	1
말그대로	1
말까지로	1
말도안돼	1
말든	1
말라가에	1
말랑말랑플랫폼	1
말러가	1
말레이김정남	1
말레이서	1
말레이시아에	1
말레이시아전	1
말레이왕	1
말레이전	1
말려	1
말로만	1
말리기	1
말리려고	1
말리부르키나파소	1
말리와	1
말리의	1
말많은	1
말말말	1
말못하지만	1
말복에도	1
말실수	1
말씀드렸죠	1
말씀드릴	1
말씀에	1
말씀하시죠	1
말아야종합	1
말아야죠	1
말의	1
말이야	1
말일까	1
말입니다	1
말자고	1
말펜사	1
말폭탄	1
말하고	1
말하기대회	1
말하려	1
말하면	1
말하였네옛시	1
말할것	1
말할지	1
말해야	1
말해종합	1
말했다	1
말했을거다	1
맑아	1
맘스터치	1
맘에	1
맘편히	1
맙시다	1
맛기행	1
맛도	1
맛보러	1
맛보며	1
맛울림축제	1
맛은	1
맛을	1
맛있어진다	1
맛종합	1
맛집에	1
맛집에서	1
망가뜨려	1
망가뜨려종합	1
망가뜨려종합2보	1
망가지는	1
망각	1
망각은	1
망각의	1
망라	1
망막	1
망명신청자수	1
망명저지	1
망명종합	1
망명중	1
망분할기술	1
망사용료	1
망상오토캠핑장	1
망설이는	1
망신살종합	1
망신주고	1
망언에	1
망언으로	1
망언할	1
망연동	1
망쳐선	1
망치는	1
망친	1
망칠	1
망하게	1
망하지	1
망할	1
망할까	1
맞	1
맞고도	1
맞기도	1
맞닿아있어	1
맞대결에서	1
맞대결은	1
맞대결종합2보	1
맞대응종합	1
맞대응종합2보	1
맞먹는	1
맞물려종합	1
맞바꾸자	1
맞바꾼	1
맞불관세	1
맞불종합	1
맞불집회	1
맞붙은	1
맞붙자	1
맞서라	1
맞서야종합	1
맞선다	1
맞수	1
맞습니다	1
맞아도	1
맞아서	1
맞아야	1
맞아야죠	1
맞아종합	1
맞았다	1
맞으면	1
맞으면서	1
맞을까	1
맞을수도	1
맞이한	1
맞잡는	1
맞잡다	1
맞짱탁구	1
맞추고	1
맞추는	1
맞추방	1
맞추어	1
맞춘다	1
맞출듯	1
맞출듯종합	1
맞춤여행으로	1
맞춤혜택	1
맞춰보고	1
맞춰야	1
맞춰졌다	1
맞췄다	1
맞힐	1
맡겠다	1
맡겨도	1
맡겨만	1
맡겨요	1
맡기는	1
맡기로	1
맡기면	1
맡길	1
맡나	1
맡나종합	1
맡는	1
맡아달라고	1
맡아야종합	1
맡으면	1
맡은	1
매각설	1
매각설에	1
매각시	1
매각에	1
매각으로	1
매각종합2보	1
매각해	1
매각했다	1
매국적	1
매기나	1
매나포트	1
매너	1
매뉴얼따라	1
매니지먼트사	1
매단	1
매달렸죠	1
매달아	1
매대	1
매도공세에	1
매도기업	1
매도종합	1
매드	1
매듭지어야	1
매력도	1
매력에	1
매료됐나	1
매료시킨	1
매매가격지수	1
매매가도	1
매매값	1
매매거래	1
매매는	1
매매로	1
매매보다	1
매매업자에도	1
매매정지	1
매매차익	1
매물폭탄	1
매미의	1
매복에	1
매복작전	1
매복저격보다	1
매빅	1
매서움	1
매설	1
매수상위	1
매수세	1
매수세까지	1
매수시	1
매수시점	1
매수심리	1
매수우위	1
매슈로	1
매슈에	1
매스챌린지	1
매운게	1
매의	1
매일방송	1
매일신문	1
매일의	1
매입에	1
매입임대사업용	1
매입임대주택	1
매입한다	1
매장구석에	1
매장된	1
매장에서	1
매진된	1
매진에	1
매진의지	1
매진종합	1
매진종합2보	1
매체강의	1
매체로	1
매체서	1
매체수소탄	1
매체에	1
매체융합적	1
매춘	1
매출로	1
매출비중	1
매출에	1
매출의	1
매출정보	1
매출창출	1
매치서	1
매치에서	1
매칭	1
매칭데이	1
매캐한	1
매커천에	1
매트	1
매파성향	1
매파적	1
매표	1
매화에	1
매화향	1
맥os	1
맥도널드	1
맥도널드에	1
맥락들	1
맥매스터	1
맥미니	1
맥북프로	1
맥스셔저	1
맥을	1
맥쿼리	1
맥쿼리에	1
맨델커	1
맨발의	1
맨시티는	1
맨시티서	1
맨시티아스널	1
맨시티의	1
맨시티전서	1
맨시티전에	1
맨오	1
맨유감독에	1
맨유는	1
맨유로	1
맨유맨시티	1
맨유서	1
맨유아약스	1
맨유에도	1
맨유에서	1
맨유전	1
맨유전서	1
맨체스터더비	1
맨틀	1
맨틀과	1
맨홀사고	1
맴도는	1
맴돌아	1
맴섬	1
맴섬의	1
맹공으로	1
맹비난종합	1
맹비난종합2보	1
맹추격에	1
맹추격종합	1
맹타후랭코프	1
맹탕	1
맹폭종합	1
맹해차장	1
맺거나	1
맺어	1
맺어진	1
맺을까	1
머니콘서트	1
머리띠	1
머리맞대	1
머리맞댄	1
머리부터	1
머리붙은	1
머리서	1
머리손질	1
머리의	1
머리이식	1
머릿속	1
머릿속에	1
머무를	1
머물	1
머물고	1
머물길	1
머물러선	1
머물며	1
머물지	1
머물지말고	1
머슴	1
머슴축제	1
머쓱해진	1
머지	1
머지않아	1
머큐리	1
머큐리는	1
먹거리골목	1
먹거리에	1
먹거리에는	1
먹거리축제	1
먹고살지	1
먹구름에	1
먹구름일까	1
먹기로	1
먹는다	1
먹먹한	1
먹보	1
먹어도	1
먹어보고	1
먹어서	1
먹어야	1
먹어치울게요	1
먹었다	1
먹여	1
먹으며	1
먹으면	1
먹을까	1
먹음직스런	1
먹칠	1
먹튀방지	1
먹혔다	1
먼길	1
먼로는	1
먼시와	1
먼저종합	1
먼저하고	1
먼지공습	1
먼지폭풍	1
멀다종합2보	1
멀리있는	1
멀베이니	1
멀베이니가	1
멀어지나	1
멀어지는	1
멀어지면	1
멀었다	1
멀지	1
멀쩡하다	1
멀티	1
멀티골로	1
멀티무선	1
멀티뷰로	1
멀티플랫폼	1
멀티홈런	1
멀티히트종합	1
멈추거나	1
멈추나	1
멈추나종합	1
멈출까	1
멈춤	1
멈춰야종합	1
멈췄다	1
멈췄다가	1
멋	1
멋과	1
멋대로	1
멋에	1
멋져보이는	1
멋지네	1
멋쩍게	1
멍들고	1
멍때리기는	1
멍에	1
메	1
메가	1
메가브랜드로	1
메가스터디	1
메가스터디교육	1
메가스터디교육에	1
메가신도시	1
메가엠디	1
메가콘서트	1
메기	1
메기요리	1
메뉴에	1
메뉴와	1
메달로	1
메달리스트에	1
메달만	1
메달은	1
메디아나	1
메디컬	1
메디컬테스	1
메디컬테스트	1
메디톡스	1
메디포스트	1
메디힐장학재단에	1
메뚜기축제	1
메르켈과	1
메르켈마크롱	1
메르켈의	1
메르켈이	1
메르켈펜스	1
메르코수르	1
메리츠	1
메리츠샐러리맨펀드	1
메리츠운용	1
메리홀서	1
메릴	1
메릴린치에	1
메마른	1
메모리소자	1
메모에	1
메모종합	1
메밀꽃잔치	1
메밀로	1
메쉬코리아	1
메스와	1
메시가	1
메시도	1
메시에게	1
메시지가	1
메시지도	1
메시지를	1
메시지이란매체	1
메시지종합	1
메시호날두	1
메신저앱	1
메우나	1
메울까	1
메워줄	1
메웠다	1
메이드	1
메이스가	1
메이스의	1
메이슨도	1
메이슨캐피탈	1
메이저	1
메이저리거	1
메이저리거들	1
메이저리그에	1
메이커까지	1
메이커를	1
메이트	1
메이트30에	1
메이트북x프로	1
메이플	1
메이플쏘프	1
메인넷	1
메인으로	1
메인화면	1
메일까지	1
메일에	1
메주	1
메주로	1
메츠에서도	1
메타세쿼이아	1
메타세쿼이아와	1
멕시코는	1
멕시코도	1
멕시코로	1
멕시코리그서	1
멕시코선	1
멕시코시티	1
멕시코시티에서	1
멕시코의	1
멕시코전반	1
멕시코전서	1
멕시코전은	1
멕시코팀	1
멕시코협상	1
멘	1
멜트	1
멜파스	1
멤버가	1
멤버는	1
멧돼지	1
며칠	1
며칠간	1
며칠전	1
면담서	1
면담에	1
면담여부	1
면담은	1
면담하고	1
면도	1
면면도	1
면세	1
면세구역서	1
면세유	1
면세자	1
면에서	1
면역강화엔	1
면역검사	1
면역세포로	1
면역세포의	1
면역항암제가	1
면적은	1
면접대상자	1
면제기한	1
면제는	1
면죄부성	1
면죄부와	1
면책특권	1
면허	1
면허반납	1
면허시험	1
면허취소	1
멸종됐을까	1
멸종위기종	1
멸종저항	1
멸종한	1
멸할	1
명가	1
명강의	1
명곡	1
명곡의	1
명과	1
명기	1
명기기본권	1
명기해야	1
명단까지	1
명단발표	1
명단에도	1
명단에서	1
명단제외	1
명단종합	1
명단짜기	1
명단행	1
명도	1
명동서	1
명동예술극장	1
명동으로	1
명동은	1
명랑한	1
명량	1
명량대첩	1
명령만이	1
명령종합	1
명만	1
명문대도	1
명문악단	1
명물	1
명백해진	1
명백히	1
명보다	1
명분으로	1
명불허전	1
명사십리	1
명사와	1
명성교회	1
명세	1
명소는	1
명소마다	1
명수필	1
명시될듯	1
명시안해	1
명시종합	1
명실공히	1
명씩	1
명에	1
명예9단	1
명예대사	1
명예롭게	1
명예박사	1
명예선수	1
명예시장	1
명예시즌권	1
명예이사장	1
명예회복돼야	1
명왕성	1
명왕성에	1
명의신탁	1
명의이용죄도	1
명인들	1
명작창작	1
명장	1
명장면	1
명장면들	1
명절에	1
명절음식	1
명절음식을	1
명절이로구나	1
명진	1
명진스님	1
명칭도	1
명칭서	1
명칭에	1
명쾌한	1
명품관	1
명품길	1
명품브랜드	1
명품수비	1
명품시장이	1
명품연주	1
명품폰	1
명확한	1
명확화	1
명확화종합	1
명확히	1
몇달	1
몇몇	1
몇시간	1
몇차례	1
모국어로	1
모금액	1
모금액은	1
모금중단	1
모기와	1
모기지	1
모기지신용보증	1
모나코는	1
모나코에	1
모낭	1
모노레일	1
모니터링으로	1
모니터링하겠다	1
모니터링해야	1
모다	1
모델로	1
모델은	1
모델의	1
모뎀	1
모독자	1
모독했다	1
모두는	1
모두로	1
모두의	1
모두의마블	1
모듈업체	1
모듈플러스	1
모듈형	1
모듈화	1
모드는	1
모든것	1
모든기업에	1
모라타	1
모라타에	1
모락모락	1
모란봉악단	1
모란은	1
모란이	1
모래로	1
모래조각	1
모략꾼	1
모로칸	1
모로코인	1
모리뉴가	1
모리뉴에	1
모리야	1
모멘티브	1
모면종합2보	1
모모랜	1
모바일3	1
모바일d램	1
모바일게임업계	1
모바일결제isp	1
모바일고지서	1
모바일광고	1
모바일내비	1
모바일뉴스에	1
모바일사업	1
모바일상품권	1
모바일쇼핑서	1
모바일앱	1
모바일어플라이언스	1
모바일에	1
모바일에서	1
모바일엣지	1
모바일웹	1
모바일콘텐츠	1
모바일페이	1
모바일홈피	1
모발	1
모방종합	1
모방하기	1
모방해	1
모범기업	1
모범돼야	1
모범선수	1
모범선수상	1
모범조합상	1
모범조합원상	1
모베이스	1
모병제는	1
모병제로	1
모비게임과	1
모비스로	1
모비스에	1
모비시스	1
모사드	1
모사칩	1
모사한	1
모색2보	1
모색을	1
모셔	1
모술	1
모스크바전에	1
모습까지	1
모습도	1
모시기	1
모시듯	1
모시자	1
모신	1
모아달라속보	1
모아보자	1
모양빠진	1
모양의	1
모양이	1
모여도	1
모여종합	1
모였지만	1
모욕시	1
모욕한	1
모으자	1
모을	1
모음집	1
모의고사서	1
모의시험	1
모의시험하는	1
모의투자	1
모의투자대회	1
모의투표서	1
모의판	1
모이나	1
모이는	1
모이면	1
모이세요	1
모임이	1
모임통장	1
모자는	1
모자라지도	1
모자에	1
모자이크	1
모자지원에	1
모조리	1
모집하기로	1
모차르트와	1
모처럼의	1
모철민	1
모친상	1
모친상에도	1
모터쇼	1
모터쇼에	1
모토	1
모토는	1
모토로라	1
모티브	1
모험자본보다	1
모형선박	1
모호함을	1
목격	1
목격자들	1
목격한	1
목격했던	1
목관들	1
목도리까지	1
목록	1
목마른	1
목소리내길	1
목소리란	1
목소리종합	1
목소리종합2보	1
목수	1
목수일기	1
목숨을	1
목양면	1
목욕물	1
목욕시키고	1
목욕탕	1
목이	1
목재실종	1
목적은	1
목적이라도	1
목적이란	1
목적지	1
목적지는	1
목적타	1
목포로	1
목포문학관	1
목포서	1
목포시민	1
목포시의원	1
목포에	1
목포자연사박물관	1
목포지역	1
목표wsj	1
목표달성	1
목표됐다	1
목표전환펀드	1
목표전환형	1
목표주가는	1
목표치	1
목표치2	1
몫의	1
몬스타엑스	1
몬테카를로	1
몰고간	1
몰고올	1
몰도바전은	1
몰두	1
몰두하나종합	1
몰라도	1
몰라라	1
몰락하기까지	1
몰락한	1
몰락한다	1
몰랐다던	1
몰려드는	1
몰려종합	1
몰렸다가	1
몰렸던	1
몰릴	1
몰수당할	1
몰수패	1
몰아가	1
몰아간다	1
몰아내	1
몰아낸	1
몰아냈지만	1
몰아넣기	1
몰아넣어	1
몰아서	1
몰아치기	1
몰아친다	1
몰이성적	1
몰카사범	1
몰타에	1
몰테일	1
몰표종합	1
몸값과	1
몸값으로	1
몸과	1
몸부림종합	1
몸사리는	1
몸상태는	1
몸서리치는	1
몸싸움으로	1
몸에는	1
몸으로	1
몸집	1
몸짓	1
몸짓언어	1
몸짓에서	1
몸짓으로	1
몸풀기종합	1
몹쓸	1
못가종합	1
못견디는	1
못나간다	1
못나눠	1
못나와종합	1
못내놓는	1
못내놔	1
못내준다	1
못낸다	1
못넘고	1
못돼종합	1
못될	1
못들어	1
못들어가	1
못뛴다	1
못마셔요	1
못말리는	1
못미뤄	1
못미쳐종합	1
못믿겠다	1
못받아	1
못받아들여종합	1
못받아종합2보	1
못버린	1
못버티고	1
못보나	1
못봐	1
못봤다	1
못사	1
못사는	1
못산다	1
못생겨	1
못시켜	1
못쓰게	1
못알려	1
못알린점	1
못얻는것	1
못여는	1
못이겨	1
못이루는	1
못잡나	1
못지켜	1
못찾는	1
못채우고	1
못채워	1
못추는	1
못피해가는	1
못하고	1
못하나	1
못하다며	1
못한다종합	1
못할것	1
못해도	1
못해봤잖아요	1
못해종합2보	1
못했는데도	1
못했다종합	1
못했으니	1
못했지만	1
몽골방문	1
몽골에	1
몽골정부	1
몽룡요	1
몽펠리에	1
몽펠리에전	1
묘미	1
묘미에	1
묘비로	1
묘사되길	1
묘사한	1
묘에	1
묘역도	1
묘역에	1
묘하네요	1
무거워진	1
무게단위	1
무게둔	1
무게인가	1
무게종합3보	1
무계좌	1
무계좌송금	1
무공천	1
무공해	1
무공훈장	1
무관심의	1
무관의	1
무관종합	1
무관치	1
무관한	1
무교섭	1
무궁화수목원	1
무궁화신탁과	1
무근	1
무기개발	1
무기거래조약	1
무기계약직	1
무기계약직은	1
무기구입	1
무기금수	1
무기나	1
무기로	1
무기수출	1
무기수출액	1
무기장사의	1
무기제공	1
무기지원종합	1
무기체계	1
무난한	1
무너뜨리고	1
무너뜨리려는	1
무너졌다	1
무너지는	1
무너진것	1
무노동	1
무는	1
무능에	1
무능해	1
무늬	1
무단복사	1
무단사용	1
무단열람	1
무단전송	1
무단제공종합	1
무단침입	1
무단침입에	1
무단투기로	1
무단합사	1
무단횡단	1
무당에	1
무당파	1
무대된	1
무대만	1
무대에도	1
무대와	1
무대종합2보	1
무더기결항	1
무더워	1
무더웠던	1
무더위속	1
무더위에는	1
무더위엔	1
무더위종합	1
무덤에	1
무덥다	1
무도한	1
무도회	1
무득점	1
무등록	1
무등산공원사무소	1
무등산에서	1
무등야구장	1
무라	1
무력개입	1
무력도발	1
무력분쟁	1
무력시위종합2보	1
무력증강	1
무력진압	1
무력진압에	1
무력행사	1
무력화종합	1
무렵	1
무렵의	1
무례에	1
무례종합	1
무례하다	1
무료가입자	1
무료강의	1
무료강좌	1
무료교환	1
무료기능	1
무료대관	1
무료배포	1
무료셔틀	1
무료셔틀버스	1
무료시술	1
무료이용권	1
무료조회	1
무료체험	1
무료컨설팅	1
무료행사	1
무릅쓰고	1
무릅쓴	1
무릉계곡	1
무릎으로	1
무리	1
무리하게	1
무리하지	1
무리하지는	1
무면허업체가	1
무명들의	1
무명시인	1
무명인사	1
무모하고	1
무모함	1
무민	1
무민은	1
무민키즈폰	1
무반응종합	1
무방비종합	1
무법	1
무법사태	1
무베젤	1
무볼넷	1
무브	1
무사구	1
무사귀환	1
무사안녕	1
무사할	1
무산nhk	1
무산광산	1
무산됐나	1
무산됐나종합	1
무산되나	1
무산될라	1
무산시키는	1
무산위기강원지사배	1
무상감자	1
무상공급	1
무상교육	1
무상교체	1
무상급식	1
무상보증	1
무상보험	1
무상원조	1
무상제공	1
무상증자도	1
무상증정	1
무색게	1
무색한	1
무색해진	1
무서워요	1
무서워진	1
무서워하지	1
무선국	1
무선기반	1
무선사업부문장	1
무선설비	1
무선인터넷에	1
무선접속	1
무선제어	1
무선충전	1
무선충전에도	1
무선통신	1
무섭네	1
무섭지	1
무섭지만	1
무성의	1
무성했던	1
무세베니에	1
무소속에	1
무소속으로	1
무순위	1
무술공원에	1
무슬림금지	1
무슬림이라더니	1
무슬림이스라엘	1
무승부에	1
무승종합	1
무시	1
무시될	1
무시하는게	1
무시해선	1
무실점의	1
무실점종합	1
무심	1
무심코	1
무안타에	1
무안타종합	1
무엇	1
무엇으로	1
무엇인가종합	1
무역갈등에	1
무역갈등완화	1
무역규제	1
무역대표단	1
무역마찰	1
무역문제	1
무역보복	1
무역보험공사와	1
무역수지	1
무역위	1
무역은	1
무역의	1
무역인	1
무역장벽	1
무역전담회사	1
무역전쟁도	1
무역전쟁만으론	1
무역전쟁보다	1
무역전쟁서	1
무역전쟁의	1
무역정책	1
무역조치	1
무역투자협력	1
무역합의안에	1
무역합의에	1
무역허가권	1
무역협상서	1
무역협상에	1
무역협상종합2보	1
무역협상차	1
무역협정	1
무역회담	1
무용계를	1
무용계의	1
무용극	1
무용극으로	1
무용수	1
무용수의	1
무용인	1
무인관측	1
무인기로	1
무인기에	1
무인도서관	1
무인매장사업	1
무인발사체	1
무인셔틀	1
무인의	1
무인자동차	1
무인전기차	1
무인전투	1
무인환전	1
무임금	1
무임승차론	1
무자격	1
무자격선수	1
무장단체와	1
무장론	1
무장조직원	1
무장해	1
무장해제	1
무전력	1
무전으로	1
무전통신	1
무정	1
무정한	1
무제	1
무제한요금	1
무제한으로	1
무제한이라더니	1
무죄입증	1
무죄지만	1
무죄추정원칙	1
무주리조트	1
무주반딧불	1
무주서	1
무지개	1
무지개는	1
무지개마을4단지	1
무지막지하게	1
무지한	1
무차별적인	1
무차입	1
무창포	1
무패는	1
무패행진에	1
무피안타	1
무학	1
무학과	1
무한대치	1
무한도전	1
무한도전과도	1
무한책임	1
무한히	1
무협	1
무형유산	1
무효1보	1
무효선언으로	1
무효소송	1
무효에	1
묵과할	1
묵념도종합	1
묵념하는	1
묵묵부답종합	1
묵은	1
묵인안해속보	1
묵직하고	1
묵호항으로	1
묶는다	1
묶여종합	1
문건도	1
문건유출사건	1
문건은	1
문경서	1
문경은이상민	1
문고리권력은	1
문구까지	1
문구도	1
문구로	1
문단내	1
문대통령과	1
문대통령김위원장	1
문대통령여야	1
문대통령여야원내대표	1
문대통령의	1
문대통령이	1
문득	1
문명은	1
문무일윤석열	1
문민정부에	1
문서로	1
문서유출	1
문선민으로	1
문성민은	1
문성민을	1
문승원도	1
문신을	1
문신하면	1
문양	1
문에	1
문예위원장	1
문예인들의	1
문예지들	1
문예지에	1
문의량	1
문의에	1
문의한적	1
문익환	1
문인	1
문인들의	1
문자들	1
문자발신	1
문자안내	1
문자의	1
문자인식	1
문자전쟁	1
문자통역서비스	1
문자한다	1
문장들	1
문장은	1
문장형	1
문재인과	1
문재인정권은	1
문재인정부서	1
문전성시	1
문정원을	1
문정인에	1
문제라지만	1
문제를	1
문제삼지	1
문제소설	1
문제속보	1
문제아냐종합	1
문제없다에	1
문제없어요	1
문제없었다	1
문제없음	1
문제없이	1
문제에서	1
문제와	1
문제인	1
문제있어	1
문제점과	1
문제점을	1
문제정의	1
문제제기	1
문제제기할	1
문제해결	1
문지문학상	1
문지문학상에	1
문집	1
문책	1
문책개편	1
문체부광주	1
문체부도	1
문체부서울시웹툰	1
문체부장관	1
문체의	1
문태국	1
문택규	1
문택규씨	1
문턱까지	1
문턱을	1
문학3	1
문학과지성	1
문학과지성사	1
문학관을	1
문학교류의	1
문학교수들이	1
문학구장서	1
문학그림전	1
문학기행	1
문학길	1
문학나눔도서	1
문학단체들	1
문학독자를	1
문학동네서	1
문학사의	1
문학세계종합	1
문학세계종합2보	1
문학실험실	1
문학영상	1
문학으로만	1
문학적	1
문학적인	1
문학정신	1
문학정신과	1
문학주간	1
문학진흥기본계획안	1
문학진흥정책위원회	1
문학축제서	1
문학출판계	1
문학행사	1
문학활성화	1
문혁기념	1
문혁입장	1
문호개방	1
문호들이	1
문화가있는날	1
문화개선	1
문화거점	1
문화관광	1
문화관광자원	1
문화관광축제	1
문화교류로	1
문화교류에도	1
문화까지	1
문화놀자	1
문화누리카드	1
문화도	1
문화를	1
문화비축기지서	1
문화사	1
문화산업	1
문화상품권으로	1
문화센터	1
문화업적	1
문화여행	1
문화예술계에	1
문화예술교육	1
문화예술교육축제	1
문화예술기부	1
문화예술위원장에	1
문화예술인과	1
문화예술인에	1
문화예술제	1
문화예술청년	1
문화예술후원사업	1
문화와	1
문화원장들	1
문화유산	1
문화잡지	1
문화장관	1
문화재단	1
문화재당국	1
문화재로	1
문화재보다	1
문화재소식	1
문화재에	1
문화재재단	1
문화재지킴이날	1
문화재청장	1
문화재청장에	1
문화재청장에게	1
문화적	1
문화정보사업	1
문화정보화	1
문화체전도	1
문화체험	1
문화축제에	1
문화콘텐츠	1
문화패럴림픽	1
묻겠다	1
묻어	1
묻어가지마	1
묻은	1
묻혀	1
묻힌다	1
묻힌다종합	1
물가목표	1
물가상승	1
물가상승과	1
물가전망	1
물가지표	1
물갈이론	1
물갈이율	1
물감보다	1
물건	1
물건너가	1
물건너가나	1
물건너갈	1
물건너야종합	1
물결과	1
물결에	1
물결종합	1
물고기가	1
물곰	1
물곰의	1
물기	1
물길	1
물난리에	1
물난리였는데	1
물놀이사고	1
물놀이용	1
물놀이장도	1
물놀이장에	1
물담배	1
물동량	1
물드는	1
물든다	1
물들다	1
물들라	1
물들었네	1
물들일	1
물량난	1
물량만	1
물량에	1
물량전에	1
물러가	1
물러가고	1
물러가는	1
물러가니	1
물러나겠다	1
물러나고	1
물러나기로	1
물러나는	1
물러나는게	1
물러나야	1
물러나야종합2보	1
물러나자고	1
물러났으면	1
물러서	1
물러선	1
물러섬	1
물렀거라	1
물레체험	1
물려받았던	1
물려주지	1
물려준다	1
물로	1
물론	1
물류기업	1
물류기지에	1
물류대란	1
물류서비스에	1
물류시장	1
물류이동	1
물류정책	1
물리	1
물리는	1
물리던	1
물리와	1
물리적	1
물리적으로	1
물리쳐	1
물리쳐종합	1
물리치고	1
물리토너먼트대회서	1
물리학자	1
물면	1
물밀듯	1
물밑경쟁	1
물밑접촉종합	1
물밑조율	1
물밑행보	1
물밑협상	1
물방울이	1
물샐틈없는	1
물속으로	1
물씬한	1
물어	1
물어낼	1
물어뜯어	1
물어보면	1
물어봐라종합	1
물어봐라종합2보	1
물어봐야	1
물어종합2보	1
물에	1
물음에	1
물자목록	1
물질상	1
물질에	1
물질의	1
물질현상	1
물청소	1
물체에	1
물텀벙거리	1
물품대금	1
뭇매종합	1
뭇매종합2보	1
뭉개고	1
뭉쳐달라	1
뭉쳤다종합	1
뭉치자	1
뭐든	1
뭐든지	1
뭐라고	1
뭐래도	1
뭐였지	1
뭐해	1
뭐했나	1
뭔가요	1
뭘하는지	1
뮌헨과	1
뮌헨안보회의	1
뮌헨안보회의서	1
뮌헨에	1
뮌헨의	1
뮌헨이었다면	1
뮤지션과	1
뮤지엄	1
뮤지엄나잇	1
뮤지컬로	1
뮤지컬배우	1
뮤지컬에	1
뮤지컬을	1
뮤직	1
뮤직메이트	1
뮤직비디오	1
뮤직비디오까지	1
뮤직서비스	1
뮤직에	1
뮤직페스티벌이	1
뮬러보고서	1
뮬로바	1
미5	1
미6	1
미8군	1
미각	1
미개방	1
미거래	1
미계약물량	1
미공개에	1
미공개정보	1
미공개종합	1
미국관광청	1
미국대사관	1
미국대사와	1
미국대통령	1
미국대학농구	1
미국대학스포츠	1
미국베네수엘라	1
미국보다	1
미국삼성증권	1
미국서도	1
미국에도	1
미국에서	1
미국에서도	1
미국여행객은	1
미국영국유럽	1
미국으로	1
미국인들도	1
미국인의	1
미국정부	1
미국정상	1
미국축구대표	1
미국측	1
미국캄보디아	1
미국터키	1
미국특허	1
미국폴란드	1
미국프로농구	1
미국필리핀	1
미국항공우주경진대회서	1
미국행에	1
미군기지철수	1
미군잔류는	1
미군철수	1
미그29	1
미끄러운	1
미끄럼위험	1
미끌	1
미끼일	1
미납	1
미네소타전	1
미네소타주립대학	1
미니게이트	1
미니동물	1
미니딜	1
미니멀리스트	1
미니빔	1
미니스커트	1
미니언	1
미니장기	1
미니폰에	1
미달사태	1
미달에도	1
미달한	1
미당	1
미드	1
미들즈브러와	1
미들즈브러전	1
미들즈브러전서	1
미등록에	1
미등록이민자	1
미디어가	1
미디어기업	1
미디어는	1
미디어대전	1
미디어데이도	1
미디어데이에도	1
미디어로	1
미디어로그	1
미디어브릿지와	1
미디어산업	1
미디어셀러	1
미디어예술상	1
미래1차관	1
미래가	1
미래공동체	1
미래과학	1
미래관	1
미래관계	1
미래금융	1
미래기술육성사업에	1
미래기술의	1
미래네트워크선도시험망	1
미래당	1
미래도시	1
미래로	1
미래부iitp	1
미래부oecd	1
미래부가	1
미래부로	1
미래부미주개발은행	1
미래부에	1
미래부차관	1
미래비전	1
미래사회인터넷	1
미래상상sf관	1
미래세계	1
미래소득	1
미래손실	1
미래아이앤지	1
미래에너지	1
미래에셋과	1
미래에셋대우로	1
미래에셋대우증권	1
미래에셋은퇴연구소	1
미래에셋자산운용	1
미래에셋평생소득tif	1
미래위원회	1
미래유망기술	1
미래인재	1
미래전략	1
미래전략자문위	1
미래컴퍼니	1
미래폰	1
미래혁신포럼	1
미루나	1
미룬	1
미룰	1
미뤄	1
미뤄놔야	1
미뤄왔던	1
미뤄져	1
미뤄준다	1
미뤄지나	1
미뤘다	1
미뤘던	1
미뤘지만	1
미르대응	1
미르에	1
미르재단	1
미르종합	1
미륵사지	1
미리봄	1
미리여행	1
미만서만	1
미만이	1
미만종합	1
미맥스2	1
미미할	1
미발굴	1
미방송분	1
미밴드4	1
미북관계	1
미분양우려	1
미분양이	1
미분양주택	1
미사로	1
미사용	1
미사용으로	1
미사일과	1
미사일까지	1
미사일도	1
미사일도발	1
미사일로	1
미사일방어능력	1
미사일방어시스템	1
미사일방어청장	1
미사일실험장	1
미사일에	1
미사일지침	1
미생	1
미생물과의	1
미생물로	1
미서	1
미성년	1
미성년자도	1
미성년자에	1
미성사	1
미세근육염좌	1
미세로봇	1
미세먼지까지	1
미세먼지는	1
미세먼지대책	1
미세먼지등	1
미세먼지에도	1
미세먼지와	1
미세먼지측정기	1
미세수술로봇	1
미세입자	1
미세조정	1
미세조정종합	1
미세플라스틱	1
미소없이	1
미소지으며	1
미소짓는	1
미술가의	1
미술경매거래액	1
미술경매액	1
미술시가감정협회	1
미술의	1
미술이야기	1
미술작가	1
미술책을	1
미술평론가	1
미술협회에	1
미슐랭	1
미스	1
미스터리쇼핑	1
미스터리에	1
미스터리종합	1
미스터블루	1
미스터올스타	1
미시간	1
미시간서	1
미시간주립대	1
미시령에	1
미시시피서	1
미식	1
미식문화의	1
미식여행	1
미식쿠킹	1
미신고	1
미심쩍은	1
미쓰비시머티리얼	1
미안하고	1
미안할	1
미안합니다	1
미약한	1
미얀마로	1
미얀마와	1
미얀마중국	1
미용	1
미용성형	1
미용실	1
미용업	1
미우나	1
미우새	1
미운	1
미운오리새끼에서	1
미인대회	1
미일동맹	1
미일동맹은	1
미전환	1
미정종합	1
미제의	1
미제출	1
미제출종합2보	1
미주개발은행	1
미주기구	1
미주지역	1
미중갈등으로	1
미중관계	1
미중러	1
미중정상	1
미중회담	1
미진하면	1
미진한	1
미집행	1
미쳐가	1
미쳐라	1
미쳤다	1
미치는가	1
미치다	1
미치지	1
미탁	1
미토콘드리아	1
미팅	1
미편성	1
미포함에	1
미합의시	1
미해당	1
미혼남녀	1
미혼출산	1
미환급금	1
미환수액	1
미회수	1
미획정은	1
미흡한	1
민간경력	1
민간교류	1
민간구조센터	1
민간기관	1
민간단체가	1
민간단체와	1
민간발레단의	1
민간분야	1
민간사찰	1
민간아파트	1
민간업체	1
민간업체서	1
민간역할	1
민간연구소	1
민간외교관	1
민간위원	1
민간은	1
민간인사찰	1
민간인이	1
민간임대주택에	1
민간자본	1
민간접촉	1
민간정원	1
민간직원들	1
민간추진협의회	1
민간축제	1
민간투자	1
민간투자사와	1
민감도	1
민관공동조사위	1
민관군	1
민관합동	1
민낯을	1
민낯종합2보	1
민노총위원장	1
민박	1
민변에	1
민생간담회	1
민생경제연석회의	1
민생경제점검회의서	1
민생고에	1
민생과	1
민생과제에	1
민생구하기	1
민생살리기	1
민생안정	1
민생연석회의에서	1
민생정당	1
민생지역경제미래가	1
민생챙기며	1
민생투쟁	1
민생평화	1
민생협치	1
민선7기	1
민속공연	1
민속국악원	1
민속놀이	1
민속놀이장	1
민속예술	1
민속학연구	1
민심을	1
민심의	1
민심잡기	1
민심청취종합	1
민심투어에	1
민영방송대상에	1
민영방송의날	1
민원상담도	1
민원상담사로	1
민원상담용	1
민음	1
민의	1
민의가	1
민의수용	1
민의와	1
민정비서관	1
민정수석에	1
민정업무	1
민정이양	1
민정이양은	1
민족공동행사	1
민족단합	1
민족대표들	1
민족시인	1
민족운동	1
민족의	1
민족이라는	1
민족이사회	1
민족자주	1
민족적	1
민족주의와	1
민족화합	1
민주경선	1
민주공화	1
민주광장	1
민주교육에	1
민주국가	1
민주기사의	1
민주노총과	1
민주당국민의당	1
민주당도	1
민주당서	1
민주당에서	1
민주대사직	1
민주대행진	1
민주러시	1
민주민평	1
민주선거	1
민주시민언론상에	1
민주언론시민연합	1
민주에	1
민주여성동맹	1
민주여성위	1
민주영령	1
민주주의가	1
민주주의도	1
민주주의에	1
민주주의의	1
민주주의인민권력당	1
민주질서	1
민주파친중파	1
민주평통과	1
민주한국당	1
민주항쟁	1
민주화열기	1
민중	1
민중가수	1
민중과	1
민중당	1
민중당과	1
민중미술가들이	1
민중사	1
민평련에	1
민화	1
민화는	1
민화전문	1
민화협회	1
믿나	1
믿는	1
믿는구석	1
믿는다	1
믿다가	1
믿어달라	1
믿어종합	1
믿어준	1
믿었던	1
믿으면	1
믿을만할까	1
믿을맨	1
믿을수	1
믿음에	1
믿지	1
밀고	1
밀당	1
밀라노디자인위크에	1
밀란에	1
밀러	1
밀레니얼과	1
밀레니엄	1
밀레니엄광장에	1
밀려오는	1
밀려온	1
밀려종합	1
밀려포브스	1
밀렸다	1
밀리는	1
밀리던	1
밀리의	1
밀림부터	1
밀반입량	1
밀반입시켜	1
밀수종합	1
밀실	1
밀실에	1
밀양시	1
밀양을	1
밀양이	1
밀양이냐	1
밀양화재	1
밀양화재사건	1
밀어내기볼넷	1
밀어붙여	1
밀어붙이는	1
밀어주기	1
밀어주기가	1
밀어준다	1
밀워키도	1
밀워키로	1
밀워키전서	1
밀워키전에서도	1
밀월관계서	1
밀월시대	1
밀입국자	1
밀입국하려다	1
밀착보좌	1
밀착에	1
밀착으로	1
밀착하는	1
밀착회담	1
밀쳐서	1
밀친	1
밋밋한	1
밍스	1
밑	1
밑도나	1
밑돌면	1
밑에서	1
밑으로종합	1
바가지만	1
바가지업소	1
바가지요금	1
바가지종합	1
바그너부터	1
바그다드의	1
바그다디	1
바글바글	1
바깥	1
바깥을	1
바꾸겠습니다	1
바꾸긴	1
바꾸면	1
바꾸지	1
바꾼다고	1
바꿔가며	1
바꿔도	1
바꿔라	1
바꿔보자	1
바꿔볼까	1
바꿔줄	1
바꿔줘	1
바꿨나	1
바꿨습니다	1
바뀌고	1
바뀌기	1
바뀌나종합	1
바뀌었나	1
바뀌죠	1
바뀔	1
바뀔것	1
바뀔까	1
바나나잎	1
바나나폰	1
바누아투	1
바누아투에	1
바누아투에서	1
바다로종합	1
바다마을	1
바다미술제	1
바다분수	1
바다수영으로	1
바다에도	1
바다엔	1
바다와	1
바다축제	1
바닥난	1
바닥났지만	1
바닥민심	1
바닥에	1
바닥은	1
바닷물까지	1
바닷물도	1
바닷속에	1
바닷속에서	1
바둑기사를	1
바둑대결	1
바둑신동	1
바둑에	1
바둑은	1
바둑이	1
바둑인구	1
바둑팬들	1
바디프랜드	1
바라보고	1
바라보다	1
바라본다	1
바라봐야	1
바라신다	1
바란다종합	1
바람까지	1
바람도	1
바람마을	1
바람의	1
바람직하다는	1
바람직하지도	1
바랐던	1
바랐어요	1
바랬는데	1
바레인서	1
바레인으로	1
바레인전	1
바로결제	1
바로알기	1
바로잡고	1
바로잡기	1
바로잡는	1
바르게	1
바르면	1
바르사나	1
바르사는	1
바르사도	1
바르사알라베스	1
바르사에서	1
바르사의	1
바르샤와	1
바르셀로나b	1
바르셀로나는	1
바르셀로나와	1
바르자니	1
바른ict	1
바른국민당	1
바른미래는	1
바른미래당과	1
바른미래측	1
바른정당계	1
바리서	1
바리톤	1
바보처럼	1
바비인형	1
바빠	1
바쁘게	1
바쁘다	1
바세나르	1
바스라	1
바스라서	1
바시르에	1
바에스	1
바오가	1
바위	1
바위에	1
바이두에	1
바이든의	1
바이든측	1
바이러스는	1
바이럴영상	1
바이럴진	1
바이로메드	1
바이백	1
바이아웃	1
바이오ai로봇	1
바이오니아	1
바이오로직스	1
바이오를	1
바이오매스	1
바이오벤처	1
바이오솔루션	1
바이오에	1
바이오에탄올	1
바이오연구지원센터	1
바이오주	1
바이오톡스텍	1
바이오특별위	1
바이올린첼로	1
바이체커	1
바이트댄스	1
바인	1
바자우	1
바지에	1
바짝종합	1
바쳐진	1
바치겠다	1
바치려	1
바친	1
바친다	1
바쿠에서	1
바통종합	1
바티칸서	1
바흐부터	1
바흐아냐	1
박겠다는	1
박경리의	1
박경미	1
박권범	1
박근혜역적패당	1
박기원최태웅	1
박대동	1
박대통령이	1
박람회서	1
박람회장	1
박람회종합	1
박막기술	1
박멸	1
박멸한다	1
박명재	1
박물관도	1
박물관으로	1
박물관의	1
박물관장	1
박물관장이	1
박민우에게	1
박범계와	1
박범훈	1
박범훈의	1
박병호가	1
박병호도	1
박병호와	1
박병호초이스	1
박빙이지만	1
박빙종합	1
박사의	1
박사학위	1
박상관	1
박상진	1
박선희	1
박성제씨	1
박성효	1
박세혁의	1
박수근	1
박수는	1
박수받으니	1
박수받으며	1
박수에	1
박순녀	1
박스권	1
박스피	1
박아	1
박영규	1
박완서의	1
박완수	1
박용식	1
박용택의	1
박원순과	1
박원순맨	1
박원순은	1
박은진의	1
박은태	1
박정의	1
박정화	1
박정희는	1
박정희도	1
박종아	1
박준영이냐	1
박지	1
박지성과	1
박지성도	1
박지성의	1
박지수가	1
박지수냐	1
박지수의	1
박지원과	1
박지원에	1
박지원의	1
박지하	1
박찬숙	1
박찬호의	1
박철우스승	1
박치국	1
박치기하고	1
박탈돼	1
박탈된	1
박탈된다	1
박탈될	1
박탈은	1
박탈키로	1
박하나	1
박하다는	1
박한	1
박항서로	1
박항서호와	1
박현빈과	1
박현빈의	1
박현주	1
밖에	1
밖에는	1
밖으로는	1
밖은	1
밖인지	1
반가움과	1
반격나선	1
반격만	1
반격용	1
반격의	1
반격이다	1
반격작전	1
반격카드	1
반격할	1
반경	1
반고문	1
반군거점에	1
반군과도	1
반군단체	1
반군대표	1
반군사령관	1
반군은	1
반군점령지	1
반기문까지	1
반기문에	1
반기보고서	1
반나절만에	1
반납종합	1
반납하라	1
반년만	1
반년사이	1
반대2표	1
반대냐	1
반대로	1
반대론자들	1
반대만	1
반대속보	1
반대시민들	1
반대시위와	1
반대운동	1
반대의견	1
반대하는건	1
반대하든	1
반대하며	1
반대한다	1
반대해	1
반대해온	1
반더러	1
반도네오니스트	1
반도체라인	1
반도체마저	1
반도체서	1
반도체소자	1
반도체에	1
반도체연구	1
반도체장비업체	1
반도체펀드	1
반등리얼미터	1
반등종합2보	1
반등폭	1
반등폭은	1
반등하며	1
반등한	1
반등할	1
반딧불이	1
반란에	1
반란이	1
반란파	1
반려동물을	1
반려인	1
반려인을	1
반론했다	1
반만에	1
반목	1
반목말고	1
반목으로	1
반문명적인	1
반문보복처	1
반문특위	1
반미감정	1
반미구호	1
반미벽화	1
반미정서	1
반미투쟁	1
반민생	1
반민족	1
반민족적	1
반민특위	1
반박의견	1
반박종합	1
반박하고	1
반박하는	1
반박한다	1
반발2보	1
반발도	1
반발에	1
반발종합3보	1
반발한	1
반발한다고	1
반발할	1
반복됐던	1
반복된	1
반복될까	1
반복적으로	1
반복종합	1
반복하는	1
반복한	1
반부패기구서	1
반부패는	1
반부패사정	1
반부패협의회	1
반성과	1
반성없이	1
반성은커녕	1
반성의	1
반성하자	1
반성합니다	1
반슬라이크	1
반시장	1
반시장적	1
반얀트리	1
반역사적	1
반열	1
반열에	1
반영돼야	1
반영될	1
반영하고	1
반영하는	1
반영해	1
반유대주의	1
반으로	1
반응종합	1
반응종합2보	1
반이라고요	1
반일단체가	1
반입금지	1
반입놓고	1
반입에	1
반입차단	1
반작용	1
반전은	1
반전을	1
반정부시위대	1
반정부인사	1
반조립부품	1
반중세력	1
반지로	1
반집시	1
반짝반짝종합	1
반짝이는	1
반짝인다	1
반짝임	1
반짝추위에	1
반쪽짜리	1
반철학	1
반체제인사들	1
반총장	1
반출에	1
반출제안	1
반테러	1
반트럼프	1
반포	1
반포wm센터	1
반품에	1
반하다	1
반해	1
반해종합	1
반환돼	1
반환에	1
반환하나	1
반환해야	1
받게	1
받기	1
받기만	1
받는다종합	1
받는데	1
받도록	1
받드는	1
받아도	1
받아들이면	1
받아들이지	1
받아들일	1
받아라	1
받아보겠다	1
받아보세요	1
받아주며	1
받았거나	1
받았다종합	1
받았으면	1
받으러	1
받을것	1
받을수있어	1
받을테니	1
받자	1
받지않았다	1
발가벗은	1
발간한다고	1
발걸음도	1
발견1보	1
발견2보	1
발견돼종합	1
발견문학상에	1
발견안돼	1
발견은	1
발견작품상에	1
발견종합2보	1
발견하다	1
발견할	1
발견해	1
발광전지	1
발굴과	1
발굴된	1
발굴이	1
발굴종합	1
발굴한	1
발굴한다	1
발굴해	1
발굴협의회	1
발급대상	1
발급됐는데	1
발급된	1
발급받았다	1
발급요건	1
발급종합	1
발기인	1
발길에	1
발길은	1
발길질한	1
발끈한	1
발끝	1
발끝김신욱	1
발단	1
발단종합	1
발달장애아동	1
발달장애축구팀	1
발담근	1
발동1보	1
발동2보	1
발동엔	1
발동할까	1
발레가	1
발레까지	1
발레단의	1
발레드라마	1
발레리노	1
발레에	1
발레와	1
발레협회서	1
발렌시아	1
발렌시아에	1
발렌시아와	1
발령대기	1
발령되면	1
발령된	1
발령으로	1
발로	1
발롱도르도	1
발리에서도	1
발맞춰	1
발매되기도	1
발매와	1
발매종합	1
발명	1
발명한	1
발목부상으로	1
발목잡기로	1
발목잡기식	1
발목잡기종합	1
발목잡나	1
발병메커니즘	1
발빠르게	1
발빼나	1
발빼는	1
발빼자	1
발사교도	1
발사까지	1
발사는	1
발사대	1
발사대서	1
발사대책	1
발사로	1
발사시도에	1
발사실험했으나	1
발사징후	1
발사체사업본부	1
발사해	1
발사했나	1
발사했지만	1
발상	1
발상지서	1
발생률	1
발생시	1
발생에	1
발생일수	1
발생종합	1
발생하나	1
발생하지	1
발생할듯	1
발송시스템	1
발암물질	1
발언과	1
발언듣는	1
발언으로	1
발열검사	1
발음	1
발의가능	1
발의권	1
발의돼종합	1
발의안	1
발의카드로	1
발자취로종합	1
발전계획	1
발전과정	1
발전기에	1
발전방향	1
발전사	1
발전사업자들	1
발전설비	1
발전속보	1
발전시설	1
발전위원회	1
발전위해	1
발전의	1
발전종합	1
발전하겠다	1
발전하는	1
발전해나가는	1
발전효율	1
발족종합	1
발주사	1
발주처	1
발진종합	1
발짝	1
발탁1보	1
발탁설	1
발탁이	1
발판마련	1
발판만들기	1
발판으로	1
발판종합	1
발포한	1
발표3보	1
발표되는대로	1
발표될	1
발표될듯	1
발표설에	1
발표수정	1
발표위해	1
발표일	1
발표전	1
발표치	1
발표한	1
발표할듯	1
발표할듯종합	1
발표해야	1
발한	1
발해	1
발해와	1
발행계획종합	1
발행사	1
발행으로	1
발행하면	1
발화사건	1
발화사고	1
발화점	1
발화점들	1
발효에	1
발효종합	1
발휘하자는	1
발휘한	1
밝게	1
밝고	1
밝아오는	1
밝았다	1
밝혀2보	1
밝혀야종합3보	1
밝혀주는	1
밝혀지나	1
밝혔다	1
밝혔다속보	1
밝혔지만	1
밝힐것	1
밝힐까	1
밟기	1
밟나	1
밟는다	1
밟다	1
밟던	1
밟았는지	1
밟은	1
밟을까	1
밤9시	1
밤9일	1
밤낮	1
밤낮없는	1
밤마다	1
밤마실야시장	1
밤새고민	1
밤샘조사	1
밤에는	1
밤을	1
밤종합	1
밤치기	1
밤토끼	1
밥먹을때도	1
밥벌이	1
밥벌이의	1
밥상	1
밥상민심	1
밥캣	1
밥캣상장이	1
방강수1보	1
방공망	1
방공망에	1
방과후	1
방글라데시에	1
방글라도	1
방글라서	1
방긋	1
방긋방긋	1
방남종합	1
방류	1
방만	1
방문1보	1
방문객들	1
방문고객에도	1
방문국	1
방문도	1
방문때	1
방문비자	1
방문않고	1
방문앞	1
방문의	1
방문지	1
방문직원	1
방문키로	1
방문판매	1
방문하고	1
방문하는	1
방문하면	1
방문하시면	1
방문한다	1
방문해달라	1
방문허가	1
방미단	1
방미로	1
방미외교	1
방법론	1
방법없어	1
방법에	1
방법으로	1
방법이죠	1
방법적	1
방법종합	1
방북길	1
방북단에	1
방북목적	1
방북에	1
방북으로	1
방북일에	1
방북일정	1
방북종합2보	1
방북한	1
방북해	1
방사	1
방사능감측지휘부	1
방사능방재훈련	1
방사능영향	1
방사능테러	1
방사성동위원소	1
방사포로	1
방산	1
방산용	1
방산주	1
방송개발기구	1
방송견학	1
방송공룡	1
방송국	1
방송기술로	1
방송대	1
방송도	1
방송된다	1
방송매체	1
방송문화연구소	1
방송문화진흥회	1
방송물	1
방송본부장	1
방송사고에	1
방송사로	1
방송사업	1
방송서	1
방송센터	1
방송에서	1
방송위원장	1
방송의날	1
방송인	1
방송장비	1
방송재개	1
방송적폐	1
방송접근성	1
방송제도	1
방송제도개선안	1
방송제작진	1
방송제작현장	1
방송중	1
방송통신교실	1
방송통신기자재	1
방송통신박람회	1
방송통신위성	1
방송통신위성종합2보	1
방송통신이용자주간	1
방송평가	1
방송학회	1
방송한	1
방송한다	1
방송협회미래부에	1
방수시험	1
방수책으로	1
방식은	1
방식일듯	1
방심위원	1
방심하면	1
방심하지	1
방어능력	1
방어용	1
방어전략에	1
방어체계	1
방역주	1
방영했다	1
방울	1
방울로	1
방위	1
방위비분담금핵무장	1
방위비분담협의	1
방위비분담협정	1
방위비협상	1
방위조약	1
방위협력	1
방위확대협정	1
방을	1
방전	1
방주	1
방지계획	1
방지기술	1
방지대책	1
방지에	1
방지용	1
방지조치	1
방지책도	1
방지캠페인	1
방직공장	1
방출대기	1
방출대상명단	1
방치되는	1
방침교도	1
방콕서	1
방탄	1
방탄사고	1
방탈출게임방	1
방통위eu	1
방통위로	1
방통위에	1
방통위원장pp업계	1
방통위원장의	1
방통위한국당	1
방티	1
방패의	1
방학숙제	1
방학에는	1
방한관광객	1
방한에	1
방한하는	1
방한한	1
방해자인줄	1
방해종합	1
방해행위	1
방향성은	1
방향으로만	1
방향을	1
방화로	1
방화벽에	1
방화의	1
방화참사로	1
방황하는	1
밭	1
배가	1
배격	1
배격종합	1
배경에	1
배경으로	1
배경은종합	1
배경지	1
배고프	1
배곯은	1
배구국가대표	1
배구대표팀에	1
배구밖에	1
배구서	1
배구심판	1
배구에만	1
배구용품	1
배구하고	1
배구해야죠	1
배그와	1
배급받은	1
배급제	1
배급중단	1
배꼽	1
배꼽이	1
배낭형	1
배넌	1
배넌은	1
배넌의	1
배는	1
배달사업에	1
배달앱	1
배달원입니다	1
배달은	1
배달한	1
배달해먹어요	1
배당락	1
배당락일	1
배당소득	1
배당오류	1
배당입력	1
배당착오	1
배당확대	1
배려	1
배려가	1
배려받은	1
배려와	1
배려종합	1
배려하겠다	1
배만	1
배반	1
배반있어선	1
배번	1
배분돼야	1
배분키로	1
배불렸나	1
배상땐	1
배상하라	1
배수	1
배수의	1
배수진종합2보	1
배신의	1
배신자	1
배신자를	1
배신자종합	1
배신자종합2보	1
배신투표에	1
배아	1
배양	1
배양할	1
배에	1
배에서	1
배우겠다	1
배우기도	1
배우들	1
배우로	1
배우의	1
배우처럼	1
배움과	1
배웅하는	1
배웅행사	1
배워	1
배워라	1
배워볼까요	1
배웠나	1
배웠죠	1
배유나는	1
배유나정대영	1
배임종합	1
배정요구	1
배제는	1
배제도서	1
배제될	1
배제못해	1
배제못해종합3보	1
배제시	1
배제종합	1
배제하며	1
배제하지	1
배짱	1
배짱도	1
배추적을	1
배출국	1
배출시	1
배출한	1
배출한다	1
배치계획	1
배치까지	1
배치는	1
배치되면	1
배치땐	1
배치론	1
배치에	1
배치종합	1
배치하길	1
배치하며	1
배치해야	1
배터리도	1
배터리사업	1
배터리소재	1
배터리없이	1
배터리에	1
배트로	1
배트에	1
배팅	1
배포권	1
배포와	1
배현진	1
배현진에	1
배후같다	1
배후설에	1
배후종합	1
백건우의	1
백금	1
백금촉매	1
백기사	1
백기종합2보	1
백낙청	1
백낙청이	1
백남기	1
백남기부터	1
백남준종합	1
백년지대계인데	1
백동이	1
백두산발전소	1
백두산영웅청년3호발전소	1
백두산영웅청년발전소	1
백두산으로	1
백두에	1
백두혈통의	1
백만장자	1
백만장자가	1
백민석	1
백민석이	1
백범	1
백범의	1
백사마을	1
백사장	1
백색소음	1
백색테러	1
백서에	1
백선생	1
백설공주를	1
백수	1
백수린	1
백스테이지까지	1
백승호이승우	1
백악관도	1
백악관의	1
백악관이	1
백업까지	1
백업선수들의	1
백업세터	1
백의	1
백인들의	1
백인시위대	1
백인우월주의단체	1
백인우월주의자에	1
백인우월주의자의	1
백인정당의	1
백일장	1
백일홍	1
백자	1
백자들	1
백제고도	1
백제까지	1
백제의	1
백제정치사	1
백조로	1
백조의	1
백지등원	1
백지발행	1
백지화하나	1
백지화해야	1
백척간두	1
백척간두에	1
백투백	1
백패	1
백패스	1
백패커와	1
백혈병	1
백화원영빈관은	1
백화점서	1
밴드도	1
밴드서	1
밸런스	1
밸런스히어로	1
밸런타인데이	1
밸류업	1
밸류체인이	1
밸리	1
밸리와의	1
뱀과	1
뱀은	1
뱃길끊겨	1
뱃속	1
뱅쇼	1
뱅앤올룹슨	1
뱅앤올룹슨과	1
뱅크	1
뱅크런	1
뱅크샐러드	1
뱅크샐러드와	1
뱅크오브아메리카	1
뱅킹	1
버거	1
버는	1
버는것	1
버닝과	1
버두고	1
버두고의	1
버드랜드	1
버라이즌과	1
버려	1
버려두고	1
버려라	1
버려서	1
버렸다	1
버리는	1
버리니	1
버리세요	1
버리지	1
버림받는	1
버림받았나	1
버림받은	1
버림받을것	1
버스기사	1
버스노조	1
버스데이	1
버스로	1
버스에	1
버스와	1
버스정류장	1
버스정류장서	1
버스정보시스템	1
버스킹	1
버스킹과	1
버스타고	1
버스트럭	1
버젓이	1
버즈빌	1
버즈아트	1
버지니아서	1
버추얼텍	1
버텨낼까	1
버텨야	1
버튼과	1
버튼네	1
버틀러에	1
버티게	1
버티고	1
버틸	1
버핏	1
벅차다	1
번갈아	1
번거로워질	1
번돈도	1
번득이는	1
번리	1
번리에	1
번리전	1
번만종합2보	1
번번이	1
번식	1
번식에	1
번역사	1
번역시스템	1
번역에	1
번역을	1
번역전쟁	1
번역지원	1
번역출간	1
번영에	1
번영을	1
번은	1
번지는	1
번진	1
번째였지만	1
번째종합	1
번쩍은	1
번체	1
번호변경	1
번호안내114	1
번호이동은	1
번호판	1
번호표시	1
벌거벗기고	1
벌거숭이두더지쥐	1
벌거숭이두더지쥐가	1
벌고	1
벌금제	1
벌금폭탄	1
벌금폭탄에	1
벌떡	1
벌떼	1
벌랜더는	1
벌랜더에	1
벌랜더에게	1
벌레	1
벌룬	1
벌리겠다	1
벌릴	1
벌벌떠는	1
벌써부터	1
벌어가	1
벌어볼까	1
벌어진다	1
벌어질	1
벌었을까	1
벌이나	1
벌인	1
벌인다	1
벌일	1
벌집	1
벌집쑤신	1
벌크	1
벌크캐시	1
범국가적	1
범국민	1
범국민투쟁대회	1
범대책위원회에서	1
범보수	1
범실로	1
범위는	1
범인은	1
범정부지원	1
범죄가	1
범죄단속에	1
범죄대책	1
범죄도시	1
범죄라고요	1
범죄사실	1
범죄산업	1
범죄와	1
범죄인	1
범죄자까지	1
범죄자들	1
범죄자로	1
범죄적	1
범죄피해자	1
범진보	1
범행의심	1
범행이라도	1
법개정	1
법관단체	1
법규	1
법규정	1
법대로라면	1
법따라	1
법령용어	1
법령팀	1
법률관계	1
법률무시	1
법률문화	1
법률보조는	1
법률비용	1
법률상담	1
법률쟁점	1
법리	1
법리검토	1
법리점검	1
법막고	1
법무빌	1
법무장관에	1
법무장관으로	1
법무차관	1
법사위서	1
법사위원들	1
법사위원들과	1
법상	1
법안과	1
법안만이라도	1
법안발의	1
법안소위	1
법안은	1
법안통과	1
법에서	1
법원도	1
법원에서도	1
법원으로	1
법원이	1
법원청사	1
법의	1
법의학자가	1
법인대리점	1
법인분리설	1
법인세론	1
법인에	1
법인으로	1
법적근거	1
법적논란	1
법적보증	1
법적분쟁	1
법적용어는	1
법적책임	1
법적효력	1
법절차	1
법정근로시간	1
법정금리	1
법정다툼	1
법정분쟁	1
법정에서	1
법정처리	1
법정행종합	1
법제	1
법제처와	1
법제처장	1
법제화해	1
법제화해야	1
법조	1
법조문화	1
법조인	1
법조인은	1
법질서부터	1
법치국가	1
법치에	1
법카	1
벗	1
벗겠다	1
벗겨진	1
벗기고	1
벗는	1
벗는다	1
벗다	1
벗다종합	1
벗어나30일	1
벗어나고	1
벗어나려는	1
벗어나려면	1
벗어나야종합	1
벗어날	1
벗어났나	1
벗자며	1
벙커링기지	1
벚꽃단지	1
벚꽃물결이	1
벚꽃엔딩이	1
벚꽃행사	1
베	1
베껴쓰기	1
베끼면	1
베네수엘라가	1
베네수엘라도	1
베네치아비엔날레	1
베네통	1
베니	1
베니스	1
베니스의	1
베드신	1
베렛	1
베렛은	1
베로나는	1
베로나로	1
베로나에서	1
베로나와	1
베르베르의	1
베르캄프	1
베를린브레멘전서	1
베를린에서	1
베를린전	1
베를린챔버오케스트라	1
베를린필과	1
베스	1
베스트3	1
베스트3에	1
베스트6	1
베스트셀러에	1
베스트카메라	1
베식타시	1
베어링자산	1
베어링자산운용	1
베이다이허	1
베이루트	1
베이루트에서	1
베이스볼아메리카	1
베이스볼아메리카의	1
베이스볼에서	1
베이징과	1
베이징행	1
베일벗었다	1
베일벗은	1
베젤리스	1
베젤리스폰	1
베젤에	1
베컴과의	1
베토벤에	1
베토벤이	1
베트	1
베트남공무원	1
베트남말레이시아전	1
베트남북한	1
베트남산으로	1
베트남엔	1
베트남영웅	1
베트남은	1
베트남이	1
베트남종전	1
베트남지사	1
베트남팬	1
베트남팬들	1
베팅사이트서	1
베팅업체	1
베팅으로	1
베팅은	1
베푼	1
베풀면	1
벤슨에	1
벤처업계	1
벤처육성	1
벤처지원	1
벤처캐피탈	1
벤처캐피털시장	1
벤처투자	1
벤처투자가	1
벤처투자액	1
벤처펀드	1
벤처하는	1
벤치클리어링종합	1
벤테케	1
벤테케가	1
벤투와의	1
벤투호가	1
벤투호로	1
벤투호에	1
벤투호와	1
벤투호의	1
벤피카에	1
벨	1
벨기에서	1
벨라루스서	1
벨린저는	1
벨소프트와	1
벨이	1
벨포레	1
벵거는	1
벼락같은	1
벼랑에	1
벼르는	1
벽돌	1
벽돌맞은	1
벽돌폰부터	1
벽두부터	1
벽을	1
벽화그리기	1
변경심사	1
변경안	1
변경절차	1
변경종합2보	1
변경할	1
변경회생계획	1
변기	1
변기물	1
변기에	1
변덕스러운	1
변동	1
변동과	1
변동금리	1
변동없어	1
변동에는	1
변론지원	1
변명과	1
변명으로도	1
변명할	1
변모되기를	1
변방	1
변방의	1
변수되나	1
변수종합	1
변신종합	1
변심	1
변액보험	1
변어빙이	1
변용	1
변절	1
변종도	1
변준형	1
변준형이냐	1
변치	1
변코비보다	1
변하려는	1
변하지	1
변할	1
변함	1
변함없고	1
변함없어종합	1
변함없이	1
변했나	1
변했단	1
변혁적	1
변협	1
변협회장	1
변형수비로	1
변형왜곡된	1
변형작물	1
변호사가	1
변호사단체	1
변호사들의	1
변호사등	1
변호사서	1
변호사에	1
변호사종합2보	1
변호인에	1
변호한	1
변호해야	1
변화가	1
변화과정	1
변화는	1
변화도	1
변화된	1
변화로	1
변화를	1
변화만드는	1
변화상	1
변화속도	1
변화시킬것	1
변화없다	1
변화없어	1
변화없어종합2보	1
변화없을	1
변화유도	1
변화줄	1
변화할	1
별개로	1
별관신축	1
별들	1
별들로	1
별들에	1
별들이	1
별로	1
별로라고	1
별명	1
별명은	1
별명이	1
별빛이	1
별세로	1
별세종합2보	1
별에	1
별에서	1
별의	1
별이	1
별이다	1
별플레이	1
병력집결에	1
병력집중	1
병사가	1
병사에	1
병역논란에	1
병역문제로	1
병영공사	1
병영도서관	1
병원에	1
병원에서	1
병원으로	1
병원찾기	1
병원찾아	1
병일지도	1
병적증명서	1
병진노선은	1
병차로	1
병풍의	1
병합해	1
병행돼야	1
병행은	1
병행종합	1
병행종합2보	1
병행해야	1
병행해야종합	1
보강에	1
보건성	1
보건체조	1
보게될	1
보고누락	1
보고받고	1
보고받기	1
보고받아종합	1
보고받은	1
보고서는	1
보고서상	1
보고종합	1
보고해	1
보관액	1
보관용	1
보관하다	1
보관해야죠	1
보광그룹	1
보광산업	1
보급률도	1
보급종합	1
보급현장	1
보기는	1
보기를	1
보나	1
보내겠다	1
보내나	1
보내면	1
보내세요	1
보내야	1
보내와	1
보내자	1
보내주면	1
보내지는	1
보낸다	1
보냈네	1
보냈는데	1
보냈다	1
보냈다면	1
보니것	1
보니것의	1
보니하니	1
보다도	1
보다전	1
보다폰	1
보다폰과	1
보답하겠다	1
보답하겠습니다	1
보답하는	1
보답한	1
보답할것	1
보답해야	1
보도개입	1
보도국장등	1
보도사진	1
보도서	1
보도하지	1
보도할까	1
보도했다종합2보	1
보도후	1
보듬어준	1
보라스는	1
보란듯이	1
보러가자	1
보러왔어요	1
보려고	1
보령대회	1
보령머드축제	1
보령시	1
보령시리즈	1
보령시터프머더	1
보령제약	1
보류에	1
보류종합	1
보류하라	1
보르도	1
보르도에	1
보름달만큼	1
보름이	1
보리까지	1
보면서도	1
보물강탈	1
보물로	1
보물서	1
보물전	1
보복구	1
보복말라	1
보복받아	1
보복범죄	1
보복법안	1
보복없어	1
보복예고종합2보	1
보복으로	1
보복으로종합	1
보복의	1
보복조치에	1
보복조치할	1
보복차원	1
보복한	1
보상받으면	1
보상종합	1
보상책	1
보상판매가	1
보상평가	1
보상하라종합	1
보상혜택	1
보상혜택에	1
보석처럼	1
보성녹차밭	1
보성파워텍에	1
보수결집	1
보수공사	1
보수국가	1
보수기반	1
보수논객	1
보수단체는	1
보수당에	1
보수대통합	1
보수성향	1
보수야권	1
보수야당에도	1
보수적일	1
보수주의	1
보수통합론	1
보수통합이	1
보수파	1
보스	1
보스니아서	1
보스니아에	1
보스니아전	1
보스니아전에	1
보스턴서	1
보스턴이	1
보스토치니는	1
보시겠어요	1
보안검색직원	1
보안관	1
보안관제기술	1
보안기능	1
보안기업에	1
보안리더	1
보안부터	1
보안사고	1
보안성	1
보안속	1
보안수준	1
보안시험	1
보안실태	1
보안여관에서	1
보안용	1
보안으로	1
보안의혹	1
보안인증	1
보안자회사	1
보안전문가그룹	1
보안점검은	1
보안점검종합	1
보안조사	1
보안취약점	1
보안태세	1
보안패치	1
보약	1
보약이라고	1
보여달라	1
보여드려	1
보여드리겠다	1
보여드린	1
보여드릴	1
보여드릴게요	1
보여야종합	1
보여주려다	1
보여주며	1
보여주지	1
보여준다종합	1
보여줄까	1
보여줘야	1
보여줘요	1
보여줬다	1
보여줬다면	1
보완됐나	1
보완방안도	1
보완위해	1
보완적	1
보완종합	1
보완책	1
보완필요	1
보완하겠다	1
보완할	1
보완해	1
보완해야죠	1
보위부에	1
보위부종합	1
보위총국	1
보위하자	1
보유국	1
보유국은	1
보유액	1
보유업체는	1
보유의향	1
보유종목수	1
보유종합	1
보유주식	1
보유주택	1
보유키로	1
보유현황	1
보육	1
보육기업	1
보육대란	1
보육시설	1
보육지원	1
보은인사	1
보이	1
보이겠다	1
보이라	1
보이스부터	1
보이스톡	1
보이스피싱범	1
보이스피싱에	1
보이싱피싱	1
보이차	1
보이차를	1
보이콧으로	1
보이콧이	1
보인다종합	1
보일까	1
보잉737맥스	1
보잉767	1
보잉사에	1
보잉에	1
보잉에어버스	1
보잉의	1
보장되는	1
보장프로그램	1
보장하라종합	1
보장해달라	1
보장해야종합	1
보전처분	1
보전했다	1
보조공학기기	1
보조금대상	1
보조금도	1
보조금만	1
보조금보다	1
보조기기에	1
보조청사	1
보존에	1
보좌관과	1
보좌관의	1
보좌종합	1
보좌직원에게	1
보증금액	1
보증기간	1
보증법	1
보증사고	1
보증서담보대출	1
보증서비스	1
보증심사	1
보증연장	1
보증지원	1
보직에	1
보직은	1
보직해임	1
보츠와나서	1
보츠와나에	1
보컬	1
보코하람에	1
보타를	1
보타바이오	1
보태고싶어	1
보태는	1
보태야	1
보탤까	1
보탬이	1
보통1일	1
보통4일	1
보통에	1
보통예금	1
보트난민	1
보트로	1
보트서	1
보트전복	1
보편복지	1
보편성에	1
보편요금제는	1
보편요금제로	1
보편화할	1
보행	1
보행로	1
보험가입	1
보험감독당국	1
보험다모아	1
보험다모아서	1
보험대리점	1
보험도	1
보험사가	1
보험약관	1
보험약관대출	1
보험정산금	1
보험협의	1
보헤미안스	1
보호4법	1
보호대상서	1
보호받는	1
보호받을	1
보호방안	1
보호시설서	1
보호장치	1
보호제도	1
보호조치	1
보호차원에서	1
보호하는	1
보호하려고	1
보훈심사	1
보훈지청	1
보훈처장	1
복	1
복간	1
복간본	1
복구위한	1
복구작업	1
복구종합2보	1
복구지원	1
복구할	1
복구현장	1
복구협상	1
복권	1
복권당첨	1
복귀가	1
복귀속보	1
복귀시동	1
복귀시키기로	1
복귀안하는	1
복귀에	1
복귀전에	1
복귀전에서	1
복귀전종합	1
복귀포	1
복귀프로	1
복귀하겠다	1
복귀하고	1
복귀하나	1
복귀하는	1
복귀하라	1
복귀하며	1
복귀하지	1
복귀했지만	1
복당신청	1
복당에	1
복당파	1
복당파문	1
복당파문까지	1
복리시설	1
복면괴한에	1
복무기간	1
복사꽃	1
복선전철화	1
복수국적	1
복수국적자	1
복수극	1
복수를	1
복수하고	1
복스	1
복스에	1
복식	1
복싱스타	1
복싱챔피언	1
복용하면	1
복용해	1
복원기회	1
복원된	1
복원시도하나	1
복원한	1
복음	1
복잡할	1
복잡해지는	1
복잡해진	1
복제양	1
복제인간	1
복제종합	1
복지공약	1
복지국가	1
복지포퓰리즘	1
복지허브	1
복지혜택	1
복지확대로	1
복합개발사업	1
복합기	1
복합단지	1
복합리조트	1
복합소재	1
복합연구	1
복합작용	1
복합화력발전소	1
본격시동종합	1
본격심사	1
본격적	1
본격적으로	1
본격착수	1
본격투자	1
본격화2보	1
본격화되나	1
본격화로	1
본격화하는	1
본고장서	1
본관	1
본관제도	1
본국송환	1
본궤도	1
본다종합	1
본떠	1
본뜬	1
본받고	1
본받아야	1
본받으면	1
본보기는	1
본부	1
본부노조	1
본부에	1
본부장급	1
본사사옥	1
본사에	1
본사와	1
본선경쟁력	1
본선서	1
본선에	1
본선용	1
본선진출	1
본심사	1
본업은	1
본연	1
본연의	1
본인도	1
본인부담	1
본인에게	1
본인은	1
본인인증	1
본인인증종합	1
본인확인서비스	1
본입찰에	1
본전이라는	1
본질에	1
본토까지	1
본토를	1
본토인	1
본토인에	1
본토크림반도	1
본회의는	1
본회의장	1
본회의장에	1
본회의처리	1
볼넷도	1
볼넷왕으로	1
볼드롭	1
볼라벤	1
볼로냐	1
볼로냐대학서	1
볼리비아에	1
볼리비아전에	1
볼모잡기	1
볼베어파크에	1
볼턴과	1
볼턴은	1
볼턴이	1
볼트의	1
볼티모어전	1
볼티모어전이	1
봄과	1
봄길을	1
봄꽃놀이	1
봄꽃들	1
봄꽃들로	1
봄꽃에	1
봄꽃여행	1
봄꽃으로	1
봄꽃이	1
봄꽃축제	1
봄꽃풍경	1
봄날씨	1
봄날씨속	1
봄날에도	1
봄내음	1
봄놀이산	1
봄맞이축제	1
봄바람에	1
봄배	1
봄배구를	1
봄봄	1
봄비21일	1
봄비와	1
봄비치고	1
봄소풍	1
봄에	1
봄에도	1
봄여행주간	1
봄코리아	1
봄하늘	1
봅니다	1
봇	1
봉사주간	1
봉송하다	1
봉쇄관리	1
봉쇄에	1
봉쇄할	1
봉쇄할까	1
봉우리	1
봉인	1
봉중근	1
봉중근의	1
봉투	1
봉하마을행	1
봉합됐지만	1
봉합이냐	1
봉합제	1
봐가면서	1
봐라	1
봐야종합	1
봐주고	1
봐주기	1
봐주다가	1
봐준	1
봐줘	1
봤나	1
봤어요	1
부가	1
부가가치	1
부각으로	1
부각은	1
부각종합	1
부각할	1
부각할듯	1
부결될	1
부결시켜	1
부결은	1
부결하면	1
부과는	1
부과에	1
부과키로	1
부과해야	1
부글부글종합	1
부기	1
부끄러운	1
부끄러워	1
부끄러워해야	1
부끄럽지도	1
부노자	1
부담감	1
부담까지	1
부담도	1
부담되나	1
부담되는	1
부담되지만	1
부담될	1
부담될까	1
부담없는	1
부담없었다	1
부담은	1
부담을	1
부당거래	1
부당노동행위	1
부당대출	1
부당성	1
부당성이	1
부당징계도	1
부당편집	1
부당해고됐다	1
부당행위	1
부대배치	1
부대분류	1
부대사업	1
부대신	1
부대에종합	1
부도났던	1
부도에	1
부도위험지표	1
부도칸	1
부동산pf	1
부동산거품	1
부동산공시가격알리미에서	1
부동산과세	1
부동산규제	1
부동산담보가	1
부동산대책	1
부동산대출규제	1
부동산대출펀드에	1
부동산부터	1
부동산산업의	1
부동산서비스	1
부동산시장에	1
부동산업	1
부동산업에	1
부동산에	1
부동산으로	1
부동산재벌	1
부동산전망	1
부동산정보	1
부동산정책	1
부동산중개업소	1
부동자금	1
부동표가	1
부두	1
부두목종합	1
부두운영	1
부드러워라	1
부드러워진	1
부러웠다	1
부러지며	1
부러질	1
부려야	1
부룬디	1
부룬디서	1
부룬디인	1
부르면	1
부를	1
부름의	1
부린	1
부릴듯종합	1
부마민주항쟁을	1
부마항쟁단체	1
부마항쟁의	1
부메랑으로	1
부모님	1
부모님과	1
부모님도	1
부모보다	1
부모안심앱	1
부모의	1
부모잃어	1
부모자녀	1
부모집에	1
부문장	1
부문장이	1
부부가	1
부부도	1
부분가능	1
부분만	1
부분은	1
부분임차가구	1
부분적	1
부분적인	1
부사관	1
부사장은	1
부산과	1
부산관광	1
부산교육청	1
부산교통방송	1
부산국제록페스티벌	1
부산국제무용제	1
부산국제서핑대회	1
부산국제연극제	1
부산국제코미디페스티벌에	1
부산도	1
부산도서관	1
부산도시철도	1
부산맵	1
부산모터쇼	1
부산모터쇼서	1
부산박물관	1
부산버스운송조합	1
부산북항	1
부산불꽃축제	1
부산서도	1
부산소식	1
부산시민공원	1
부산시민이	1
부산시에	1
부산시장	1
부산시청	1
부산신발산업	1
부산아시안게임	1
부산에서	1
부산엔	1
부산영상위	1
부산원아시아페스티벌에	1
부산은	1
부산을	1
부산입항	1
부산주공	1
부산참여연대	1
부산총회	1
부산카자흐	1
부산코미디축제	1
부산편입	1
부산항만공사와	1
부산해남	1
부산환경교육	1
부상당한	1
부상로이터	1
부상선수	1
부상에서	1
부상종합2보	1
부상종합6보	1
부상투혼	1
부상하나	1
부상한	1
부상할까	1
부서간	1
부서지고	1
부소장	1
부속비서관	1
부수법안	1
부숴도	1
부스서	1
부스에	1
부시에	1
부시의	1
부시참모도	1
부실대출	1
부실보도	1
부실은행	1
부실의심	1
부실자산	1
부실징후기업	1
부실채권비율	1
부실학회는	1
부실한	1
부실합병	1
부안에서	1
부암동	1
부양가족	1
부양조치	1
부양책에	1
부양하는	1
부어있어	1
부업으로	1
부엌	1
부엌가구	1
부엌이	1
부여된	1
부역	1
부영아파트	1
부영연대	1
부와	1
부왕세자	1
부원장	1
부위는	1
부위로	1
부위에	1
부위원장에	1
부유해질수	1
부인도	1
부인들	1
부인에	1
부인종합3보	1
부인하지만	1
부인한	1
부인했는데	1
부자는	1
부자들의	1
부자증세	1
부자증세부터	1
부장은	1
부적	1
부적절하게	1
부적정	1
부정사용	1
부정이용	1
부정입학	1
부정적이지	1
부정적인	1
부정취업	1
부정취업종합	1
부정투표	1
부정회계	1
부조리	1
부족에	1
부족으로	1
부족이	1
부족종합	1
부족충돌	1
부족하다고	1
부족하다종합	1
부주석	1
부지내	1
부지매입	1
부지에	1
부지휘자	1
부지휘자에	1
부진으로	1
부진의	1
부진탈출	1
부진하고	1
부진할	1
부진했지만	1
부진힌	1
부차관보	1
부착형	1
부채관리	1
부채는	1
부채의	1
부채질	1
부처가	1
부처님	1
부처별로	1
부천fc	1
부천국제만화축제	1
부천에서	1
부천필	1
부쳤다	1
부총리도	1
부총리에게	1
부총리의	1
부총재보	1
부총통	1
부추겼나	1
부추긴	1
부추길	1
부친상에도	1
부친상으로	1
부탁드립니다	1
부탁종합	1
부탁한다던	1
부테플리카의	1
부통령tv토론	1
부통령에	1
부통령의	1
부통령이	1
부통령제	1
부통령후보군	1
부티지지에도	1
부패감시	1
부패는	1
부패방지법	1
부패언론	1
부패재벌	1
부패점검	1
부패정치인	1
부패하고	1
부폰에게	1
부풀려진	1
부풀리기	1
부풀리기는	1
부풀린	1
부품값	1
부품개발에	1
부품공장	1
부품사	1
부품소재산업	1
부품없어	1
부품으로	1
부품주	1
부품판매	1
부하리	1
부합되게	1
부합에도	1
부합하는지	1
부합할	1
부호	1
부호가문	1
부활노리나	1
부활이	1
부활이고	1
부활종합	1
부활하나	1
부회장사	1
부회장이	1
부흥을	1
부흥종합	1
북구갑	1
북구시설관리공단	1
북극곰이	1
북극넘은	1
북극서	1
북극이	1
북극이사회	1
북극한파에	1
북극회의서	1
북날두	1
북남간	1
북남관계	1
북녘	1
북녘땅이	1
북돋워	1
북동부종합	1
북미공동성명	1
북미교착	1
북미교착속	1
북미는	1
북미대표단	1
북미대화가	1
북미도서전	1
북미서	1
북미시장	1
북미시장서	1
북미정상회담과	1
북미정상회담서	1
북미정상회담에도	1
북미펀드	1
북미협상	1
북방위	1
북방지역	1
북부내륙	1
북부도	1
북부리그	1
북부산지	1
북부에서	1
북부엔	1
북부지방	1
북부지역에	1
북상종합	1
북상하나	1
북새통종합	1
북새통종합2보	1
북센	1
북소행설은	1
북송	1
북송요구	1
북수소탄	1
북수소탄실험지진파	1
북스타트	1
북시리아	1
북아일랜드에	1
북아일랜드전서	1
북악산	1
북에서	1
북유럽서	1
북유럽으로	1
북유럽의	1
북일관계	1
북적종합	1
북중러	1
북중미	1
북중미축구연맹	1
북중우호조약	1
북중정상회담	1
북중친선	1
북촌을	1
북측과	1
북측응원단	1
북측추진위	1
북키프로스	1
북태평양	1
북토크쇼	1
북펀드	1
북페어	1
북한tv	1
북한강변	1
북한강에	1
북한관	1
북한관광은	1
북한근로자	1
북한기항	1
북한내	1
북한노동자	1
북한대사관	1
북한대표부	1
북한도	1
북한망명펜센터	1
북한문제	1
북한미술의	1
북한방송과	1
북한산은	1
북한석탄	1
북한선수	1
북한소행	1
북한식당서	1
북한에서	1
북한여행	1
북한연계	1
북한으로	1
북한을	1
북한이주민인권	1
북한인	1
북한인권결의안	1
북한인권결의안에	1
북한인권기록보존소	1
북한인권단체	1
북한인권사무소장	1
북한인권시민연합	1
북한인권정보센터	1
북한인권정책협의회	1
북한인권특사	1
북한적	1
북한전문가	1
북한전문사이트	1
북한접경	1
북한주재	1
북한중국	1
북한지진	1
북한쪽	1
북한처럼	1
북한팀	1
북항	1
북항터널서	1
북핵개발	1
북핵논의	1
북핵단장	1
북핵성격	1
북핵수석도	1
북핵실험에	1
북핵압박	1
북핵외교안보특위	1
북핵외교안보특위국가안보위	1
북핵외교에	1
북핵위협	1
북핵접근법에	1
북핵제거	1
북핵제재	1
북핵포기	1
북핵합의	1
북핵해결은	1
북핵협력	1
분과위원장	1
분규	1
분기마다	1
분노가	1
분노로	1
분노에	1
분노와	1
분노한	1
분노확산	1
분다	1
분단국	1
분단의	1
분담	1
분당위기	1
분당으로	1
분들	1
분란속	1
분리공시제로	1
분리대응	1
분리독립투표	1
분리될	1
분리될수	1
분리막	1
분리수거에	1
분리전략종합	1
분리주의세력과	1
분리징수	1
분리하고	1
분리해	1
분리해야	1
분만	1
분명속보	1
분명해	1
분명했다는데	1
분배개선	1
분배구조	1
분배율	1
분별있게	1
분분종합	1
분비	1
분사종합	1
분사해도	1
분산id	1
분산개최	1
분산수용	1
분산장부	1
분산하면	1
분석관	1
분석기술	1
분석까지	1
분석도	1
분석종합2보	1
분석중	1
분석중3보	1
분석착수	1
분석코치부터	1
분석한다	1
분석해보니	1
분석해야	1
분석했더니	1
분수	1
분수광장	1
분수령으로	1
분수령종합	1
분수령종합2보	1
분실방지용	1
분실폰	1
분실했을	1
분야서	1
분야에서	1
분양단지	1
분양시장에	1
분양시장은	1
분양실적	1
분양심사	1
분양아파트	1
분양원가	1
분양전환	1
분양종합	1
분양행복주택	1
분열돼서	1
분열만	1
분열발언	1
분열상	1
분열상에	1
분열시켜	1
분열안돼	1
분열위기	1
분열의	1
분열할	1
분위기가	1
분위기는	1
분위기에서	1
분유	1
분유도	1
분자기계	1
분장의	1
분장했다가	1
분쟁국들에	1
분쟁서	1
분쟁신고	1
분쟁에	1
분쟁에는	1
분쟁조정상담	1
분쟁지역	1
분쟁해결	1
분쟁해역서	1
분점	1
분청사기	1
분출시험	1
분투	1
분할로	1
분할상환2보	1
분할상환종합	1
분할에	1
분할합병안	1
분할후	1
분해되는	1
분해촉매	1
분향소에서	1
분향하는	1
분홍재킷	1
분화시기	1
분화해	1
불가끝	1
불가능1보	1
불가능2보	1
불가능이란	1
불가능종합	1
불가능해지길	1
불가론	1
불가리아에	1
불가마	1
불가피종합2보	1
불가피할	1
불감증	1
불개입	1
불개입이	1
불검출	1
불공정해종합	1
불과해	1
불교	1
불교는	1
불교에서	1
불교음악	1
불교철학	1
불그레한	1
불까	1
불꽃공방	1
불꽃공방종합	1
불꽃접촉	1
불꽃타	1
불꽃투	1
불꽃튀는	1
불끈	1
불끈종합	1
불날	1
불놓기	1
불똥종합	1
불량률	1
불량품	1
불러낸	1
불러모은	1
불러모은다	1
불러볼까	1
불러세웠다	1
불러일으키는	1
불러일으킨	1
불러주는	1
불러주세요	1
불려	1
불로소득	1
불로소득에	1
불륜은	1
불리하게	1
불린	1
불만도	1
불만접수	1
불만제로	1
불만족종합	1
불만종합2보	1
불매운동에	1
불면의	1
불명예종합2보	1
불미스러운	1
불발된	1
불발될	1
불발로	1
불발시	1
불방망이	1
불법거래	1
불법게시물	1
불법게임	1
불법낙태	1
불법노동	1
불법배출	1
불법사보임vs	1
불법사용	1
불법사행산업	1
불법선거운동	1
불법수출	1
불법스팸	1
불법어업국	1
불법어획에	1
불법열람	1
불법영상물	1
불법영업	1
불법유통	1
불법음란정보	1
불법적	1
불법전당대회	1
불법전대	1
불법점유건물	1
불법주정차	1
불법주차	1
불법체류	1
불법촬영	1
불법침입	1
불법파일	1
불법포획	1
불법폭력	1
불볕더위에	1
불보듯	1
불복종합	1
불붙는	1
불붙어	1
불붙었다	1
불붙이는	1
불붙인	1
불빛으로	1
불사용	1
불상	1
불소나기	1
불쇼에	1
불수용	1
불시착한	1
불신임투표	1
불씨되나	1
불씨를	1
불안요소로	1
불안의	1
불안정성	1
불안정에	1
불안정의	1
불안정한	1
불안하게	1
불안해질수도	1
불안했어요	1
불어권	1
불어넣는	1
불어도	1
불완전	1
불완전판매	1
불완전판매시	1
불용의지	1
불원	1
불을	1
불응지시	1
불응해도	1
불이	1
불임	1
불임부부에	1
불장난하지	1
불지른다	1
불지피나	1
불참속	1
불참시켜	1
불참에	1
불참은	1
불참키로	1
불참하고	1
불참한듯	1
불출마종합	1
불출석한다면	1
불타	1
불타선	1
불타올라종합	1
불타올랐다	1
불태우는	1
불태워	1
불태워종합	1
불패	1
불펜서도	1
불펜에서	1
불펜으로	1
불펜투구	1
불편끼쳐	1
불편종합	1
불편종합2보	1
불편해	1
불평등과	1
불평등을	1
불평등의	1
불평등해소	1
불합리한	1
불행	1
불행하지	1
불행한	1
불허하는	1
불허한다	1
불협화음에	1
불확실성의	1
불확실성이	1
불황은	1
불황터널	1
불황형	1
붉어진	1
붉은광장서	1
붉은대게	1
붉힌	1
붐비고	1
붐빈다	1
붐빌	1
붓	1
붓다	1
붓다께서	1
붓의	1
붓칠한	1
붕	1
붕괴건물	1
붕괴된	1
붕괴사고로	1
붕괴시	1
붕괴에	1
붕괴와	1
붕괴위험	1
붕괴의	1
붕괴하면	1
붕괴한	1
붕괴할수도	1
붕괴했지만	1
붙는다	1
붙어	1
붙어있는	1
붙어주마	1
붙었다	1
붙여	1
붙여요	1
붙여주세요	1
붙으면	1
붙이기	1
붙이면	1
붙자	1
붙자종합	1
붙잡고	1
붙잡고픈	1
붙잡는	1
붙잡아	1
붙잡혀	1
붙잡힌	1
뷔시	1
뷔페가	1
뷰웍스	1
뷰티	1
뷰티풀	1
브라더스	1
브라이턴전서	1
브라질서도	1
브라질순종합	1
브라질아르헨티나	1
브라질에	1
브라질에도	1
브라질월드컵	1
브라질은	1
브라질의	1
브라질주식	1
브라질축구	1
브람스교향곡	1
브랜드k	1
브랜드보다	1
브랜드샵	1
브랜드쇼핑	1
브랜드에	1
브랜드와	1
브러더	1
브레멘	1
브레멘과	1
브레멘서	1
브레멘주서	1
브레이크가	1
브렉시트까지	1
브렉시트도	1
브렉시트되면	1
브렉시트만은	1
브렉시트부	1
브렉시트안	1
브렉시트에	1
브렉시트투표	1
브렉시트협상	1
브로드밴드와	1
브로드웨이	1
브로미치	1
브루나이런던	1
브루나이에	1
브루노	1
브루크너	1
브루클린에	1
브뤼셀도	1
브뤼셀에	1
브리검은	1
브리티	1
브리핑도	1
브리핑룸	1
브릿지경제신문	1
브이	1
브이요	1
브이튜버vtuber를	1
블라디보스토크서	1
블라디보스토크서도	1
블라인드처리	1
블랙록	1
블랙리스트까지	1
블랙번	1
블랙보리	1
블랙스타	1
블랙스톤	1
블랙아이스	1
블랙유머	1
블랙코미디로	1
블랙텐트도	1
블랙폰	1
블랙폰2	1
블랙하우스	1
블랙홀에	1
블랙홀의	1
블랙홀이	1
블로거들이	1
블로그기자단	1
블록	1
블록버스터	1
블록버스터급은	1
블록슛은	1
블록처럼	1
블록체인은	1
블록체인혁명	1
블록체인협회	1
블루노트	1
블루레인	1
블루밸리	1
블루코어	1
블룸버그까지	1
블룸버그는	1
블룸버그통신	1
블링컨	1
블링큰	1
블프	1
비13일	1
비15일	1
비20일	1
비23일	1
비27일	1
비6일	1
비9일	1
비감사	1
비건에	1
비건일본	1
비건최선희	1
비게임	1
비겨종합	1
비결을	1
비경제부처	1
비공감	1
비공개간담회	1
비공개논의	1
비공개로	1
비과세펀드	1
비관	1
비관적으로	1
비관하는	1
비교는	1
비교대상	1
비교된	1
비교전	1
비교한	1
비교해보니	1
비교후	1
비구름대	1
비극적	1
비기며	1
비긴	1
비꼬며	1
비난전에	1
비난전종합	1
비난하던	1
비난한다고	1
비난했다가	1
비난했던	1
비노	1
비누공장	1
비누향	1
비닐	1
비닐봉지에서	1
비단제품	1
비당권파	1
비대면계좌에	1
비대위원	1
비대위원들	1
비대위원장으로	1
비대위원장직	1
비도클	1
비드콘	1
비디아이	1
비디오심판	1
비디오심판이	1
비디오아트	1
비디오월	1
비디오캠	1
비디오타워	1
비디오포털로	1
비례공천	1
비례대표제공수처	1
비례성	1
비례해	1
비록	1
비롯돼	1
비룡	1
비룡군단	1
비를	1
비리근절	1
비리논란	1
비리도	1
비리의혹	1
비리조차도	1
비리종합세트	1
비린맛	1
비만도	1
비만율	1
비명뒤	1
비명으로	1
비명자들2	1
비무장	1
비물리적	1
비민주적	1
비밀감옥서	1
비밀금고에	1
비밀노트	1
비밀들	1
비밀문건	1
비밀번호	1
비밀번호로	1
비밀부터	1
비밀에	1
비밀연구	1
비밀외교	1
비밀은	1
비밀을	1
비밀장소	1
비밀접촉	1
비밀조사단	1
비밀창고	1
비밀취급권	1
비바람도3일	1
비바람만	1
비바람에	1
비박과	1
비박은	1
비박이	1
비박중진	1
비반려인	1
비발디의	1
비방에	1
비번	1
비번인	1
비보가	1
비보이	1
비보이팀	1
비보장상품	1
비브	1
비브랩스	1
비비고	1
비비려고	1
비빔밥	1
비상각오로	1
비상경영위원회	1
비상경영체제	1
비상경제특위도	1
비상계획도	1
비상구	1
비상구는	1
비상대비태세	1
비상대응반	1
비상대책	1
비상대책위원장	1
비상사태도	1
비상사태선언	1
비상상황대비	1
비상시국	1
비상장	1
비상장기업	1
비상저감조치	1
비상조치	1
비상체제종합	1
비상탈출	1
비상한	1
비상행동	1
비상협력기구	1
비서관	1
비서시장	1
비서실장대행	1
비서실장종합	1
비선진료	1
비셨나요	1
비소식은	1
비속보	1
비수기는	1
비슷하거나	1
비슷할	1
비슷해요	1
비슷해져속보	1
비슷해지는	1
비시민	1
비싸고	1
비싸도	1
비싸서	1
비싸지	1
비싸지는	1
비싸진다	1
비싼데	1
비쌀	1
비아이	1
비양심에	1
비양심적	1
비어라인	1
비어만	1
비에	1
비에이치	1
비엔날레와	1
비엔엠홀딩스	1
비열	1
비열하기	1
비영리단체	1
비예	1
비온	1
비올	1
비올때	1
비와	1
비와이폰2	1
비와이폰3	1
비욘세	1
비용데일리nk	1
비용은	1
비우고	1
비우는	1
비우다	1
비우며	1
비운	1
비움	1
비웃는	1
비웃으며	1
비워야	1
비위의혹	1
비위의혹에	1
비위첩보	1
비위행위	1
비유들며	1
비유럽에	1
비윤리적	1
비율도	1
비율에	1
비은행대출	1
비이성적으로	1
비인간적	1
비인기작을	1
비자거부에	1
비자발급에도	1
비자신청	1
비자신청센터	1
비장애	1
비장애인	1
비적정	1
비전과	1
비전도	1
비전위	1
비전캠프	1
비전펀드	1
비전회의	1
비정기	1
비정상들	1
비제조업은	1
비조치의견서	1
비종합	1
비준동의권	1
비준에만	1
비준하자	1
비준해야	1
비즈	1
비즈니스도	1
비즈니스딜	1
비즈니스모델	1
비즈니스포럼	1
비즈니스포럼서	1
비즈스카이프	1
비참	1
비참한	1
비참함	1
비추는	1
비출	1
비치에서	1
비친	1
비켜	1
비켜가	1
비켜간	1
비키니족	1
비키라	1
비토	1
비토론	1
비통일규격주권	1
비트	1
비트로	1
비트모지	1
비트퓨리와	1
비틀거리게	1
비틀기	1
비틀스	1
비틀스사형제	1
비티	1
비티는	1
비판근거	1
비판내용	1
비판대	1
비판론도	1
비판받아	1
비판여론에	1
비판을	1
비판하는게	1
비판하던	1
비판하면	1
비판해온	1
비폭력	1
비폭력은	1
비폭력평화상	1
비필수	1
비하에	1
비핵화공조	1
비핵화까지	1
비핵화는	1
비핵화대화	1
비핵화목표	1
비핵화문제	1
비핵화하면	1
비행거리	1
비행기록장치	1
비행기에서	1
비행로봇종합	1
비행승인	1
비행시간	1
비행의	1
비행한듯	1
비행훈련	1
비호감을	1
비호감종합	1
비호남권	1
비화할까	1
빅10	1
빅2	1
빅3해운	1
빅5	1
빅공연	1
빅데이터센터	1
빅데이터와	1
빅딜로	1
빅딜종합3보	1
빅리거들	1
빅리그에서	1
빅매치서	1
빅뱅의	1
빅샘	1
빅스비로	1
빅스비부터	1
빅오쇼	1
빅이벤트	1
빅클럽	1
빅클럽들	1
빅클럽으로	1
빅텐트	1
빅텐트론	1
빅파파	1
빅히트	1
빈곤의	1
빈곤층의	1
빈곳	1
빈라덴	1
빈번한	1
빈부	1
빈부격차종합	1
빈서	1
빈손으로	1
빈손종료	1
빈손회동	1
빈자리를	1
빈집처리	1
빈틈없는	1
빈폴	1
빈필	1
빈필하모닉	1
빌딩에	1
빌딩옥상	1
빌라	1
빌라에서	1
빌러	1
빌런	1
빌려드립니다	1
빌려쓰기	1
빌려주는	1
빌려준다	1
빌리기	1
빌리의	1
빌릴	1
빌은	1
빌클린턴	1
빌클린턴종합3보	1
빗길	1
빗나갔을	1
빗발쳐	1
빗방울14일	1
빗방울31일	1
빗방울도	1
빗방울만	1
빙과	1
빙산이	1
빙어	1
빙어낚시	1
빙어축제마저도	1
빙을	1
빙판에	1
빙하	1
빙하기	1
빙하도	1
빙하시대	1
빙하시대엔	1
빙하정국	1
빚기	1
빚내서	1
빚어낼	1
빚어종합	1
빚으러	1
빚을	1
빚을까	1
빚을까종합	1
빛가람혁신도시	1
빛과	1
빛깔을	1
빛난다	1
빛났다	1
빛났다종합	1
빛내는	1
빛내야속보	1
빛내준	1
빛낼	1
빛에	1
빛에너지	1
빠	1
빠듯해요	1
빠뜨려	1
빠뜨린	1
빠르네	1
빠르다	1
빠른답장	1
빠른데	1
빠른시간	1
빠릿한	1
빠져나가	1
빠져나가며	1
빠져보는	1
빠져봐요	1
빠져선	1
빠져야	1
빠져종합	1
빠졌나	1
빠졌던	1
빠지고	1
빠지는	1
빠진다	1
빠질까	1
빠짐없는	1
빠트린	1
빨	1
빨강	1
빨개져종합	1
빨라졌다	1
빨라종합	1
빨라지나	1
빨라질듯	1
빨라질듯종합	1
빨랐어도	1
빨리하는	1
빨리한다는	1
빨판	1
빨판형	1
빵곰팡이로	1
빵과	1
빵은	1
빼가기	1
빼고는	1
빼고도	1
빼곤	1
빼꼼	1
빼내	1
빼내려	1
빼내려다	1
빼는	1
빼다	1
빼달라	1
빼돌려도	1
빼돌렸나	1
빼돌리는	1
빼돌리면	1
빼들까	1
빼들어	1
빼라	1
빼면	1
빼앗겼다종합	1
빼앗긴	1
빼앗길라	1
빼앗은	1
빼야	1
빼어난	1
빽빽	1
뺄거냐	1
뺏겨종합	1
뺏기	1
뺏기고	1
뺏기나	1
뺏는다	1
뺐겨	1
뺑소니치려	1
뻔뻔	1
뻔뻔하고	1
뻔뻔하다	1
뻔했다	1
뻔했어요	1
뻗어갈	1
뻘쭘	1
뻥	1
뻥뚫린	1
뼈	1
뼈아플	1
뼈있는	1
뼈저린	1
뽀로로	1
뽀로로tv	1
뽀로로와	1
뽀로로파크	1
뽀뽀	1
뽐내	1
뽑겠다	1
뽑는다종합2보	1
뽑아내는	1
뽑아도	1
뽑아주세요	1
뽑을까	1
뽑자	1
뽑힌다면	1
뽕도	1
뽕짝	1
뽕짝의	1
뾰족한	1
뿌듯하지만	1
뿌리가	1
뿌리고	1
뿌리기	1
뿌리는	1
뿌리를	1
뿌리면	1
뿌리산업	1
뿌리없는	1
뿌리째	1
뿐이었다종합	1
뿐인데	1
뿐종합	1
뿔	1
쁘라삐룬	1
쁘라윳	1
삐꺽	1
삐끄덕	1
삑	1
삑삑아등	1
사각사각	1
사각함	1
사간도스로	1
사거리서	1
사건발생	1
사건으로	1
사건이	1
사격을	1
사격준비	1
사격지도	1
사격훈련종합	1
사계절문학상에	1
사고계좌로	1
사고구역	1
사고시간	1
사고영상	1
사고영역에	1
사고와	1
사고조사	1
사고파는	1
사고현장	1
사과가	1
사과도	1
사과문	1
사과부터	1
사과속보	1
사과에	1
사과요구	1
사과의	1
사과파이	1
사과하고	1
사과하라	1
사과하면	1
사과한다	1
사과했다속보	1
사구로	1
사구에	1
사그라들지	1
사기결혼에	1
사기꾼	1
사기꾼vs무소속도	1
사기꾼을	1
사기는	1
사기대출	1
사기쇼할	1
사기종합	1
사기행각	1
사기혐의	1
사나	1
사나운	1
사나이들의	1
사내대학	1
사내벤처	1
사내벤처로	1
사내유보자산	1
사냥나선다	1
사느라	1
사는데	1
사다리를	1
사단	1
사대부들은	1
사두자	1
사드thaad	1
사드갈등	1
사드논의	1
사드논쟁	1
사드로	1
사드민심	1
사드발언	1
사드배치론에	1
사드보복에	1
사드비판에	1
사드설득	1
사드식	1
사드외교	1
사드철수하겠다	1
사드호소종합	1
사들인	1
사라급	1
사라져종합	1
사라져주길	1
사라졌다종합	1
사라졌어야	1
사라졌지만	1
사라즈	1
사라지고	1
사라지기	1
사라지나	1
사라지는것	1
사라지던	1
사라지지	1
사라질수도	1
사람같지	1
사람끼리	1
사람답게	1
사람도	1
사람들과	1
사람들만	1
사람들에게	1
사람들이	1
사람들전	1
사람부터	1
사람뼈	1
사람생각	1
사람이었나	1
사람이었습니다종합	1
사람입니다	1
사람접촉	1
사람종합	1
사람찾기	1
사람책	1
사랑과	1
사랑나눔	1
사랑받는	1
사랑받은	1
사랑벚꽃	1
사랑스러운	1
사랑앵무새	1
사랑으로	1
사랑의열매	1
사랑이라니	1
사랑하지만	1
사랑한다	1
사랑한다면	1
사랑해요	1
사랑해줘서	1
사랑했던	1
사랑했어요	1
사랑했지만	1
사령관과	1
사령관에	1
사령관은	1
사령탑의	1
사령탑인	1
사례도	1
사례부터	1
사로잡기	1
사로잡는	1
사로잡았다	1
사료로	1
사료에는	1
사르데냐	1
사막서도	1
사막체험	1
사망afp	1
사망률	1
사망률도	1
사망사건	1
사망에도	1
사망원인은	1
사망자는	1
사망자출생자이나	1
사망종합4보	1
사망했는데	1
사망현장	1
사면권	1
사면초가된	1
사면초가에	1
사면카드	1
사면한	1
사모만	1
사모투자전문회사에	1
사모투자회사에	1
사무국의	1
사무국이	1
사무국장에	1
사무금융노조	1
사무소	1
사무처	1
사무총장에게	1
사무총장회담	1
사물인터넷iot	1
사민	1
사바시아는	1
사바시아에	1
사범	1
사법개혁안	1
사법공조	1
사법권	1
사법기관	1
사법농단으로	1
사법방해	1
사법보복	1
사법신뢰	1
사법제도	1
사법체제	1
사법행정권	1
사법협력	1
사변적	1
사볼까	1
사비	1
사비와	1
사비털어	1
사뿐히	1
사사건건	1
사살돼	1
사상가	1
사상무장	1
사상선집	1
사상으로의	1
사상일꾼회의	1
사상자는	1
사상적	1
사상종합2보	1
사상최고	1
사상최고가	1
사상통제	1
사색	1
사색과	1
사색의	1
사생활보호권	1
사설경호요원종합	1
사설교도소	1
사설주차대행	1
사소하고	1
사슴	1
사슴사냥에	1
사슴상이	1
사실들	1
사실무근종합	1
사실무근종합2보	1
사실에	1
사실은	1
사실을	1
사실일까	1
사실일까요	1
사실종합	1
사실주의	1
사악한	1
사안들	1
사안별로	1
사안없어	1
사안은	1
사안종합	1
사야	1
사야겠습니다	1
사양은	1
사업가에	1
사업가와	1
사업결산	1
사업계획은	1
사업공모	1
사업관련	1
사업구조	1
사업단	1
사업등록	1
사업만	1
사업모델	1
사업변신	1
사업보고서에	1
사업본부	1
사업부지	1
사업분사	1
사업승인	1
사업에서	1
사업역량	1
사업으로	1
사업은	1
사업자와	1
사업자협회와	1
사업장에도	1
사업재편	1
사업재편전략	1
사업재편종합	1
사업추진	1
사업허가	1
사업현장	1
사업협력을	1
사업화해	1
사옥에	1
사옥에서	1
사외이사는	1
사외이사에	1
사외이사후보	1
사용가능한	1
사용계약	1
사용구에	1
사용금지	1
사용금지할	1
사용기준	1
사용기한	1
사용돼	1
사용된	1
사용률	1
사용못하게	1
사용신청	1
사용엔	1
사용여부를	1
사용이란	1
사용자가	1
사용자도	1
사용자만	1
사용자별	1
사용자보다	1
사용자에	1
사용자에게	1
사용정보	1
사용제한	1
사용종합	1
사용하나	1
사용하려고	1
사용하면	1
사용하지	1
사용할	1
사용해	1
사용해보세요	1
사용해야	1
사용후핵연료	1
사우디군의	1
사우디도	1
사우디발	1
사우디에겐	1
사우디에서	1
사우디예멘반군	1
사우디왕세자와	1
사우디이란	1
사우디이란갈등	1
사우디프랑스	1
사우샘프턴에	1
사우스캐롤라이나서	1
사운드바	1
사운드캣과	1
사원에	1
사위에게	1
사유는	1
사유로	1
사유로부터	1
사유화	1
사은품도	1
사이렌	1
사이렌에	1
사이버계엄령	1
사이버골목상권보호특별법	1
사이버도박	1
사이버범죄	1
사이버보안법	1
사이버보안전문단	1
사이버보험시장	1
사이버부대	1
사이버안보	1
사이버안보비서관	1
사이버안보비서관에	1
사이버에	1
사이버위기	1
사이버위기대응	1
사이버위협	1
사이버윤리	1
사이버커뮤니케이션학회	1
사이버커뮤니케이션학회와	1
사이버테러법	1
사이버테러할수도	1
사이앤조이	1
사이언스데이	1
사이언스의	1
사이언스페스티벌	1
사이언으로	1
사이에도	1
사이에드	1
사이영상과	1
사이영상과는	1
사이영상급	1
사이영상이요	1
사이의	1
사이클링히트에	1
사이클의	1
사이트는	1
사이트도	1
사이트로	1
사이트에	1
사익추구	1
사인받아	1
사인을	1
사인하다가	1
사인해주다	1
사인회	1
사임당	1
사임당의	1
사임당이	1
사임서	1
사임설	1
사임에	1
사임종합3보	1
사임할	1
사임해야	1
사임해야종합	1
사잇길	1
사잇길로	1
사잇돌	1
사잇돌대출	1
사자2보	1
사자는	1
사자들	1
사장교체에	1
사장도	1
사장의	1
사장지원자	1
사장추천위원회	1
사장후보	1
사장후보자	1
사재	1
사재기	1
사재기에	1
사재출연	1
사저매입	1
사전검열	1
사전고지면	1
사전기업공개로	1
사전등록	1
사전마케팅	1
사전보고	1
사전설명	1
사전신고제	1
사전심사제	1
사전심의한다	1
사전열람	1
사전영장	1
사전예방	1
사전예약량	1
사전예약분	1
사전예약자	1
사전예약판매	1
사전인지	1
사전적격성평가	1
사전제작	1
사전조건	1
사전조율	1
사전증여	1
사전취항	1
사전탐지	1
사전통보는	1
사전통지	1
사전투표로	1
사전투표일	1
사전포착	1
사전협의	1
사절단	1
사정기관	1
사정종합2보	1
사제대결	1
사제들	1
사조직의	1
사죄금	1
사죄배상해야	1
사죄종합	1
사죄하고	1
사죄하라	1
사죄한	1
사죄해야	1
사죄해야종합	1
사주받은	1
사주세요	1
사주한	1
사즉생의	1
사지않고	1
사직구장서	1
사진가가	1
사진계	1
사진공유	1
사진도	1
사진만	1
사진뿐	1
사진에	1
사진올린	1
사진을	1
사진작가와	1
사진전시회	1
사진전종합	1
사진제공업체	1
사진찍는	1
사진톡톡	1
사진현장우리	1
사찰서	1
사찰에	1
사찰행위는	1
사채	1
사천에	1
사촌과	1
사출	1
사출장치	1
사치생활	1
사치와	1
사카라에서	1
사카슈빌리	1
사카이	1
사커봇	1
사커봇에	1
사태수습	1
사태에도	1
사태와	1
사태의	1
사태종합	1
사태처럼	1
사퇴공세	1
사퇴는	1
사퇴문	1
사퇴않으면	1
사퇴압박	1
사퇴압박에	1
사퇴요구에	1
사퇴촉구	1
사퇴촉구반대	1
사퇴하라종합	1
사퇴하세요	1
사퇴해야종합	1
사퇴해야종합2보	1
사투리	1
사표수리	1
사피엔스가	1
사하소서	1
사하을	1
사항은	1
사항종합2보	1
사행길	1
사행산업	1
사형까지종합	1
사형선고에	1
사형제	1
사활건	1
사회1	1
사회가	1
사회가치연대기금도	1
사회간접자본	1
사회갈등	1
사회개발장관	1
사회경제적	1
사회공헌에	1
사회공헌협력	1
사회공헌활동으로	1
사회는	1
사회로	1
사회를	1
사회발전	1
사회복지대학원	1
사회복지모금회	1
사회복지시설에	1
사회복지직	1
사회복지협의회에	1
사회불평등	1
사회비판과	1
사회에서	1
사회운동으로	1
사회의	1
사회인	1
사회인리그	1
사회자	1
사회자들	1
사회적경제기업	1
사회적금융	1
사회적금융기금	1
사회적기업가	1
사회적기업에	1
사회적대타협	1
사회적비용	1
사회정의를	1
사회정착3보	1
사회정책	1
사회주의형	1
사회주택	1
사회주택에	1
사회책무	1
사회책임투자	1
사회통합형	1
사회혁신	1
사회환원	1
사후정산	1
삭발	1
삭발은	1
삭발투쟁	1
삭제돼	1
삭제된다	1
삭제된다종합2보	1
삭제될	1
삭제속보	1
삭제해	1
삭제했다가	1
산간에는	1
산골영화제	1
산과	1
산나물축제	1
산낙지	1
산다는	1
산단재생	1
산단조성	1
산둥함	1
산림복원	1
산림장관	1
산림파괴가	1
산림협력	1
산림협상이산상봉	1
산맥	1
산물	1
산발적	1
산발적으로	1
산불방지인력	1
산불비상	1
산불에	1
산불예방	1
산불조심	1
산불피해지	1
산불현장처럼	1
산사	1
산사로	1
산사태에	1
산산	1
산수도	1
산수만으로도	1
산수유꽃	1
산수유꽃길	1
산수화	1
산실로	1
산악	1
산악사고	1
산악에서	1
산악영화	1
산악지역서	1
산악형	1
산업경쟁력방안	1
산업관광지	1
산업구조	1
산업기술	1
산업기술백서	1
산업기술성과	1
산업기술혁신	1
산업기술혁신포럼	1
산업대상	1
산업된	1
산업발전	1
산업별	1
산업부kotra	1
산업부장관	1
산업분야	1
산업상	1
산업시대	1
산업시설	1
산업안전	1
산업용로봇	1
산업위	1
산업으로	1
산업은	1
산업인력	1
산업인력공단	1
산업인력공단과	1
산업자본	1
산업장관	1
산업장관과	1
산업전략	1
산업혁명시대	1
산업혁명에서	1
산업혁명의	1
산업혁명이	1
산업혁신	1
산업화에	1
산업화해야종합	1
산업환경	1
산에	1
산에서	1
산적	1
산정때	1
산정상	1
산정식	1
산정해야	1
산지에	1
산지엔	1
산지천	1
산책과	1
산책을	1
산책하기	1
산책하다	1
산책할	1
산천	1
산천어가	1
산천어구이	1
산천어는	1
산천어야	1
산청	1
산출	1
산출방식	1
산타	1
산타할아버지	1
산티아고	1
산티아고에	1
산하기관장들	1
산하에	1
산학	1
산행이	1
산행하고	1
산행하는	1
산화	1
산화종합	1
산회종합	1
산후조리	1
살걸	1
살게	1
살구	1
살균	1
살기	1
살길	1
살까	1
살던	1
살랑	1
살려라	1
살려종합	1
살려주고	1
살려주세요	1
살려줬다	1
살렸다	1
살리고	1
살리기에	1
살리나	1
살리는	1
살리에리	1
살리자는	1
살릴까	1
살림	1
살림꾼	1
살림남2도	1
살림종합	1
살면	1
살비니는	1
살비니의	1
살빠지는	1
살상무기	1
살상범위	1
살수있어종합	1
살아가기	1
살아간	1
살아간다는	1
살아갈	1
살아계실	1
살아나던	1
살아나야	1
살아난다	1
살아날	1
살아남기	1
살아남아야죠	1
살아남았는가	1
살아남을까	1
살아보기	1
살아보기시즌2	1
살아보면	1
살아야겠다	1
살아요	1
살아있으면	1
살았을까	1
살인과	1
살인마에	1
살인미수	1
살인범은	1
살인사건의	1
살인에	1
살인의	1
살인의추억부터	1
살인청부업자	1
살인출산	1
살자	1
살지만	1
살찌우는	1
살찐	1
살처분	1
살처분말고	1
살펴보겠다	1
살펴볼	1
살펴봐주세요	1
살펴야	1
살포작전	1
살포해	1
살피지	1
살핀	1
살필	1
살해된	1
살해사건	1
살해하려	1
살해후	1
삶과의	1
삶도	1
삶에서	1
삶의질	1
삶이라고	1
삶이라는	1
삼가야	1
삼겠다	1
삼겹살에	1
삼겹살축제	1
삼다수	1
삼바보다	1
삼부건설공업	1
삼성lg	1
삼성tv	1
삼성가전	1
삼성경제연구소로	1
삼성교통	1
삼성그룹주	1
삼성기어	1
삼성디스플레이	1
삼성디스플레이와	1
삼성디스플레이톈진과	1
삼성물산제일모직	1
삼성뮤직	1
삼성미술관장	1
삼성바이오는	1
삼성반도체와	1
삼성벤처투자의	1
삼성생명공익재단	1
삼성생명공익재단에	1
삼성생명서	1
삼성생명에서	1
삼성서	1
삼성선물	1
삼성스팩2호	1
삼성애플	1
삼성에서	1
삼성웰스토리에	1
삼성이	1
삼성자산	1
삼성전	1
삼성전자sbs	1
삼성전자skt	1
삼성전자tf	1
삼성전자만	1
삼성전자보다폰	1
삼성페이도	1
삼성페이로	1
삼성페이에	1
삼성페이입니다	1
삼성폰과	1
삼성폰은	1
삼성행복대상	1
삼성화재종합	1
삼아달라	1
삼아야	1
삼양식품	1
삼양식품의	1
삼양옵틱스	1
삼엄한	1
삼의사	1
삼지연	1
삼지연감자가루생산공장	1
삼지연감자가루생산공장에서	1
삼지연공항	1
삼지연공항서	1
삼지연군에	1
삼진도	1
삼진아웃	1
삼진은	1
삼진제약	1
삼진종합	1
삼척고속도	1
삼척에	1
삼켰다	1
삼킬	1
삼표시멘트	1
삼행시	1
삼형제	1
삼호개발	1
삽니다	1
삽시다	1
삽입	1
삿대질	1
샀어요	1
샀을까	1
상가건물에서	1
상가내몰림	1
상가에서	1
상가임대료	1
상강에	1
상경	1
상고대	1
상고법원	1
상관관계종합	1
상관마라	1
상관없이	1
상권에	1
상근	1
상납받은	1
상납부담	1
상납종합	1
상담건수	1
상담번호	1
상담사례집	1
상담센터	1
상담속도	1
상담예약	1
상담원과	1
상당수가	1
상당종합	1
상당폭	1
상대공격	1
상대라	1
상대로도	1
상대문화	1
상대전적	1
상대종합	1
상대타자들	1
상대팀	1
상대해야	1
상륙강습함까지	1
상륙에	1
상륙저지	1
상륙종합	1
상륙종합2보	1
상륙할	1
상륙함	1
상륙함까지	1
상륙해	1
상명대서	1
상무급	1
상무위원회에서	1
상무장관	1
상무주	1
상반기내	1
상반기보다	1
상반기에	1
상반기에만	1
상반기전	1
상벌위도	1
상벌위에	1
상벌위원회	1
상범	1
상복	1
상봉행사	1
상사화	1
상산고등학교	1
상상된	1
상상력이	1
상상력이라고	1
상상을	1
상상의	1
상상인저축은행	1
상상초월	1
상상하기	1
상상하면	1
상상한	1
상상했던	1
상상허브	1
상생경영	1
상생과통일포럼	1
상생발전을	1
상생스토어	1
상생협력	1
상생협력시대	1
상생형	1
상설매장	1
상설면회소	1
상설시장	1
상설전	1
상설특검	1
상속해야	1
상습	1
상습체납자	1
상습체납자는	1
상승1보	1
상승2보	1
상승갤럽종합	1
상승동력	1
상승몰이로	1
상승세도	1
상승은	1
상승한	1
상승한국갤럽	1
상승할	1
상승할까	1
상승해	1
상승해도	1
상시운영해야	1
상시청문회법	1
상식	1
상신브레이크	1
상신테크놀로지아메리카	1
상아	1
상아2차	1
상아무역	1
상암	1
상암벌을	1
상어	1
상어들도	1
상업가동	1
상업용	1
상업용부동산	1
상업용지	1
상업적	1
상업출판	1
상업활동	1
상영금지	1
상영된	1
상온서	1
상용망에	1
상용망으로	1
상용서비스	1
상용의	1
상용전파	1
상용화시대	1
상용화해도	1
상용화했다고	1
상용환경서	1
상원으로	1
상원의	1
상원의원들	1
상원인준	1
상위모델엔	1
상위주	1
상위직	1
상위직급	1
상응대가	1
상응대가종합3보	1
상응조처	1
상응조치에	1
상응조치하면	1
상응한	1
상의회장	1
상인	1
상인들에게	1
상인의	1
상임	1
상임위는	1
상임위별	1
상임위별로	1
상임위서	1
상임위원에	1
상임위원회	1
상임위체제	1
상임의장	1
상임지휘자	1
상자	1
상자에	1
상장기업	1
상장까지	1
상장리츠	1
상장사도	1
상장예심	1
상장요건	1
상장유지	1
상장으로	1
상장주관	1
상장하면	1
상장할	1
상정종합	1
상주강원	1
상주와	1
상주음악가	1
상주음악가로	1
상주의	1
상징물	1
상징의	1
상징이	1
상징적	1
상처난	1
상처를	1
상처만	1
상처에	1
상처와	1
상쾌하기	1
상태로	1
상태서	1
상트대서	1
상트페테르부르크	1
상트페테르부르크는	1
상파울루에서	1
상품개발	1
상품결제까지	1
상품교역	1
상품권의	1
상품도	1
상품성	1
상품으로	1
상품은	1
상품이	1
상품전에	1
상품정보	1
상품제안서	1
상품촬영	1
상품판매방송사	1
상하원	1
상하위	1
상하이부터	1
상하이세코	1
상하이시	1
상하이에	1
상하이증시	1
상하이팀들과	1
상하이협력기구	1
상한가로	1
상한가종합2보	1
상한선	1
상해보험	1
상향식	1
상향종합2보	1
상호검증에	1
상호발언	1
상호비방종합	1
상호연동	1
상호작용	1
상환시한	1
상환유예	1
상환자에	1
상환조건	1
상황담당관	1
상황대응	1
상황도	1
상황별	1
상황보며	1
상황서도	1
상황속보	1
상황악화	1
상황엄중	1
상황에서	1
상황을	1
상황전파시스템	1
상황파악	1
상황파악중	1
상황평가	1
상회에	1
상회할	1
새겨진	1
새겼다	1
새경제	1
새국면종합2보	1
새규정	1
새기는	1
새기며	1
새길	1
새끼미사일	1
새끼손가락	1
새나가면	1
새노조	1
새누리당서	1
새누리당원	1
새누리당의	1
새누리당이	1
새대표	1
새들이	1
새로닉스	1
새로읽기	1
새롭네	1
새롭네요	1
새롭습니다	1
새를	1
새마을연수원	1
새만금사업	1
새미디어법	1
새미청	1
새벽2시	1
새벽3	1
새벽까지	1
새벽시장	1
새벽에야	1
새보수당	1
새삼	1
새시즌	1
새야구장	1
새얼굴더	1
새에	1
새역사	1
새연정	1
새와	1
새의	1
새이념	1
새정부	1
새지도부와	1
새총리에	1
새크라멘토	1
새판짜기종합	1
새하는	1
새해를	1
새해부터	1
새해에는	1
새해엔	1
새해전망	1
새희망홀씨	1
색깔공방	1
색깔론에	1
색깔혁명	1
색상도	1
색상의	1
색으로	1
색이었을까	1
색채	1
색출도	1
샌더스가	1
샌더스는	1
샌더스돌풍	1
샌더스의	1
샌드박스에	1
샌드위치	1
샌드위치에	1
샌디	1
샌디에이고애리조나	1
샌디에이고에서	1
샌안토니오토론토	1
샌프란시스코서	1
샌프란시스코에서	1
샌프란시스코전	1
샐러리맨의	1
샘슨과	1
샘코	1
샘표	1
샘플	1
샘플음성	1
샛별로	1
샜다	1
생	1
생가에	1
생각났어요	1
생각만	1
생각만으로	1
생각법	1
생각안해	1
생각없다	1
생각에	1
생각이	1
생각종합	1
생각지	1
생각하기와	1
생각하나	1
생각하다	1
생각하며	1
생각한다면	1
생각한적	1
생각해보지	1
생각해볼	1
생각해봐야	1
생각해야	1
생각해야죠	1
생각했다	1
생각했어요	1
생겨나	1
생겨나고	1
생겨요	1
생겼나	1
생겼어요	1
생겼을	1
생기게	1
생기네요	1
생기는	1
생기면	1
생기부	1
생긴다종합	1
생략	1
생략하고	1
생리적	1
생명공학종합정책심의회	1
생명과	1
생명과학업체	1
생명권이	1
생명근원	1
생명기원	1
생명나눔	1
생명도	1
생명력은	1
생명에	1
생명윤리법	1
생명은	1
생명을	1
생명이	1
생명존중	1
생명주간	1
생모	1
생물들	1
생물올림피아드서	1
생물자원	1
생물체에	1
생방송에	1
생보업계	1
생보협회장	1
생산감축설에	1
생산공장	1
생산국	1
생산라인	1
생산법인	1
생산부문장에	1
생산설비전에	1
생산성지수도	1
생산속도	1
생산에	1
생산은	1
생산중단종합	1
생산지	1
생산지에	1
생산하는	1
생산현장은	1
생생히	1
생선	1
생선을	1
생성비밀	1
생성에	1
생성원리	1
생수업체	1
생애와	1
생애주기별	1
생이	1
생일기념	1
생일선물	1
생일은	1
생제르맹	1
생제르맹행	1
생존기	1
생존력	1
생존법	1
생존비결은	1
생존선수	1
생존없다	1
생존이냐	1
생존자는	1
생존자들	1
생존작가	1
생존전략은	1
생존종합	1
생존하는	1
생존한다	1
생중	1
생중계하는	1
생중계한다	1
생쥐실험으로	1
생체	1
생체나노입자	1
생체물질	1
생체삽입형	1
생체이식형	1
생체정보	1
생초보	1
생초콜릿	1
생크림으로	1
생크림파이	1
생태관광상품	1
생태보호	1
생태여행지	1
생포한	1
생필품	1
생필품난	1
생활가전에도	1
생활과	1
생활권	1
생활문화동호인들	1
생활밀착형	1
생활방수	1
생활법률	1
생활비	1
생활속에	1
생활에	1
생활용품	1
생활의	1
생활임금법	1
생활진보정치	1
생활체육축구대회	1
생활혁신	1
샤오미도	1
샤프	1
샤프론	1
샬케에	1
샬케와	1
샴페인	1
샴페인종	1
샵	1
섀도데이터	1
섀도보팅	1
서강언론인상	1
서게	1
서구을	1
서귀포서	1
서글서글한	1
서기실에	1
서남권	1
서남부	1
서너	1
서너곳	1
서늘	1
서달라	1
서당문화한마당	1
서대문	1
서대문구	1
서대문을	1
서대문형무소서	1
서대문형무소에서	1
서독일	1
서두르는	1
서두르세요	1
서두른다종합	1
서둘러달라종합	1
서둘러야	1
서라	1
서로를	1
서류미비자도	1
서른	1
서른네살	1
서른의	1
서른이지만	1
서리꽃	1
서머타임	1
서머타임제	1
서먹한	1
서면경고	1
서면보고	1
서면시대	1
서면합의로도	1
서명검증	1
서명부	1
서명안해	1
서명완료	1
서명정치	1
서명종합	1
서명하는	1
서명후	1
서민금융진흥원장	1
서민금융진흥원한국증권금융	1
서민금융통합지원센터	1
서민금융협의회	1
서민부담	1
서민수도	1
서밋서	1
서방의	1
서버구성	1
서버에	1
서별관	1
서별관청문회	1
서별관회의청문회	1
서부경남	1
서부권	1
서부의	1
서부전선	1
서북	1
서북부	1
서브가	1
서브는	1
서브로	1
서브로만	1
서브에	1
서브컬처로	1
서브킹	1
서브킹종합	1
서비스개시	1
서비스경쟁	1
서비스는	1
서비스들	1
서비스란	1
서비스를	1
서비스부문	1
서비스산업	1
서비스서	1
서비스소비	1
서비스역량	1
서비스전환	1
서비스형	1
서사	1
서사로	1
서산서	1
서소문성지역사박물관	1
서안도	1
서안병합	1
서안서	1
서안은	1
서양악단	1
서양화	1
서열	1
서예	1
서예작품	1
서운하다	1
서울sos어린이마을서	1
서울거리예술축제	1
서울경남	1
서울경제신문	1
서울경찰청	1
서울고등법원장	1
서울과	1
서울과학고에서	1
서울과학기술포럼	1
서울관	1
서울관광발전포럼	1
서울교육청	1
서울교통공사노조	1
서울구미	1
서울국제도서전서	1
서울국제도서전에	1
서울국제무용콩쿠르	1
서울국제문학포럼	1
서울국제불교박람회	1
서울국제유아전서	1
서울국제조각페스타	1
서울국제즉흥춤축제	1
서울국제트래블마트	1
서울금융위크	1
서울기록원	1
서울기후에너지컨퍼런스	1
서울답방	1
서울대미술관	1
서울대생의	1
서울대에	1
서울대회	1
서울도	1
서울도서관	1
서울도서관서	1
서울도시가스	1
서울돈화문국악당	1
서울디자인페스티벌	1
서울랜드서	1
서울리거	1
서울마리나베이	1
서울면세점	1
서울무용제	1
서울무형문화축제	1
서울문고	1
서울문화재단	1
서울미디어대학원대와	1
서울미디어시티비엔날레	1
서울보증	1
서울부산	1
서울북인스티튜트	1
서울사진축제	1
서울사진축제선	1
서울상상나라서	1
서울서도	1
서울서종합	1
서울선언	1
서울센터	1
서울소울페스티벌	1
서울숲에	1
서울스퀘어로	1
서울스프링실내악축제	1
서울시립교향악단	1
서울시립미술관장	1
서울시민	1
서울시스타트업계	1
서울시에	1
서울시의회서	1
서울시장과	1
서울시장은	1
서울시한국학원총연합	1
서울식물원	1
서울신문사장	1
서울아산병원에	1
서울아트쇼	1
서울양양고속도로	1
서울에도	1
서울역사는	1
서울영상광고제	1
서울오페라앙상블	1
서울옥션국외문화재재단	1
서울옥션블루	1
서울외신기자클럽	1
서울월드컵경기장	1
서울유세	1
서울의	1
서울이	1
서울인구	1
서울자유시민대학	1
서울전북전에	1
서울종합	1
서울주요	1
서울지검장	1
서울지방경찰청	1
서울지방경찰청과	1
서울지하철	1
서울창조경제센터	1
서울책보고	1
서울청년주간	1
서울편	1
서울포항전	1
서울하수도과학관에서	1
서울학생배움터로	1
서울혁신센터	1
서원	1
서원대	1
서유구	1
서유구가	1
서유럽	1
서유럽과	1
서유럽통	1
서유럽통종합	1
서있지	1
서재덕에게	1
서재덕은	1
서재덕의	1
서재에서	1
서점에	1
서점에는	1
서점의	1
서점인가	1
서점조합연합회	1
서점학교	1
서정주	1
서지않으면	1
서쪽으로	1
서쪽지방	1
서창훈	1
서천서	1
서초	1
서초구	1
서초빌딩	1
서초사옥에	1
서촌	1
서촌서	1
서촌을	1
서커스의	1
서크	1
서클	1
서태평양	1
서툰	1
서평가의	1
서포터	1
서프라이즈	1
서프라이즈는	1
서플러스글로벌	1
서피비치서	1
서피비치에서	1
서피스북	1
서피스에	1
서핑의	1
서해교전	1
서해상	1
서해서도	1
서해선	1
서해안고속도로서	1
서해안에는	1
서해위성발사장	1
서해의	1
서현과도	1
서호	1
서호주는	1
서화정보통신	1
서훈과	1
서훈폼페이오	1
석권하자	1
석달만에	1
석달새	1
석달여만에	1
석방결의안	1
석방돼	1
석방돼야	1
석방된	1
석방된다고	1
석방론	1
석방종합2보	1
석방한	1
석방해	1
석방해야	1
석사	1
석상	1
석연치	1
석유관리원	1
석유나는데	1
석유는	1
석유부	1
석유뿐	1
석유산업에	1
석유시장	1
석유왕국	1
석유재고	1
석유재벌들	1
석유탐사	1
석유품질	1
석유화학공장서	1
석유화학제품	1
석좌교수에	1
석탄가스화연구소	1
석탄건조시스템	1
석탄공사	1
석탄광산	1
석탄적재	1
석탄화력	1
석학과	1
석학과의	1
석학들	1
섞고	1
섞여	1
섞으면	1
선거강연	1
선거개혁	1
선거광고	1
선거구는	1
선거구제	1
선거구호	1
선거구획정위원	1
선거기관에	1
선거대책본부	1
선거대책위	1
선거도전에	1
선거돌풍	1
선거되도록	1
선거때마다	1
선거무효소송	1
선거방송심의위원회	1
선거범죄	1
선거법위반	1
선거법은	1
선거법처리	1
선거보다	1
선거보도	1
선거사범	1
선거서도	1
선거앞두고	1
선거야합	1
선거에서	1
선거연기	1
선거연대도	1
선거연설	1
선거용	1
선거운동본부	1
선거운동하나	1
선거운동한	1
선거이용말라	1
선거전략가	1
선거전략에	1
선거조작	1
선거종합	1
선거중립	1
선거캠페인	1
선거홍보	1
선결	1
선결과제	1
선결제	1
선고1보	1
선공종합	1
선관위의	1
선교센터	1
선구안	1
선구자보다	1
선군절	1
선군정치	1
선긋기	1
선대본부장	1
선대의	1
선덜랜드	1
선덜랜드에	1
선데이	1
선도기술	1
선도대학	1
선도사업에	1
선도산업	1
선도전기	1
선도한다	1
선동열과	1
선동하면	1
선두다툼	1
선두종합	1
선두추격	1
선명성	1
선명하게	1
선명한	1
선명해진	1
선물과	1
선물도	1
선물보내	1
선물시장	1
선물을	1
선물인가	1
선물종합	1
선물하겠다고	1
선물하기	1
선물하는	1
선물하세요	1
선물합니다	1
선박도	1
선박용	1
선박은	1
선박전복	1
선박펀드	1
선박항행	1
선반영	1
선발경기	1
선발돼	1
선발등판	1
선발서	1
선발선수	1
선발안우진	1
선발역할	1
선발종합	1
선발투	1
선발투수라는	1
선발투수로	1
선발투수에	1
선방에도	1
선배가	1
선배는	1
선배들의	1
선배에게	1
선별	1
선보여종합	1
선보이겠다	1
선보이고	1
선보일듯	1
선봬	1
선뵌다	1
선비들의	1
선비의	1
선사하는	1
선사할	1
선상	1
선생님으로	1
선생님이	1
선생의	1
선수공개선발	1
선수권	1
선수단과	1
선수단도	1
선수단으로	1
선수단장에	1
선수도	1
선수들도	1
선수들을	1
선수들처럼	1
선수등록	1
선수명	1
선수선발	1
선수수급	1
선수에서	1
선수영입에	1
선수와	1
선수의	1
선수이자	1
선수인가	1
선수정보	1
선수종합	1
선수촌장	1
선수표가	1
선수협회	1
선순환	1
선양에	1
선언15주년	1
선언3보	1
선언과	1
선언도	1
선언속보	1
선언은	1
선언일	1
선언자	1
선언종합2보	1
선언해도	1
선언했습니다	1
선영아	1
선영있는	1
선원들	1
선원엔	1
선율에	1
선으로	1
선의조치	1
선임기자	1
선임까지	1
선임보다	1
선임부터	1
선임안	1
선임에도	1
선임은	1
선임하라	1
선임할	1
선임해야	1
선전매체들	1
선전서	1
선전요원	1
선전으로	1
선전전	1
선전종합	1
선전하겠다	1
선전한	1
선전화	1
선전활동	1
선점한	1
선정절차	1
선정종합	1
선정해야	1
선제공격엔	1
선제공격할	1
선제적인	1
선제전략	1
선제조치종합	1
선제타격론	1
선제타격전	1
선제타격태세	1
선제타격할	1
선제타격해야	1
선조들의	1
선주들과	1
선주협회장	1
선진국발	1
선진국의	1
선진시장	1
선진화법도	1
선진화법을	1
선집	1
선착장	1
선출됐다종합2보	1
선출된	1
선출방식	1
선출부터	1
선출은	1
선출종합3보	1
선출해	1
선택vs전진할	1
선택근로시간제	1
선택근무제	1
선택들	1
선택받은	1
선택약정할인제	1
선택에	1
선택을	1
선택적	1
선택할	1
선택해달라	1
선택해도	1
선포종합3보	1
선플재단	1
선한	1
선행돼야	1
선행해야4	1
선호도시	1
선호하나	1
선회하나	1
섣불렀던	1
설계에	1
설계용역	1
설계하는가	1
설계한	1
설계했다	1
설국	1
설국은	1
설까	1
설까지	1
설득종합2보	1
설득총력전	1
설득하며	1
설렁설렁한다	1
설레고	1
설립계획	1
설립도	1
설립안	1
설립에	1
설립종합	1
설립지원	1
설립추진위원회	1
설립키로	1
설립할	1
설마	1
설명듣는	1
설명때	1
설명서	1
설명없어	1
설명없이	1
설명의무	1
설명하겠다	1
설문조사로	1
설문조사에	1
설문조사에서	1
설민석	1
설비관리	1
설비정비	1
설비지원	1
설산	1
설설	1
설악권	1
설악무산	1
설악산사무소	1
설악산서	1
설악산에	1
설악산은	1
설악의	1
설엔	1
설욕월드컵행	1
설욕전	1
설욕하며	1
설욕할까	1
설원을	1
설원의	1
설전은	1
설정	1
설정속보	1
설치기사	1
설치돼	1
설치된	1
설치된다	1
설치미술	1
설치미술가	1
설치미술의	1
설치속보	1
설치장소	1
설치하라	1
설치한듯	1
설탕	1
설탕을	1
설파에	1
섬귀성	1
섬도	1
섬들의	1
섬뜩하다	1
섬마을	1
섬마을도	1
섬마을에	1
섬문화축제로	1
섬에	1
섬에서도	1
섬유공장서	1
섬유단지	1
섬유의류산업에	1
섬유형	1
섬으로	1
섬은	1
섬을	1
섬이	1
섬지역	1
섭섭한	1
섭섭해	1
섭취량	1
섭테크	1
성격	1
성격도	1
성격에	1
성격의	1
성격종합	1
성경소지	1
성공1보	1
성공가능성	1
성공과	1
성공기	1
성공기원하며	1
성공드라마	1
성공방식	1
성공사례	1
성공스토리	1
성공시	1
성공시대	1
성공시켜야	1
성공언급	1
성공으로	1
성공을	1
성공적인	1
성공전략	1
성공종합3보	1
성공투자	1
성공하도록	1
성공하자	1
성공할	1
성공할까종합	1
성공해서	1
성공확률	1
성과공유대회	1
성과공유회	1
성과내려는	1
성과내야	1
성과내야vs대통령위한	1
성과없이	1
성과없지만	1
성과종합	1
성과주의	1
성과지표	1
성과창출	1
성과평가	1
성과확산	1
성곽	1
성곽길시간여행	1
성금도	1
성금모금	1
성급한	1
성급했나	1
성남공항으로	1
성남시의회	1
성남시장	1
성남안산안양권	1
성남에	1
성남일반산단에	1
성노동자	1
성능개선	1
성능기준	1
성능시험	1
성능은	1
성능을	1
성능의	1
성능조작	1
성능체크	1
성능평가	1
성당과	1
성당서	1
성당에	1
성대	1
성동조선	1
성매매처벌법	1
성매수자	1
성명1보	1
성명2보	1
성명종합2보	1
성범죄는	1
성범죄정보	1
성별	1
성사돼야	1
성사되나	1
성사를	1
성사시키는	1
성사시킨	1
성사한	1
성산은	1
성산일출축제	1
성상납	1
성서	1
성서이기에	1
성소피아	1
성수	1
성수기까지	1
성수기에도	1
성숙하고	1
성신	1
성신여대	1
성실의무	1
성실하게	1
성실히	1
성악	1
성악가들이	1
성악콩쿠르	1
성의	1
성인물	1
성인용	1
성장기여도	1
성장기회로	1
성장동력은	1
성장드라마	1
성장률은	1
성장멈춘	1
성장목표	1
성장방법	1
성장속도	1
성장수혜	1
성장에	1
성장에도	1
성장으로	1
성장전략	1
성장전망	1
성장지원에	1
성장추세	1
성장하겠다	1
성장하는	1
성장하는데	1
성장할래요	1
성장했구나	1
성장했다	1
성장했다지만	1
성장호조	1
성적14승이	1
성적까지	1
성적도	1
성적학대	1
성조기를	1
성주골프장	1
성주군민	1
성주는	1
성주로구나	1
성주야	1
성지순례객	1
성차별적	1
성착취	1
성찰부터	1
성찰하겠다	1
성찰한	1
성찰해야	1
성철	1
성추문에	1
성추행범	1
성추행부터	1
성추행피해	1
성추행한	1
성취	1
성취는	1
성탄매치는	1
성탄매치서	1
성탄연휴	1
성토종합	1
성평등은	1
성폭력처벌법	1
성폭행의혹	1
성폭행하려	1
성폭행혐의	1
성형의사	1
성화를	1
성황종합	1
성희롱사건	1
세가지	1
세게	1
세계1위	1
세계3위	1
세계경기	1
세계경제에	1
세계과학한림원포럼	1
세계군인체육대회	1
세계금융	1
세계기자단	1
세계기자대회서	1
세계는	1
세계대학	1
세계대회	1
세계댄스연맹	1
세계로종합	1
세계마당페스티벌	1
세계만화공모전	1
세계모바일박람회서	1
세계무예마스터십에	1
세계문학과	1
세계문학전집을	1
세계문화관	1
세계문화예술교육	1
세계방송사회의	1
세계방송사회의wbm	1
세계선수권대회서	1
세계수영대회	1
세계시장서	1
세계식량계획	1
세계야구	1
세계야구소프트볼연맹	1
세계야구연맹	1
세계언론자유상	1
세계언론자유지수	1
세계여자비치발리볼	1
세계와의	1
세계우수광고	1
세계유목민대회	1
세계유산위서	1
세계음악	1
세계이식학회	1
세계이통협회	1
세계인과	1
세계인에	1
세계인에게	1
세계인을	1
세계일주를	1
세계자연유산	1
세계적으로	1
세계적인	1
세계전파통신회의서	1
세계정복	1
세계종교	1
세계증시	1
세계지식재산기구	1
세계지질공원	1
세계질서를	1
세계책나라축제	1
세계청소년선수권	1
세계체제와	1
세계최고	1
세계최초로	1
세계클럽	1
세계태권도연맹mbc	1
세계평화를	1
세계평화명상대전	1
세계평화안보문학축전	1
세계프로축구리그	1
세계한글작가대회	1
세계한인경제인대회	1
세계한인무역협회	1
세계한인여성협회와	1
세계화엔	1
세균만한	1
세균서	1
세균에	1
세균의	1
세균이	1
세금기록	1
세금까지	1
세금이	1
세금환급	1
세금회피	1
세기	1
세나르	1
세네갈로	1
세네갈에	1
세다	1
세단	1
세대공감	1
세대교체로	1
세대교체종합	1
세대용	1
세돌	1
세동강	1
세력과	1
세력에	1
세력의	1
세력재편	1
세력접점	1
세력화	1
세례	1
세례에도	1
세로줄	1
세로줄이	1
세르비아로	1
세르비아에	1
세리	1
세리머니에	1
세리에a는	1
세리에b	1
세메두	1
세무당국에	1
세무조사로	1
세미콘라이트	1
세미트럭	1
세밀	1
세밀하게	1
세밀한	1
세밀히	1
세밑	1
세밑에도	1
세받는	1
세방	1
세방화	1
세뱃돈으로	1
세법개정으로	1
세부	1
세부담	1
세부모	1
세부퍼시픽	1
세븐	1
세븐나이츠	1
세비야의	1
세빛섬서	1
세상과	1
세수확보	1
세슘	1
세습논란	1
세시풍속	1
세아이	1
세아홀딩스	1
세우고	1
세우나	1
세우라는	1
세우려	1
세우려는	1
세우렴	1
세운	1
세운다종합	1
세운다종합2보	1
세운메디칼	1
세워	1
세워달라	1
세워야끝	1
세워야속보	1
세워져	1
세워진	1
세월에	1
세월을	1
세월호사건	1
세월호사건때	1
세월호선장	1
세월호에	1
세월호특별법	1
세월호특조위	1
세이브왕	1
세이브펫챌린지	1
세인트루이스는	1
세인트루이스를	1
세인트루이스와	1
세일에	1
세일즈외교차	1
세일행사	1
세입자	1
세제개편에	1
세제혜택보다	1
세져	1
세져야	1
세졌다	1
세조	1
세종대왕	1
세종대왕이	1
세종문화회관과	1
세종상공회의소	1
세종시에도	1
세종시와	1
세종시장	1
세종시청	1
세종시청자미디어센터	1
세종실록	1
세종실록으로	1
세종에	1
세종의	1
세종이	1
세종입니다	1
세종청사	1
세종청사에서	1
세종축제	1
세지나	1
세지는	1
세진	1
세징야	1
세차례	1
세코	1
세탁기만큼	1
세탁방지	1
세터는	1
세터진	1
세트만	1
세트플레이	1
세트피스	1
세포가	1
세포막	1
세포만	1
세포배양	1
세포실험서	1
세포의	1
섹션	1
섹션홈	1
센	1
센드애니웨어	1
센서에	1
센카쿠문제	1
센카쿠열도	1
센터장	1
센텀시티	1
센트랄모텍	1
센트럴바이오	1
센트럴파크	1
셀러	1
셀러로	1
셀럽은	1
셀럽이	1
셀리드	1
셀비	1
셀카부터	1
셀카찍는	1
셀코리아	1
셀트리온그룹	1
셀트리온제약	1
셀프개혁	1
셀프대국	1
셀프인터뷰	1
셋	1
셋째주	1
셔저가	1
셔저보다	1
셔저에	1
셔츠에	1
셔틀	1
셔틀버스로	1
셔틀열차	1
셔플	1
션	1
셧다운으로	1
셰크먼	1
셰프와	1
셰프컬렉션	1
솅겐가입	1
솅겐조약	1
소각에	1
소각장	1
소감은	1
소강	1
소강국면서	1
소개령	1
소개령종합	1
소개에	1
소개프로	1
소개한다	1
소개할	1
소국에도	1
소규모로	1
소규모펀드	1
소극	1
소극적인	1
소극찬성	1
소금	1
소기업	1
소나기16일	1
소나기계속	1
소나기는	1
소나기로	1
소나기에도	1
소나무길	1
소녀들	1
소녀상과	1
소녀시대	1
소년b가	1
소년소녀	1
소년의	1
소년이	1
소년이로	1
소니는	1
소니서	1
소니엑스페리아xz	1
소독	1
소독하는	1
소동은	1
소동종합	1
소두증에	1
소두증은	1
소듐고속로	1
소듐이온전지용	1
소득공제율	1
소득과	1
소득기준	1
소득대비	1
소득도	1
소득보다	1
소득분배	1
소득심사	1
소득에	1
소득은	1
소득주도	1
소득증가	1
소득확인	1
소떼	1
소라피스	1
소란	1
소란피웠다가	1
소리가	1
소리나게	1
소리는	1
소리들	1
소리부터	1
소리세상	1
소리책	1
소리축제에밀레전	1
소매에	1
소매중심	1
소멸된	1
소멸될	1
소명될	1
소명종합	1
소모	1
소문까지	1
소문대로	1
소문에	1
소문일	1
소방공무원	1
소방관들	1
소방관서장	1
소방교육훈련기관	1
소방설비공사	1
소방수요	1
소방안전	1
소방차도	1
소방청장	1
소방특별조사	1
소방항공기	1
소방활동백서	1
소비는	1
소비되는가	1
소비사회	1
소비쇼크	1
소비심리	1
소비위축	1
소비자가	1
소비자경보	1
소비자기술협회	1
소비자단체와	1
소비자들에게	1
소비자들의	1
소비자매거진	1
소비자물가동향	1
소비자민원	1
소비자부담	1
소비자원	1
소비자중심	1
소비재에	1
소비재와	1
소비전력	1
소비증가	1
소비촉진	1
소비확대	1
소사이어티	1
소상공인과	1
소상공인기본법	1
소상공인시장진흥공단과	1
소상공인연합	1
소생	1
소설가가	1
소설가는	1
소설가들의	1
소설가이자	1
소설가종합	1
소설대전	1
소설도쿄	1
소설부터	1
소설서비스	1
소설썼다	1
소설에	1
소설은	1
소설을	1
소설이	1
소설작품	1
소설전집	1
소설종합	1
소설종합2보	1
소셜로봇의	1
소셜미디어서	1
소셜벤처	1
소셜앱은	1
소셜커머스	1
소소위	1
소속기업과	1
소속부	1
소속원	1
소속으	1
소속팀과	1
소속팀도	1
소속팀서	1
소속팀에	1
소속팀은	1
소송과는	1
소송까지	1
소송사기	1
소송사기에	1
소송서	1
소송이	1
소송준비	1
소송취하하면	1
소수내각	1
소수이사	1
소수자들	1
소수자성	1
소수종족	1
소시에다드	1
소시에다드와	1
소식듣고	1
소식을	1
소식이	1
소심형	1
소싸움	1
소앙집	1
소액	1
소액주주	1
소액투자자가	1
소액투자자만	1
소양	1
소양촉진2구역	1
소외된	1
소외시키지	1
소외의	1
소외이웃에	1
소요될	1
소요사태	1
소요종합	1
소용없네	1
소용없네요	1
소용없다	1
소울	1
소원도	1
소원성취	1
소원은	1
소원이라는	1
소위에	1
소유로	1
소유보다	1
소유주에	1
소유하는가	1
소유한다	1
소유호텔	1
소음기준	1
소음피해	1
소자될까	1
소장에	1
소장한	1
소재사업	1
소재업체	1
소재주	1
소지도	1
소지자가	1
소지혐의로	1
소진돼	1
소집공고	1
소집공고할	1
소집도	1
소집될듯	1
소집명단	1
소집으	1
소집은	1
소집허가	1
소집허가신청	1
소집훈련서	1
소추위원단	1
소크라테스가	1
소크라테스부터	1
소탕은	1
소통능력	1
소통방식	1
소통용	1
소통의장	1
소통제안	1
소통종합	1
소통창구	1
소통하라	1
소통하려	1
소통하며	1
소통하자는데	1
소통했으면	1
소파에	1
소폭교체	1
소폭상승	1
소프라노	1
소프트	1
소프트로봇	1
소프트뱅크행	1
소프트볼	1
소프트웨어수업	1
소프트웨어업계	1
소프트웨어와	1
소프트타깃	1
소해함	1
소형pc	1
소형급	1
소형다짐	1
소형보트	1
소형위성	1
소형출판사	1
소형판매점으로	1
소홀	1
소홀함없이	1
소화초등학교	1
소화하고	1
소화할	1
소환에	1
소환조사종합2보	1
소환하면	1
소환한	1
속국	1
속끓는	1
속내는	1
속도감있게	1
속도내기	1
속도는	1
속도를	1
속도전에	1
속도전으로	1
속도제한에	1
속도조절에	1
속도조절할까	1
속도종합	1
속도줄여	1
속도평가	1
속리산서	1
속만	1
속보한일	1
속사정뭘까	1
속사정은	1
속삭이다	1
속삭인	1
속상해해	1
속상했다종합	1
속성	1
속성양성	1
속아	1
속았나	1
속에도	1
속에서	1
속여	1
속여도	1
속으로는	1
속은	1
속을	1
속이	1
속인다	1
속죄	1
속지	1
속지마라	1
속초는	1
속초를	1
속초시	1
속초에서	1
속초의	1
속초해경	1
속탄다	1
솎아내기	1
손가락에	1
손가락이	1
손가락질하는	1
손글쓰기문화확산캠페인	1
손꼽아	1
손넣어	1
손누리링	1
손님들	1
손동작	1
손동작으로	1
손때	1
손떼고	1
손떼는	1
손떼라종합	1
손만	1
손목시계형	1
손못떼는	1
손바닥문학상	1
손바닥소설집	1
손바닥으로	1
손배소에서	1
손보미	1
손보미종합	1
손볼까	1
손봐	1
손뻗친	1
손상된	1
손상시키는	1
손석희안나경	1
손석희에	1
손쉬운	1
손승락	1
손실로	1
손실률	1
손실보상해야	1
손에서	1
손익	1
손익악화	1
손자	1
손자에게	1
손자와	1
손자회사에	1
손잡나	1
손잡다	1
손잡아	1
손정의부터	1
손질로	1
손짓도	1
손짓만으로	1
손팻말	1
손학규와	1
손해를	1
손해배상도	1
손해배상해야	1
손해보험	1
손해보험사	1
손해율	1
손혜원에	1
손홍규	1
손흥민에	1
손흥민을	1
손흥민이	1
손흥민정우영	1
솔로포그랜드슬램	1
솔로포채태인	1
솔루션서	1
솔루션에	1
솔루스	1
솔루에타	1
솔릭관련	1
솔직	1
솔직해져라	1
솟구쳐	1
솟아날	1
송가인	1
송건호	1
송곳회동	1
송구스러운	1
송구스럽다	1
송구한	1
송금업체	1
송금책	1
송금하는	1
송금한	1
송년	1
송년음악회	1
송년의	1
송년인사	1
송도록페스티벌	1
송도세계문화관광축제	1
송도에	1
송도원	1
송병일	1
송부	1
송수신장치	1
송승환	1
송어낚시대회	1
송영무를	1
송영훈	1
송영훈이	1
송용진	1
송유관에	1
송유근	1
송이	1
송인배는	1
송일준	1
송일준씨	1
송재	1
송전선로	1
송칭과	1
송파	1
송페스티벌	1
송환된	1
송환법사망	1
송환법시위	1
송환요구	1
송환요구에	1
송환종합	1
송희경	1
쇄도종합	1
쇄빙연구선	1
쇄신론	1
쇄신론도	1
쇄신인사	1
쇄신후	1
쇠퇴시킬	1
쇼show는	1
쇼그맨	1
쇼로	1
쇼미더머니	1
쇼스타코비치까지	1
쇼스타코비치의	1
쇼에	1
쇼케이스	1
쇼팽	1
쇼핑몰에	1
쇼핑몰이	1
쇼핑에	1
쇼핑제	1
쇼핑천국으론	1
쇼핑하는	1
쇼핑한다	1
숌로니	1
수감기	1
수감자도	1
수감자들	1
수거종합	1
수고했다	1
수고했어	1
수고했어요	1
수괴가	1
수교이래	1
수권	1
수급불안에	1
수급상황	1
수긍	1
수긍종합	1
수기	1
수꼴	1
수납	1
수납까지	1
수녀	1
수년	1
수년째	1
수놓을	1
수뇌부와	1
수능교재	1
수능일	1
수다	1
수단군부	1
수단도	1
수단은	1
수단의	1
수단이었나	1
수당	1
수당독어	1
수도계량기	1
수도관	1
수도권도	1
수도권비수도권	1
수도권세계맥주에다	1
수도권의	1
수도속보	1
수도이전	1
수도장악	1
수돗물에서	1
수된	1
수두룩종합	1
수두룩종합2보	1
수렁서	1
수렁으로	1
수력발전	1
수력발전소	1
수력발전에	1
수렴돼야	1
수령권	1
수령액	1
수뢰	1
수를	1
수리과학연구소	1
수리비만	1
수리연	1
수리작전	1
수리키로	1
수리키로종합	1
수립부터	1
수립해야	1
수만	1
수만장	1
수많은	1
수면까지	1
수면상태서	1
수면습관	1
수명과	1
수명단축	1
수명문제	1
수명이	1
수목원으로	1
수배	1
수배받은	1
수백	1
수백만	1
수백만명	1
수백명씩	1
수백명에	1
수백편	1
수법	1
수법과	1
수복될	1
수복지구는	1
수북히	1
수비가	1
수비는	1
수비라인	1
수비로	1
수비마저	1
수비방해	1
수비보완	1
수비부터	1
수비전술	1
수비형	1
수사결과에	1
수사권조정	1
수사기간	1
수사기관이	1
수사단장	1
수사대로	1
수사대상인지	1
수사로	1
수사반장	1
수사받아	1
수사방안	1
수사방해	1
수사방향	1
수사보고서	1
수사부터	1
수사시점	1
수사안해	1
수사압력	1
수사요구안	1
수사의뢰종합	1
수사자료	1
수사자율성	1
수사종결권	1
수사종합2보	1
수사지휘	1
수사지휘권	1
수사촉구	1
수사팀장	1
수사하라	1
수사한	1
수사할까	1
수사해	1
수산과학원	1
수산물과	1
수산부문	1
수산생물	1
수산아이앤티	1
수상경력	1
수상공연	1
수상레저	1
수상소감	1
수상에는	1
수상엔	1
수상이냐	1
수상자가	1
수상자는	1
수상자들과	1
수상자로	1
수상자보다	1
수상자에게	1
수상종합	1
수색구조체계	1
수색작업	1
수색중	1
수색하는	1
수석객원지휘자로	1
수석과	1
수석대표에	1
수석도	1
수석들에	1
수석무용수	1
수석보좌관회의는	1
수석부위원장	1
수석부의장에	1
수석부회장	1
수석부회장에	1
수석장관으로	1
수성pib센터로	1
수성과	1
수성구	1
수성구도	1
수성구민	1
수소경제	1
수소생산효율	1
수소연료전지	1
수소연료전지산업	1
수소위원회	1
수소전기차	1
수소차기술	1
수소충전소	1
수소폭탄	1
수송대책	1
수수	1
수수방관	1
수수방관않을	1
수순밟나종합2보	1
수순에	1
수순종합2보	1
수술끝에	1
수술도	1
수술받는다	1
수술받은	1
수술에도	1
수술의사	1
수습국면	1
수습복구	1
수습안	1
수습팀	1
수습하며	1
수시검사	1
수시합격생	1
수식어	1
수식어에	1
수신금리	1
수신용	1
수십	1
수십개	1
수십만가구	1
수십만개	1
수십억	1
수십편	1
수안보에	1
수어방송	1
수어영상	1
수어통역	1
수억	1
수업거부종합	1
수업목적	1
수업목적보상금	1
수업서	1
수업지침서	1
수여는	1
수여로	1
수여종합	1
수여하는	1
수여한다	1
수역	1
수염과	1
수영	1
수영대회로	1
수영선수권	1
수영에	1
수영장	1
수영장서	1
수영한	1
수온상승에도	1
수요규제	1
수요예측	1
수요일날	1
수요포럼	1
수용도	1
수용불가	1
수용성	1
수용소도	1
수용속보	1
수용안돼	1
수용요구	1
수용하자는	1
수용할까	1
수용해야	1
수원fc	1
수원fc와	1
수원js컵서	1
수원kt위즈파크	1
수원공연	1
수원광주	1
수원대구전	1
수원병	1
수원시	1
수원시민단체	1
수원시청	1
수원시청과	1
수원에서	1
수원용인권	1
수원울산	1
수원전	1
수원정	1
수원제주	1
수원지법	1
수원청년지원센터kt	1
수원특례시	1
수원팬이	1
수원화성문화제	1
수위타자는	1
수익권	1
수익배분	1
수익성이	1
수익시설	1
수익악화	1
수익압박	1
수익에	1
수익차단	1
수익형	1
수익화의	1
수일까	1
수입관세	1
수입규제	1
수입대체	1
수입막는	1
수입물가지수	1
수입보험료	1
수입액	1
수입액은	1
수입육에	1
수입의존도	1
수입자동차	1
수입중단부터	1
수입차협회에도	1
수입트럭	1
수입포브스	1
수입해	1
수있나	1
수작을	1
수장과	1
수장의	1
수정권	1
수정종합	1
수정한	1
수정해라	1
수정해야	1
수조원	1
수주가뭄	1
수주내	1
수주도	1
수주량	1
수주로	1
수주에	1
수주종합	1
수주지원	1
수주추진	1
수준까지	1
수준의	1
수준이	1
수준인데	1
수준종합2보	1
수줍어서	1
수중공연	1
수중로봇	1
수중송유관	1
수중에서	1
수중전	1
수중전력	1
수직비행	1
수직사회	1
수직형	1
수질검사	1
수질관리기술	1
수집작품	1
수집종합	1
수집중	1
수집한다	1
수집한다종합	1
수집해	1
수집후	1
수채화	1
수천	1
수천대	1
수천만송이	1
수천톤	1
수첩	1
수축	1
수축사회의	1
수출국	1
수출국에	1
수출규제로	1
수출규제에	1
수출금융	1
수출대금	1
수출도	1
수출된	1
수출로	1
수출막힌	1
수출물류	1
수출물자	1
수출부진	1
수출선도	1
수출세일즈	1
수출시장	1
수출업계	1
수출업종별	1
수출용	1
수출은	1
수출입업체들	1
수출점검	1
수출주력	1
수출집중도	1
수출통관	1
수출하나	1
수출하려	1
수출한	1
수치는	1
수치스러워	1
수치심	1
수치와	1
수치이자	1
수탁	1
수탁고	1
수탁재산	1
수탈	1
수퍼박테리아	1
수평적	1
수하물	1
수하물을	1
수학의	1
수학자	1
수학자들	1
수학체험전	1
수해복구서	1
수해에도	1
수해현장	1
수행단	1
수행원들과	1
수행의	1
수행하겠다	1
수험생들	1
수험생들에게	1
수험생들의	1
수험생에	1
수험생에게	1
수험서	1
수현재컴퍼니	1
수혈종합	1
수혈하고	1
수협법	1
수협중앙회와	1
수혜국서	1
수혜대상도	1
수혜자	1
수혜자야	1
수혜주는	1
수혜주들	1
수혜주를	1
수호랑	1
수호할	1
수훈선수	1
숙면을	1
숙명여고	1
숙명종합	1
숙박공유	1
숙박권	1
숙박대란	1
숙박서핑	1
숙박업계	1
숙박업소가	1
숙박요금	1
숙박음식점업	1
숙박일수	1
숙박정보	1
숙박지	1
숙영아	1
숙원	1
숙제는	1
숙제로	1
숙청설	1
숙취	1
순간들	1
순간에	1
순간을	1
순간이	1
순간이었습니다	1
순거래	1
순교자	1
순교자된다	1
순대외금융자산	1
순대외채권은	1
순례이야기	1
순매도	1
순매도로	1
순매수종합	1
순방기간	1
순방길	1
순방서	1
순방종합	1
순방후	1
순서는	1
순수문화	1
순수외주제작	1
순수의	1
순안공항	1
순안공항에서	1
순위변동	1
순위서	1
순위표	1
순으로	1
순이익은	1
순이자마진은	1
순이자이익	1
순전히	1
순조로운	1
순조롭게	1
순종말라	1
순직군인	1
순찰차	1
순찰하는	1
순천만국가정원	1
순천서	1
순천에서	1
순풍	1
순풍타고	1
순항미사일	1
순항할	1
순항할까	1
순환도	1
순환변동치	1
순환보직	1
순회교육	1
순회유세	1
술광고	1
술렁이는	1
술렁종합	1
술은	1
술집	1
술집서	1
술집에서	1
술축제	1
술취한채	1
숨37	1
숨겨서	1
숨겨주는	1
숨결	1
숨겼나	1
숨겼다고	1
숨고르며	1
숨기는	1
숨막히자	1
숨비소리길	1
숨은영웅들	1
숨이	1
숨져종합	1
숨지게	1
숫자에	1
숭고한	1
숲길	1
숲길서	1
숲속	1
숲속에	1
쉐어링	1
쉐어하우스	1
쉬기	1
쉬길	1
쉬네	1
쉬멍	1
쉬며	1
쉬쉬	1
쉬어갈게요	1
쉬어도	1
쉬어야죠	1
쉬워	1
쉬워질	1
쉬웠다	1
쉰	1
쉴수	1
쉼표처럼	1
쉽도록	1
쉽지는	1
쉽지않네	1
쉽지않은	1
쉽지않을것	1
쉽진	1
슈네데를랭	1
슈만으로	1
슈만을	1
슈만의	1
슈머	1
슈바인슈타이거는	1
슈바인슈타이거에게	1
슈베르트	1
슈텐츠의	1
슈톨퍼슈타인	1
슈퇴거	1
슈트	1
슈트라헤	1
슈팅은	1
슈팅해	1
슈퍼라운드서	1
슈퍼로봇	1
슈퍼마리오	1
슈퍼마리오에	1
슈퍼마켓	1
슈퍼마켓도	1
슈퍼맨	1
슈퍼모델	1
슈퍼문에	1
슈퍼박테리아	1
슈퍼스타가	1
슈퍼스트링	1
슈퍼슬로모션	1
슈퍼식물	1
슈퍼신인	1
슈퍼안심	1
슈퍼에이전트	1
슈퍼컴	1
슈퍼컴데이	1
슈퍼컵	1
슈퍼컵도	1
슈퍼컵서	1
슈퍼태풍	1
슈퍼팝	1
슈퍼패블릿	1
슈퍼호황	1
슈퍼화요일서	1
슝	1
스가	1
스냅	1
스냅백	1
스냅의	1
스냅챗	1
스노우맨	1
스노우민트	1
스노우페스티벌	1
스누피	1
스님으로	1
스님이	1
스리랑카에	1
스리랑카와	1
스리백의	1
스릴러	1
스릴러미스터리	1
스릴러하우스서	1
스마일카드	1
스마트x사업에	1
스마트가방	1
스마트공장배움터	1
스마트공장엑스포	1
스마트공장엑스포에	1
스마트공장의	1
스마트광고	1
스마트교통	1
스마트국토엑스포	1
스마트기기는	1
스마트노래방	1
스마트레이더시스템	1
스마트렌즈	1
스마트로봇	1
스마트미디어x	1
스마트밴드가	1
스마트뱅킹	1
스마트선박	1
스마트스토어로	1
스마트시티의	1
스마트싱스로	1
스마트싱스서	1
스마트앱어워드	1
스마트에너지	1
스마트에디터원	1
스마트오피스	1
스마트워치로	1
스마트워치와	1
스마트저축은행	1
스마트제조혁신과	1
스마트차	1
스마트초이스	1
스마트카용	1
스마트콘텐츠	1
스마트폰값	1
스마트폰공장	1
스마트폰만	1
스마트폰업계	1
스마트폰에서도	1
스마트폰용	1
스마트폰으로만	1
스마트폰의	1
스마트폰이용률은	1
스마트폰중	1
스마트한	1
스마트해지는	1
스맥	1
스며들고	1
스모경기장	1
스모그도	1
스모킹건	1
스몰딜	1
스몰셀	1
스물	1
스물세살	1
스물여덟자	1
스베틀라노프	1
스스로를	1
스스로의	1
스승	1
스승삼아	1
스승상	1
스승의	1
스시	1
스완을	1
스완지는	1
스완지의	1
스웨	1
스웨덴과	1
스웨덴도	1
스웨덴언론	1
스웨덴에	1
스웨덴의	1
스웨덴판	1
스웨덴한림원	1
스웨덴행종합	1
스웩	1
스위스관광청	1
스위스대사	1
스위스도	1
스위스에서	1
스위스와	1
스위스인	1
스위스중앙은행	1
스윕	1
스윙글즈	1
스윙으로	1
스윙자세	1
스윙한	1
스즈키	1
스즈키자동차	1
스카우트	1
스카우트에도	1
스카이넷	1
스카이런	1
스카이박스는	1
스카이뷰	1
스카이십	1
스카이십으로	1
스카이워크	1
스카이트리	1
스카이프	1
스캐폴드	1
스캔들과	1
스캔들에	1
스캔들에도	1
스켈터랩스	1
스코틀랜드국민당	1
스코틀랜드수반에	1
스코틀랜드에	1
스코프	1
스쿨버스에	1
스쿨잼서	1
스쿨콘서트에	1
스퀘어	1
스크리팔	1
스크린도어	1
스크린셀러	1
스크린엑스	1
스크린의	1
스크린이	1
스키리조트	1
스키상품	1
스키실력	1
스키이어	1
스키장에서도	1
스키장으로	1
스타디움	1
스타디움에	1
스타로	1
스타봇	1
스타상품	1
스타셰프	1
스타인	1
스타일에	1
스타즈	1
스타톤	1
스타트업까지	1
스타트업도	1
스타트업은	1
스타트에도	1
스타파워	1
스태프	1
스털링	1
스털링에	1
스테이	1
스테이어	1
스테이지	1
스테이지로	1
스테이트	1
스텔스	1
스토리공모전	1
스토리를	1
스토리와	1
스토리지	1
스토리펀딩	1
스토브리그	1
스토어카메라	1
스토어팜	1
스토크시티	1
스토크시티에	1
스토크시티와	1
스톡기프트	1
스톡옵션에	1
스톡옵션한도	1
스톡턴	1
스톡홀름서	1
스튜디오드래곤으로	1
스튜디오비사이드에	1
스튜어드십코드	1
스트라빈스키	1
스트라스버그도	1
스트라스부르	1
스트라스부르에	1
스트라이크	1
스트래즈버그	1
스트래즈버그와	1
스트레스가	1
스트레이트	1
스트레이트서	1
스트롬볼리	1
스트롬볼리섬서	1
스트리트	1
스트링	1
스티브	1
스티커	1
스티커처럼	1
스티커팩	1
스틱	1
스틸까지	1
스틸컷	1
스팅	1
스팅의	1
스파이들의	1
스팩	1
스팸대책	1
스팸방지	1
스팸브레이커	1
스팸은	1
스팸차단	1
스팸차단앱	1
스페셜리스트	1
스페셜리스트가	1
스페셜올림픽코리아와	1
스페인내	1
스페인독일	1
스페인리그	1
스페인어권	1
스페인에서	1
스페인이탈리아	1
스페인집회서	1
스펙	1
스포츠가	1
스포츠경매	1
스포츠공정위에	1
스포츠교실	1
스포츠기자	1
스포츠단	1
스포츠도시	1
스포츠로	1
스포츠마케팅으로	1
스포츠밴드	1
스포츠센터	1
스포츠에	1
스포츠연구팀	1
스포츠외교	1
스포츠외교무대	1
스포츠의류	1
스포츠인에	1
스포츠카	1
스포츠피싱페스티벌	1
스포트라이트	1
스포트라이트에	1
스폰서로	1
스폰서비	1
스프레이	1
스프레이로	1
스프린트	1
스프린트t모바일	1
스프링캠프서	1
스프링캠프에	1
스플릿	1
스플릿2	1
스피커로	1
스핀트랜지스터	1
슬라맛다땅	1
슬라이더도	1
슬램덩크	1
슬러지	1
슬로	1
슬로건은	1
슬로길	1
슬로바키아와	1
슬로베니아에	1
슬로베니아의	1
슬림	1
슬림에그2	1
슬슬	1
슬퍼종합	1
슬프지만	1
슬픈초	1
슬픔은	1
슬픔종합	1
습격에	1
습관	1
습관을	1
습관의	1
습관적	1
습한	1
승강장	1
승객들	1
승객에	1
승객이	1
승격팀	1
승급	1
승률마저	1
승률종합	1
승리1보	1
승리3보	1
승리땐	1
승리마다	1
승리비결	1
승리뿐	1
승리속보	1
승리였다	1
승리와	1
승리우승	1
승리일까	1
승리종합2보	1
승리종합3보	1
승리투	1
승리투수종합	1
승리하겠다	1
승리하길	1
승리하는	1
승리해	1
승리해서	1
승리후	1
승마대회	1
승마장	1
승부를	1
승부수종합	1
승부수종합2보	1
승부욕	1
승부한	1
승부한다	1
승선박주호	1
승선은	1
승선하지	1
승소로	1
승소종합	1
승용차가	1
승용차에	1
승우	1
승우도	1
승이	1
승인돼	1
승인받아	1
승인받은	1
승인안	1
승인안해	1
승인안해종합	1
승인율	1
승인투표	1
승인투표는	1
승인하는	1
승인해달라	1
승인후	1
승자가	1
승자랑	1
승자로	1
승자의	1
승전기념	1
승전보를	1
승점이	1
승진까지	1
승진누락	1
승진문	1
승진종합	1
승차	1
승패가	1
승패는	1
승패있지만	1
승합차	1
승합차버스	1
승화	1
승효상	1
시각문화	1
시각을	1
시각장애인에	1
시각장애청년들을	1
시각적	1
시각차	1
시각차만	1
시각통로	1
시각특수효과	1
시간강사	1
시간과	1
시간과의	1
시간끌	1
시간낭비가	1
시간될	1
시간싸움	1
시간에	1
시간여행축제	1
시간외	1
시간의	1
시간차	1
시거스로	1
시계가	1
시계는	1
시계로	1
시계보는	1
시공사	1
시국	1
시국기도회	1
시국선언	1
시국해법	1
시군구	1
시군별	1
시군으로	1
시그니처에디션	1
시급성	1
시급은	1
시급조치	1
시급히	1
시기도	1
시기상조였다	1
시기에	1
시기와는	1
시기조정	1
시끄러운	1
시끌종합	1
시나리오는	1
시내곳곳	1
시내버스에	1
시내버스에서	1
시너지로	1
시네마	1
시노스틸부터	1
시노펙	1
시뇨라	1
시는	1
시니낫	1
시니어	1
시단	1
시달렸던	1
시달리는	1
시달린	1
시당	1
시대가	1
시대에서	1
시대와	1
시대유감	1
시대인식	1
시대착오	1
시대착오적	1
시도1보	1
시도교육청에	1
시도당위원장과	1
시도도	1
시도됐다	1
시도로	1
시도만	1
시도별	1
시도지사들과	1
시도하나	1
시도하나종합	1
시도하는	1
시도하자	1
시도한	1
시도할	1
시도해야	1
시도했다	1
시동거나	1
시동종합2보	1
시드니까지	1
시드릴과	1
시들게	1
시들한데	1
시런	1
시리아공격에	1
시리아공습	1
시리아구호단체	1
시리아내전	1
시리아는	1
시리아북부	1
시리아사태	1
시리아의	1
시리아인권단체	1
시리아인을	1
시리아전	1
시리아제재	1
시리아주둔	1
시리아캠프	1
시리아쿠르드	1
시리아터키군	1
시리아휴전	1
시리즈가	1
시리즈는	1
시리즈에	1
시리즈의	1
시린	1
시릴만큼	1
시립박물관에	1
시멘트	1
시멘트부두	1
시모노세키	1
시무룩	1
시문학	1
시문학사	1
시뮬레이션	1
시뮬레이션으로	1
시민검증단	1
시민과	1
시민권논쟁	1
시민권자	1
시민까지	1
시민단체가	1
시민단체들	1
시민단체와	1
시민단체의	1
시민도	1
시민들에	1
시민들에게	1
시민사회사	1
시민상	1
시민속으로	1
시민의숲	1
시민자유	1
시민제안	1
시민종교의	1
시민촛불문화제	1
시민축제	1
시민평가단	1
시민행동	1
시민혁명	1
시발점돼야	1
시범경기라고	1
시범경기부터	1
시범경기의	1
시범공연	1
시범구	1
시범단	1
시범단지	1
시범도입	1
시범비행	1
시범사업서	1
시범서비스용	1
시범아파트	1
시범주행	1
시범지구	1
시범철수	1
시범철수속보	1
시베리아로	1
시베리아서	1
시벨리우스	1
시벨리우스의	1
시비로	1
시사in	1
시사토크	1
시사토크로	1
시사프로	1
시사프로들도	1
시상식서	1
시상하는	1
시선에	1
시선에도	1
시선으로	1
시설공사	1
시설도	1
시설아동	1
시설점검	1
시설투자	1
시설하우스	1
시세	1
시세계	1
시세에	1
시세의	1
시술에	1
시스템매매	1
시스템반도체	1
시스템에	1
시스템적	1
시승	1
시승하는	1
시시콜콜	1
시신과	1
시신에	1
시신으로	1
시아파성지서	1
시안	1
시애	1
시애틀과	1
시애틀행	1
시에라리온	1
시에라리온에서	1
시에라서	1
시연종합	1
시연하는	1
시오름	1
시월	1
시월정동	1
시위냐	1
시위대응	1
시위대의	1
시위를	1
시위사태	1
시위용	1
시위의	1
시위재발	1
시위정국	1
시위진압	1
시위진압경찰	1
시위하다	1
시인들이	1
시인선	1
시인종합	1
시작1보	1
시작가	1
시작과	1
시작도	1
시작돼	1
시작돼야	1
시작되나	1
시작되자	1
시작된다	1
시작로이터	1
시작속보	1
시작에	1
시작이었다	1
시작인걸요	1
시작일뿐	1
시작점	1
시작점종합2보	1
시작종합3보	1
시작하겠다	1
시작하지만	1
시작해	1
시작해야	1
시작했나	1
시장경쟁	1
시장경제	1
시장경제요소	1
시장경제지위는	1
시장과	1
시장과점	1
시장관리원	1
시장금리	1
시장들	1
시장변동성	1
시장불안	1
시장선호	1
시장세대사회변혁	1
시장안정에	1
시장에게	1
시장적	1
시장조성계약	1
시장조성자	1
시장지위	1
시장통제	1
시장효과	1
시장후보	1
시적	1
시적정취	1
시절처럼	1
시점과	1
시점속보	1
시점에	1
시점으로	1
시점이	1
시정명령종합	1
시정에	1
시정요청	1
시정하겠다	1
시정하라	1
시조카	1
시중은행도	1
시중은행에	1
시즌1	1
시즌10	1
시즌2로	1
시즌개막	1
시즌과	1
시즌권으로	1
시즌랭킹	1
시즌만	1
시즌만에	1
시즌별	1
시즌보다	1
시즌에는	1
시즌에도	1
시즌은	1
시즌인	1
시즌티켓	1
시진핑김정은	1
시진핑마크롱	1
시진핑은	1
시진핑을	1
시집을	1
시차적응	1
시찰에	1
시찰용	1
시청률은	1
시청시간	1
시청앞	1
시청으로	1
시청자미디어대상	1
시청자미디어센터	1
시청자에게	1
시청자위원회	1
시청종합	1
시청하며	1
시청한	1
시총상위	1
시추선	1
시축	1
시축하고	1
시칠리아섬	1
시카고까지	1
시카고상품거래소	1
시카고에	1
시카고전에서	1
시카고컵스	1
시카프	1
시커먼	1
시켜주면	1
시큐리온	1
시큐어	1
시키는	1
시킨다	1
시트로엥	1
시티건설	1
시티오브엔젤	1
시티투어	1
시티투어버스	1
시티프라디움	1
시판종합	1
시편들	1
시하다	1
시한내	1
시한도	1
시행1보	1
시행계획	1
시행속보	1
시행안	1
시행으로	1
시행은	1
시행일에	1
시행종합2보	1
시행코자	1
시행하자	1
시행한다면	1
시행해보고	1
시행후	1
시험계획	1
시험까지	1
시험대에	1
시험대종합2보	1
시험발사에	1
시험발사체	1
시험에	1
시험연구센터	1
시험용	1
시험의	1
시험지	1
시험치러	1
시효는	1
시흥서	1
식당도	1
식당에	1
식당은	1
식도암	1
식도암으로	1
식량농업기구	1
식량문제	1
식량지원	1
식료품점	1
식물도감	1
식물성	1
식물원	1
식물의	1
식물이	1
식물정부	1
식물플랑크톤	1
식민시대	1
식민적	1
식민지근대화론	1
식민지배가	1
식민통치	1
식별까지	1
식별되면	1
식사를	1
식사접대받고	1
식사정치	1
식사조절	1
식수댐	1
식수로	1
식순서	1
식었나	1
식욕	1
식용견	1
식용금지	1
식재료	1
식중독균으로	1
식탁	1
식탁에서	1
식품공장	1
식품기업	1
식품산업전시회	1
식품소기업	1
식품안전기준	1
식품안전문제	1
식품연구원	1
식품회사들	1
식히고	1
식히며	1
식힐	1
신dti	1
신간세상은	1
신간아임	1
신간알수록	1
신간재즈를	1
신간중국을	1
신경도	1
신경망	1
신경민	1
신경보	1
신경생물학자	1
신경세포로	1
신경신호	1
신경쓰겠다	1
신경연결이	1
신경장애	1
신경전극	1
신경전끝	1
신경전도종합	1
신경제	1
신경질환	1
신고도	1
신고로	1
신고에	1
신고용	1
신고자에	1
신고재산	1
신고점	1
신고제	1
신고종합	1
신고한	1
신고한다	1
신고했는데	1
신공장	1
신공항공세	1
신과함께	1
신권	1
신규가입자	1
신규계좌	1
신규공장	1
신규교사	1
신규구독	1
신규발급	1
신규상장기념식	1
신규상장식	1
신규선임	1
신규선정	1
신규약정	1
신규약정자부터1보	1
신규예약	1
신규요금제	1
신규지정	1
신규직원	1
신규채용	1
신규택지	1
신규특허	1
신기	1
신기능	1
신기록도	1
신기록은	1
신기술개발구	1
신기술금융으로	1
신기술사업금융업체	1
신기술이	1
신기술투자조합에	1
신기하네	1
신기합니다	1
신기했나	1
신기후체제	1
신나게	1
신나치주의자	1
신나치주의자들	1
신남방국가	1
신년사는	1
신년음악회는	1
신년인사	1
신년인사서	1
신년인사회의	1
신다당제로	1
신달자	1
신당행	1
신데렐라까지	1
신데렐라로	1
신도들	1
신도시는	1
신동주측	1
신들의	1
신라면세점	1
신라부터	1
신라젠	1
신뢰가	1
신뢰구축	1
신뢰다	1
신뢰로	1
신뢰받는	1
신뢰심기	1
신뢰쌓기	1
신뢰안가	1
신뢰와	1
신뢰하는	1
신뢰해야	1
신뢰회복과	1
신명	1
신명나는	1
신명여중서	1
신모델	1
신문1면에	1
신문과	1
신문도	1
신문들	1
신문산업	1
신문에	1
신문윤리위원	1
신문의날	1
신문지원	1
신문활용교육	1
신미사일방어전략	1
신발공장	1
신발공장서	1
신발업체	1
신변	1
신변위협	1
신병모집때	1
신병처리	1
신병치료	1
신병확보	1
신보광주은행	1
신보기업은행	1
신보우리은행	1
신부가	1
신부님의	1
신부의	1
신분검사	1
신분상승	1
신분종합	1
신비	1
신비한	1
신사업개발실	1
신사업에	1
신사임당	1
신사임당의	1
신산업분야	1
신상	1
신상분석	1
신상품	1
신상품이어서	1
신생팀	1
신선되는	1
신선했지만	1
신설될까	1
신설속보	1
신설종합	1
신설종합2보	1
신설해야	1
신설회사	1
신성에프에이	1
신성이엔지	1
신성이엔지와	1
신성장동력	1
신성장사업서	1
신세	1
신세계건설	1
신세계백화점에	1
신세계백화점에서	1
신세계보다	1
신세계사이먼	1
신세계에	1
신세계에서	1
신세계조선호텔	1
신세계조선호텔로	1
신속구조에	1
신속전개	1
신속진행	1
신속채택은	1
신속채택키로	1
신시내티에	1
신시내티와	1
신앙	1
신약연구에	1
신어야	1
신에겐	1
신연경과	1
신영배	1
신영베테랑증권자투자신탁	1
신영석과	1
신영자산운용	1
신예	1
신예들	1
신용관리	1
신용대출119로	1
신용대출금리	1
신용대출도	1
신용대출에	1
신용도	1
신용등급에	1
신용등급전망	1
신용보증	1
신용분석모형개발	1
신용위험도	1
신용정보	1
신용정보법	1
신용조회회사	1
신용카드만	1
신용평가	1
신용평가로	1
신용평가모형	1
신용평가사	1
신용한	1
신용회복위	1
신용회복지원자	1
신우인	1
신원공개는	1
신원조회	1
신원파악	1
신원확인	1
신의주방직공장	1
신의주화학섬유공장	1
신의현	1
신인드래프트	1
신인모델	1
신인문학상	1
신인배우	1
신인상에	1
신인선수	1
신인심판	1
신인이냐	1
신임대표에	1
신임사장에	1
신임회장과	1
신입사원에	1
신작게임	1
신작공연	1
신작소설	1
신작으로	1
신장비	1
신장에	1
신장제	1
신재민	1
신재생에너지	1
신적폐	1
신제품도	1
신제품에	1
신제품으로	1
신제품의	1
신제품입니다	1
신조종합	1
신종담배	1
신종목	1
신종사기	1
신종직업	1
신종플루	1
신주단지	1
신주인수권	1
신중국	1
신중년	1
신중대응	1
신중종합	1
신중하고	1
신중함	1
신중함을	1
신중했어야종합	1
신진	1
신진에스엠	1
신진연구자에	1
신진연출가전	1
신진작가와	1
신차들	1
신차효과에	1
신청받는다	1
신청사에	1
신청설	1
신청에	1
신청에도	1
신청학교	1
신청할	1
신청할듯	1
신청했지만	1
신체	1
신체적	1
신촌물총축제	1
신촌에	1
신탁거래	1
신탁도	1
신탁상품	1
신탁자산	1
신태용도	1
신태용은	1
신태용의	1
신태용호와	1
신태용호의	1
신평사	1
신품종	1
신풍속도	1
신풍속도종합	1
신한류	1
신한사태	1
신한알파리츠	1
신한용	1
신한으로	1
신한은행은	1
신한이	1
신행정수도	1
신협중앙회	1
신형유도무기	1
신형은	1
신형장비	1
신호종합	1
신호탄vs좌파독재	1
신혼부부에	1
신혼여행은	1
신혼희망타운	1
신화가	1
신화는	1
신흥강국	1
신흥국펀드	1
신흥명문	1
신흥무관학교	1
신흥부자	1
신흥시장에	1
싣자	1
실각	1
실각한	1
실감나네	1
실감난	1
실감미디어산업	1
실감콘텐츠	1
실감한	1
실감형	1
실거래	1
실검논란에	1
실구매	1
실낱	1
실낱같은	1
실내공기	1
실내악연주회	1
실내온도	1
실내용	1
실내화	1
실려	1
실력국회	1
실력만	1
실력의	1
실록	1
실리추구에	1
실리콘밸리서	1
실리콘밸리의	1
실릴까	1
실마리될듯	1
실망은	1
실망하고	1
실명등록	1
실명전환	1
실명확인계좌	1
실모양	1
실무문제	1
실무미팅	1
실무접촉	1
실무접촉종합2보	1
실무지원팀	1
실무팀	1
실무협상	1
실무협의	1
실무협의서	1
실무협의체	1
실무형	1
실물경기	1
실물경제도	1
실물공개	1
실물처럼	1
실버문화페스티벌	1
실버푸시	1
실버합창제	1
실사지도로	1
실상은	1
실생활의	1
실세대표로	1
실세로	1
실세와	1
실세총리	1
실속폰	1
실속형이	1
실손보험	1
실수라도	1
실수에	1
실수하는	1
실수해도	1
실시간방송	1
실시될	1
실시속보	1
실시에	1
실시할	1
실신해	1
실어주기	1
실업률은	1
실업수당청구건수	1
실업에	1
실업탁구단	1
실었으니	1
실연	1
실외활동자제	1
실용금융	1
실용적	1
실용주의자	1
실용화되나	1
실을까	1
실장과	1
실장에	1
실적감소	1
실적개선은	1
실적눈높이	1
실적반등	1
실적부담	1
실적쇼크	1
실적시즌	1
실적시즌에	1
실적으로	1
실적잔치	1
실적저조	1
실적최악	1
실적회복	1
실전경기	1
실전대항훈련	1
실전배치까지	1
실전서	1
실전이다	1
실점권서	1
실정에	1
실제는	1
실제도발	1
실제로	1
실제상황	1
실제흐름	1
실종상태	1
실증단지	1
실증사업	1
실증완료	1
실질가처분소득	1
실질가치는	1
실질금리	1
실질대비책	1
실질성과	1
실질성과로	1
실질소득	1
실질소득은	1
실질적이고	1
실질통화량	1
실질환율	1
실책까지	1
실천할	1
실체는	1
실체를	1
실체의	1
실체있는	1
실치회	1
실크박물관서	1
실탄마저	1
실탄에	1
실탄은	1
실탄진압에	1
실태와	1
실패1보	1
실패2보	1
실패만	1
실패무리한	1
실패종합3보	1
실패하고	1
실패하나	1
실패한다	1
실패할	1
실패할거야	1
실패해	1
실패했다	1
실패후	1
실학의	1
실행계획	1
실행까지	1
실행땐	1
실행한	1
실향민	1
실험만이	1
실험보다	1
실험보단	1
실험서	1
실험약	1
실험으로	1
실험이	1
실험종합	1
실현가능성	1
실현되지	1
실현될	1
실현불가능한	1
실현은	1
실현하며	1
실현할	1
실형에도	1
실화	1
실효성에	1
실효성은	1
실효적인	1
실효제재	1
실효조치로	1
싫어	1
싫어서	1
싫어요	1
싫어진	1
싫어해	1
싫었던	1
싫은	1
심각종합	1
심각종합2보	1
심각하게	1
심각하지	1
심경	1
심근경색	1
심근세포	1
심기일전종합	1
심는다	1
심리따라	1
심리를	1
심리상담	1
심리전	1
심리전에	1
심리전에서	1
심리전으로	1
심리키로	1
심리한다	1
심사강화종합	1
심사기한	1
심사로	1
심사서	1
심사시	1
심사완료	1
심사위원들	1
심사하고	1
심사한다며	1
심상정과	1
심야영업	1
심야의총	1
심야의총종합	1
심야협상	1
심어줬다	1
심었다종합	1
심엔터테인먼트	1
심연	1
심은	1
심의규정	1
심의는	1
심의실	1
심의에	1
심의위원	1
심의위원회	1
심의일	1
심의한다	1
심의해달라	1
심의회의	1
심장마비	1
심장마비로	1
심장부서	1
심장은	1
심장입니다	1
심전도	1
심정속보	1
심정으로	1
심정종합	1
심지어	1
심층면접종합	1
심층보도	1
심쿵	1
심태보	1
심텍	1
심판과	1
심판대상	1
심판론	1
심판론에	1
심판부	1
심판설명회	1
심판위원장	1
심판이	1
심판이자	1
심판종합	1
심판청구	1
심판할	1
심판해	1
심판해야	1
심포니송	1
심포지엄dance	1
심포지엄에서	1
심하면	1
심하지	1
심해도	1
심해유인잠수정	1
심해잠수정	1
심해진	1
심해진다	1
심화가	1
심화과정	1
심화되길	1
심화시킬	1
심화에도	1
심화할	1
심화할것	1
심히	1
십	1
십리대숲	1
십이야	1
십이지	1
십자가	1
십자포화	1
싱가포르로	1
싱가포르에	1
싱가포르에서	1
싱가포르와	1
싱가포르처럼	1
싱가포르투자청	1
싱글벙글	1
싱글족	1
싱스틸러로	1
싱싱한	1
싱싱함이	1
싱어롱	1
싱크뷰	1
싱클레어와	1
싱텔과	1
싶거든요	1
싶겠지만	1
싶어도	1
싶어서	1
싶었는데요	1
싶었던	1
싶었습니다	1
싶었어요	1
싶었죠	1
싶으면	1
싶지	1
싸나	1
싸늘종합	1
싸다종합	1
싸매세요	1
싸왔습니다	1
싸우게	1
싸우는데	1
싸우더라도	1
싸운다	1
싸울까	1
싸울래요	1
싸움꾼	1
싸움들	1
싸움만	1
싸움만으로는	1
싸움서	1
싸움에서	1
싸움을	1
싸움이다	1
싸움터지면	1
싸워	1
싸워야할	1
싸웠다는	1
싸이먼쇼	1
싸인	1
싸잡아	1
싼커	1
쌀수급	1
쌀쌀하고	1
쌀쌀해도	1
쌀쌀해진다	1
쌀을	1
쌍끌이에	1
쌍끌이종합	1
쌍둥이빌딩	1
쌍둥이와	1
쌍방기동훈련	1
쌍용	1
쌍용정보통신	1
쌍용차문제	1
쌍용차에	1
쌓고	1
쌓기	1
쌓나	1
쌓아둔	1
쌓아요	1
쌓여가고	1
쌓여있던	1
쌓여종합	1
쌓은	1
쌓일	1
쌩쌩5일	1
써내려가야	1
써라	1
써보고	1
써보기	1
써봤다	1
써야할	1
써요	1
썰렁종합	1
썸머	1
썸머미식회	1
썸뱅크	1
썼나	1
썼네	1
썼다간	1
썼든	1
썼으면	1
썼을까	1
썼죠	1
쏘나타	1
쏘는	1
쏘렌토	1
쏘아올려야	1
쏘아올린	1
쏘지	1
쏙쏙	1
쏜튼은	1
쏟	1
쏟는다	1
쏟아내종합	1
쏟아부은	1
쏟아붓겠다	1
쏟아붓는	1
쏟아져나온	1
쏟아지지만	1
쏠려	1
쏠림현상	1
쏠비치	1
쏠쏠한	1
쏴	1
쏴보세요	1
쏴올릴	1
쐈지만	1
쐐기블록슛	1
쐐기점의	1
쐰다	1
쑥대밭	1
쑥스러워	1
쓰겠다	1
쓰나	1
쓰나미에	1
쓰는게	1
쓰는지	1
쓰다듬는	1
쓰러져	1
쓰러지고	1
쓰러지자	1
쓰러질	1
쓰레기대란까지	1
쓰레기산	1
쓰레기와	1
쓰레기장	1
쓰레기장에	1
쓰레기통	1
쓰레기통에	1
쓰리	1
쓰며	1
쓰면서	1
쓰시나요	1
쓰쓰고	1
쓰여	1
쓰이는	1
쓰이면	1
쓰일	1
쓰임새	1
쓰임새는	1
쓰죠	1
쓰지도	1
쓰지마	1
쓰지만	1
쓰촨성	1
쓱데이에	1
쓴소리도	1
쓴소리한	1
쓸데없는	1
쓸려간	1
쓸만해	1
쓸모	1
쓸모도	1
쓸쓸한	1
쓸쓸히	1
쓸어내린	1
쓸어버려야종합2보	1
씀서	1
씁시다	1
씁쓸	1
씁쓸한	1
씁쓸해	1
씨름	1
씨름종합	1
씨름중	1
씨사이드파크	1
씨씨에스	1
씨아이에스	1
씨알과	1
씨알콜렉티브	1
씨앤피에스	1
씨어터	1
씨엔에스헬스케어	1
씨엔플러스	1
씨의	1
씨츄	1
씨킴	1
씨티	1
씨티은행	1
씩	1
씻겨	1
씻는	1
씻는다종합2보	1
씻은	1
씻을까	1
씽씽투	1
씽크브릿지	1
아가메즈노재욱	1
아가메즈도	1
아가메즈문성민	1
아가메즈와	1
아가메즈파다르	1
아가방	1
아가방컴퍼니	1
아귀찜	1
아기들과	1
아기별	1
아기사자	1
아기행성	1
아깝네	1
아깝다	1
아껴	1
아끼고	1
아끼는	1
아끼며	1
아낄	1
아낌없는	1
아낌없이	1
아나운서가	1
아난	1
아날로그	1
아내까지	1
아내는	1
아내로	1
아내를	1
아내에	1
아냐속보	1
아너	1
아너소사이어티	1
아널드	1
아니길	1
아니냐	1
아니냐고요	1
아니네	1
아니니까	1
아니다갤럽	1
아니다종합2보	1
아니더라도	1
아니라고	1
아니라고요	1
아니라는	1
아니었다	1
아니었다속보	1
아니오	1
아니죠	1
아니지만	1
아닌가	1
아닌듯	1
아닙니다	1
아담	1
아담과	1
아던	1
아덴만에	1
아덴만홍해	1
아덴의	1
아델	1
아델이	1
아동bj에	1
아동강제동원	1
아동과	1
아동권리	1
아동도서	1
아동들	1
아동문학에도	1
아동복지학과	1
아동수	1
아동시설	1
아동안전	1
아동양육시설에	1
아동에	1
아동용	1
아동음란물	1
아동청소년	1
아동포르노	1
아동학대범죄	1
아들들	1
아들을	1
아들이	1
아들잃은	1
아라뱃길	1
아라비아반도에	1
아람코와	1
아랍국가들에	1
아랍국가에	1
아랍권은	1
아랍동맹군에	1
아랍어로	1
아랍영화제	1
아랑곳	1
아랑곳않는	1
아레나코리아	1
아렌트	1
아렌트를	1
아련한	1
아르나이스	1
아르피나	1
아르헨과	1
아르헨티나와	1
아르헨페루전	1
아름다운가	1
아름다운가게와	1
아름다운재단	1
아름다움엔	1
아름다움으로	1
아름다워야	1
아름답거나	1
아름답게	1
아름답다	1
아리랑5호	1
아리랑tv로	1
아리랑위성	1
아리랑찬가	1
아리아	1
아리아만	1
아리아의	1
아린	1
아마도	1
아마리	1
아마존ceo	1
아마존도	1
아마존웹서비스의	1
아마존을	1
아마존이	1
아맛나	1
아메리카노가	1
아메리카니즘이	1
아메리카로	1
아모레	1
아모레g	1
아모레퍼시픽과	1
아모레퍼시픽그룹	1
아무래도	1
아무튼	1
아물지	1
아바나	1
아바도	1
아버지는	1
아버지종합	1
아베끄	1
아베내각	1
아베두테르테	1
아베로	1
아베식	1
아베의	1
아부다비도	1
아부다비에서	1
아비규환	1
아비규환종합	1
아비스타	1
아빠랑	1
아빠였다	1
아사드도	1
아산나눔재단	1
아산무궁화	1
아산서	1
아세안서도	1
아세안위원회	1
아세요	1
아센시오	1
아센시오와	1
아소산서	1
아쇼카	1
아쉬움이	1
아쉬워요	1
아쉬워종합	1
아쉬웠던	1
아쉽네	1
아쉽다종합	1
아슈라	1
아스널감독	1
아스널로	1
아스널전	1
아스널전서	1
아스널전에서	1
아스널팬들	1
아스팩투자조합	1
아슬아슬한	1
아시아가	1
아시아기자협회	1
아시아나idt	1
아시아대회	1
아시아문화전당	1
아시아서	1
아시아선수권대회	1
아시아선수촌	1
아시아에	1
아시아에서	1
아시아여자배구선수권	1
아시아예선	1
아시아와	1
아시아유럽	1
아시아인권의원연맹	1
아시아재균형	1
아시아협력대화	1
아시안게임도	1
아시안게임을	1
아시안컵까지는	1
아시안컵도	1
아시안컵에서도	1
아시안컵엔	1
아시안컵이	1
아시죠	1
아십니까	1
아약스에	1
아우디	1
아우디컵	1
아우르는	1
아우베스에	1
아우슈비츠서	1
아우크스는	1
아우크스부르크와	1
아우크스에서	1
아웃사이더가	1
아웃카운트	1
아육대	1
아이돌로	1
아이돌은	1
아이돌의	1
아이들에	1
아이들에게	1
아이들의	1
아이들이	1
아이디로	1
아이로	1
아이로그u	1
아이로봇	1
아이리버	1
아이만	1
아이스크림도	1
아이스크림으로	1
아이스하키단일팀	1
아이스하키팀에게	1
아이슬란드는	1
아이앤씨	1
아이언맨이	1
아이에게	1
아이에스동서	1
아이엔지생명	1
아이오앤코에	1
아이오케이	1
아이와	1
아이유	1
아이즈3	1
아이지에이웍스	1
아이카이스트	1
아이카이스트랩	1
아이콘x	1
아이크래프트	1
아이파크	1
아이패드를	1
아이패드에	1
아이패스배	1
아이팩토리	1
아이펀팩토리에	1
아이폰3gs	1
아이폰4	1
아이폰7플러스	1
아이폰xr	1
아이폰xs에	1
아이폰xs와	1
아이폰도	1
아이폰서도	1
아이폰에서도	1
아이폰용	1
아이폰은	1
아이폰의	1
아인슈타인까지	1
아인슈타인의	1
아일랜드도	1
아일랜드에	1
아일랜드와	1
아일랜드의	1
아잉교	1
아주ib투자	1
아직1보	1
아직2보	1
아직인데	1
아찔종합	1
아치로	1
아침도	1
아침마당	1
아침부터	1
아침엔	1
아침을	1
아침이슬	1
아쿠쉬네트	1
아크로	1
아크로리버파크	1
아크부대	1
아크테릭스	1
아킬레스건은	1
아태서	1
아태지역에	1
아테나	1
아테네에	1
아트라스bx	1
아트랩에	1
아트마켓	1
아트바젤	1
아트쇼	1
아트앤옥션	1
아트윈도	1
아트인아메리카	1
아트토이의	1
아트페스타	1
아트페어	1
아트폴리스	1
아틀란	1
아틀란타에	1
아티스트피	1
아파	1
아파트건설현장	1
아파트공사	1
아파트관리비	1
아파트단지	1
아파트단지에	1
아파트도	1
아파트만	1
아파트에서	1
아포덴	1
아폴로13호	1
아프간으로	1
아프간전쟁	1
아프간탈레반	1
아프거나	1
아프게	1
아프길	1
아프다	1
아프다종합	1
아프로서비스그룹	1
아프리카tv는	1
아프리카tv와	1
아프리카개발은행	1
아프리카계	1
아프리카네이션스컵	1
아프리카로	1
아프리카와	1
아프리카중동한인총연합회장에	1
아프리카축구연맹	1
아픔을	1
아픔의	1
아픔이	1
아현	1
아현화재	1
아휴	1
악	1
악단	1
악덕기업	1
악마	1
악마화하지	1
악몽에	1
악물고	1
악성소프트웨어	1
악성질환	1
악성코드도	1
악수가	1
악수나누는	1
악수는	1
악수만	1
악수속보	1
악수하고	1
악수하나	1
악수하며	1
악역	1
악역배우	1
악영향에	1
악용하면	1
악용한	1
악용할	1
악의	1
악재공시에	1
악재수습	1
악재와	1
악천후로	1
악플	1
악하는	1
악화되자	1
악화로	1
악화론에	1
악화에	1
안가	1
안가는	1
안가리고	1
안간다	1
안간힘종합2보	1
안개로	1
안개주의	1
안갯속종합	1
안건조정위원회	1
안건형	1
안걸어	1
안겨줄까	1
안겼던	1
안규백	1
안기나종합	1
안기며	1
안까지	1
안나	1
안나서기로	1
안날듯	1
안내도	1
안내려	1
안내로봇	1
안내면	1
안내시스템	1
안내책자	1
안내판	1
안내한다	1
안내해	1
안늘릴	1
안데스를	1
안도라	1
안도한	1
안도현	1
안돌려준	1
안돼종합2보	1
안됐는데	1
안되고	1
안되길	1
안되는	1
안되려면	1
안된다고	1
안된다는	1
안된다니	1
안될	1
안될것	1
안드로이드9	1
안드로이드용	1
안드로이드폰이면	1
안마의자	1
안만	1
안만난다	1
안만들고	1
안맞는	1
안맞는다	1
안맞아종합	1
안맡는다	1
안먹혔나	1
안멈춘다종합2보	1
안면이식	1
안면인식	1
안묻는	1
안바꾼다	1
안바뀐	1
안받고	1
안받아	1
안받아요	1
안받아주니	1
안받을	1
안받을줄	1
안방보험	1
안방불패	1
안방서도	1
안방에선	1
안방의	1
안보강사로	1
안보고	1
안보까지	1
안보대책회의	1
안보동맹	1
안보드라이브	1
안보리가	1
안보리상임이사국	1
안보리서	1
안보리와	1
안보리투표서	1
안보면	1
안보법	1
안보변수로	1
안보브리핑	1
안보상황점검회의	1
안보소명론으로	1
안보수장	1
안보시설	1
안보에도	1
안보와	1
안보인다	1
안보적	1
안보전략	1
안보전략지침	1
안보정국	1
안보정당	1
안보조약	1
안보조치	1
안보지원사	1
안보체험	1
안보총력	1
안보태세	1
안보태세로	1
안보포기한	1
안보하는지	1
안보환경	1
안보회의에	1
안본다	1
안부	1
안산전에	1
안성	1
안성h	1
안숙선	1
안숙선의	1
안시성	1
안시성까지	1
안심거래	1
안심벨소리	1
안심보험	1
안심시키기	1
안심예약제로	1
안심위치	1
안심으로	1
안심은	1
안심종합	1
안심케어3	1
안심플랜	1
안쏠로지	1
안쓰고	1
안쓰러웠죠	1
안쓴다종합	1
안아준다	1
안양kgc	1
안양국제청소년영화제	1
안양시	1
안에서	1
안우진에게	1
안우진에게서	1
안으로	1
안으로는	1
안은	1
안의	1
안익훈	1
안인지	1
안재홍	1
안전강화	1
안전과는	1
안전관리계획	1
안전관리평가	1
안전교육	1
안전규정	1
안전대책	1
안전도	1
안전망대출로	1
안전문제	1
안전보건공단	1
안전본부	1
안전분야	1
안전불감증은	1
안전불감증이	1
안전사고시	1
안전사고에	1
안전사업	1
안전사회	1
안전소홀	1
안전솔루션	1
안전시설	1
안전시설물	1
안전시험	1
안전에서	1
안전여행	1
안전역량	1
안전위협	1
안전을	1
안전의	1
안전의식	1
안전인증	1
안전자산에	1
안전자산으로	1
안전정보	1
안전조치	1
안전종합2보	1
안전중심	1
안전지대에	1
안전짱	1
안전처	1
안전통신망	1
안전평가	1
안전하다고	1
안전한국훈련	1
안전할까	1
안전확보종합3보	1
안전활용	1
안정과	1
안정군	1
안정되길	1
안정되는	1
안정된	1
안정상태	1
안정상태종합	1
안정성장	1
안정세	1
안정세데일리nk	1
안정이	1
안정조치	1
안정화될까	1
안정화에	1
안정화장치	1
안졌던	1
안주	1
안주면	1
안주하지	1
안주했다	1
안줄여	1
안중근가	1
안지켜	1
안지키면	1
안철수계	1
안철수에	1
안철수유승민	1
안치홍의	1
안타까워속보	1
안타깝고	1
안타는	1
안타도종합	1
안타로	1
안타종합	1
안타타점	1
안테나에	1
안테토쿤보	1
안트로젠	1
안트로젠에	1
안티	1
안티드론	1
안티바이러스	1
안팎으로	1
안판다	1
안하기로	1
안하나	1
안하나종합	1
안하나종합2보	1
안하는	1
안하려	1
안해2보	1
안해요	1
안해종합2보	1
안했다종합	1
안했다종합2보	1
안호상	1
안호이저부시와	1
안희정의	1
앉아라	1
앉아야종합2보	1
앉히는	1
않	1
않고서는	1
않고서야	1
않기를	1
않기만	1
않나	1
않는건	1
않는다고	1
않는다는	1
않는다종합	1
않다속보	1
않다종합	1
않던	1
않되	1
않아요	1
않아종합2보	1
않았던	1
않았으면	1
않았을	1
않으려고	1
않을것	1
않을것2보	1
않을까	1
않을까요	1
않을듯	1
알고도	1
알고리즘에	1
알고리즘으로	1
알고보니	1
알고서도	1
알과핵이	1
알기쉬운	1
알기쉽게	1
알기에	1
알다가도	1
알뜰사용	1
알뜰소비	1
알뜰통신사업자	1
알뜰폰만	1
알뜰폰으로	1
알뜰폰협회	1
알뜰형	1
알라베스로	1
알람	1
알레나에	1
알레포는	1
알렉사에	1
알렉산더	1
알려달라	1
알려야종합	1
알려와	1
알려와종합	1
알려준다종합	1
알렸다	1
알리고	1
알리고파	1
알리라	1
알리려	1
알리바바와	1
알리안츠생명	1
알리와	1
알리의	1
알림은	1
알림음	1
알림톡으로	1
알맞게	1
알몸으로	1
알바그다디는	1
알바니아서	1
알사드	1
알아둬야	1
알아보길	1
알아보는	1
알아보라	1
알아본	1
알아봅시다	1
알아봐야종합	1
알아야할	1
알아요	1
알아종합	1
알아차려종	1
알아차려종합	1
알았네	1
알았다	1
알약	1
알약처럼	1
알이피로	1
알제리경찰	1
알죠	1
알지	1
알찬	1
알찼다	1
알코올질환	1
알텐데	1
알토란	1
알투디투	1
알파고는	1
알파고도	1
알파고를	1
알파고에	1
알파고와	1
알파고종합	1
알파홀딩스	1
알펜시아	1
알프스에서	1
알함브라	1
알홀	1
앓는	1
앓던	1
암각화를	1
암보스	1
암보험	1
암사망자	1
암살사건	1
암살시도	1
암살해야	1
암살훈련했다	1
암세포만	1
암세포에	1
암센터	1
암유발	1
암으로	1
암줄기세포	1
암진단	1
암초에	1
암치료의	1
암컷대게	1
암표도	1
암표팔다	1
암행순찰차로	1
암호기술	1
암호자산	1
암호잠금	1
암호화에	1
암호화폐거래소	1
암환자에	1
암흑	1
압니다	1
압데슬람과	1
압도종합	1
압도종합2보	1
압도한	1
압력강도까지	1
압력넣었나	1
압력넣었나종합	1
압력설	1
압력센서	1
압류결정에	1
압류금지	1
압류영장	1
압류영장종합	1
압류요청	1
압박공세	1
압박공조와	1
압박기조	1
압박도	1
압박술로	1
압박외교로	1
압박이	1
압박쿠르드족	1
압사사고	1
압색	1
압수수색받는	1
압수수색속보	1
압수수색시	1
압수수색에	1
압수수색에도	1
압수수색종합2보	1
압수수색종합3보	1
압수수색한	1
압수영장	1
압수영장종합	1
압승2보	1
압승종합	1
압승하자종합	1
압축공기로	1
압축기술	1
압축에	1
앗	1
앗아간	1
앙골라인	1
앙골라행	1
앙심	1
앙코르	1
앙코르공연	1
앞날은	1
앞날을	1
앞날의	1
앞당겨질	1
앞당겨질까	1
앞당기도록	1
앞당기자	1
앞당길	1
앞서간	1
앞서나간	1
앞서는	1
앞서종합	1
앞섰다	1
앞에는	1
앞장서겠다	1
앞장서나	1
앞장서달라	1
앞장서야	1
앞장선	1
앞장설	1
앞장섰지만	1
앞질렀다종합	1
애견	1
애견에	1
애견체험박물관	1
애경유화	1
애국	1
애국교육	1
애국심	1
애국하는	1
애꿎은	1
애끓는	1
애니메이션의	1
애니부터	1
애니위즈	1
애도물결	1
애들	1
애로	1
애로기술	1
애로사항	1
애로신고센터	1
애로우	1
애로해소	1
애리조나가	1
애리조나교육리그에	1
애리조나로	1
애리조나서	1
애리조나와	1
애리조나전에서	1
애먹은	1
애버딘	1
애벌레	1
애술린갤러리	1
애완견	1
애완견에	1
애인	1
애인과	1
애인에	1
애절한	1
애정행각	1
애타는	1
애통종합	1
애틀랜타로	1
애틋한	1
애플닷카	1
애플도	1
애플리케이션	1
애플워치2	1
애플워치4	1
애플워치5	1
애플퀄컴	1
애플페이	1
액상	1
액상형	1
액세서리로	1
액션	1
액션360	1
액션스퀘어에	1
액션의	1
액시스인베스트먼트	1
액자	1
액정공장	1
액정보험	1
액정화면	1
액체연료	1
액트로	1
액트아웃	1
액티브펀드	1
액티비티란	1
액티비티로	1
앤디	1
앤디워홀	1
앤디워홀의	1
앤서니는	1
앤서니와	1
앨리스	1
앨리스와	1
앨버타주	1
앰네스티	1
앰배서더	1
앰팩	1
앱도	1
앱마켓	1
앱마켓도	1
앱수익	1
앱스토어에	1
앱스토어에서	1
앱애니	1
앱을	1
앱종합	1
앱코	1
앱티브와	1
앱플레이어	1
앳킨슨은	1
앵커들	1
앵커로	1
앵커만	1
앵커에	1
야3당과	1
야3당에	1
야간경제	1
야간낚시에	1
야간산불대응	1
야간스키	1
야간알바	1
야간에	1
야간운항	1
야간축제	1
야경도	1
야구가	1
야구감독이	1
야구거리	1
야구게임	1
야구계	1
야구관람	1
야구교실	1
야구는	1
야구단과	1
야구단에	1
야구로	1
야구마케팅	1
야구부	1
야구인	1
야구일까	1
야구종목에	1
야구천재	1
야구카드	1
야구캠프	1
야구팬	1
야구하는	1
야구학교	1
야권군부	1
야권분열	1
야권연대vs구태	1
야권연대는	1
야권은	1
야권을	1
야권의	1
야권인사	1
야권주도	1
야기	1
야기했던	1
야당교체	1
야당대표	1
야당도	1
야당독식	1
야당은	1
야당의	1
야당인사	1
야마구치도	1
야망	1
야망의	1
야비한	1
야생	1
야생영장류	1
야수도	1
야수들	1
야수를	1
야수에	1
야스쿠니에	1
야스쿠니합사	1
야시장의	1
야식회	1
야외로	1
야외운동시간	1
야외음악축제	1
야외정원	1
야윈	1
야지디족	1
야쿠르트	1
야한	1
야합종합	1
야행성	1
야행에	1
야호	1
야후스포츠	1
야후재팬	1
약간의	1
약관설명	1
약관순화	1
약국으로	1
약물로	1
약물전달	1
약물전달체	1
약보합2보	1
약사	1
약세장	1
약속도종합	1
약속된	1
약속보다	1
약속보다는	1
약속은	1
약속이행	1
약속지켜	1
약속지킨	1
약속하며	1
약속한다	1
약속해야	1
약식판결	1
약이	1
약인가	1
약일까	1
약자의	1
약점도	1
약정기간	1
약정없이도	1
약정요금할인	1
약정요금할인율	1
약정자부터종합	1
약정자부터종합2보	1
약정제도	1
약정할인제	1
약진종합	1
약진한	1
약탈적	1
약팀	1
약팀의	1
약하다	1
약함	1
약함으로	1
약해	1
약해도	1
약해지나	1
약해지는	1
약해진다	1
약했다	1
약혼	1
약화됐지만	1
약화로	1
약화없어	1
약화하지	1
얀덱스와	1
얇게	1
얇아진다	1
얇아질듯	1
얍	1
얍컴퍼니	1
양강구도	1
양강구도로	1
양강체제	1
양구	1
양구에서	1
양국간	1
양국갈등으로	1
양국만의	1
양국에	1
양국은	1
양국정상	1
양극재사업	1
양날개	1
양당체제에서	1
양대선사	1
양대수장	1
양대은행	1
양도소득	1
양도종합	1
양도한	1
양동근의	1
양떼로	1
양면	1
양면에서	1
양면적	1
양면전략	1
양면전술	1
양보안종합	1
양보없는	1
양보하고	1
양보하는	1
양보할건	1
양보해야	1
양복으로	1
양복입고	1
양분될	1
양분종합	1
양산구상	1
양산생활	1
양산시청에	1
양산을	1
양산형	1
양서	1
양성반응종합	1
양성지원	1
양수도	1
양식어류	1
양심가게	1
양심고백	1
양심도	1
양양은	1
양육가설	1
양의지는	1
양자대결	1
양자생물학의	1
양자암호	1
양자암호키	1
양자의	1
양자점	1
양자정보과학	1
양자칩	1
양자통신	1
양자통신보안	1
양자통신칩	1
양자협상	1
양자협의	1
양자회담하는	1
양재	1
양적	1
양적완화정책	1
양정철은	1
양주	1
양주시장	1
양지에	1
양지축구단	1
양처럼	1
양측기사	1
양측에	1
양키스감독	1
양키스는	1
양키스보스턴	1
양키스의	1
양키스전은	1
양파껍질	1
양팡	1
양평fc	1
양현종과	1
양현종의	1
양형	1
양형기준	1
양형위원장	1
양혜규	1
양호한	1
양홍석	1
양홍석에게	1
양효진과	1
양희종의	1
얕고	1
얕은	1
얘기가	1
얘기종합	1
얘기하겠다	1
얘기하려	1
얘기해	1
어겼다고	1
어긋나	1
어기면	1
어긴다면	1
어깨가	1
어깨에	1
어나더	1
어느새	1
어는덧	1
어닝	1
어닝서프라이즈종합	1
어닝쇼크로	1
어댑터	1
어두워	1
어둠	1
어둠속	1
어둠에	1
어둠을	1
어둠이	1
어둡다더니	1
어둡지	1
어둡지만	1
어드민피	1
어디다	1
어디든	1
어디라고	1
어디서나	1
어디에도	1
어디에서	1
어디쯤종합	1
어딨냐	1
어때	1
어땠길래	1
어땠나요	1
어떡하나종합	1
어떻겠나	1
어라운드	1
어려우니	1
어려운데	1
어려워져	1
어려워졌다종합	1
어려워종합	1
어려워지는	1
어려워진	1
어려워진다	1
어려웠어요	1
어렵고	1
어렵다고	1
어렵다고요	1
어렵다속보	1
어렵사리	1
어렵습니다만	1
어렵죠	1
어로	1
어르신부터	1
어르신에게	1
어르신용	1
어른과	1
어른들을	1
어른어른종합	1
어른용	1
어리니까	1
어리둥절	1
어리석음의	1
어린이과학관	1
어린이까지	1
어린이날과	1
어린이날에	1
어린이는	1
어린이도	1
어린이도서관	1
어린이돕기	1
어린이들부터	1
어린이메뉴	1
어린이박물관	1
어린이병원	1
어린이의	1
어린이재단과	1
어린이재단에	1
어린이재단원주시	1
어린이책	1
어린이처럼	1
어린이청소년도서관	1
어림없다	1
어림없어	1
어머니를	1
어머니보다	1
어머니에게	1
어머니와	1
어머니의	1
어버이날은	1
어법	1
어보	1
어부	1
어불성설	1
어불성설종합	1
어뷰징	1
어비스	1
어빙은	1
어산지에	1
어색하지	1
어서	1
어선끼리	1
어선들	1
어선서	1
어선에	1
어선조업	1
어설픈	1
어수선한	1
어시스턴트확산	1
어시스트한	1
어업피해	1
어울림누리서	1
어워드에	1
어워즈서	1
어워즈에	1
어이	1
어정쩡한	1
어제는	1
어제만큼	1
어제와	1
어젯밤	1
어중간한	1
어진	1
어찌	1
어찌해야	1
어차피	1
어촌마을	1
어촌으로	1
어치	1
어카운트	1
어플	1
어획	1
어휘	1
억류종합2보	1
억류하며	1
억류해야	1
억류해야종합	1
억만장자가	1
억새	1
억새축제	1
억압할	1
억압해	1
억울하다	1
억울한	1
억제력	1
억제성	1
억제종합	1
억제책	1
억제하는	1
억지사과	1
억지주장	1
억지통합	1
억지하고	1
언급말라	1
언급안해종합	1
언급없어	1
언급하는	1
언급할까	1
언급할듯	1
언급해	1
언니는	1
언니들의	1
언니들이	1
언니를	1
언니한테	1
언덕	1
언론간부	1
언론계에	1
언론공격	1
언론공공성	1
언론교류	1
언론기관	1
언론노동자	1
언론단체들	1
언론단체와	1
언론대학원	1
언론매수	1
언론매체에	1
언론문화상에	1
언론문화연구소	1
언론발표	1
언론법	1
언론보도의	1
언론사도	1
언론사업비	1
언론사에	1
언론상	1
언론상에	1
언론세미나	1
언론소송	1
언론에만	1
언론연대	1
언론운동	1
언론은	1
언론인권교육협의회	1
언론인살해	1
언론인상	1
언론인에	1
언론재단서울건강가정지원센터	1
언론적폐청산	1
언론접촉도	1
언론종합	1
언론중재위원회	1
언론진흥기금	1
언론탄압	1
언론통계	1
언론통제	1
언론폐간	1
언리미티드	1
언어가	1
언어권	1
언어도	1
언어로	1
언어사용	1
언어연구교육원	1
언어와	1
언어음성db	1
언쟁하던	1
언제될까	1
언제라도	1
언제부터	1
언제일까	1
언팩서	1
얹어야	1
얹은	1
얻겠다	1
얻다	1
얻어내자	1
얻어마시면	1
얻어맞아	1
얻어터져도	1
얻었나	1
얻을	1
얻을까	1
얻지	1
얼고	1
얼굴들	1
얼굴만	1
얼굴에	1
얼굴은	1
얼굴이	1
얼굴인식기술로	1
얼굴인식까지	1
얼굴종합2보	1
얼굴창조전	1
얼굴피부	1
얼라이언스	1
얼려버린	1
얼룩종합	1
얼리는	1
얼리어댑터	1
얼마	1
얼마든지	1
얼마를	1
얼만큼	1
얼어버린	1
얼음과	1
얼음구멍에	1
얼음구멍에서	1
얼음방지	1
얼음분수축제	1
얼음상태	1
얼음축제는	1
얼지	1
얽매이지말라	1
얽혀	1
엄격해진	1
엄격히	1
엄단종합	1
엄동설한	1
엄마아빠가	1
엄마에게서	1
엄수	1
엄숙함	1
엄습	1
엄습에	1
엄정대처	1
엄정수사	1
엄정하게	1
엄중대응	1
엄중대응종합	1
엄중도발	1
엄중성	1
엄중조치종합	1
엄중책임	1
엄중통제	1
엄중함	1
엄중해도	1
엄지족	1
엄청날것	1
업계에	1
업그레이드가	1
업그레이드센터	1
업그레이드종합	1
업그레이드하세요	1
업데이트가	1
업데이트로	1
업데이트하겠다	1
업데이트하면	1
업데이트한	1
업링크	1
업무능률	1
업무로	1
업무보고에	1
업무분장	1
업무에	1
업무용포털	1
업무정지	1
업무중단에	1
업무지식	1
업무평가	1
업무하고	1
업무혁신	1
업무혁신으로	1
업셀링	1
업역규제	1
업이란	1
업자에	1
업적	1
업종전망	1
업체는	1
업체당	1
업체대표	1
업체들에	1
업체만	1
없길	1
없는게	1
없는듯	1
없다던	1
없다며	1
없다면	1
없던일로	1
없던창업	1
없애기로	1
없애달라	1
없애도	1
없애라	1
없애려면	1
없애자	1
없앤다더니	1
없앨	1
없앴다	1
없어1보	1
없어vs당사에	1
없어속보	1
없어야종합	1
없어져야	1
없어졌다	1
없어종합3보	1
없어지나	1
없어진다	1
없어질까	1
없었다고	1
없었다는	1
없었다종합	1
없었던	1
없었던건	1
없었어요	1
없었으면	1
없었지만	1
없으니	1
없을것	1
없을것속보	1
없을까	1
없을듯	1
없자	1
없지	1
엇갈려종합	1
엉거주춤	1
엉금엉금	1
엉덩이	1
엉뚱한	1
엉터리	1
에게	1
에그에	1
에나멜	1
에나멜에서	1
에너스킨과	1
에너전트	1
에너지값	1
에너지대전서	1
에너지로	1
에너지바우처	1
에너지밸리	1
에너지신산업	1
에너지자립섬	1
에너지절감장치	1
에너지포럼	1
에너지회사에	1
에너지효율보다	1
에듀테크기업에	1
에듀팩	1
에드	1
에디션도	1
에디터팀장제	1
에러나도	1
에러나도와	1
에로비디오의	1
에르난데스에게	1
에르도안에	1
에르빈	1
에리안	1
에릭	1
에릭슨도	1
에만	1
에버랜드로	1
에버랜드에	1
에버랜드에서	1
에버코어	1
에버턴과	1
에버턴으로	1
에버턴은	1
에볼라에	1
에서도	1
에세이류	1
에스닉무드	1
에스모	1
에스앤씨엔진그룹	1
에스에이엠티	1
에스에프씨	1
에스에프에이	1
에스와이패널	1
에스케이3호스팩	1
에스티큐브	1
에스폴리텍	1
에스피지	1
에어버스에	1
에어비앤비에	1
에어아시아	1
에어액션	1
에어액션으로	1
에어와	1
에어카트	1
에어컨이	1
에어파워	1
에이나인미디어	1
에이드	1
에이브	1
에이블	1
에이서원	1
에이스는	1
에이스의	1
에이스일	1
에이스테크	1
에이전트와	1
에이즈	1
에이즈바이러스	1
에이치엘비생명과학	1
에이턴	1
에이투젠	1
에인절스전	1
에코가	1
에코넥션	1
에코시티	1
에코인테리어협회와	1
에코플라스틱	1
에쿠우스	1
에탄올은	1
에트루리아전	1
에프앤가이드	1
에프엔씨엔터	1
엑손모빌에	1
엑스박스원	1
엑스클라우드	1
엑스페리아xz1	1
엑스페리아xz2	1
엑스포에	1
엑자시바시와	1
엔알케이	1
엔에스브이	1
엔에스엔에	1
엔젤투자	1
엔지니어용	1
엔진결함	1
엔진고장	1
엔진될까	1
엔진시험발사체에서	1
엔진제조사	1
엔터	1
엔터메이트에	1
엔투게임	1
엔트리는	1
엘니뇨	1
엘드림	1
엘롯기	1
엘리엇과	1
엘리트는	1
엘리트층	1
엘비세미콘	1
엘비세미콘에	1
엘사	1
엘살바도르서	1
엘시시도	1
엘앤에프	1
엘앤케이바이오	1
엘앤케이바이오메드	1
엘클라시코가	1
엘토요콘서트	1
엘튼	1
엠빌리	1
엠스토리지	1
엠에스씨	1
엠코르셋	1
엠텍과	1
엣지	1
엣지는	1
여객기서	1
여객선운항	1
여객열차	1
여건되면	1
여교사는	1
여교사의	1
여군	1
여군들	1
여권결집으로	1
여권내	1
여권만료	1
여권반납	1
여권정보	1
여권측	1
여기면	1
여기야	1
여기어때에	1
여기자	1
여기자들에	1
여기자상	1
여나종합	1
여단	1
여당서도	1
여당의원	1
여당의원들	1
여당이	1
여당처럼	1
여당후보	1
여덟	1
여덟번째	1
여동생	1
여동생은	1
여든의	1
여러나라서	1
여러명	1
여러분껜	1
여러분이	1
여론몰이	1
여론몰이종합	1
여론악화	1
여론영향	1
여론이	1
여론전종합	1
여론조사기관들의	1
여론조사까지	1
여론조사서도	1
여론조사업체들	1
여론조사에서도	1
여론조작사건	1
여론조작에	1
여론집중도조사위	1
여름과	1
여름나기	1
여름대전	1
여름리그	1
여름바다에	1
여름바다축제에	1
여름에	1
여름을	1
여름이다	1
여름전력수요	1
여름종합	1
여름축제로	1
여름편	1
여름휴가는	1
여름휴가지서	1
여보게	1
여부가	1
여부도	1
여부로	1
여부를	1
여부에	1
여성개발	1
여성과기인	1
여성과기인센터	1
여성과기인지원	1
여성과총과학기자협회	1
여성금융인	1
여성기업	1
여성긴급전화	1
여성단체	1
여성대회	1
여성도	1
여성들에	1
여성들에게	1
여성들은	1
여성방사포부대로	1
여성범죄	1
여성살해	1
여성수학자들	1
여성시장	1
여성안전	1
여성앵커들	1
여성역량	1
여성연출작	1
여성용품	1
여성운동가	1
여성을	1
여성인권	1
여성인력	1
여성임원	1
여성주의	1
여성지도자	1
여성참가	1
여성청년후보	1
여성총리	1
여성축구대회	1
여성취업연계	1
여성파워	1
여성표	1
여수갑	1
여수도	1
여수박람회장	1
여수사위	1
여수에	1
여수에서	1
여수의	1
여신금융교육연수원	1
여신금융협회장	1
여신도	1
여신은	1
여신전문금융회사도	1
여신협회	1
여야3당원내수석	1
여야5당	1
여야당	1
여야대표와	1
여야도	1
여야방미단	1
여야서	1
여야의견	1
여야의원	1
여야지지	1
여왕도	1
여왕에	1
여우의	1
여운은	1
여유가	1
여유를	1
여유만만	1
여유있는	1
여유자금	1
여의도공원	1
여의도까지	1
여인에게	1
여자농구단	1
여자농구대표팀	1
여자들	1
여자라는	1
여자란	1
여자레슬링	1
여자를	1
여자배구대표	1
여자배구팀	1
여자복식	1
여자아이스하키	1
여자야구월드컵	1
여자축구에	1
여자축구연맹	1
여자팀	1
여자프로농구단	1
여자프로농구에	1
여자핸드볼	1
여자화장실	1
여전채	1
여전한데	1
여주도자기축제	1
여주시장	1
여중	1
여중생과	1
여중생의	1
여지없어	1
여지없이	1
여지있어	1
여직원들에	1
여직원들에게	1
여직원은	1
여파리얼미터	1
여파에도	1
여풍당당	1
여풍이	1
여학자	1
여행갔다가	1
여행객에	1
여행경보	1
여행경비	1
여행과	1
여행금지에	1
여행기로	1
여행도	1
여행박사	1
여행비	1
여행사진	1
여행산문집	1
여행서	1
여행서도	1
여행수요	1
여행수입	1
여행에세이	1
여행영상	1
여행을	1
여행자들을	1
여행자보험시장	1
여행자의	1
여행자제	1
여행작가	1
여행정보	1
여행제한에도	1
여행주	1
여행주간에	1
여행지급	1
여행지들	1
여행축제	1
여행하려는	1
여행하면	1
여행할	1
여행해요	1
역내	1
역내서	1
역대최고	1
역대최대	1
역대최장	1
역동적이고	1
역동적인	1
역량집중	1
역량평가에	1
역사관	1
역사관서	1
역사교육	1
역사다	1
역사만화	1
역사문헌	1
역사서	1
역사서로	1
역사성	1
역사소설	1
역사속으로종합	1
역사수업했다	1
역사없어	1
역사에도	1
역사인식	1
역사저널	1
역사적과제	1
역사책	1
역사탐방	1
역사탐방로	1
역사학자들의	1
역사해양관광	1
역사현장에	1
역삼동	1
역삼동에	1
역성장할	1
역세권개발	1
역송금	1
역습	1
역에	1
역전갤럽	1
역전발판	1
역전할까	1
역제안	1
역주행으로	1
역투에도	1
역투정찬헌	1
역풍에	1
역학구도	1
역할기대	1
역할도	1
역할로	1
역할분담	1
역할속보	1
역할에	1
역할은	1
역할이라면	1
역할중요	1
역할할까	1
역할했는지	1
역행	1
연30만원	1
연가	1
연간목표	1
연간수입	1
연결구간	1
연결도로	1
연결돼야	1
연결된	1
연결들	1
연결에서	1
연결영업이익	1
연결영업익	1
연결하는	1
연결해	1
연결해야	1
연경이와	1
연경지구	1
연계관광	1
연계는	1
연계사업	1
연계서비스	1
연계종합	1
연계하려는	1
연계형	1
연고점종합	1
연고지는	1
연고지역	1
연관된	1
연관산업	1
연관성도	1
연관여부	1
연광철	1
연광철의	1
연구3	1
연구가	1
연구개발서비스	1
연구개발업체	1
연구개발용	1
연구개발특구로	1
연구검토종합2보	1
연구결과	1
연구과제	1
연구과제중심제	1
연구교류	1
연구기관도	1
연구기관으로	1
연구는	1
연구도	1
연구문제	1
연구법인	1
연구보다	1
연구부정	1
연구비관리	1
연구비로	1
연구사례	1
연구사업	1
연구서	1
연구성과로	1
연구소기업으로	1
연구소와	1
연구실안전	1
연구실안전주간	1
연구예산	1
연구용으로	1
연구원도	1
연구원들과	1
연구원에	1
연구자들	1
연구자보험	1
연구자에	1
연구제한	1
연구조직	1
연구진행	1
연구책임자	1
연구투자	1
연구한	1
연구할	1
연구할까	1
연구해야종합	1
연구현장	1
연구협력센터	1
연구회	1
연극의	1
연극이	1
연극인	1
연극인들	1
연금삭감	1
연금상품	1
연금수요로	1
연금자산	1
연금자산관리센터	1
연금전용	1
연금펀드에	1
연기됐던	1
연기될	1
연기로	1
연기론	1
연기안	1
연기에	1
연기요청	1
연기처럼	1
연기하라	1
연기하면	1
연기흡입	1
연꽃이	1
연날리기	1
연날리기대회	1
연내개정	1
연내비준에	1
연내시한	1
연다종합	1
연달아	1
연대갈등	1
연대감	1
연대감종합	1
연대강화	1
연대는	1
연대론에	1
연대불가	1
연대에	1
연대종합	1
연대키로	1
연대한	1
연대한다면	1
연대할	1
연대합의	1
연대해	1
연도	1
연동규격	1
연동기술	1
연동예금	1
연동테스트	1
연동하는	1
연동형비례제	1
연등문화제	1
연등문화축제	1
연락사무소장	1
연락수단은	1
연락주세요	1
연락처도	1
연락처로	1
연락통로	1
연령대에서	1
연례콘퍼런스	1
연례화	1
연료값	1
연료주입	1
연료탱크	1
연루경관	1
연루됐단	1
연루설	1
연루설에	1
연루에	1
연루의혹종합2보	1
연립정권	1
연말쇼핑	1
연말에도	1
연말엔	1
연말연시를	1
연말연초	1
연맹	1
연맹협회	1
연맹회장기	1
연명으로	1
연명장치	1
연발하며	1
연발한	1
연방검사들	1
연방공대에서	1
연방법원	1
연방상원의장	1
연방하원서	1
연방항소법원	1
연변	1
연변자치주로	1
연봉만	1
연봉산출도	1
연봉액	1
연봉왕은	1
연봉킹은	1
연분홍	1
연상케	1
연설계획에	1
연설대결	1
연설때	1
연설물과	1
연설비서관	1
연설시간은	1
연설에서	1
연세	1
연세대고려대	1
연세대서	1
연세대와	1
연소득	1
연소득보다	1
연소득에	1
연소시간은	1
연속경기	1
연속골로	1
연속무패	1
연속안타	1
연속적	1
연속포	1
연쇄만찬	1
연쇄부도	1
연쇄정상회담	1
연쇄충돌	1
연쇄회동	1
연쇄회동으로	1
연수과정	1
연수생들	1
연수생이	1
연수프로그램	1
연수회	1
연습경기가	1
연습경기에서	1
연습에	1
연습이	1
연습하는	1
연습하자며	1
연습해야죠	1
연승저지	1
연승종합	1
연승행진에	1
연안	1
연애담	1
연애소설	1
연예계	1
연예계도	1
연예기사	1
연예인보다	1
연예인의	1
연예판에도	1
연은총재	1
연을	1
연이어	1
연인살해	1
연일보도	1
연임반대	1
연임시	1
연임여부	1
연임은	1
연임할수	1
연잎	1
연작소설집	1
연장거부	1
연장검토	1
연장되는	1
연장될	1
연장않아도	1
연장전서	1
연장한	1
연장한다	1
연장할	1
연장해서라도	1
연전승으로	1
연정권한	1
연정붕괴로	1
연정안	1
연정위기	1
연정유지	1
연좌	1
연주곡	1
연주자들	1
연주자와	1
연주하다	1
연주할	1
연준이	1
연중조업	1
연차	1
연차대회	1
연차총회	1
연체가산금리	1
연체해도	1
연체했더니	1
연초엔	1
연출가상에	1
연출까지	1
연출의	1
연타	1
연타석홈런	1
연트럴파크서	1
연판장	1
연패는	1
연패에	1
연평균	1
연평도서	1
연평도포격도발	1
연필에	1
연하	1
연합군사훈련	1
연합뉴스tv경기일보	1
연합뉴스를	1
연합뉴스와	1
연합뉴스의	1
연합뉴스타스통신	1
연합엔	1
연합하기로	1
연합해상훈련	1
연합회	1
연합회의	1
연합훈련종합	1
연해주만도	1
연행	1
연호에	1
연호하는	1
연회는	1
연휴기간	1
연휴까지	1
연휴로	1
연희	1
연희단거리패	1
연희로	1
연희예술단체에	1
열겠다	1
열공	1
열공모드	1
열공종합	1
열광하는	1
열광할	1
열기구사고	1
열기도	1
열네살	1
열다	1
열달만에	1
열대	1
열대성폭풍	1
열대야는	1
열대야도	1
열도	1
열돔	1
열듯종합	1
열람	1
열람은	1
열려다	1
열려던	1
열려야	1
열려있다	1
열려있다종합	1
열리기	1
열리나종합	1
열리니	1
열리자	1
열리지	1
열린관광지	1
열린다종합	1
열린우리당	1
열린책들	1
열릴까	1
열릴듯	1
열릴라	1
열릴지	1
열망	1
열망종합	1
열망종합2보	1
열망종합3보	1
열매에	1
열며	1
열명	1
열받은	1
열병식에	1
열병식으로	1
열사상	1
열악한	1
열어나가야1보	1
열어놓고	1
열어두고	1
열어둔	1
열어둘	1
열어둬	1
열어둬3보	1
열어둬종합	1
열어라	1
열어보니	1
열어봐	1
열어봐야	1
열어봐종합	1
열어종합	1
열어준	1
열어줘	1
열연	1
열연한	1
열을	1
열전소재	1
열전종합	1
열정으로	1
열정이	1
열정적	1
열정페이에	1
열차로	1
열차를	1
열차사고	1
열차사고로	1
열차정류장에	1
열풍은	1
열혈강호	1
열혈팬	1
열흘뒤	1
열흘새	1
염기	1
염기교정	1
염기훈과	1
염두둬야	1
염려	1
염려는	1
염려속보	1
염문설	1
염상섭	1
염색	1
염색했다가	1
염소	1
염소가죽	1
염좌	1
염증	1
염혜선이영	1
엿듣는	1
엿보기	1
엿본다종합	1
영감얻어	1
영결식	1
영공서	1
영공침입	1
영공통과	1
영광서	1
영광에	1
영광으로	1
영광을	1
영광이다	1
영광이다종합	1
영광이었습니다	1
영광이지만	1
영구결번	1
영구박탈	1
영구실격	1
영구정지	1
영국거주	1
영국계	1
영국군	1
영국내	1
영국보다	1
영국아르헨티나	1
영국으로	1
영국은	1
영국의회	1
영국인에	1
영국인의	1
영국항공	1
영국행	1
영남서	1
영남엔	1
영남이공대	1
영농철	1
영덕읍	1
영도	1
영도구	1
영도구청장	1
영도다리	1
영도등대	1
영동대로서	1
영동은	1
영등포	1
영등포뉴타운	1
영등포로	1
영랑생가	1
영랑의	1
영령	1
영롱	1
영리단체	1
영리를	1
영면	1
영문운전면허증	1
영문이름	1
영부인	1
영부인에	1
영사관서	1
영사사무소	1
영상10도	1
영상감상	1
영상감시	1
영상과	1
영상권16일	1
영상녹화	1
영상단	1
영상단지	1
영상데이터	1
영상도	1
영상레이더	1
영상물에	1
영상보며	1
영상보안	1
영상분석	1
영상속	1
영상솔루션	1
영상을	1
영상의료장비	1
영상재난구조	1
영상채팅	1
영상축사	1
영상콘텐츠로	1
영상털면	1
영상통화로	1
영상화사업	1
영서의	1
영세	1
영세상인	1
영세중립	1
영속성	1
영속적	1
영신	1
영아일시보호소에	1
영암	1
영암무안신안	1
영암체육관서	1
영암해남	1
영양도	1
영어공부	1
영어권	1
영어뉴스	1
영어랩으로	1
영어뮤지컬	1
영어버전	1
영어수업	1
영어신문	1
영어제목	1
영어표기	1
영어학습	1
영어학습서	1
영업관행은	1
영업난	1
영업부문	1
영업손실폭	1
영업의	1
영업이익률	1
영업이익종합	1
영업익은	1
영업익종합2보	1
영업점에서	1
영업허용	1
영역보다	1
영역본	1
영역서	1
영역에는	1
영영	1
영웅들의	1
영웅묘역	1
영웅이	1
영원과	1
영원할	1
영원했다	1
영월	1
영월군	1
영월서	1
영의	1
영입설엔	1
영입시도	1
영입인사도	1
영입인사들과	1
영입전	1
영입전서	1
영입전에	1
영입트레이드	1
영입하면	1
영입한	1
영입했던	1
영입효과	1
영입후보	1
영장기각	1
영장류	1
영장심사종합	1
영장없이	1
영장종합	1
영장청구권	1
영재고	1
영재와	1
영접	1
영접받는	1
영접하러	1
영접한	1
영종도서	1
영주	1
영주권자	1
영주권자로	1
영천서	1
영토문제	1
영토반환	1
영토에	1
영토협상	1
영풍그룹에	1
영풍정밀	1
영플레이어	1
영플레이어상	1
영하12도	1
영하9도	1
영해법	1
영해침입	1
영향4일	1
영향권종합	1
영향도종합	1
영향력에	1
영향미칠까	1
영향은종합	1
영향인	1
영향줄까	1
영향줬나종합	1
영혼의	1
영화가	1
영화감독	1
영화개봉	1
영화관광	1
영화관서	1
영화관에	1
영화관으로	1
영화관의	1
영화도	1
영화도보고	1
영화와	1
영화의바다로	1
영화의전당	1
영화의전당서	1
영화인	1
영화적	1
영화제작	1
영화처럼	1
영화표	1
영화화	1
옅어져	1
옆에선	1
옆자리에서	1
예가인서	1
예견한	1
예결위원장실로	1
예결특위	1
예고2보	1
예고보다	1
예고부터	1
예고에도	1
예고인가	1
예금계좌	1
예금금리	1
예금담보	1
예금보험	1
예금보험료	1
예금잔액	1
예기치	1
예년수준	1
예년에	1
예년의	1
예능방송	1
예능으로	1
예대율	1
예도	1
예렙코의	1
예리한	1
예매로	1
예매제	1
예매하면	1
예멘반군과	1
예멘서도	1
예멘에서	1
예멘정부남부	1
예모비	1
예방관리	1
예방받고	1
예방에	1
예방이	1
예방조치	1
예방종합	1
예방하세요	1
예방해	1
예방해야	1
예보관	1
예보에	1
예보에서	1
예보정확도	1
예보한국감정원	1
예비경선	1
예비내각	1
예비당첨자에서	1
예비대학	1
예비선거	1
예비엔트리	1
예비역	1
예비율은	1
예비입찰에	1
예비창업자	1
예비청약자들	1
예비추진단	1
예비타당성	1
예비타당성조사	1
예비타당성조사때	1
예비특보종합	1
예비후보자	1
예쁘네	1
예산국회	1
예산권	1
예산권도	1
예산담당자가	1
예산만	1
예산부족	1
예산삭감으로	1
예산정보	1
예산정책처장	1
예산정책협의회	1
예산지원	1
예산철에	1
예산총책	1
예산팽창에	1
예산편성	1
예산폭탄을종합	1
예산협의회	1
예상경로	1
예상고객층	1
예상되면	1
예상못해	1
예상속보	1
예상유형은	1
예상은	1
예상종합2보	1
예선과	1
예선대회	1
예선에	1
예선치른	1
예수	1
예수님도	1
예술가가	1
예술가들이	1
예술가를	1
예술가의	1
예술경영	1
예술경영콘퍼런스	1
예술공간	1
예술공간으로	1
예술과의	1
예술나무	1
예술단에	1
예술단의	1
예술대상서	1
예술본능의	1
예술부문	1
예술사업	1
예술성	1
예술에는	1
예술엔	1
예술원	1
예술을	1
예술의전당서	1
예술인	1
예술인대표단	1
예술인들	1
예술적	1
예술철학	1
예술치료	1
예술혁명	1
예스	1
예스티	1
예식	1
예심	1
예약고객	1
예약률	1
예약받아	1
예약시간	1
예약없이	1
예약전쟁	1
예약판매량	1
예약판매에	1
예약판매종합	1
예약하고	1
예약하세요	1
예약한	1
예열모드	1
예열완료	1
예외국도	1
예외없네	1
예외없다	1
예외적	1
예외종합2보	1
예우받은	1
예우종합	1
예우한	1
예의	1
예의주시종합	1
예일대	1
예일대출신	1
예적금	1
예전만큼	1
예전보다	1
예정2보	1
예정3보	1
예정가	1
예정대로1보	1
예정돼	1
예정됐던	1
예정된	1
예정속보	1
예찬	1
예측1보	1
예측2보	1
예측대비	1
예측도	1
예측모형	1
예측못한	1
예측에	1
예측으로	1
예측하는	1
예타권	1
예테보리도서전	1
예테보리도서전서	1
예판량	1
옐로	1
옛날	1
옛날이여	1
옛동독은	1
옛동독지역	1
옛동료	1
옛사진을	1
오가게	1
오가는	1
오가닉티코스메틱	1
오가며	1
오감	1
오거돈과	1
오겠다는	1
오기	1
오길	1
오나요	1
오너냐	1
오너를	1
오너일가	1
오늘과	1
오늘까지만	1
오늘로	1
오늘만	1
오늘만이	1
오늘밤부터	1
오늘이	1
오늘처럼	1
오닐	1
오대산국립공원	1
오더	1
오던	1
오도록	1
오동도	1
오동재	1
오디	1
오디오로	1
오디오북센터	1
오뚜기	1
오뚜기가	1
오라클과	1
오락	1
오락가락10일	1
오락가락해도	1
오락솔	1
오락시설에	1
오랑우탄	1
오랑우탄도	1
오랑우탄종합	1
오래가는	1
오래가진	1
오래쓰는	1
오랜만에	1
오렌지	1
오려는가봐	1
오로지	1
오롯	1
오루어크	1
오류로	1
오륙도등대	1
오륙도등대를	1
오르간	1
오르겠다	1
오르내릴때	1
오르는데	1
오르며	1
오르반이	1
오르자	1
오른날개	1
오른다는데	1
오른발목	1
오른발뼈	1
오를것	1
오를듯	1
오리엔트	1
오리온과	1
오리온구단과	1
오리온홀딩스	1
오마주	1
오만과	1
오만원권으로	1
오만으로	1
오만하고	1
오만한	1
오만해서	1
오만해에서	1
오명	1
오명에	1
오물	1
오바마도	1
오바마보다	1
오바마부터	1
오바마측	1
오바마케어	1
오바마힐러리	1
오버워치	1
오버하지	1
오보에	1
오보이스트	1
오산에	1
오색단풍	1
오색비빔밥	1
오성엘에스티	1
오성엘에스티에	1
오성운동에	1
오세근은	1
오세근의	1
오세요종합	1
오세형	1
오세훈과	1
오세훈은	1
오셀로	1
오셔서	1
오션	1
오스카의	1
오스트리아로	1
오승환과	1
오승환의	1
오승환이	1
오시게	1
오시나	1
오시니	1
오시라더니	1
오신	1
오신환과	1
오심보다는	1
오십	1
오싹한	1
오염물질	1
오염종합	1
오염토양	1
오원	1
오이소	1
오이와	1
오인	1
오인소동	1
오일	1
오일달러로	1
오일뱅크	1
오자	1
오자마자	1
오작동	1
오작동일	1
오재원의	1
오재일아	1
오전엔	1
오전중	1
오존주의보종합	1
오지는	1
오지마라	1
오지만	1
오지환과	1
오차도	1
오찬때	1
오찬서	1
오찬장	1
오찬장도	1
오찬하며	1
오케스트라로	1
오케스트라에	1
오케이	1
오크밸리	1
오크밸리서	1
오클랜드서	1
오키나와와	1
오키나와의	1
오타로	1
오타와	1
오토cv	1
오토바이에	1
오토쇼	1
오토캠핑에	1
오투리조트	1
오티스에게	1
오판해선	1
오페라무대	1
오포에	1
오포폰	1
오프라인과	1
오프라인서점	1
오픈넷	1
오픈랩	1
오픈베타	1
오픈암즈에	1
오픈코트	1
오픈톡	1
오피스365	1
오피스365에	1
오피스빌딩	1
오피스앱	1
오피스텔서	1
오피움	1
오하이오공장	1
오하이오주립대	1
오하이오주립대서	1
오해없도록	1
오해하거나	1
오해해선	1
오현택진명호손승락	1
오후2시께	1
오후까지	1
오후나	1
옥류관서	1
옥류관에서	1
옥류관에서의	1
옥살이에	1
옥상밭	1
옥상서	1
옥상에서	1
옥상정원에서	1
옥새파동	1
옥새행방	1
옥석가려야	1
옥수수들	1
옥수수밭	1
옥스퍼드	1
옥에	1
옥외	1
옥인콜렉티브의	1
옥주현	1
옥중	1
옥천미술관	1
온건반군	1
온건한	1
온나라	1
온나라부동산포털서	1
온난화	1
온다면	1
온당치	1
온도따라	1
온도차가	1
온도차종합3보	1
온두라스와	1
온라인경매	1
온라인경연	1
온라인광고시장	1
온라인뉴스는	1
온라인대출정보연계	1
온라인도구	1
온라인몰	1
온라인사업	1
온라인쇼핑	1
온라인쇼핑몰	1
온라인수출	1
온라인신문협	1
온라인업체서	1
온라인에서	1
온라인청원	1
온라인편집기자협회고려대	1
온몸	1
온몸에	1
온상	1
온식당	1
온실	1
온실효과	1
온열질환자	1
온천관광	1
온천대축제	1
온천은	1
온천의	1
온천체험	1
온화한	1
온힘	1
올가을에도	1
올걸	1
올게요	1
올겨울에만	1
올겨울은	1
올드보이	1
올드보이의	1
올드트래퍼드에서	1
올들어서도	1
올때도	1
올라3일	1
올라가기	1
올라가는	1
올라도	1
올라보자	1
올라선데	1
올라설	1
올라와	1
올라와도	1
올라와야	1
올라종합2보	1
올라탄	1
올랐다가	1
올랐던	1
올랜도사태	1
올랜도의	1
올레	1
올레tv모바일서	1
올레드냐	1
올레폰	1
올려달라	1
올려도	1
올려볼까	1
올려야종합	1
올려줘야	1
올렸나	1
올렸다	1
올리기	1
올리기로	1
올리더라도	1
올릭스	1
올릴까	1
올림피아코스와	1
올림픽공원	1
올림픽도	1
올림픽서	1
올림픽선수	1
올림픽에	1
올림픽오늘부터	1
올림픽유치	1
올림픽의	1
올림픽처럼	1
올림픽파크	1
올림픽평화와	1
올바름에	1
올빼미	1
올빼미의	1
올빼미족	1
올스	1
올스타도	1
올스타전도	1
올스타전서도	1
올스타전야제	1
올스타전에	1
올스타전은	1
올여름도	1
올여름은	1
올원뱅크	1
올인원	1
올지	1
올초	1
올해로	1
올해말	1
올해에만	1
올해엔	1
올해와	1
올해의감독	1
올해의연극	1
옮겨간	1
옮겨야	1
옮겨적는	1
옮겨진	1
옮겼다	1
옮기나	1
옮기다	1
옮기면	1
옮긴다	1
옮깁니다	1
옳다	1
옳다종합	1
옳다종합2보	1
옳았다종합	1
옳은가	1
옳은일	1
옳지않아	1
옵션관광	1
옵션만기일	1
옵션종합	1
옵테인	1
옵토팩	1
옷에	1
옷에서	1
옹기로	1
옹기종기	1
옹기촌	1
옹기축제	1
옹색한	1
옹졸한	1
옹진	1
옹진군	1
옹호에	1
옹호하는	1
옻	1
옻칠	1
와도	1
와르르종합	1
와우	1
와우패스	1
와이엠티	1
와이오엠에	1
와이즈앱	1
와이즈에프엔	1
와이티홀딩스대부	1
와이파이로	1
와인동굴	1
와일드카드결정전	1
와하비즘	1
와해론	1
와해론에	1
완	1
완결판	1
완공까지	1
완공종합	1
완납처리	1
완다그룹	1
완도국제해조류박람회장	1
완료돼	1
완료된	1
완료속보	1
완료안돼	1
완료했다	1
완리	1
완리까지	1
완만하게	1
완벽에	1
완벽투홈런	1
완벽하게	1
완벽하진	1
완벽했던	1
완성1보	1
완성되는	1
완성되지	1
완성될	1
완성에	1
완성에도	1
완성으로	1
완성이	1
완수하고	1
완수한	1
완승종합	1
완역	1
완전가능	1
완전복구	1
완전사회	1
완전성공	1
완전이동	1
완전자율주행	1
완전자회사	1
완전자회사로	1
완전정상화	1
완전중단종합	1
완전차단1보	1
완전하게	1
완전허용	1
완주	1
완주무주진안장수	1
완주종합	1
완치율	1
완투	1
완투는	1
완판남	1
완판에	1
완판종합	1
완화도	1
완화돼	1
완화될	1
완화시도	1
완화적인	1
완화종합	1
완화키로종합	1
완화하나	1
완화해야	1
완화했지만	1
왈츠부터	1
왓슨이	1
왓챠플레이서도	1
왓츠앱페이스북	1
왓퍼드	1
왓퍼드에	1
왓포드	1
왔네요	1
왔다가	1
왔다고	1
왔다던	1
왔습니다	1
왔어	1
왔으니까요	1
왔으면	1
왔을까	1
왔죠	1
왔지만	1
왕관	1
왕관의	1
왕권을	1
왕년의	1
왕립발레단	1
왕립학회	1
왕복서간	1
왕복항공권	1
왕비의	1
왕생가	1
왕세자에	1
왕세자와	1
왕세제	1
왕세제가	1
왕세제사우디	1
왕실다방	1
왕실자료관	1
왕실장	1
왕웨이중에	1
왕위	1
왕위계승	1
왕자의	1
왕젠린	1
왕좌	1
왜곡날조	1
왜곡된	1
왜곡시	1
왜곡종합	1
왜소행성	1
왝더독	1
외계인	1
외계인이냐	1
외곽도서	1
외곽서	1
외곽포	1
외관	1
외교강화	1
외교공세	1
외교관계	1
외교관계도	1
외교관계에	1
외교관은	1
외교관학교졸업	1
외교교류	1
외교기밀	1
외교다변화	1
외교단지	1
외교당국자	1
외교라인	1
외교로	1
외교무지	1
외교문서	1
외교봉쇄	1
외교부부장에	1
외교부서	1
외교분쟁	1
외교비서관	1
외교비서관에	1
외교사령탑	1
외교사절	1
외교사절에	1
외교서	1
외교실수	1
외교안보비서관	1
외교안보수석이	1
외교안보에	1
외교안보통일자문회의	1
외교안보통일자문회의에서	1
외교여권	1
외교장관간	1
외교장관회담	1
외교전문	1
외교전종합	1
외교정책	1
외교정책에	1
외교중에	1
외교지형	1
외교차관	1
외교차관협의회	1
외교청서	1
외교투톱	1
외교합의	1
외교해법에	1
외교현안	1
외교활동	1
외교회담	1
외국ott	1
외국개입	1
외국공관	1
외국과	1
외국관광청협회	1
외국군	1
외국기업은	1
외국대사	1
외국문학	1
외국방문으로	1
외국보다	1
외국선박	1
외국선수	1
외국세력	1
외국소설도	1
외국소설들	1
외국송출	1
외국어서적	1
외국에서	1
외국에서도	1
외국여행객	1
외국은	1
외국은행	1
외국의	1
외국인관광객	1
외국인들	1
외국인력	1
외국인에	1
외국인에게	1
외국인자금	1
외국인직접투자	1
외국인투수	1
외국인투자	1
외국인투자주간	1
외국출신	1
외국투자기업	1
외국환거래시장서	1
외국회사	1
외나무다리	1
외나무다리서	1
외딴섬까지	1
외로워	1
외롭게	1
외면당하면	1
외면받은	1
외면하나	1
외면하는	1
외면할까	1
외면했다	1
외모	1
외모보다	1
외무는	1
외무장관들	1
외무장관회의	1
외벽	1
외벽단열시스템은	1
외부간섭	1
외부감사인	1
외부감사제도	1
외부단체가	1
외부서	1
외부압력	1
외부와	1
외부음식	1
외부인	1
외부인사로	1
외부일정	1
외부자극에	1
외부차량	1
외부투자자와	1
외부행사	1
외부활동	1
외빈	1
외빈들	1
외상후스트레스	1
외세의존	1
외식업체	1
외신기자단	1
외신기자단에	1
외신기자들	1
외신기자들이	1
외신도	1
외신들도	1
외신보도	1
외신에	1
외압은	1
외압의혹	1
외야	1
외야는	1
외야로	1
외야에	1
외야조명탑에	1
외인선수	1
외인에	1
외인용병	1
외자기업	1
외자에	1
외자유치	1
외주스태프	1
외주작업	1
외주화	1
외질	1
외쳐종합	1
외출금지령	1
외출때	1
외출자제	1
외출하기	1
외출하는	1
외치	1
외치던	1
외통	1
외투는	1
외투지역	1
외형복구	1
외화보험은	1
외환거래	1
외환시장서	1
외환위기	1
외환은행	1
요가인들	1
요건되나	1
요건완화	1
요격체계	1
요구까지	1
요구돼	1
요구로	1
요구받은	1
요구받을	1
요구안해	1
요구종합3보	1
요구하겠다	1
요구하고	1
요구하며	1
요구하지	1
요구했다종합	1
요구했었다	1
요금개편	1
요금만	1
요금인상	1
요금정책보다	1
요금제가	1
요금제와	1
요금할인액이	1
요금할인율에	1
요동	1
요동에	1
요동치나	1
요령	1
요리사들이	1
요리서로	1
요리스	1
요리축제	1
요리하라	1
요미우리신문	1
요새	1
요새화	1
요스바니의	1
요시다	1
요약	1
요약본	1
요양병원장	1
요양병원협회와	1
요양시설	1
요원하게	1
요인과	1
요인들이	1
요절	1
요즈마	1
요즘도	1
요즘이	1
요청권	1
요청대로	1
요청따라	1
요청받고	1
요청서	1
요청속보	1
요청시한	1
요청여부	1
요청으로	1
요청키로	1
요청하면	1
요청해	1
요청해요	1
요청했지만	1
요트와	1
욕구	1
욕망과	1
욕망의	1
욕먹어도	1
욕먹지	1
욕보이는	1
욕설까지	1
욕설을	1
욕설한	1
욕심내지	1
욕심이	1
욕을	1
욕해	1
욜로족	1
용감하다	1
용감한	1
용기에	1
용기있는	1
용기종합	1
용나오는	1
용납안해	1
용도로	1
용도자유	1
용문산	1
용병급	1
용병도	1
용병하기	1
용사들	1
용산고	1
용산공원	1
용산공원에	1
용산복지재단에	1
용산참사	1
용서는	1
용서로	1
용서않고	1
용서해달라	1
용성	1
용역결과	1
용역계약	1
용역대금	1
용역비로	1
용의선상에	1
용의자는	1
용의자들	1
용의자로	1
용의종합2보	1
용인대	1
용인한미fta는	1
용인할	1
용인해선	1
용접	1
용접으로	1
용지	1
용평스키장	1
우	1
우간다도	1
우간다르완다	1
우간다와	1
우거지게	1
우는여	1
우다웨이와	1
우대보증	1
우대상품	1
우도소라축제	1
우량점포	1
우량화로	1
우려가	1
우려까지	1
우려도	1
우려먹어	1
우려반	1
우려보다는	1
우려스럽다	1
우려하는	1
우려할	1
우려해	1
우려했나	1
우롱	1
우루과이로	1
우루과이서	1
우루과이와	1
우루과이의	1
우르르	1
우리공화	1
우리국민	1
우리군	1
우리기술에	1
우리나라도	1
우리동네서	1
우리들병원	1
우리들제약	1
우리들휴브레인	1
우리라도	1
우리로	1
우리만화	1
우리말	1
우리말로	1
우리말을	1
우리부터	1
우리사주	1
우리서	1
우리아스	1
우리에게도	1
우리에겐	1
우리은행kb	1
우리은행의	1
우리은행처럼	1
우리이앤엘	1
우리종금	1
우리체크카드	1
우리측	1
우리카드서	1
우리카드에서	1
우리카드의	1
우리카드현대캐피탈	1
우리팀	1
우먼	1
우박1일	1
우박폭풍	1
우발	1
우발상황	1
우버는	1
우버에	1
우버이츠	1
우병우도	1
우병일	1
우병일씨	1
우산도	1
우상	1
우상의	1
우상호는	1
우상호에	1
우상화작품	1
우선2보	1
우선공급	1
우선배정속보	1
우선순위	1
우선으로	1
우선은	1
우선이다	1
우선적용	1
우선조치	1
우선처리	1
우선추천	1
우선하는	1
우선해야	1
우선협상대상자로	1
우선협상대상자에	1
우세로	1
우수ib로	1
우수과학자상	1
우수광고	1
우수기관	1
우수논문	1
우수도서	1
우수도서관에	1
우수문화상품	1
우수사업	1
우수상품이	1
우수여행상품	1
우수연구원	1
우수콘텐츠	1
우스꽝	1
우습게	1
우승과	1
우승도	1
우승득점	1
우승만	1
우승반지	1
우승월드컵	1
우승의	1
우승이	1
우승종	1
우승주역	1
우승컵	1
우승컵은	1
우승팀만	1
우승하고도	1
우승하고서	1
우승하면	1
우승한다	1
우승해도	1
우승해서	1
우승했어	1
우승했지만	1
우시공장	1
우시공장서	1
우아한형제들	1
우아함의	1
우연	1
우연이	1
우완투수	1
우울할	1
우울했다	1
우위가	1
우위도	1
우위속	1
우위전국지지율도	1
우유세례	1
우익이	1
우정	1
우정과	1
우정노조	1
우정도	1
우정본부	1
우정비에스씨	1
우정비에스씨로	1
우정을	1
우정의	1
우정저축은행	1
우주개발국제협력소위	1
우주개발시대	1
우주개발에	1
우주개발은	1
우주개발이	1
우주과학	1
우주과학연구용	1
우주국가	1
우주군	1
우주기지	1
우주기지서	1
우주대국	1
우주론	1
우주물체	1
우주방사선으로	1
우주복이	1
우주비행사	1
우주비행사에게	1
우주서	1
우주선	1
우주센터서	1
우주쓰레기	1
우주와	1
우주왕복선	1
우주이슈	1
우주적	1
우주전	1
우주전문가	1
우주전파	1
우주정거장에	1
우주정보상황실	1
우주정복	1
우주질량	1
우주처럼	1
우주특별전	1
우주협력	1
우주협력협정	1
우주협정	1
우주호텔은	1
우주화물선	1
우주활동	1
우중	1
우중월	1
우중충한	1
우즈베크에	1
우즈베크전도	1
우즈베크전서	1
우즈베크전은	1
우즈베키스탄에	1
우즈벡	1
우즈의	1
우진비앤지	1
우진인베스트	1
우천취소종합	1
우크라is	1
우크라대통령	1
우크라서	1
우크라에선	1
우투수	1
우파극우	1
우편	1
우편배송	1
우편번호	1
우편진흥원	1
우표박물관서	1
우표전시회	1
우피치	1
우호적	1
우호환경	1
우회거론	1
우회결제망	1
우회설치파일에	1
우회앱	1
우회적으로	1
우회표명	1
우회하는	1
우후죽순	1
욱	1
욱일기금지	1
욱일기증오의	1
운	1
운구	1
운동가가	1
운동권철학이	1
운동기능	1
운동능력에	1
운동으로	1
운동이	1
운동장	1
운동중	1
운동하던	1
운동하세요	1
운명도	1
운명으로	1
운반수단	1
운석	1
운송사업	1
운송원가	1
운수업체	1
운영경비	1
운영계좌도	1
운영기관	1
운영됐나	1
운영매장	1
운영실태	1
운영위에	1
운영위원장	1
운영위원회	1
운영자로	1
운영자에	1
운영지도	1
운영지원	1
운영지침	1
운영하는	1
운영한	1
운영할	1
운영해야	1
운영훈련	1
운용규제	1
운용본부장	1
운용사에	1
운용수익률	1
운용업	1
운용에	1
운용의	1
운용인력확보	1
운용자산은	1
운용잔고	1
운용전문인력	1
운용절차	1
운용하나	1
운운	1
운운하며	1
운이	1
운임	1
운임비용	1
운전기사에	1
운전면허로	1
운전면허증	1
운전사에	1
운전에	1
운전원	1
운전자가	1
운전자금	1
운전자들	1
운전자에	1
운전종합2보	1
운전하던	1
운전한다	1
운집종합	1
운하로	1
운하서	1
운하축제	1
운항종합2보	1
운항중단으로	1
운항차질	1
운행한다	1
운행허용	1
울다가	1
울려퍼지는	1
울려퍼질	1
울릉도에	1
울리기	1
울린다	1
울림으로	1
울며	1
울산경찰청	1
울산대	1
울산대구	1
울산보훈대상	1
울산본부	1
울산부터	1
울산사람	1
울산시민축구단	1
울산시청	1
울산신문사	1
울산야구대회	1
울산에서	1
울산여행	1
울산이라	1
울산종합일보사	1
울산한마음축구대회	1
울산항만공사	1
울산해경	1
울산현대고	1
울상종합	1
울어버린	1
울었는데	1
울었다	1
울었어요	1
울음	1
울음소리로	1
울주	1
울주군에	1
울주세계산영화제	1
울지마	1
울창한	1
울컥하고	1
울컥한	1
울컥했다	1
울컥했어요	1
울트라슬림	1
울프	1
움직여야	1
움직이나	1
움직이나종합	1
움직이다	1
움직이며	1
움직이지	1
움직임까지	1
움직임에도	1
움직임이	1
움직임종합	1
움짤	1
움짤메시지	1
움쩍거리면	1
움츠렸던	1
웃긴	1
웃길	1
웃다	1
웃다가	1
웃다종합	1
웃도는	1
웃돈다	1
웃돈종합	1
웃돌듯	1
웃어야죠	1
웃어종합	1
웃었다종합	1
웃으	1
웃으면서	1
웃으면서도	1
웃을수	1
웃을지	1
웃음꽃종합	1
웃음끝에	1
웃음으로	1
웅진식품	1
웅진싱크빅	1
웅진판타지아	1
워내대책회의	1
워너미디어	1
워너원	1
워닝	1
워드	1
워라밸족	1
워라폰	1
워룸	1
워마드	1
워싱턴dc에	1
워싱턴과	1
워싱턴밀워키	1
워싱턴밖	1
워싱턴에	1
워싱턴으로	1
워싱턴은	1
워싱턴이	1
워싱턴포스트	1
워오브크라운	1
워커주지사	1
워커힐	1
워커힐호텔앤리조트	1
워크	1
워크독스에	1
워크북	1
워크아웃으로	1
워킹푸어	1
워터게이트	1
워터게이트가	1
웍스	1
웍스모바일	1
원o	1
원가는	1
원가보상률	1
원가자료	1
원가정보	1
원격검침	1
원격관리기능	1
원격관제	1
원격에서	1
원격제어해	1
원격조종	1
원격조종해	1
원격진단로봇	1
원격진료시스템	1
원격축구교실	1
원격투표	1
원금	1
원금보장	1
원기충전	1
원내대책회의에서	1
원내대표가	1
원내대표단에	1
원내대표들	1
원내대표정책위의장	1
원내비	1
원내수석부대표에	1
원내정책회의에서	1
원내지도부와	1
원년멤버	1
원대	1
원대대표의	1
원동	1
원동력은	1
원동매화축제	1
원로과학자에	1
원로자문단과	1
원로학자의	1
원로화가	1
원룸건물서	1
원룸서	1
원리금이	1
원망해	1
원맨	1
원맨쇼로	1
원맨쇼에도	1
원맨팀	1
원본공개	1
원본을	1
원산블라디보스토크	1
원산일대에	1
원산지	1
원산지증명	1
원산축구장서	1
원상복구	1
원상복구종합2보	1
원소속팀과	1
원소속팀에	1
원소속팀으로	1
원숭이떼가	1
원숭이에서도	1
원스트라이크아웃제	1
원시	1
원시티	1
원심	1
원심분리기에	1
원아시아	1
원아시아페스티벌에	1
원안대로	1
원양항로	1
원어스	1
원엔	1
원외위원장	1
원위치	1
원유가	1
원유감산	1
원유금수	1
원유설비	1
원유수익	1
원유수출량	1
원유시설	1
원유제재	1
원유펀드도	1
원유펌프	1
원익	1
원인과	1
원인규명	1
원인불명	1
원인인	1
원인일	1
원인제공	1
원인조사	1
원인종합2보	1
원자력안전기술원	1
원자력안전위원회	1
원자력에	1
원자력연구기관	1
원자력청장	1
원자력협의회	1
원자막	1
원자재etf	1
원자폭탄	1
원작만화가	1
원장님	1
원장도	1
원장속보	1
원장에	1
원전건설	1
원전건설로	1
원전비중	1
원전장사	1
원전폭발	1
원점서	1
원점에서	1
원정경기	1
원정경기서	1
원정경기에	1
원정낙태	1
원정명단	1
원정썰전	1
원정이의	1
원정임신	1
원정채굴	1
원정투자	1
원정팬	1
원조규모가	1
원조는	1
원조물품	1
원조반대	1
원주db	1
원주는	1
원주로	1
원주민들	1
원주시	1
원주에	1
원주을	1
원주혁신도시	1
원처럼	1
원천기술개발에	1
원천연구	1
원천차단하는	1
원초적	1
원치않아	1
원칙2보	1
원칙대로	1
원칙만	1
원칙은	1
원칙을	1
원칙적으로	1
원칙주의자	1
원클릭	1
원폭투하	1
원하는가	1
원하십니까	1
원하지만	1
원해도	1
원해서	1
원했던	1
원화가치	1
원화강세	1
원화결제계좌도	1
원화대출	1
원활한	1
월52시간	1
월629만원	1
월경	1
월경한	1
월급에	1
월드dj페스티벌	1
월드it쇼	1
월드갈라	1
월드댄스컵	1
월드문화캠프	1
월드뮤직	1
월드비전에	1
월드시리즈까지	1
월드아트오페라	1
월드컵공원	1
월드컵보다	1
월드컵에도	1
월드컵에서	1
월드컵에선	1
월드컵예선	1
월드컵예선서	1
월드컵으로	1
월드컵준비	1
월드컵처럼	1
월드컵축구	1
월드페스티벌	1
월말까지	1
월매출	1
월미공원	1
월성계곡	1
월세거래	1
월수령액	1
월임금	1
월패드	1
웜비어	1
웜업존에서	1
웡에	1
웨더아이	1
웨스트	1
웨스트브롬	1
웨스트햄과	1
웨스트햄에	1
웨스틴조선호텔	1
웨어	1
웨어러블시장서	1
웨어를	1
웨이드	1
웨이드의	1
웨이보서	1
웨터	1
웬만한	1
웰니스관광	1
웰컴대학로	1
웰컴대학로에	1
웰컴저축은행과	1
웰텍	1
웹드라마	1
웹드라마로	1
웹보드게임	1
웹사이트로	1
웹서비스	1
웹소설의	1
웹예능	1
웹케시	1
웹콘텐츠	1
웹툰도	1
웹툰스타	1
웹툰스토리	1
웹툰시장	1
웹툰작가	1
웹페이지	1
웹페이지에	1
웹표준	1
위기가중종합	1
위기경보	1
위기고조	1
위기관리	1
위기관리모드	1
위기관리와	1
위기극복	1
위기극복을	1
위기끝	1
위기단계별	1
위기대응	1
위기대응도	1
위기대응역량	1
위기더타임스	1
위기도	1
위기라고	1
위기로	1
위기론	1
위기를	1
위기맞는	1
위기이자	1
위기인데	1
위기전염	1
위기타개	1
위대하게에	1
위대했다	1
위력시위	1
위력적인	1
위력투	1
위력한	1
위례	1
위례신도시	1
위례지구	1
위로에도	1
위로의	1
위로전	1
위로전문	1
위메프	1
위메프서	1
위반사항	1
위반시	1
위반종합	1
위반행위	1
위법사례	1
위법없다	1
위법에	1
위법한	1
위변조	1
위상까지	1
위상수학	1
위상은	1
위생	1
위생논란	1
위생불량	1
위생악화	1
위선	1
위성개발	1
위성격추	1
위성과	1
위성로켓	1
위성방송	1
위성시장	1
위성영상	1
위성은	1
위성인터넷	1
위성항법시스템	1
위성항법시스템이	1
위스콘신서	1
위시	1
위아자	1
위안가치	1
위안값	1
위안부피해	1
위안부피해자	1
위약금상한제	1
위원장과의	1
위원장까지	1
위원장으로	1
위원장은	1
위의	1
위장이라는	1
위장한	1
위주로	1
위중	1
위중종합	1
위중한	1
위즈스틱	1
위증과의	1
위증시	1
위증혐의	1
위챗에	1
위챗으로	1
위축될	1
위축에	1
위축종합	1
위치서	1
위치시키나	1
위치알리미	1
위치정보사업	1
위치정보사업자	1
위치조회	1
위치추적장치	1
위치해	1
위탁	1
위탁개발로	1
위탁계약	1
위탁운영팀	1
위탁운용사에	1
위태로운	1
위태로워	1
위태롭거나	1
위태한	1
위한다	1
위해서	1
위해종합	1
위헌검토	1
위헌결정	1
위헌결정에	1
위험관리	1
위험국	1
위험군	1
위험노출	1
위험비행종합	1
위험상품	1
위험성	1
위험수위	1
위험에	1
위험외주화	1
위험요인	1
위험은	1
위험을	1
위험의	1
위험종합	1
위험지	1
위험지역	1
위험천만한	1
위험하게	1
위험하면	1
위험할	1
위험해	1
위험해져	1
위협감소	1
위협구에	1
위협받는	1
위협엔	1
위협일까	1
위협하면	1
위협하면서	1
위협하지	1
위협해소	1
위화	1
윈도7	1
윈도시리즈	1
윈드타워	1
윈터	1
윈터리그	1
윈팩	1
윈팩에	1
윌림	1
윗선수사	1
윙백보다	1
윙백의	1
윙어	1
유가의	1
유가인상	1
유가전망	1
유가족에	1
유가폭락에	1
유가협	1
유감의	1
유감종합	1
유감표명	1
유골과	1
유골봉환	1
유골이	1
유공	1
유공자로	1
유공자에	1
유공직원	1
유관	1
유관기관과	1
유관순의	1
유광우의	1
유권자가	1
유권자도	1
유권해석	1
유권해석조차	1
유기농	1
유기반도체	1
유기발광보드	1
유기분자	1
유기태양전지	1
유기태양전지용	1
유기합성	1
유기홍	1
유난히	1
유네스코가	1
유념	1
유념종합	1
유념해야	1
유니	1
유니버설뮤직으로	1
유니버스	1
유니버스서	1
유니시티	1
유니온페이	1
유니콘기업	1
유니테크	1
유니폼만	1
유니폼에	1
유니폼은	1
유니폼종합	1
유대강화	1
유대관계	1
유대교도	1
유대인에	1
유대학교	1
유도선	1
유도종합	1
유도한	1
유도해	1
유도해야	1
유동자금	1
유람선까지	1
유람선사고	1
유럽가치에	1
유럽각국	1
유럽경찰	1
유럽과	1
유럽국가들	1
유럽국들	1
유럽극우	1
유럽내	1
유럽담당	1
유럽도	1
유럽마저	1
유럽망명지원사무소	1
유럽무대	1
유럽문화	1
유럽민중사	1
유럽보다	1
유럽산	1
유럽서도	1
유럽시장도	1
유럽여자축구선수권	1
유럽여행에	1
유럽연합과	1
유럽예선	1
유럽원정	1
유럽은행	1
유럽을	1
유럽의회서	1
유럽의회에	1
유럽의회에는	1
유럽의회의원	1
유럽인	1
유럽정상	1
유럽정원에	1
유럽챔스	1
유럽챔스리그	1
유럽축구에	1
유럽축구연맹	1
유럽출신	1
유럽투어	1
유럽파는	1
유럽평가전	1
유럽평의회	1
유럽한인총연합회	1
유럽형	1
유력매체	1
유력시	1
유력인사로	1
유력전망	1
유력종합2보	1
유력지에	1
유력하지만	1
유력한	1
유력했던	1
유령당원	1
유령도시로	1
유령이미지	1
유령작가	1
유령함대	1
유례	1
유로는	1
유로존은	1
유로파리그서	1
유로파이터	1
유로화	1
유로화로	1
유료관중	1
유료방송시장	1
유료방송업계와	1
유료콘텐츠	1
유료호출만으론	1
유류피해	1
유리바닥	1
유리우주	1
유리종합	1
유리천장을	1
유리하게	1
유리할	1
유리할까	1
유린	1
유린당해	1
유린보예프	1
유망기술	1
유망기업	1
유망분야	1
유망주로	1
유망지역은	1
유머	1
유명산마다	1
유명산은	1
유명스타들	1
유명연출가	1
유명인	1
유명작가들	1
유명해질래요	1
유명화가	1
유목민	1
유무	1
유묵	1
유발하고	1
유발한	1
유방집	1
유별날	1
유보1보	1
유보2보	1
유보적	1
유보종합	1
유보해	1
유비쿼스	1
유비쿼스와	1
유비쿼스홀딩스	1
유사2보	1
유사업소	1
유사한	1
유산균	1
유산균으로	1
유상수리	1
유상증자로	1
유상증자에	1
유상철	1
유서	1
유선인터넷	1
유선전화도	1
유세는	1
유세대결	1
유세서	1
유세에	1
유세열전	1
유세장서	1
유세중	1
유세차	1
유세차에	1
유세하는	1
유소년배구클럽	1
유소년야구	1
유소년이	1
유소년축구	1
유소년축구팀	1
유소년클럽	1
유스	1
유스전략본부장	1
유승민남경필	1
유시민의	1
유시민이	1
유실	1
유실된	1
유심가격	1
유심기변	1
유심으로	1
유심차단	1
유심칩	1
유아숲체험원	1
유아용품	1
유암코	1
유어	1
유어셀프	1
유엔개발계획	1
유엔개발계획과	1
유엔거버넌스센터	1
유엔과	1
유엔난민기구	1
유엔내	1
유엔대사	1
유엔대표부	1
유엔도	1
유엔보고서상	1
유엔사무총장	1
유엔안보리	1
유엔은	1
유엔을	1
유엔인권대표에	1
유엔제재상	1
유엔젤	1
유엔주재	1
유엔총회서	1
유엔회원국에	1
유엔회의	1
유역서	1
유연석	1
유연소자	1
유연소자용	1
유연하게	1
유연해져	1
유영하	1
유예된	1
유예로	1
유예에도	1
유예해야	1
유용금	1
유용시	1
유원지마다	1
유의동	1
유의속보	1
유의하고	1
유인캡슐	1
유인해	1
유인해야	1
유일체제	1
유일호에	1
유입이	1
유작소설	1
유작전	1
유저	1
유저클립	1
유적과	1
유적서	1
유적에	1
유적지	1
유전물질	1
유전에서	1
유전자가위에서	1
유전자교정법	1
유전자에	1
유전자의	1
유전자편집	1
유전자편집으로	1
유전지대로	1
유조선공격	1
유조선서	1
유조선에	1
유족들에게	1
유족소송	1
유족에	1
유족으로	1
유죄선고	1
유죄종합	1
유죄종합2보	1
유주택자	1
유지2보	1
유지결정은	1
유지는	1
유지돼야	1
유지되지	1
유지될까	1
유지보수용	1
유지속	1
유지속보	1
유지인트	1
유지키로	1
유지하기	1
유지하기가	1
유지하다	1
유지하려면	1
유지할게요	1
유지할듯	1
유진로봇	1
유착	1
유채	1
유채밭서	1
유채에	1
유출경로	1
유출경위	1
유출까지	1
유출돼도	1
유출되면	1
유출된	1
유출사진	1
유출에	1
유출의혹	1
유출종합	1
유치는	1
유치로	1
유치목표종합	1
유치원단체와	1
유치전종합	1
유치하다	1
유치한	1
유커들은	1
유커와	1
유타와	1
유탄	1
유테크	1
유통됐다	1
유통되는	1
유통사	1
유통업체도	1
유통위원회	1
유통질서	1
유튜버도	1
유튜버에	1
유튜브가	1
유튜브에	1
유튜브에서	1
유튜브와	1
유포돼	1
유포된	1
유품	1
유플러스숍	1
유플런서	1
유플레이어스	1
유학	1
유학도시	1
유학비용	1
유학생과	1
유학시절	1
유학자	1
유한준	1
유한책임	1
유해가스	1
유해매체	1
유해발굴사업	1
유해성	1
유해콘텐츠	1
유해품목	1
유행	1
유행되겠어	1
유행에	1
유행은	1
유행의	1
유혈장면	1
유혈진압	1
유혈참사로	1
유혈참사에	1
유혈충돌로	1
유형까지	1
유형들	1
유혹한다	1
유홍준의	1
유홍준이	1
유화적	1
유화책	1
유효	1
유효기간	1
유효종합	1
유효하지	1
유훈에	1
유훈으로	1
유휴	1
유휴부지	1
육	1
육군대장	1
육군에	1
육로	1
육박종합3보	1
육박할	1
육불화우라늄	1
육사생도들	1
육성강습회	1
육성기록집	1
육성기업	1
육성사업	1
육성은	1
육성전략	1
육성한다종합	1
육성해야	1
육성해야종합	1
육식	1
육식은	1
육식의	1
육아용품	1
육아의	1
육아정보	1
육조대로는	1
육중한	1
육지나들이	1
육지는	1
육지처럼	1
육참총장	1
육필	1
윤	1
윤갤러리서	1
윤고은	1
윤규진	1
윤대녕	1
윤리규범	1
윤리문제	1
윤리위원장	1
윤리의	1
윤상현은	1
윤석민이	1
윤석철	1
윤소하도	1
윤수호	1
윤여준	1
윤의철	1
윤창호	1
윤태호	1
윤택에	1
윤택하게	1
윤한홍	1
윤호영	1
윤호중종합	1
윤후명의	1
율곡문화제	1
율법	1
융복합공연축제	1
융자요청은	1
융자지원	1
융합ict	1
융합기술원	1
융합기초학부	1
융합보안실증센터	1
융합사업	1
융합전지	1
융합포럼	1
융합해	1
으뜸기업	1
으로종합	1
으르렁대던	1
은닉	1
은닉재산	1
은닉해	1
은메달	1
은메달5	1
은메달종합	1
은빛섬	1
은신	1
은케티아	1
은타간다	1
은타간다에	1
은퇴경기서	1
은퇴로	1
은퇴에	1
은퇴요	1
은퇴하겠다	1
은퇴하러	1
은퇴한다	1
은퇴할	1
은퇴해야죠	1
은평	1
은평소방서	1
은평스카이뷰자이	1
은폐를	1
은폐시	1
은폐와	1
은하간	1
은하에서	1
은행강도	1
은행노조	1
은행불안	1
은행연과	1
은행연합회	1
은행으로	1
은행이	1
은행이고	1
은행증권	1
은행지주회사	1
은행창구	1
은혜	1
은혜에	1
을지로위	1
을지연습	1
을지프리덤가디언	1
음	1
음극	1
음담패설부터	1
음담패설파일이	1
음란사이트	1
음란행위	1
음료	1
음매	1
음모론까지	1
음모에도	1
음미하는	1
음바페에게	1
음반과	1
음성ai	1
음성같은	1
음성대화	1
음성로밍	1
음성명령	1
음성명령으로	1
음성보다	1
음성서비스	1
음성스팸	1
음성인식기능	1
음성인식기술	1
음성입력	1
음성통화때	1
음성통화에	1
음성통화에도	1
음식기행	1
음식도	1
음식문화	1
음식숙박	1
음식언어	1
음식에서	1
음식의	1
음식이	1
음식재료	1
음식주간	1
음악가를	1
음악가에	1
음악감상용으로도	1
음악도시	1
음악만의	1
음악무용종합공연	1
음악방송	1
음악부문에	1
음악상	1
음악소리	1
음악애호가	1
음악에	1
음악여행	1
음악영재	1
음악영화에	1
음악외교의	1
음악을	1
음악인	1
음악인류학자가	1
음악회에	1
음원업계	1
음원쿠폰	1
음주3회	1
음주사고	1
음주운전자	1
음주행사	1
음질	1
음질에	1
음해에	1
음향기기	1
음향기술업체	1
음흉한	1
읍	1
읏샷	1
응	1
응급시설	1
응답하다	1
응답해야종합	1
응답형	1
응수종합	1
응수한	1
응시	1
응시하며	1
응용만	1
응원갈	1
응원나선다	1
응원왔나	1
응원의	1
응원이	1
응원캠페인	1
응원하겠다	1
응원하는	1
응원하러	1
응원하자	1
응원해달라	1
응원해준	1
응원행사	1
응원현수막이	1
응웬	1
응징계획	1
응징해야	1
응팔	1
응하겠다	1
응하도록	1
응할수	1
응해야	1
응했다종합	1
의거	1
의견광고	1
의견교환1보	1
의견내라	1
의견들었다	1
의견수렴종합	1
의견에	1
의견이	1
의견일치	1
의견일치종합	1
의견제한	1
의견진술	1
의견차	1
의견차만	1
의견차종합	1
의결1보	1
의결권정족수	1
의결권행사금지	1
의결로	1
의결에	1
의결후	1
의경	1
의경도	1
의경들	1
의구심	1
의대	1
의대에	1
의대유치	1
의대졸업생	1
의도없다	1
의도에도	1
의도적	1
의도종합	1
의례	1
의례적	1
의뢰에	1
의료계	1
의료기	1
의료기기	1
의료기기업체	1
의료기록	1
의료농단	1
의료문서로	1
의료봉사자	1
의료사고	1
의료용	1
의료용품	1
의료인	1
의료정보시스템	1
의료제재	1
의료진단을	1
의류	1
의리없어	1
의리적	1
의무교육	1
의무사항	1
의무송출채널서	1
의무의	1
의무이행	1
의무종합	1
의무화된다	1
의무화종합	1
의문도	1
의문의	1
의미의	1
의미인지	1
의미종합	1
의미하지	1
의사고시	1
의사단체	1
의사들	1
의사소통과	1
의사속보	1
의사있어종합2보	1
의사진행	1
의성서	1
의식이	1
의식잃어	1
의식하며	1
의식한	1
의심거래	1
의심된다	1
의심마저	1
의심받는	1
의심받아	1
의심받을	1
의심은	1
의심의	1
의심종합	1
의심하지	1
의심했다	1
의안과앞	1
의안과에	1
의안상정	1
의야지	1
의약품에	1
의연히	1
의욕도	1
의욕적인	1
의원간담회	1
의원간담회서	1
의원교류	1
의원단	1
의원도	1
의원되면	1
의원들도	1
의원발언	1
의원보좌관	1
의원불패	1
의원사직서	1
의원연맹회의	1
의원외교	1
의원으로	1
의원정수	1
의원종합2보	1
의원증원	1
의원처럼	1
의원친선협회	1
의의	1
의의있는	1
의자	1
의장국	1
의장단	1
의장단에	1
의장사로	1
의장석	1
의장선출	1
의장여야	1
의전비서관에	1
의전서열	1
의전을	1
의전의	1
의전차량	1
의젓해	1
의정보고회	1
의정부남양주권	1
의정부남양주권역	1
의정부서	1
의정부시에	1
의정부에	1
의제는	1
의제발굴	1
의제아냐	1
의지로	1
의지를	1
의지해	1
의총서도	1
의총은	1
의학도	1
의한	1
의향서	1
의혹까지	1
의혹들	1
의혹만	1
의혹받는	1
의혹방어	1
의혹보도	1
의혹사건	1
의혹의	1
의혹종합	1
의혹종합2보	1
의회건물	1
의회독재냐	1
의회민주주의	1
의회방해	1
의회에서	1
의회외교	1
의회외교종합	1
의회외교포럼	1
의회위원회	1
의회자문기구	1
의회정치사에	1
의회정회	1
의회주의자	1
이강인은	1
이강주	1
이거라도	1
이것도	1
이것만은	1
이것은	1
이것을	1
이겨내겠다	1
이겨내고	1
이겨내종합	1
이겨봐	1
이겨서	1
이겨요	1
이겨종합	1
이견없다	1
이견없어	1
이겼다	1
이겼다종합	1
이겼어도	1
이겼지만	1
이경성을	1
이고은	1
이고은과	1
이고은이	1
이공분야	1
이관종합	1
이광수	1
이그노런스	1
이근호는	1
이근활	1
이글스파크를	1
이금회	1
이기	1
이기겠다	1
이기기	1
이기긴	1
이기다	1
이기러	1
이기려고	1
이기적	1
이기적으로	1
이기적인	1
이기주의자입니다	1
이기지	1
이긴다	1
이긴다는	1
이끌길	1
이끌라	1
이끌어	1
이끌어낼	1
이끌어야종합	1
이끌었던	1
이나연과는	1
이나연으로	1
이내비게이션	1
이내에	1
이념공세엔	1
이념지형	1
이념편향	1
이노베이션랩	1
이노베이션센터	1
이노비즈	1
이노칩	1
이녹스	1
이니츠에	1
이닝이터	1
이다영의	1
이달말부터	1
이달부터	1
이달안	1
이달안에	1
이달의선수	1
이달중	1
이달하순	1
이대론	1
이대목동	1
이대총장	1
이데올로기	1
이데올로기는	1
이데올로기와	1
이도메니	1
이동걸	1
이동경로	1
이동국의	1
이동빈	1
이동시켜	1
이동에	1
이동중종합	1
이동통신망	1
이동통신사시중은행	1
이동통신업계	1
이동통신에서	1
이동통신요금	1
이동하기도종합	1
이동하나	1
이동호	1
이득속보	1
이들도	1
이들에게만	1
이들을	1
이디야와	1
이디야커피	1
이라크에서	1
이라크와	1
이라크의	1
이라크의회	1
이라크인	1
이라크주재	1
이라크총리	1
이란eu	1
이란계	1
이란과도	1
이란과의	1
이란관리	1
이란대만	1
이란대통령에	1
이란도	1
이란방송에	1
이란시위	1
이란언론	1
이란에서	1
이란여객기	1
이란영사관	1
이란왕따	1
이란을	1
이란의료학회	1
이란전에	1
이란제	1
이란제재	1
이란처럼	1
이란측과	1
이란측도	1
이란항공	1
이란핵	1
이란핵보다	1
이란행	1
이란혁명	1
이란혁명수비대	1
이랜드리테일	1
이랜드와	1
이러닝	1
이러다	1
이런건	1
이런게	1
이런데도	1
이렇게까지	1
이력	1
이력에	1
이론의	1
이롭지	1
이루나	1
이루려	1
이루어져	1
이루어진다	1
이뤄가야	1
이뤄낼까	1
이뤄야종합	1
이뤄져	1
이뤄져야2보	1
이뤄지나	1
이뤄지는	1
이륙직전	1
이륜차	1
이른시일내	1
이를	1
이를데	1
이름걸고	1
이름들	1
이름부터	1
이름붙일	1
이름은종합	1
이름이	1
이마진	1
이마트24에	1
이마트몰	1
이만하면	1
이메일은	1
이면도로에	1
이면에	1
이면합의	1
이면합의도	1
이명박정권보다	1
이미지개선	1
이미지도	1
이미지센서란	1
이미지스	1
이미지종합	1
이민감소	1
이민공약	1
이민문제	1
이민법	1
이민법위반	1
이민욱	1
이민욱만	1
이민으로	1
이민은	1
이민자를	1
이민자시설	1
이민자에게	1
이민청	1
이민형	1
이발소	1
이방인인	1
이방카와	1
이번달	1
이번달엔	1
이번도	1
이번이	1
이번주내	1
이번주부터	1
이베스트증권	1
이베스트투자	1
이베스트투자증권	1
이베스트투자증권에	1
이벤트도	1
이벤트로	1
이변은	1
이변의	1
이브는	1
이브의	1
이빨	1
이쁜큰누나들	1
이사가	1
이사갈	1
이사국에	1
이사국중	1
이사선임	1
이사수요	1
이사에	1
이사진	1
이사진에	1
이사할	1
이사회에	1
이사회운영규정	1
이산가족단체	1
이산가족면회소	1
이산가족문제	1
이산가족상봉	1
이산가족상봉결의안	1
이산화탄소를	1
이산화탄소에서	1
이상고온	1
이상기후에	1
이상로	1
이상만	1
이상문학상에	1
이상물	1
이상백배	1
이상변동	1
이상성애	1
이상신호	1
이상열	1
이상일	1
이상하게	1
이상해	1
이상호소	1
이상화	1
이상화시인상에	1
이색기록	1
이색선물	1
이색행사	1
이석수의	1
이성열씨	1
이성의	1
이성적	1
이성한	1
이세신궁	1
이소영강소휘	1
이소영도	1
이소영의	1
이송되면	1
이수능	1
이순신	1
이순신광장	1
이순원이	1
이슈된	1
이스라엘과의	1
이스라엘까지	1
이스라엘도	1
이스라엘도서관	1
이스라엘에서	1
이스라엘은	1
이스라엘이	1
이스라엘이란	1
이스라엘인	1
이스라엘일부	1
이스라엘팔레스타인	1
이스탄불로	1
이스트라이트	1
이스트몹과	1
이스트소프트에	1
이스트스프링	1
이스트아시아홀딩스	1
이슬람반군	1
이슬람세력	1
이슬람에	1
이슬람율법	1
이슬람학회	1
이슬람혁명	1
이슬람협력기구	1
이슬람화2	1
이슬아	1
이슬아의	1
이승모	1
이승엽야구장학재단	1
이승엽에	1
이승엽의	1
이승엽장학재단	1
이승우가	1
이시영	1
이식받은	1
이식한다는	1
이식해	1
이야기꾼	1
이야기꾼과	1
이야기꾼이	1
이야기는	1
이야기랍니다	1
이야기에	1
이야기엔	1
이야기의	1
이야기죠	1
이야기책	1
이야기할	1
이양한	1
이어가고파	1
이어가길	1
이어가야	1
이어가자	1
이어갈까종합	1
이어받을까	1
이어야	1
이어온	1
이어져종합	1
이어져종합2보	1
이어지게	1
이어지길	1
이어지길종합	1
이어지나	1
이어지도록	1
이어질까종합	1
이어질뻔종합	1
이어질수도	1
이어질수도속보	1
이어폰도	1
이어폰이	1
이어폰형	1
이에	1
이에게	1
이에스에이	1
이엔쓰리	1
이엔테크놀로지와	1
이엠코리아	1
이영표의	1
이영하에	1
이와	1
이완영	1
이외수	1
이용가	1
이용고객	1
이용규	1
이용땐	1
이용률은	1
이용사업	1
이용수기	1
이용에	1
이용요금	1
이용자는	1
이용자들	1
이용자보호정책	1
이용자수	1
이용자에	1
이용자에도	1
이용자와	1
이용자주간	1
이용자통신사	1
이용하다니	1
이용하지	1
이용해달라	1
이우정	1
이웃과	1
이웃나라와	1
이웃들	1
이웃에	1
이웃의	1
이웃이자	1
이원수문학관	1
이원욱	1
이원욱종합	1
이유가	1
이유는종합	1
이유없는	1
이유없다	1
이유정	1
이윤택도	1
이윤택이	1
이응노미술관	1
이의신청	1
이의신청서	1
이의제기할	1
이익보호	1
이익에	1
이익은	1
이익창출한	1
이인영2보	1
이임	1
이임의	1
이자도	1
이자람	1
이자람과	1
이자람의	1
이자로	1
이자보전종합	1
이자부담	1
이자비용도	1
이자비용만	1
이자수입	1
이자장사	1
이자장사로	1
이장	1
이재만	1
이재명sbs	1
이재명남경필	1
이재민에게	1
이재영다영	1
이재영프레스코	1
이재우	1
이재우씨	1
이적생이	1
이적시켜줘	1
이적에	1
이적은	1
이적을	1
이적의	1
이적하는	1
이적한	1
이적한다면	1
이전보다	1
이전상장에	1
이전설	1
이전수준	1
이전에도	1
이전율	1
이전으로	1
이전은	1
이정서씨	1
이정표속보	1
이정표에	1
이정표종합	1
이정현드림팀이	1
이정현선출에	1
이정현에	1
이정현이	1
이정후만큼	1
이제부터가	1
이제부터종합	1
이제욱	1
이주형씨로	1
이중고종합	1
이중국적자종합4보	1
이중등록제	1
이중섭의	1
이중위기에	1
이중적	1
이즈	1
이즈모급	1
이지스운용	1
이지윤	1
이지윤의	1
이지케어텍	1
이지호	1
이집트계	1
이집트대박물관	1
이집트여객기	1
이집트와	1
이집트재무	1
이집트참사	1
이집트항공	1
이차원	1
이참에	1
이창민	1
이청용도	1
이청용은	1
이청용의	1
이청준	1
이체도	1
이층버스에	1
이큐스트	1
이큐파트너스	1
이탈렉시트	1
이탈로	1
이탈리아도	1
이탈리아독일	1
이탈리아스웨덴	1
이탈리아에서	1
이탈리아와	1
이탈리아의	1
이탈리아입양가정협회	1
이탈리아중국	1
이탈리아축구협회장	1
이탈리아판	1
이탈리아프랑스	1
이탈리아행	1
이탈하나	1
이탈한	1
이탈할	1
이태규	1
이태규로	1
이택근의	1
이통3사도	1
이통3사알뜰폰	1
이통3사의	1
이통대리점	1
이통사도	1
이통사별	1
이통사서도	1
이통사업자	1
이통시장은	1
이통유통협회	1
이틀동안	1
이틀뒤	1
이틀새	1
이틀에	1
이틀은	1
이틀째도	1
이패스고시	1
이하면서	1
이하일	1
이한샘의	1
이합집산	1
이항진	1
이해관계자	1
이해도	1
이해못해	1
이해성	1
이해속보	1
이해에	1
이해찬반기문	1
이해찬홍영표	1
이해충돌	1
이해하거나	1
이해하는	1
이해하려	1
이해하려면	1
이해한다	1
이해할	1
이해해	1
이해해가는	1
이해해요	1
이해해줄	1
이행노력종합	1
이행률	1
이행모드	1
이행방법에	1
이행범위	1
이행상황	1
이행약정	1
이행의지	1
이행이	1
이행점검	1
이행종합	1
이행중단	1
이행추진위	1
이행축소종합	1
이행할	1
이행해도	1
이현세	1
이형종	1
이형종의	1
이호철	1
이혼상담	1
이혼으로	1
이혼청구	1
이혼한	1
이후권	1
이후를	1
이후에는	1
이흥련	1
이희진	1
이희호권양숙	1
익명신고시스템	1
익명엔	1
익명으로	1
익명의	1
익명정보	1
익사한	1
익산	1
익산여성영화제	1
익숙해지니	1
익스피리언서	1
익어가는	1
익혀서	1
인가로	1
인가받아	1
인간고수	1
인간과학의	1
인간능력	1
인간다운	1
인간답게	1
인간띠	1
인간배아의	1
인간보다	1
인간복제줄기세포	1
인간실격	1
인간에	1
인간에게	1
인간유전자	1
인간일	1
인간입니까	1
인간적으로	1
인간처럼	1
인간컴퓨터	1
인간한계	1
인간형	1
인경스님	1
인공강우	1
인공고기	1
인공광합성에	1
인공섬에	1
인공세포막	1
인공수정	1
인공신경	1
인공신경망	1
인공이	1
인공잎	1
인공장기	1
인공장치	1
인공조작	1
인공지능ai	1
인공지능부터	1
인공지능서비스	1
인공지능시대의	1
인공지능에서	1
인공지능주	1
인공팔	1
인구구조	1
인구성장률	1
인구쇼크	1
인구유출에	1
인구이동	1
인구조사	1
인구조사서	1
인구증가율	1
인구지도	1
인구집중화	1
인권개선촉구	1
인권공세는	1
인권교육	1
인권기구	1
인권단체들도	1
인권대표	1
인권문제나	1
인권문제와	1
인권법도	1
인권법안도	1
인권변호사에	1
인권보고관	1
인권보고서	1
인권보장	1
인권상에	1
인권선언문에	1
인권실태	1
인권연극제	1
인권옹호가	1
인권위서	1
인권위에	1
인권윤리경영	1
인권은	1
인권이	1
인권이야기	1
인권재단은	1
인권참상	1
인권최고대표	1
인권탄압	1
인권피해자	1
인권행보	1
인권활동가	1
인근에서	1
인근피격	1
인기몰이종합	1
인기번호	1
인기비결은	1
인기속	1
인기예능	1
인기제품	1
인기지역	1
인기직업	1
인내가	1
인내에	1
인내정책	1
인니로	1
인니정부	1
인니특사	1
인니필리핀	1
인당	1
인더스트리	1
인데	1
인덱스	1
인덱스주식펀드는	1
인도계	1
인도공군	1
인도군	1
인도내	1
인도네시아전	1
인도는	1
인도대사	1
인도로	1
인도문화축제	1
인도박물관	1
인도산	1
인도시장서	1
인도시장을	1
인도양서	1
인도양에서	1
인도에서	1
인도이야기	1
인도적으로	1
인도적지원	1
인도종합	1
인도지부장	1
인도지원	1
인도지점	1
인도청구	1
인도키로	1
인도태평양	1
인디애나서	1
인디애나에	1
인디애나전	1
인디언	1
인력거꾼	1
인력만	1
인력충원	1
인류무형문화유산	1
인류무형유산	1
인류발상지	1
인류유산이	1
인류의	1
인류학박물관	1
인류학자가	1
인류학자는	1
인명보호	1
인명사고	1
인명피해는	1
인문강좌	1
인문교류	1
인문교류행사	1
인문교양서	1
인문독서예술캠프	1
인문프로그램	1
인문학당	1
인문학의	1
인물에	1
인물화	1
인민	1
인민낙원	1
인민대표	1
인민대회당	1
인민무력부	1
인민무력부장	1
인민배우	1
인민보안부장	1
인민보안상	1
인민복	1
인민복과	1
인민생활	1
인민에서	1
인부	1
인사2보	1
인사개입	1
인사교체로	1
인사권	1
인사기록카드에서	1
인사까지	1
인사드릴게요	1
인사말듣는	1
인사설	1
인사쇄신	1
인사시키는	1
인사원칙	1
인사종합2보	1
인사청문도	1
인사청문회법	1
인사청문회서	1
인사청문회해야	1
인사체제	1
인사추천	1
인사하고	1
인사혁신처	1
인산인해종합	1
인삼	1
인삼공사는	1
인삼공사도	1
인삼공사를	1
인삼공사만	1
인삼공사서	1
인삼사료	1
인삼송어축제로	1
인상검토종합	1
인상론	1
인상률은	1
인상적	1
인상조치	1
인상종합	1
인상키로	1
인상협상	1
인생대학	1
인생샷	1
인생을	1
인생이	1
인선박차	1
인선서	1
인선은	1
인센티브는	1
인쇄사	1
인쇄장인	1
인쇄책임자	1
인쇄한다	1
인수계획	1
인수과정서	1
인수관련	1
인수금융	1
인수금융펀드	1
인수도	1
인수를	1
인수봉	1
인수위	1
인수위내각	1
인수자금	1
인수제의	1
인수종합2보	1
인수하면	1
인수한	1
인수협상	1
인수후보	1
인슐린분해효소	1
인스타그램도	1
인스타그램만	1
인스타그램서	1
인스타그램으로도	1
인스타그램은	1
인스티튜트에	1
인스퍼	1
인식속보	1
인식을	1
인식차	1
인식차만	1
인식한다	1
인식해야	1
인신	1
인양되지	1
인양을	1
인양준비	1
인연도	1
인연은	1
인용하며	1
인원들	1
인원추방	1
인의	1
인재가	1
인재공약	1
인재교육	1
인재도	1
인재영입발표	1
인재영입에	1
인재영입위원장	1
인재유출	1
인적물갈이	1
인적사항	1
인적청산	1
인정2보	1
인정기준	1
인정될까	1
인정못해	1
인정받은	1
인정예고	1
인정하고	1
인정하나	1
인정하자	1
인정하지	1
인정해야	1
인정해주셔서	1
인정해준	1
인젠트와	1
인종갈등	1
인종비하	1
인종장벽	1
인종주의에	1
인종주의자들에게	1
인종차별과의	1
인종차별주의자	1
인종편견	1
인종혐오	1
인준	1
인준과정은	1
인준투표	1
인증기관에	1
인증대체부품	1
인증사업자	1
인증샷	1
인증시설	1
인증시험	1
인증으로	1
인증표시도	1
인지과학의	1
인지기능에	1
인지장애	1
인지조사해야	1
인지해야	1
인질외교	1
인질참수자	1
인질협상	1
인천경기기자협회	1
인천경찰청	1
인천공항도심	1
인천공항에서	1
인천관광	1
인천다낭	1
인천대	1
인천도	1
인천두바이	1
인천마카오	1
인천보홀	1
인천본사	1
인천브루나이	1
인천소식	1
인천수원	1
인천시	1
인천애틀랜타	1
인천에	1
인천유럽	1
인천지하철	1
인천프랑크푸르트	1
인천항	1
인체감지	1
인체삽입용	1
인체의	1
인출	1
인터넷게시물	1
인터넷기업은	1
인터넷뉴스	1
인터넷매체에	1
인터넷뱅킹	1
인터넷사업자	1
인터넷상에서	1
인터넷서점	1
인터넷선거보도심의위	1
인터넷신문위원회인터넷윤리학회	1
인터넷신문의	1
인터넷언론사	1
인터넷업계의	1
인터넷에서	1
인터넷에코어워드	1
인터넷으로	1
인터넷은	1
인터넷을	1
인터넷이냐	1
인터넷이용률	1
인터넷자율정책기구	1
인터넷전화	1
인터넷주소체계	1
인터넷중계	1
인터넷진흥원구글코리아	1
인터로조	1
인터밀란	1
인터밀란에	1
인터배터리	1
인터뷰집	1
인터파크가	1
인터파크영풍문고	1
인터파크출판계	1
인터플렉스	1
인턴액티브	1
인턴증명서	1
인턴채용종합	1
인턴청탁	1
인테리어	1
인테리어로	1
인텍플러스	1
인텔과	1
인트로	1
인파종합	1
인포바인	1
인포바인과	1
인프라에	1
인플레에	1
인플레율	1
인하대	1
인하도	1
인하론	1
인하압박	1
인하액	1
인하에도	1
인하요구	1
인해	1
인해전술	1
인허가면적	1
인형	1
인형극	1
인형까지	1
인형뽑기	1
인형의집	1
일가는	1
일간	1
일간신문	1
일거리	1
일거리를	1
일격당한	1
일격종합	1
일곱	1
일곱번	1
일관된	1
일관성	1
일관했던	1
일괄검사	1
일괄보상종합	1
일괄복당	1
일괄사의	1
일괄사표	1
일괄상정종합	1
일괄수매	1
일구고	1
일구대상	1
일구팔공	1
일국양제에	1
일궈낸	1
일그러뜨리는	1
일기부터	1
일기이지만	1
일꾼되겠다	1
일꾼에	1
일꾼이었죠	1
일내자	1
일년에	1
일단락종합3보	1
일대로	1
일대위기	1
일대일로로	1
일대일로와	1
일드프랑스	1
일들	1
일들로	1
일등신화	1
일러스트까지	1
일러종합	1
일렉시티	1
일률	1
일몰제	1
일문일답2끝	1
일문일답종합2보	1
일반가맹점도	1
일반고객	1
일반국민의	1
일반노조에	1
일반분양	1
일반상대성이론	1
일반소비자에	1
일반이사회	1
일반이사회에	1
일반인도	1
일반주주	1
일반직원으로	1
일반판매	1
일방독주	1
일방제재	1
일방취소에	1
일방통보에	1
일보직전서	1
일보후퇴	1
일본경제침략특위로	1
일본계	1
일본근해	1
일본까지	1
일본내	1
일본노선	1
일본대사	1
일본대사관	1
일본롯데홀딩스	1
일본만	1
일본산	1
일본서도	1
일본선	1
일본시리즈	1
일본야구	1
일본어판	1
일본언론	1
일본역사	1
일본으로	1
일본이다	1
일본인들이	1
일본인은	1
일본전서	1
일본제품	1
일본축구	1
일본축구협회	1
일본태국전	1
일본통운	1
일본특위	1
일본폴란드	1
일본해	1
일본해가	1
일본행종합	1
일본현대미술	1
일부국가	1
일부내륙	1
일부만	1
일부선	1
일부에	1
일부종합	1
일부중단	1
일부중단에	1
일산	1
일산에	1
일산화탄소로	1
일삼아vs솔직하지	1
일상같은	1
일상공간서	1
일상공간을	1
일상로	1
일상로5g길	1
일상생활	1
일상어택	1
일상에서	1
일상을	1
일선	1
일성	1
일손부족	1
일손부족에	1
일신	1
일신바이오	1
일어나	1
일어나야	1
일어난다	1
일어날	1
일어났던	1
일어서는	1
일었던	1
일연구팀	1
일왕과	1
일원	1
일으켜야	1
일으켰다	1
일으키자	1
일으킨다	1
일을	1
일이죠	1
일일사용량	1
일임	1
일자리는	1
일자리늘리기	1
일자리만들기	1
일자리법안	1
일자리사업에	1
일자리선언	1
일자리와	1
일자리의	1
일자리정책	1
일자리중심	1
일전	1
일전종합	1
일정공유	1
일정대로	1
일정발표	1
일정부분	1
일정상	1
일정에도	1
일정에서	1
일정으로	1
일정조정	1
일정한	1
일제단속	1
일제때	1
일제정비	1
일제청소	1
일주일만	1
일주일여만에	1
일중청년교류협회	1
일지끝	1
일지종합	1
일지테크	1
일진머티리얼즈	1
일축종합2보	1
일축했지만	1
일치된	1
일치종합	1
일침에	1
일터의	1
일하게	1
일하고	1
일하면	1
일하지않는	1
일할	1
일확천금	1
일확천금의	1
일회용	1
읽는가	1
읽다가	1
읽어내야	1
읽어드립니다	1
읽어보는	1
읽어봐야	1
읽어봤다	1
읽어주기	1
읽었는데	1
읽었을까	1
읽으려면	1
읽을까	1
읽을듯	1
읽히지만	1
잃게	1
잃고	1
잃는	1
잃어버리지	1
잃어요	1
잃어종합	1
잃을것	1
잃을수도	1
잃지않을	1
임계치	1
임계치를	1
임금소송	1
임금은	1
임금체불	1
임금피크	1
임기단축	1
임기마치고	1
임기만료	1
임기말	1
임기영	1
임기중	1
임기중반	1
임단협	1
임대관리	1
임대등록	1
임대비율	1
임대사업	1
임대사업용	1
임대수익	1
임대시장서	1
임대종합	1
임대주택에	1
임대주택의	1
임대주택자금	1
임대폰	1
임대후	1
임도재	1
임도헌호의	1
임명강행	1
임명권	1
임명까지	1
임명동의제	1
임명시	1
임명안	1
임명제청	1
임명종합	1
임명투표	1
임명할듯	1
임명할듯종합	1
임명했을	1
임무는	1
임박에	1
임박영국	1
임박종합	1
임산부	1
임산부의	1
임상1상	1
임상시험	1
임상중단에	1
임솔아	1
임시개장에	1
임시공휴일	1
임시공휴일에	1
임시국회는	1
임시국회서	1
임시대통령도	1
임시법원	1
임시열차	1
임시운행허가	1
임시의정원	1
임시이사	1
임시정부사	1
임시주총	1
임시중단	1
임시허가	1
임시회	1
임시회서	1
임시휴업종합	1
임신부의	1
임신하지	1
임실서	1
임실에	1
임안나	1
임영희와	1
임용서	1
임용후보자	1
임원단	1
임원들에	1
임원제	1
임의	1
임의로	1
임의제출이	1
임의제출종합3보	1
임자혁	1
임정요인	1
임종득	1
임종석전병헌조국	1
임종은	1
임지섭	1
임직원과	1
임직원들	1
임진각	1
임차계약	1
임차보증금	1
임차운영	1
임찬규에	1
임창용의	1
임추위	1
임플란트	1
임플란트시스템	1
임플랜터블	1
임하겠다	1
임하길종합	1
임하지	1
임할	1
임해달라	1
입각	1
입각까지	1
입각해	1
입구에	1
입구조사	1
입국금지하면	1
입국도	1
입국불허	1
입국의	1
입국자	1
입국종합2보	1
입국종합3보	1
입국한	1
입국해	1
입금해준다	1
입기로	1
입는	1
입단시험종합	1
입단은	1
입단하는	1
입담	1
입당불허	1
입당으로	1
입당은	1
입당한	1
입력하면	1
입맛뒷맛	1
입문서	1
입문자를	1
입법권	1
입법기관	1
입법될까	1
입법위원	1
입법전쟁	1
입법조사처장	1
입법종합	1
입법추진	1
입법해야	1
입법회점거	1
입보다는	1
입산	1
입산통제	1
입성자	1
입성종합	1
입성할까	1
입수	1
입수했나	1
입시비리	1
입시에	1
입시철	1
입어본	1
입어요	1
입었네	1
입었다	1
입었다면	1
입열까	1
입원했던	1
입으로	1
입의	1
입이	1
입자물리학으로	1
입장문	1
입장바꿔	1
입장변화	1
입장불허	1
입장속보	1
입장에도	1
입장에선	1
입장은	1
입장정리	1
입장표명에	1
입장하려다	1
입장하며	1
입주기업	1
입주예정	1
입주작가전	1
입주할	1
입증될	1
입증에	1
입증종합	1
입증하려	1
입증할	1
입증할까종합	1
입증해	1
입증해야종합	1
입지선정	1
입찰방식	1
입찰에	1
입찰요청서	1
입찰제한	1
입찰참가	1
입체영상물	1
입체음향	1
입체촬영	1
입촌식	1
입추지만	1
입춘인데	1
입퇴장때	1
입학설명회	1
입학취소	1
입학할	1
입항거부로	1
입항금지에	1
입혀라	1
입혀야	1
입혀야종합	1
입혀줄	1
입회	1
입히고	1
입히기	1
입히니	1
잇	1
잇고	1
잇따르는	1
잇따를	1
잇자	1
있	1
있겠다	1
있길	1
있네	1
있는거지	1
있는것처럼	1
있는날	1
있다속보	1
있단	1
있도록	1
있어1보	1
있어2보	1
있어도	1
있어속보	1
있어야종합	1
있어야죠	1
있어야할	1
있었기에	1
있었는가	1
있었다2보	1
있었다면	1
있었다종합	1
있었던	1
있었지만	1
있으니	1
있을까요	1
있음에	1
잉글랜드로	1
잉글랜드축구	1
잉글랜드축구기자협회	1
잉글랜드풋볼리그efl로부터	1
잉크	1
잊게	1
잊고	1
잊어	1
잊을만	1
잊을만하면	1
잊지말아야	1
잊혀진	1
잎	1
잎의	1
잎차	1
자가	1
자가면역질환	1
자가점포	1
자가주택	1
자가포식	1
자격미달에도	1
자격시험	1
자격없다	1
자격위해	1
자격있나	1
자격정	1
자격정지종합	1
자격증은	1
자고	1
자고나면	1
자구	1
자구노력	1
자구안	1
자구안에	1
자국입장	1
자국장교	1
자국팬에	1
자국항공사	1
자극돼	1
자극적	1
자극한	1
자금돼	1
자금세탁방지기구	1
자금세탁우려국	1
자금수급	1
자금시장	1
자금쏠림	1
자금유출	1
자금으로	1
자금이체	1
자금조달계획서	1
자급	1
자급제는	1
자급제로	1
자급제폰	1
자기비하	1
자기성찰	1
자기에너지	1
자기장	1
자기장으로	1
자기적	1
자기정치	1
자기표현에	1
자꾸	1
자꾸하면	1
자녀가	1
자녀들	1
자녀들에게	1
자는지	1
자다가도	1
자다깨	1
자동납부서비스	1
자동매수	1
자동번역	1
자동번역되는	1
자동번역으로	1
자동분류	1
자동심사모형	1
자동완성	1
자동유지	1
자동이체	1
자동자막	1
자동주행	1
자동차가	1
자동차공업소서	1
자동차딜러대회	1
자동차번호판	1
자동차보험	1
자동차부품주	1
자동차사고	1
자동차사업	1
자동차생산국	1
자동차세	1
자동차세보다	1
자동차에	1
자동차판	1
자동추방	1
자동추천종합	1
자동추천종합2보	1
자동통과시켜야종합	1
자동화기기	1
자동화된	1
자동화로	1
자동화설비	1
자동환급	1
자들	1
자들의	1
자라는	1
자라섬서	1
자락길	1
자락깔기	1
자랑스	1
자랑스러운	1
자랑스러워할	1
자랑스런	1
자랑스럽고	1
자랑하는	1
자력후보	1
자료공개	1
자료로	1
자료전으로	1
자료집	1
자리는	1
자리를	1
자리만	1
자리옮겨	1
자리인가	1
자리잡길종합	1
자리프	1
자막도	1
자막영상	1
자만	1
자만말라	1
자메이카관광청	1
자메이카전에	1
자문변호사	1
자문센터	1
자문위에	1
자문위원들과	1
자문위원장	1
자문형	1
자민당간부	1
자발적으로	1
자본구조	1
자본규제	1
자본론	1
자본비율	1
자본시장과	1
자본시장연구원	1
자본시장연구원장	1
자본시장을	1
자본시장혁신	1
자본시장활성화	1
자본시장활성화특위	1
자본이득세	1
자본주의의	1
자본확충	1
자부심을	1
자비란	1
자비로	1
자산가	1
자산가격	1
자산건전성	1
자산관리상품	1
자산관리세미나	1
자산기준	1
자산동결에	1
자산운용	1
자산운용기업과	1
자산운용시장	1
자산유동화	1
자산유동화증권과정	1
자산으로	1
자산으로서	1
자산을	1
자산재평가	1
자산증가	1
자산투자	1
자산회수	1
자살로	1
자살생중계	1
자살예방	1
자살조장	1
자살총격	1
자살폭탄범은	1
자생식물서	1
자생적으로	1
자서전을	1
자선경	1
자선경매	1
자선경매에	1
자선단체가	1
자선단체로종합	1
자선재단	1
자선축구서	1
자선회사	1
자성	1
자성도	1
자수	1
자수하겠다	1
자수하지	1
자숙해	1
자숙해야	1
자식	1
자식과	1
자신만만	1
자신종합	1
자연계	1
자연과	1
자연과학분야	1
자연보존구역	1
자연사박물관	1
자연성	1
자연의	1
자연임신	1
자연재해처럼	1
자영업부채	1
자영업비서관	1
자영업으로	1
자영업자들	1
자영업자들에	1
자영업자에	1
자외선지수	1
자원활동가	1
자위권적	1
자위대에	1
자위대파병	1
자위적	1
자유계약으로	1
자유공모	1
자유광장	1
자유는	1
자유대한민국	1
자유로워	1
자유로워져	1
자유무역의	1
자유무역협정	1
자유사회	1
자유선거	1
자유시점	1
자유연대	1
자유인가	1
자유찾았다	1
자유침해	1
자유토론	1
자유투로	1
자유한국당의	1
자유화	1
자율	1
자율개선	1
자율결의	1
자율기구	1
자율로	1
자율분산	1
자율삭제	1
자율성보장	1
자율심의	1
자율심의제도	1
자율정화체계	1
자율주행버스	1
자율주행사업	1
자율주행을	1
자율주행자동차	1
자율주행전기차	1
자율주행차까지	1
자율주행차로	1
자율주행차부터	1
자율주행차의	1
자율투표	1
자율협약후	1
자율훈련으로	1
자이언츠	1
자이언츠전	1
자이에스앤디	1
자작나무	1
자재창고에	1
자전	1
자전거로	1
자전거사고	1
자전거여행길	1
자전거와	1
자전거타고	1
자전적인	1
자정까지	1
자정노력종합	1
자정능력	1
자정부터	1
자정이면	1
자제가	1
자제력	1
자제요구	1
자제요구종합	1
자제요청에	1
자제종합2보	1
자제촉구	1
자제하고	1
자제하기로	1
자제하라	1
자제하세요종합	1
자제하자	1
자존심과	1
자존심으로	1
자존심은	1
자주적	1
자주적으로	1
자주포	1
자진신고하면	1
자책골로	1
자책점	1
자책하는	1
자처한	1
자처했던	1
자청종합	1
자체분석	1
자체신용제	1
자체에	1
자체운영	1
자체제작	1
자체편집	1
자축종합	1
자축포	1
자충수일까	1
자취를	1
자치구마다	1
자치단체	1
자치법규	1
자치역행	1
자카르타서	1
자카르타팔렘방	1
자택으로	1
자판기	1
자폐증도	1
자하	1
자하로바	1
자화자찬으로	1
자화자찬하지만	1
자회사가	1
자회사로	1
작	1
작가그룹	1
작가님	1
작가도	1
작가들과	1
작가들에	1
작가들을	1
작가로부터	1
작가명	1
작가미술장터	1
작가상	1
작곡가가	1
작곡가로	1
작곡상에	1
작곡한	1
작년까지	1
작년대비	1
작년동기	1
작년동기비	1
작년만	1
작년말	1
작년부터	1
작년비	1
작년에도	1
작년엔	1
작년치	1
작동종합	1
작동하나	1
작동하네	1
작동할까	1
작동했나	1
작동했다	1
작렬종합	1
작렬하고	1
작렬한	1
작물	1
작물개발에	1
작별상봉만	1
작별인사	1
작별종합	1
작사	1
작사한	1
작심비판	1
작심하고	1
작아지고	1
작아지는	1
작업거부	1
작업거부에	1
작업대출은	1
작업도	1
작업복귀	1
작업에	1
작업의	1
작업일지를	1
작업중지	1
작업추정	1
작업추정종합	1
작업효율	1
작용한	1
작용했다	1
작은거인	1
작은딸	1
작은음악회	1
작은창극	1
작자	1
작전반경	1
작전에	1
작전은	1
작전타임	1
작품보다	1
작품상	1
작품으로	1
작품은	1
작품을	1
작품의	1
작품전	1
작품종합	1
잔	1
잔고기준	1
잔당	1
잔디마당서	1
잔뜩	1
잔루율	1
잔류가	1
잔류계약	1
잔류승격	1
잔류옵션	1
잔류이적	1
잔류자	1
잔악한	1
잔에	1
잔여경기	1
잔여지분	1
잔치열어	1
잔해에	1
잔혹종합	1
잘까	1
잘다녀오세요	1
잘돼야	1
잘되도록	1
잘될	1
잘라	1
잘라야	1
잘렸을	1
잘리는	1
잘먹고	1
잘못은	1
잘못있으면	1
잘못종합	1
잘못하면	1
잘못한	1
잘못했다	1
잘버는	1
잘살게	1
잘싸워준	1
잘싸웠다	1
잘써서	1
잘쓰는	1
잘왔다	1
잘츠부르크와	1
잘하는데	1
잘하는지	1
잘하라는	1
잘하려는	1
잘하지만	1
잘한	1
잘할게요	1
잘해	1
잘해도	1
잘해봅시다	1
잘해서	1
잘해야죠	1
잘해왔다	1
잘해요	1
잘해주고	1
잘해준	1
잠과	1
잠그고	1
잠그기	1
잠금화면앱	1
잠금화면에서	1
잠들다종합	1
잠들면	1
잠들었다	1
잠들지	1
잠못	1
잠못드는	1
잠수정	1
잠수함발사	1
잠수함서	1
잠수함에	1
잠시나마	1
잠실구장서	1
잠실로	1
잠실만	1
잠실벌	1
잠실야구장	1
잠실야구장에	1
잠실은	1
잠실의	1
잠실징크스까지	1
잠실한강공원서	1
잠은	1
잠이	1
잠잘	1
잠잠하던	1
잠잠했던	1
잠재력종합2보	1
잠재우고	1
잠재우기	1
잠재운	1
잠재울까종합	1
잠재종합	1
잠재종합2보	1
잠정폐쇄	1
잡	1
잡기에	1
잡나종합	1
잡는것보다	1
잡다가	1
잡미팅	1
잡스	1
잡스는	1
잡신호냐	1
잡아가종합	1
잡아달라	1
잡아먹나	1
잡아올리는데	1
잡으려다	1
잡은지	1
잡을때도	1
잡을라	1
잡지가	1
잡지를	1
잡혀있을	1
잡혀종합	1
잡히는	1
잡히자	1
잡히지	1
잡힌다	1
잡힐라	1
잣대	1
잣대로	1
잤다	1
장갑에	1
장과	1
장관대행	1
장관역량	1
장관의	1
장교	1
장교도	1
장군	1
장군봉까지	1
장기거래	1
장기계약하면	1
장기과제	1
장기과제종합	1
장기과제종합2보	1
장기관점에서	1
장기보관	1
장기비전	1
장기신용등급	1
장기안심	1
장기이식을	1
장기임대	1
장기자랑	1
장기전략	1
장기전세	1
장기집권으로	1
장기채무	1
장기체류하면	1
장기체류형	1
장기통계	1
장난감도	1
장난치나	1
장남에	1
장남이	1
장년층	1
장대한	1
장래	1
장래소득	1
장려	1
장례	1
장례까지	1
장례식같은	1
장례식서	1
장례식에	1
장례위원으로	1
장례위원장	1
장례위해	1
장류축제	1
장르문학	1
장르소설	1
장르소설계	1
장르소설들	1
장르와	1
장마당서	1
장맛비에도	1
장미같은	1
장미경	1
장미길	1
장미꽃	1
장미꽃의	1
장미는	1
장밋빛	1
장벽설치	1
장병규	1
장병들	1
장병이	1
장비분야에	1
장비사용	1
장비사용시	1
장비업체로	1
장사씨름대회도	1
장사익이	1
장생포	1
장생포서	1
장서	1
장석남	1
장석주	1
장석주의	1
장성간	1
장성들	1
장성에	1
장세	1
장소는	1
장소세포	1
장소에	1
장수동물	1
장수보성	1
장수비결	1
장수에	1
장수폰	1
장시간	1
장시호	1
장식들	1
장식박물관	1
장신선수	1
장신세터	1
장악에	1
장악종합	1
장악했나	1
장애가정	1
장애선수	1
장애예술인과	1
장애인과	1
장애인기능올림픽	1
장애인도	1
장애인문화예술축제	1
장애인사이클	1
장애인성폭력	1
장애인스포츠	1
장애인에겐	1
장애인예술축제	1
장애인용	1
장애인직업안정연구원과	1
장애인체육회에	1
장애종합	1
장애종합3보	1
장어	1
장외논객들	1
장외에선	1
장외카드로	1
장외파생상품	1
장욱진	1
장욱진의	1
장원준만	1
장위1	1
장위뉴타운	1
장으로	1
장인의	1
장자연과	1
장점	1
장점마을에	1
장점이	1
장점종합	1
장종료	1
장진영	1
장차관	1
장차관들에	1
장착종합	1
장착한	1
장착한다	1
장창	1
장창하	1
장충에서	1
장충체육관서	1
장타만	1
장타쇼	1
장터서	1
장터이야기	1
장편	1
장하다	1
장학생만	1
장학재단에	1
장학증서	1
장현수가	1
장현수에	1
장현수에게	1
장후반	1
잦아드나종합	1
잦아들까	1
잦은	1
재	1
재가동전	1
재가종합	1
재간접	1
재간접투자	1
재감사의견	1
재강조	1
재개관할	1
재개되나	1
재개되면	1
재개될	1
재개로	1
재개방종합	1
재개여부	1
재개종합2보	1
재개키로	1
재개하면	1
재개한다	1
재개할까종합	1
재개했지만	1
재건사업	1
재건지원	1
재건축부담금	1
재건축사업안	1
재건축의	1
재건축이	1
재건축조합	1
재검	1
재검진	1
재검토종합	1
재검토할	1
재검표하나	1
재검표할까	1
재결성	1
재결집	1
재경관	1
재경기	1
재경기서	1
재계약교체	1
재계약때	1
재계약률	1
재계약이요	1
재계약종합	1
재계약하자고	1
재계약할	1
재계총수도	1
재고소진	1
재고하라	1
재공모에	1
재기를	1
재기상	1
재깍대던	1
재난경보	1
재난관리기관	1
재난급	1
재난망	1
재난방송시스템	1
재난방송은	1
재난법	1
재난상황서	1
재난안전망	1
재난에	1
재난재해	1
재난정보	1
재난지역	1
재난참사들	1
재난현장	1
재논의종합	1
재논의종합2보	1
재논의해야	1
재능	1
재능도	1
재단법인화	1
재단에	1
재당첨제한	1
재대만협회	1
재도배	1
재도약해야	1
재도전종합	1
재도전하겠다	1
재도전하는	1
재돌파	1
재돌풍종합2보	1
재동결	1
재등장	1
재래시장	1
재료에도	1
재목	1
재무개선종합	1
재무건전성	1
재무구조	1
재무부	1
재무상	1
재무안전성	1
재무안정에	1
재무장관의	1
재무차관	1
재무책임자	1
재무컨설팅까지	1
재미	1
재미교포들	1
재미까지	1
재미난	1
재미동포	1
재미로	1
재미를	1
재미없는	1
재미있게	1
재미있는	1
재밌는	1
재밌어서	1
재밌지만	1
재반박종합	1
재발견한다	1
재발않게	1
재발은	1
재발해	1
재방문율	1
재방종합	1
재벌과	1
재벌금융그룹	1
재벌닷컴	1
재벌비정규직	1
재벌이	1
재보궐	1
재부각	1
재부각에	1
재빨리	1
재사용	1
재산관리인	1
재산급증	1
재산까지도	1
재산문제로	1
재산보호	1
재산신고	1
재산총액	1
재상고	1
재생	1
재생수	1
재생은	1
재선거에	1
재선들	1
재선을	1
재선임안	1
재선택	1
재소자끼리	1
재소자보다	1
재소집	1
재수끝	1
재수사하라	1
재수정	1
재승선	1
재시도할	1
재압류	1
재압박에	1
재앙될것	1
재앙인	1
재앙일까	1
재약정	1
재역전포	1
재연기	1
재연되나	1
재연장	1
재연종합	1
재연하는	1
재영입	1
재외국민들	1
재외국민에	1
재외동포	1
재외동포들과	1
재외유권자는	1
재위중	1
재의	1
재의결	1
재의요구안	1
재의할	1
재일	1
재일동포	1
재일본도쿄조선ymca회관의	1
재일본한국ymca회관의	1
재임대	1
재임중	1
재입경	1
재입성	1
재입성하기까지	1
재입성하기까지종합	1
재작년부터	1
재점화에	1
재정개혁특위	1
재정건전성	1
재정격차	1
재정관리	1
재정난에	1
재정비상사태	1
재정신청	1
재정여력	1
재정지출안	1
재정협약	1
재정확대	1
재정흑자	1
재조명돼야종합	1
재조명된	1
재조명한	1
재조사	1
재조사해야	1
재즈까지	1
재즈로	1
재즈의	1
재즈클럽으로	1
재지명	1
재직기념패에	1
재직대학	1
재진입하나	1
재집권종합2보	1
재집권종합3보	1
재집권하겠다	1
재창출	1
재초청이	1
재촉할	1
재추적	1
재추적종합	1
재추진하지	1
재충돌종합	1
재킷	1
재탄생하다	1
재탄생한다	1
재특검	1
재판계속종합	1
재판매권	1
재판받거나	1
재판받는	1
재판받을땐	1
재판앞두고	1
재판은	1
재판종합	1
재판증언	1
재판처럼	1
재판통해	1
재판회부	1
재팬	1
재편된다	1
재편은	1
재편하나	1
재편해야	1
재하도급	1
재합의	1
재해구호	1
재해대책	1
재해방지	1
재현될	1
재현의	1
재현할까	1
재현해	1
재협상도	1
재협상은	1
재협상할	1
재협상해야	1
재혼	1
재혼남과	1
재확립	1
재활경기서	1
재활시설	1
재활시설서	1
재활용로켓	1
재활용하는	1
재활의	1
재활치료	1
재활훈련	1
재회는	1
잭	1
잰다	1
쟁의	1
쟁점될까	1
쟁점별	1
쟁점서	1
쟁점으로	1
쟁점종합	1
쟁점종합2보	1
저가매수	1
저가수출	1
저가폰	1
저가폰까지종합2보	1
저감기술	1
저감조차	1
저감캠페인	1
저강도	1
저격수로	1
저금리로	1
저금리전셋값	1
저금리정책	1
저널리즘의	1
저널리즘토크쇼	1
저녁까지	1
저녁은	1
저력	1
저를	1
저만	1
저무는	1
저물어가는	1
저버려	1
저부터	1
저비용항공사들	1
저소득자	1
저소득층이	1
저술	1
저술지원	1
저스티스	1
저스티스맨	1
저스피드	1
저에게	1
저연봉선수	1
저온센서	1
저울질했던	1
저유가에	1
저의	1
저임금	1
저자가	1
저자도	1
저자의	1
저작권교류협력	1
저작권법안	1
저작권신탁단체	1
저작권은	1
저작물보상금	1
저작상	1
저작자에	1
저장공간	1
저장성	1
저장소는	1
저장장치	1
저장하는	1
저장한도도	1
저장해요	1
저전력으로	1
저점	1
저점매수	1
저조도	1
저조땐	1
저조하려나	1
저조한	1
저지냐	1
저지당하는	1
저지르면	1
저지르지	1
저지를	1
저지무산	1
저지실패에	1
저지에	1
저지위해	1
저지하는	1
저지할	1
저지해야	1
저질	1
저질러	1
저질렀단	1
저질정보	1
저축	1
저축률	1
저축못해	1
저출산대책	1
저출산대책까지	1
저출산으로	1
저커버그가	1
저커버그와	1
저하의	1
저항뿐	1
저항성	1
저항에	1
저항종합	1
저항종합2보	1
저항할	1
저해속보	1
저해할수도	1
저활용장비	1
적거나	1
적게	1
적격	1
적격담보	1
적격심사	1
적극대응종합	1
적극역할종합	1
적극이행	1
적극재정	1
적금도	1
적금상품	1
적기속보	1
적기에	1
적다	1
적대세력	1
적대엔	1
적대정책	1
적대행위종식	1
적도속보	1
적들이	1
적로	1
적발금액	1
적발로	1
적발종합	1
적법종합	1
적법했다	1
적법화	1
적보다	1
적설에	1
적셔	1
적시	1
적시타까지종합	1
적시할듯	1
적시할듯종합2보	1
적신다	1
적신호	1
적신호에	1
적십자사로	1
적십자회담	1
적외선	1
적외선까지	1
적용받아야	1
적용제품	1
적용종합2보	1
적용할	1
적용해야	1
적응시간	1
적응에	1
적응이	1
적응하면	1
적응했다	1
적응훈련이	1
적인	1
적임자론	1
적임자인가	1
적자나면	1
적자도	1
적자재정	1
적자축소	1
적자폭	1
적자폭은	1
적전분열	1
적전분열종합	1
적절리얼미터	1
적절치	1
적절할수도1보	1
적절할수도2보	1
적절할수도종합	1
적정연구비	1
적중률	1
적중했다	1
적지만	1
적지침투훈련	1
적통논쟁	1
적통정당	1
적폐세력	1
적폐척결해야	1
적합	1
적합인증	1
적힌	1
적힌대로	1
전ceo	1
전가을	1
전개는	1
전개에	1
전개할	1
전격방문	1
전격수사	1
전격회동	1
전고체전지	1
전곡서	1
전공교차	1
전공교차종합	1
전공생은	1
전공을	1
전광인이	1
전광훈	1
전구가	1
전구단	1
전구사업	1
전국과학전람회	1
전국구스타	1
전국노동위원회	1
전국농어촌군수협의회	1
전국단위	1
전국대학학생회네트워크	1
전국도	1
전국도서관대회	1
전국동시조합장선거	1
전국동시지방선거	1
전국생활문화축제	1
전국선거	1
전국순회	1
전국시도기자단	1
전국씨름대회	1
전국여성위원장	1
전국여자축구대회	1
전국위	1
전국위는	1
전국위서	1
전국위원장	1
전국위원회	1
전국재해구호협회에	1
전국지방선거	1
전국최고	1
전국축제	1
전국퇴직금융인협회	1
전국학교비정규직연대회의	1
전국해양스포츠대회	1
전권달라	1
전권이양종합	1
전극개발	1
전극으로	1
전기공급시설	1
전기되도록	1
전기로	1
전기문학으로	1
전기버스	1
전기보다	1
전기봉에	1
전기부터	1
전기비행기	1
전기생산하면서	1
전기스쿠터	1
전기영화	1
전기이륜차	1
전기자동차	1
전기자전거	1
전기적	1
전기전도도	1
전기전자	1
전기종합	1
전기차배터리	1
전기차에	1
전기통신사업자	1
전기화물차	1
전까지는	1
전날인	1
전남교육청	1
전남남해안에	1
전남노조	1
전남대	1
전남도	1
전남도kbs광주	1
전남도당	1
전남도의원	1
전남도의회	1
전남의	1
전남해안	1
전년의	1
전년틀	1
전념하기로	1
전단	1
전달2보	1
전달과	1
전달교도	1
전달기술	1
전달대비	1
전달되는	1
전달받고	1
전달종합2보	1
전달종합3보	1
전달체	1
전달키로	1
전달하고	1
전달했다고	1
전담기구	1
전담마크	1
전담해설사	1
전당대회서	1
전당서	1
전당원	1
전당원투표	1
전대개입으로	1
전대러브스토리로	1
전대모드	1
전대와	1
전대통령	1
전대투표	1
전대효과	1
전도	1
전도도	1
전도됐는데	1
전도사	1
전도사로	1
전동스쿠터	1
전동카트	1
전두환이면	1
전라감영길	1
전라도	1
전라도엔	1
전라지역	1
전락한	1
전략군이	1
전략군절	1
전략기획위원장에	1
전략까지	1
전략노선	1
전략대화	1
전략도	1
전략무기감축협정	1
전략무기로	1
전략변화	1
전략분야에	1
전략사령부	1
전략산업	1
전략으로	1
전략자산	1
전략자원	1
전략적동반자	1
전략필요	1
전력굴기	1
전력난	1
전력난에	1
전력문제	1
전력문제도	1
전력분석팀	1
전력사	1
전력사용	1
전력손실	1
전력수요	1
전력은	1
전력이탈	1
전력질주가	1
전력판매	1
전력판매수입	1
전력화	1
전력화에	1
전령사	1
전말기	1
전망15일	1
전망2보	1
전망경로와	1
전망과	1
전망에서도	1
전망영국	1
전면개장	1
전면개정안	1
전면개정판	1
전면공개	1
전면공세	1
전면광고까지	1
전면교체	1
전면금지하라	1
전면부인	1
전면상봉	1
전면재개	1
전면재개종합	1
전면재개종합2보	1
전면점화	1
전면중단	1
전면중단에	1
전면차단	1
전면폐지	1
전면해제	1
전문가그룹	1
전문가는	1
전문가도	1
전문가처럼	1
전문가회의서	1
전문관	1
전문교육기관	1
전문기술	1
전문기업	1
전문매장	1
전문사기	1
전문에	1
전문의	1
전문자료	1
전문잡지	1
전문직에	1
전문직으로	1
전문채널	1
전문투자형	1
전반에만	1
전방부대	1
전방압박으로	1
전방에서	1
전방위로	1
전방위압박	1
전방위적	1
전방지역	1
전범과	1
전범기업에	1
전범재판소	1
전복돼	1
전부개정종합	1
전부다	1
전부승소2보	1
전부승소종합	1
전북경찰	1
전북과의	1
전북교통방송과	1
전북기자상	1
전북대	1
전북보도사진전	1
전북서울	1
전북선관위	1
전북수원	1
전북시민단체들	1
전북언론사	1
전북에도	1
전북에서만	1
전북은	1
전북의	1
전북일보	1
전북지부	1
전북포럼	1
전북현대	1
전분기보다	1
전분기의	1
전사들	1
전사로	1
전사워크숍	1
전사자	1
전산	1
전새얀	1
전서	1
전설에게	1
전성기	1
전세가	1
전세값이	1
전세거래	1
전세계가	1
전세계를	1
전세기로	1
전세로	1
전세보증보험	1
전세시장	1
전세임대주택	1
전세임대주택에	1
전세진조영욱	1
전세특례보증	1
전소정	1
전속계약	1
전송량	1
전수조사하자	1
전술유도무기	1
전승밖에	1
전승에	1
전승으로	1
전승절	1
전승종합	1
전승하고	1
전시공연	1
전시근로역	1
전시논란계속	1
전시되는	1
전시로는	1
전시를	1
전시서	1
전시실	1
전시작가	1
전시장에	1
전시장에서	1
전시전	1
전시회서	1
전액손실	1
전야	1
전야제서	1
전어	1
전어의	1
전에도	1
전엔	1
전역자	1
전역종합2보	1
전역하면	1
전역한	1
전열정비	1
전염되는가	1
전염력	1
전염병	1
전용가능	1
전용경기장	1
전용공간	1
전용앱	1
전용열차로	1
전용차량	1
전용차로	1
전용체육관	1
전용홀서	1
전용회선	1
전우여	1
전우회	1
전운에도	1
전원과	1
전원교체종합	1
전원만	1
전원위	1
전원추방종합	1
전원회의	1
전월	1
전월보다	1
전위부대	1
전위적인	1
전이경	1
전이경과	1
전이세포에	1
전이암	1
전인권	1
전입	1
전자결제사업	1
전자계약	1
전자계약하면	1
전자금융결제수단별	1
전자금융업	1
전자기기	1
전자기파로	1
전자랜드는	1
전자랜드의	1
전자랜드전	1
전자문서	1
전자문서관리시스템	1
전자비자	1
전자서명	1
전자서명기술	1
전자섬유	1
전자식	1
전자업계도	1
전자음악	1
전자잡지형	1
전자장비	1
전자장치	1
전자정부	1
전자제품	1
전자증권시스템	1
전자지도	1
전자출판사	1
전자통신연구원	1
전자투표	1
전자현미경	1
전작엔	1
전장관	1
전장서	1
전장에서	1
전장용	1
전쟁가능	1
전쟁강간	1
전쟁국가	1
전쟁기념관	1
전쟁까지야	1
전쟁까진	1
전쟁도	1
전쟁도발	1
전쟁만은	1
전쟁배상	1
전쟁범죄종합	1
전쟁예비물자	1
전쟁위기	1
전쟁준비	1
전쟁참화	1
전쟁터될라	1
전쟁터를	1
전쟁터와	1
전쟁하려	1
전쟁행위	1
전쟁행위종합	1
전쟁희생자	1
전적	1
전적으로	1
전제	1
전조는	1
전조일까	1
전주고	1
전주권	1
전주방송총국	1
전주보다	1
전주시	1
전주에서	1
전주월드컵구장서	1
전주을	1
전주지검	1
전주한옥마을의	1
전주한옥마을종합	1
전지보다	1
전지훈련의	1
전직관료들	1
전직대사들	1
전직대통령	1
전직도	1
전직원	1
전직원에	1
전직의원까지	1
전직총리현직대통령	1
전진대회	1
전진하겠다종합	1
전진할것	1
전차	1
전차량	1
전차부대	1
전차선	1
전체가	1
전체로	1
전체보다	1
전체의	1
전체적으로	1
전체회의로	1
전체회의서	1
전초기지로	1
전초전서	1
전초전에	1
전태일에서	1
전통가구	1
전통공연	1
전통공연예술진흥재단	1
전통과학대학	1
전통된장	1
전통등	1
전통등도	1
전통문화융합연구사업단	1
전통복식	1
전통시장에서	1
전통연희	1
전통예술	1
전통음악은	1
전통이	1
전통이다	1
전통장류	1
전통화로	1
전투기는	1
전투기도	1
전투기로	1
전투기와	1
전투장비	1
전파기록	1
전파기술	1
전파누리	1
전파는	1
전파방송	1
전파산업	1
전파시험	1
전파진흥기본계획	1
전파통신	1
전파해요	1
전하고	1
전하며	1
전해주는	1
전해질	1
전했다	1
전향	1
전향적	1
전형위원회	1
전형으로	1
전형적	1
전화걸고	1
전화로	1
전화번호	1
전화번호로	1
전화상담	1
전화외교	1
전화인터뷰	1
전화접촉	1
전화폭탄	1
전화호출	1
전환기간	1
전환기간연장	1
전환기능	1
전환기술	1
전환도	1
전환돼야	1
전환사채권	1
전환사채로	1
전환신주로	1
전환위해	1
전환은	1
전환주	1
전환주만	1
전환키로	1
전환하는	1
전환한다종합	1
전환할까	1
전환해야	1
전회	1
절	1
절감기술	1
절경에	1
절기상	1
절기에	1
절대권력	1
절대불가	1
절대없다	1
절대적으로	1
절대적인	1
절름거리며	1
절박함이	1
절반도	1
절벽서	1
절벽에	1
절상	1
절상행진	1
절실함	1
절실했다	1
절실히	1
절에서	1
절절한	1
절정에	1
절정의	1
절차대로	1
절차에	1
절친대결	1
절필	1
절하	1
절하할까	1
젊게	1
젊고	1
젊어서	1
젊어진	1
젊어진다	1
젊었을	1
젊은이	1
젊은이를	1
젊은작가상엔	1
젊은피	1
젊음의	1
점거대학	1
점거로	1
점거하고	1
점검단	1
점검에	1
점검전력	1
점검중종합	1
점검차	1
점검팀	1
점검하라	1
점검하며	1
점검한	1
점검회의에서	1
점등	1
점령의	1
점령정책에	1
점령종합	1
점수를	1
점수매겨	1
점수화	1
점순	1
점심시간	1
점심시간엔	1
점심식사는	1
점심하러	1
점심회식	1
점유율과	1
점이	1
점자도서관에	1
점자책	1
점잖던	1
점쳐	1
점퍼	1
점포직원	1
점프도	1
점프볼	1
점화될까	1
점화시킨	1
접견결과	1
접경에	1
접경에로	1
접경지	1
접경지역에	1
접근종합	1
접나	1
접는다	1
접목종합	1
접목할	1
접속도	1
접속때	1
접속불가	1
접속없이	1
접속하니	1
접속한	1
접수2보	1
접수된	1
접수하는	1
접수합니다	1
접안1보	1
접안못해종합2보	1
접어	1
접을	1
접전서	1
접전이	1
접전종합2보	1
접촉시	1
접촉에	1
접촉통로	1
접촉하지	1
접촉할까	1
접촉했다	1
젓가락	1
젓가락페스티벌	1
젓갈	1
젓는	1
정가일	1
정갑석	1
정강	1
정개특위에서	1
정객	1
정거장	1
정경	1
정경심영장에	1
정경유착	1
정계개편론까지	1
정계복귀	1
정계복귀설	1
정교해진	1
정국구상종합	1
정국반전	1
정국으로	1
정국주도권	1
정국해법	1
정국해법은	1
정국혼란	1
정권교체는	1
정권교체하겠다	1
정권마다	1
정권서	1
정권심판론도	1
정권야당	1
정권위기로	1
정권의	1
정권이	1
정권이탈	1
정권인수	1
정권입맛	1
정권자멸	1
정권재창출	1
정권주민	1
정권지지율	1
정규기관으로	1
정규리그서	1
정규리그에	1
정규리그에서만	1
정규매장	1
정규방송	1
정규이닝	1
정근우	1
정기공연	1
정기노선	1
정기배송	1
정기세일	1
정기예	1
정기임원인사	1
정기혁	1
정년연장	1
정년연장제	1
정당간	1
정당과	1
정당들에도	1
정당보호	1
정당서	1
정당성이	1
정당으로	1
정당인가	1
정당정책토론회	1
정당종합	1
정당지지도	1
정당집회	1
정당추천제	1
정당하면	1
정당한	1
정당화종합2보	1
정당화할	1
정동	1
정동극장	1
정동근	1
정동에서	1
정동영과	1
정동의	1
정례	1
정례적	1
정례화도	1
정례화키로속보	1
정류장	1
정릉서	1
정리되나종합	1
정리에서	1
정리작업	1
정리한다	1
정면대결	1
정면대응	1
정면대치	1
정면돌파로	1
정면돌파종합	1
정면돌파하나종합	1
정면돌파해야	1
정면승부	1
정무국에	1
정무위원장	1
정무장관직	1
정무판단	1
정밀감식	1
정밀검진	1
정밀공습작전	1
정밀기계	1
정밀분석	1
정밀심사	1
정밀타격	1
정밀타격훈련	1
정밀하게	1
정밀한	1
정병국	1
정보검색용	1
정보격차	1
정보공개	1
정보교환종합	1
정보기관에	1
정보는	1
정보다	1
정보대학	1
정보동맹	1
정보등록	1
정보로	1
정보방송통신인	1
정보보복	1
정보보안은	1
정보보호관리체계	1
정보보호대상	1
정보보호에	1
정보보호의	1
정보보호인력	1
정보부의	1
정보부터	1
정보수장	1
정보시대의	1
정보와	1
정보요원	1
정보위원	1
정보유입을	1
정보은행	1
정보의	1
정보전달	1
정보제공	1
정보통신	1
정보통신기술진흥센터	1
정보통신망	1
정보통신망법	1
정보통신방송	1
정보통신방송법안심사소위	1
정보통신산업진흥원	1
정보통신서비스	1
정보통제	1
정보화	1
정보화시대	1
정보화책임관	1
정보활용역량은	1
정복하겠다	1
정복한	1
정부3	1
정부rd	1
정부tf서	1
정부감정평가사	1
정부광고가	1
정부구매	1
정부국가기구	1
정부군도	1
정부군분리주의	1
정부남부분리주의	1
정부는	1
정부대책	1
정부도	1
정부독주	1
정부들어	1
정부마비	1
정부발행채권	1
정부방침	1
정부비판	1
정부선박	1
정부시위대	1
정부야권	1
정부야당	1
정부에서	1
정부여당	1
정부의지	1
정부이통사	1
정부일정	1
정부입장	1
정부정책	1
정부정책에도	1
정부조사도	1
정부종합	1
정부지분	1
정부지원으로	1
정부지원책	1
정부지지	1
정부청사에	1
정부출연	1
정부탈레반	1
정부통신3사	1
정부포상	1
정부혁신전략회의	1
정비단지	1
정비도	1
정비조합	1
정비통	1
정비후	1
정산	1
정상가족	1
정상간	1
정상개최	1
정상근무	1
정상근무종합	1
정상급과	1
정상끼리	1
정상대화	1
정상들과	1
정상만남	1
정상서	1
정상요금	1
정상인	1
정상일	1
정상일정	1
정상적인	1
정상진료	1
정상탈환	1
정상통화	1
정상화되나	1
정상화되면	1
정상화로	1
정상화종합	1
정상화하기로	1
정상회담과	1
정상회담까지	1
정상회담때	1
정상회담서도	1
정상회담장	1
정상회담장으로	1
정상회담종합	1
정상회담종합2보	1
정상회담종합3보	1
정상회동	1
정상회의는	1
정상회의장의	1
정상훈련	1
정서상	1
정서에	1
정선서	1
정선아리랑시장	1
정선아리랑제	1
정선에서	1
정성	1
정성헌	1
정세균계	1
정세균에	1
정세랑	1
정세불안	1
정세설명	1
정세에도	1
정세종합	1
정수처리	1
정시	1
정식공연으로	1
정식체결	1
정신력이	1
정신못차려	1
정신병력	1
정신상태는	1
정신에	1
정신이면	1
정신장애	1
정액제서	1
정약용	1
정예로	1
정예멤버종합	1
정예부대	1
정오께	1
정운찬에	1
정원서	1
정유업	1
정유업종	1
정유재란	1
정은	1
정읍선	1
정의란	1
정의롭게	1
정의롭고	1
정의롭다	1
정의에	1
정의용양제츠	1
정의용에	1
정의용한일관계	1
정의장4개	1
정의장측	1
정자	1
정자도	1
정자에서	1
정재권	1
정재송	1
정쟁고려	1
정쟁나면	1
정쟁몰이	1
정쟁뿐	1
정쟁에	1
정쟁유발	1
정쟁중단	1
정적들	1
정적인	1
정전부터	1
정전에	1
정전으로	1
정점에	1
정정공고	1
정정불안	1
정정신고서	1
정정요청	1
정정용	1
정제	1
정제하면	1
정조위	1
정조준2보	1
정조준종합	1
정조준종합2보	1
정조처럼	1
정족수미달까지	1
정종섭	1
정주	1
정주행	1
정준	1
정준길도	1
정준영	1
정준영에	1
정중히	1
정지궤도위성	1
정지도	1
정지된	1
정지석은	1
정지선	1
정지작업	1
정지종합2보	1
정진석김무성최경환	1
정착까지	1
정착시	1
정착지원	1
정착하나	1
정착한	1
정찬헌	1
정찰기에	1
정찰영상	1
정찰제	1
정찰총국	1
정찰총국장	1
정찰총국장에	1
정책경쟁	1
정책공간	1
정책공약	1
정책공조가	1
정책공조로	1
정책관	1
정책금융	1
정책기조로	1
정책기획	1
정책기획위원장과	1
정책논쟁	1
정책상품	1
정책설명	1
정책소통	1
정책수단	1
정책실장과	1
정책안	1
정책연구	1
정책연구소장에	1
정책연대	1
정책워크숍	1
정책위	1
정책위수석부의장	1
정책위에	1
정책으로	1
정책은	1
정책의총	1
정책이다	1
정책자금	1
정책자문위	1
정책적	1
정책점검	1
정책정당	1
정책제안	1
정책조정회의	1
정책질의	1
정책회견	1
정책회의	1
정책효과	1
정체되는	1
정체불명	1
정체종합	1
정취를	1
정치가	1
정치갈등	1
정치개혁법안	1
정치개혁서	1
정치개혁제1소위	1
정치개혁제2소위	1
정치개혁특위	1
정치경제학	1
정치공세와	1
정치공작	1
정치공작가이자	1
정치공작종합	1
정치교체	1
정치국회의원	1
정치권까지	1
정치권리	1
정치권서	1
정치권에	1
정치권은	1
정치권이	1
정치까지	1
정치꾼	1
정치문서	1
정치발언종합	1
정치보복성	1
정치보복용	1
정치보복종합	1
정치부장	1
정치분야	1
정치불확실성	1
정치서	1
정치세력	1
정치세력화	1
정치수사	1
정치수사종합	1
정치신예종합	1
정치실험	1
정치에	1
정치용	1
정치이변	1
정치이슈	1
정치이슈20대	1
정치인생을	1
정치인에	1
정치인에게	1
정치입문	1
정치지형	1
정치책무	1
정치체제일까	1
정치하라	1
정치하지	1
정치한풀이	1
정치할	1
정치해석	1
정치행보	1
정치헌금	1
정치혁신의	1
정치혼란	1
정치화	1
정치환경	1
정치활동	1
정크로	1
정탐	1
정탐하면	1
정통	1
정통야당	1
정통한	1
정파마다	1
정파성	1
정하고	1
정하는	1
정한	1
정한대로	1
정한신	1
정할	1
정해서	1
정해질	1
정했는데	1
정협	1
정협위원	1
정호성이	1
정호성최순실	1
정화	1
정화시설	1
정확타격종합	1
정확타격종합2보	1
정확하고	1
정확하지	1
정확해진	1
정황종합	1
정회에	1
정회원에	1
정회종합	1
젖은	1
제10기	1
제119회	1
제11기	1
제11회	1
제132차	1
제13차	1
제13호	1
제14회	1
제152회	1
제17호	1
제180회	1
제18차	1
제1당은	1
제1부부장	1
제1비서	1
제1야당까지	1
제1원전	1
제1위원회	1
제1저자	1
제1차관	1
제21대	1
제21차	1
제21호	1
제22회	1
제23회	1
제243호	1
제24회	1
제27차	1
제29회	1
제2고향	1
제2국민투표시	1
제2당	1
제2도시	1
제2도약	1
제2소위	1
제2중동붐	1
제2창당위원회	1
제2천막당사	1
제2터미널	1
제2터미널서	1
제2터미널에	1
제2트레이닝센터	1
제31차	1
제34회	1
제35회	1
제38회	1
제39주년	1
제3국행	1
제3당	1
제3당을	1
제3세력	1
제3자뇌물	1
제3정당이냐	1
제3후보	1
제3후보에	1
제42호	1
제43회	1
제47회	1
제4세대원자력시스템	1
제4신평사	1
제4이통사	1
제56주년	1
제56회	1
제5의	1
제5차	1
제63회	1
제68주년	1
제6의	1
제73주년	1
제78호	1
제7공화국론	1
제9기	1
제가슴도	1
제각각종합	1
제거됐다	1
제거되길	1
제거된	1
제거법	1
제거수술	1
제거에	1
제거작전에	1
제거종합	1
제거하지	1
제고수단으로	1
제고위해	1
제고종합	1
제공과	1
제공권에	1
제공도	1
제공설데일리nk	1
제공안	1
제공자	1
제공정보	1
제공하겠다	1
제공하라	1
제공한	1
제공해야	1
제과형	1
제구가	1
제구도	1
제구에	1
제국신도의	1
제국주의	1
제기도	1
제기돼	1
제기된	1
제기속	1
제기종합	1
제기할	1
제기했다가	1
제네시스인천시	1
제노레이	1
제노바	1
제노바교량	1
제노솔루션과	1
제노포비아	1
제도개선합의안	1
제도개선후	1
제도의	1
제도전복	1
제도화한	1
제련	1
제로k	1
제로레이팅	1
제로베이스	1
제로베이스서	1
제로베이스에서	1
제로에서	1
제로투세븐	1
제로화	1
제록스	1
제록스리서치센터유럽xrce	1
제명종합	1
제목도	1
제몫하네	1
제물	1
제물되지	1
제발	1
제보도종합	1
제보받은	1
제보에	1
제보자	1
제보자는	1
제보자에	1
제분시설	1
제설	1
제설중속보	1
제시하는	1
제시하라	1
제시하며	1
제시한	1
제시할듯	1
제시해야	1
제시해야종합	1
제안말라	1
제안서	1
제안설명하는	1
제안수용	1
제안오면	1
제안왔고	1
제안의	1
제안종합2보	1
제안해	1
제압종합	1
제압해	1
제약될	1
제약바이오사	1
제약사	1
제약사도	1
제어시스템	1
제어실	1
제왕되려는	1
제왕적	1
제외는	1
제외돼도	1
제외되나	1
제외된	1
제외시	1
제외종합2보	1
제외토록	1
제외하고	1
제외해달라	1
제의1보	1
제의는	1
제의받은	1
제의하면서	1
제의한	1
제이피에셋투자로	1
제일기획에	1
제일모직	1
제일약품	1
제일은행	1
제일제강	1
제일홀딩스	1
제임스도	1
제임스와	1
제자	1
제자들	1
제자리에	1
제작2본부	1
제작극장	1
제작기	1
제작된	1
제작발표	1
제작발표회	1
제작사가	1
제작에	1
제작의	1
제작지시	1
제작지원	1
제작지원작	1
제작진	1
제작해요	1
제재논란	1
제재대상도	1
제재동참	1
제재면제	1
제재문제	1
제재반발	1
제재반발종합	1
제재법안	1
제재속	1
제재심의위도	1
제재압박에	1
제재예외	1
제재완화가	1
제재유지	1
제재적용	1
제재한	1
제재해도	1
제재해야	1
제재회피	1
제정돼야	1
제정을	1
제정한다	1
제정해야	1
제정해야종합	1
제조공장	1
제조공정	1
제조금지	1
제조기술	1
제조능력	1
제조방법	1
제조사별	1
제조사에	1
제조설비	1
제조시설	1
제조업가동률은	1
제조업상황	1
제조업은	1
제조업체에	1
제조장치	1
제주4	1
제주mbc	1
제주강원	1
제주공항에	1
제주국제공항	1
제주도농심	1
제주도당위원장	1
제주도에	1
제주로	1
제주발	1
제주버스	1
제주복합항	1
제주상사화	1
제주서도	1
제주수원	1
제주시갑	1
제주언론학회	1
제주엔	1
제주왕벚꽃축제	1
제주전서	1
제주포럼	1
제주해녀축제	1
제주행	1
제지	1
제지용인듯	1
제창종합	1
제천서	1
제철	1
제쳐	1
제출1보	1
제출시한	1
제출에	1
제출자료	1
제출종합	1
제출하겠다	1
제출하는	1
제출하자	1
제칠	1
제테르손	1
제트기	1
제트기일반	1
제패1보	1
제패종합	1
제품구입	1
제품군에서	1
제품도	1
제품은	1
제품은종합	1
제품화	1
제한도	1
제한된	1
제한없이	1
제한적이나	1
제한적일	1
제한적종합2보	1
제한해야	1
제휴계좌	1
제휴종합	1
제휴할인	1
제휴했다	1
젠더	1
젠더폭력	1
젠바디	1
젭	1
져도	1
져주기	1
졌던	1
조1위로	1
조각공원에	1
조각그림	1
조강특위에	1
조건으로	1
조경의	1
조국나경원	1
조국사수	1
조국에	1
조국에서	1
조국연대	1
조국전선	1
조국측	1
조국통일	1
조국통일민주주의전선	1
조국통일운동	1
조국파면	1
조국평화통일위	1
조금만	1
조금의	1
조급하게	1
조급함	1
조기개장	1
조기경선	1
조기교체	1
조기구축에	1
조기발견	1
조기방학	1
조기상환형	1
조기예측법	1
조기전환	1
조기종료	1
조기총선론까지	1
조기총선시	1
조기총선으로	1
조기총선이냐	1
조기타결	1
조기통과돼야	1
조끼의	1
조나탄	1
조난	1
조난한	1
조는	1
조달계약물품보다	1
조달물품	1
조달방안	1
조달종합	1
조달종합2보	1
조달종합3보	1
조던과	1
조던구단주로는	1
조력은	1
조례	1
조롱당한	1
조롱말라	1
조롱한	1
조류독감에	1
조류인플루엔자	1
조립로봇	1
조명시설	1
조명에	1
조명이	1
조명하다	1
조명할	1
조목조목	1
조문하는	1
조별경기	1
조별리그의	1
조사개입	1
조사관들	1
조사기관에	1
조사기구	1
조사까지	1
조사냐	1
조사대상	1
조사대상서	1
조사로	1
조사마다	1
조사받아	1
조사받은	1
조사분석	1
조사수위	1
조사업무	1
조사요구	1
조사요청	1
조사의뢰	1
조사중인	1
조사촉구	1
조사하겠다	1
조사해	1
조사해달라	1
조사해야	1
조상님	1
조상님께	1
조선3사	1
조선고고연구	1
조선관습조사	1
조선기자재는	1
조선기자재업	1
조선기자재업계와	1
조선대학교	1
조선말	1
조선명장전1	1
조선박람회	1
조선부문	1
조선시대에도	1
조선업계	1
조선업은	1
조선업종	1
조선업처럼	1
조선에	1
조선인들	1
조선일보가	1
조선정유	1
조선족	1
조선지도를	1
조선직총	1
조선춤의	1
조선학교	1
조선해양의	1
조선회화실록	1
조성기관으로	1
조성부세르게이	1
조성사업	1
조성속보	1
조성하나	1
조성하자	1
조세	1
조세개혁	1
조세소위	1
조세소위서	1
조세소위에서	1
조세정책도	1
조세특혜	1
조세회피의혹	1
조셉	1
조소앙	1
조소앙이	1
조속한	1
조슈아웡	1
조심스러운	1
조심스러워	1
조심스럽다	1
조심조심	1
조심종합	1
조심하라	1
조심하라종합	1
조심해	1
조약체결	1
조언의	1
조업	1
조업재개	1
조업중	1
조업중종합	1
조였나	1
조용중	1
조우는	1
조울증	1
조울증이나	1
조율은	1
조율종합	1
조율중	1
조율하나	1
조율할	1
조은누리양	1
조응수	1
조의종합	1
조이고	1
조이시티	1
조이와의	1
조인	1
조인경	1
조인근	1
조인다종합	1
조인트벤처	1
조인트벤처로	1
조작기술	1
조작됐다	1
조작되는	1
조작된	1
조작으로	1
조작한	1
조장종합	1
조절기술	1
조절로	1
조절이	1
조절자	1
조절통제	1
조정때	1
조정래가	1
조정수단으로	1
조정안은	1
조정해야	1
조종법	1
조종사는	1
조종사에도	1
조종하는	1
조종한다	1
조준사격	1
조준사격도	1
조준종합2보	1
조준타격	1
조중동	1
조중동에	1
조지아로	1
조지아서도	1
조지아주	1
조직관리	1
조직구조	1
조직도	1
조직된	1
조직문화부터	1
조직배양에	1
조직원도	1
조직원들	1
조직적인	1
조직정비	1
조직지도부	1
조직화	1
조진주	1
조짐도	1
조처해야	1
조촐해진	1
조추첨식	1
조추첨에	1
조치1보	1
조치키로	1
조치해야	1
조카	1
조편성	1
조평통위원장	1
조폭	1
조폭들	1
조합별	1
조합운영	1
조합원들	1
조합원의	1
조합원이	1
조항	1
조현	1
조현병	1
조현아	1
조현아는	1
조현오	1
조현오가	1
조현우는	1
조현우의	1
조형아트서울	1
조형언어로	1
조화와	1
조회는	1
조회서	1
조회종합	1
조회한다	1
족쇄없는	1
족적종합	1
족집게	1
존경해야	1
존속에서	1
존스컵에서	1
존슨에게	1
존슨이	1
존슨코빈	1
존재는	1
존재된다	1
존재란	1
존재로서의	1
존재않을	1
존재이유	1
존재하는	1
존재하지	1
존재하지만	1
존재한다	1
존재했는지	1
존재했다	1
존중종합	1
존중하겠다	1
존중하고	1
존중하라	1
존쿡	1
존폐달린	1
존폐위기	1
졸도	1
졸렬	1
졸속	1
졸속대책	1
졸업생	1
졸업시	1
졸업의	1
좀처럼	1
좁게	1
좁아지는	1
좁아지던	1
좁아진	1
좁은	1
좁혀	1
좁혀야	1
좁혀졌다	1
좁혔다	1
좁혔지만	1
좁히기	1
좁히는	1
종결종합	1
종교극단주의	1
종교상징	1
종교인	1
종교인력	1
종교자유특별우려국	1
종교자유행사	1
종교적	1
종교적으로	1
종교화해	1
종근당바이오	1
종금	1
종로5가	1
종로구	1
종료까지	1
종료된듯	1
종료된듯종합	1
종료로	1
종료시각	1
종료시킨다	1
종료시한	1
종료에도	1
종료일에	1
종류는	1
종말론은	1
종말은	1
종목장세에	1
종목편중	1
종별농구선수권	1
종별선수권	1
종부세가	1
종부세에	1
종사	1
종사자는	1
종사자들	1
종사종합	1
종식의	1
종신위원	1
종아리근육	1
종아리에	1
종업원들의	1
종업원에	1
종이로	1
종이매체	1
종이영수증	1
종이인형	1
종이접기기술로	1
종이책의	1
종이처럼	1
종자	1
종전논의	1
종전보다	1
종전상태	1
종전선언까지	1
종전선언도	1
종전선언은	1
종전은	1
종전을	1
종전협약	1
종족주의	1
종지부	1
종지부종합	1
종착점	1
종치나	1
종합건설업체	1
종합검사	1
종합검사안	1
종합격투기	1
종합경영	1
종합계획	1
종합관리시스템	1
종합금융센터	1
종합금융투자사업자	1
종합뉴스	1
종합분석	1
종합연구소로	1
종합운동장	1
종합일간지	1
종합입문서	1
종합정보시스템	1
종합정책질의	1
종합지원실	1
종합채권	1
종합평가	1
종합형	1
좇는	1
좋겠다속보	1
좋겠다종합	1
좋겠어요	1
좋길래	1
좋네	1
좋다고	1
좋다는	1
좋다며	1
좋다종합	1
좋습니다	1
좋아요에	1
좋아요의	1
좋아져	1
좋아져야죠	1
좋아졌더라	1
좋아졌으면	1
좋아졌지만	1
좋아지고	1
좋아진다종합	1
좋아질	1
좋아한	1
좋아해	1
좋아해서	1
좋아했는데	1
좋았죠	1
좋으면	1
좋은데	1
좋은보도상	1
좋은보도에	1
좋은성과	1
좋은지	1
좋을	1
좋지만	1
좌석배치	1
좌석배치의	1
좌석배치종합	1
좌시못해	1
좌완투수	1
좌우	1
좌우하는	1
좌우했나	1
좌익수는	1
좌절과	1
좌절된	1
좌절에도	1
좌절한	1
좌초로	1
좌초에	1
좌초위기	1
좌타자	1
좌타자에게	1
좌파당사	1
좌파독재저지특위	1
좌파매체	1
좌파정당	1
좌파정당간	1
좌파정당이	1
좌파정부	1
죄	1
죄가	1
죄는	1
죄로	1
죄송스러운	1
죄송스럽게	1
죄송종합	1
죄송하게	1
죄송하고	1
죄수들	1
죄악에	1
주가급락	1
주가부양책	1
주가부진에	1
주가전망	1
주가조작	1
주가하락	1
주가하락에	1
주간사로	1
주거래은행	1
주거보단	1
주거복지	1
주거비부담지수	1
주거상품	1
주거서비스	1
주거소비	1
주거용	1
주거정책심의위	1
주거종합계획	1
주거지역	1
주거침입	1
주검찰	1
주고받는	1
주관사	1
주관사로	1
주권거래	1
주권교육	1
주권국가의	1
주권반환	1
주권상장법인	1
주권위원회	1
주권인정	1
주그리스	1
주금공	1
주기를	1
주내	1
주느니	1
주니어라이프	1
주니오	1
주당근로	1
주도권도	1
주도권은	1
주도로	1
주도에서	1
주도자	1
주도적	1
주도하겠다	1
주도해	1
주도해야	1
주도했던	1
주된	1
주둔군지위협정	1
주둔은	1
주둔지	1
주둔한	1
주러	1
주레바논	1
주력기업들	1
주력업종	1
주력종합3보	1
주력품목	1
주력한	1
주력할	1
주루	1
주루로	1
주루사	1
주루코치	1
주루플레이	1
주류가	1
주류는	1
주류세력	1
주류시장	1
주류정당	1
주름진	1
주말마다	1
주말문화체험	1
주말밤	1
주말유세	1
주말의	1
주말전후	1
주말집회종합	1
주말퇴원	1
주먹으로	1
주면	1
주모자	1
주목도	1
주목되는	1
주목한	1
주목했던	1
주무	1
주무르는	1
주무부처	1
주문량	1
주문실수에	1
주문으로	1
주문하고	1
주문하세요	1
주문한다	1
주문할듯	1
주미	1
주민감사	1
주민감시	1
주민동의	1
주민들과	1
주민들도	1
주민들에	1
주민들은	1
주민반대	1
주민번호	1
주민불만	1
주민센터서	1
주민소환	1
주민안전	1
주민에게	1
주민위원	1
주방	1
주방가전	1
주범이라는	1
주변4국	1
주변국의	1
주변에	1
주변환경에	1
주부	1
주부들	1
주부배구대회	1
주빈	1
주사로	1
주사아줌마	1
주사아줌마도	1
주사위	1
주사해도	1
주산연	1
주상복합아파트	1
주석과	1
주소록에	1
주소서	1
주스웨덴	1
주시2보	1
주시면	1
주시하는	1
주시하라	1
주식거래도	1
주식거래시스템	1
주식거래에	1
주식만화	1
주식매도	1
주식매수청구대금	1
주식병합도	1
주식부당거래	1
주식부호	1
주식분할	1
주식비중	1
주식전량	1
주식증권	1
주식처분결정	1
주식투자	1
주식투자도	1
주식투자로	1
주식투자전문가	1
주식펀드에	1
주식회사	1
주실	1
주실마을	1
주심에	1
주심이	1
주얼리	1
주에도	1
주역에	1
주역으로	1
주역은	1
주연	1
주요내용종합	1
주요도로	1
주요도시	1
주요도시서	1
주요부품	1
주요사항보고서	1
주요언론	1
주요의제	1
주요자산	1
주요주자	1
주요증인	1
주요행사	1
주위	1
주위서	1
주유권	1
주유난종합	1
주유하고	1
주유하면	1
주의21일	1
주의보에	1
주의원	1
주의종합	1
주의해야종합	1
주의회	1
주이스라엘	1
주이스탄불	1
주이탈리아	1
주인공들	1
주인공서	1
주인공으로	1
주인공이	1
주인에	1
주인으로	1
주인은	1
주인이	1
주인이다	1
주인종합	1
주일한국대사관	1
주입하고	1
주자를	1
주자마다	1
주자에게	1
주장2보	1
주장까지종합2보	1
주장대로	1
주장도	1
주장도종합	1
주장만으로	1
주장으로	1
주장을	1
주장이나	1
주장이니	1
주장이요	1
주장일듯종합	1
주장종합2보	1
주장해	1
주재종합	1
주저앉는	1
주저앉은	1
주저앉을	1
주적	1
주전들에	1
주전자리	1
주전장	1
주정차	1
주제네바	1
주제판	1
주제판에	1
주주가	1
주주간	1
주주께	1
주주들이	1
주주사	1
주주우대	1
주주이익	1
주주환원	1
주중일본대사	1
주지	1
주지사종합	1
주진우	1
주차감시	1
주차난	1
주차보조시스템	1
주창혁	1
주체가	1
주체로	1
주체무기	1
주체에	1
주체위성	1
주체적으로	1
주체조선의	1
주총리	1
주총종합	1
주최로	1
주축의	1
주춤하던	1
주춤하자	1
주춤할듯	1
주캐나다	1
주택가에	1
주택경기실사지수hbsi	1
주택공급	1
주택공사와	1
주택구입가격	1
주택구입률	1
주택규제	1
주택금융	1
주택금융개선	1
주택금융공사와	1
주택금융공사카카오뱅크	1
주택금융상품	1
주택까지	1
주택담보대출보다	1
주택대출도	1
주택도시기금	1
주택마련	1
주택매매가격	1
주택보급률은	1
주택보다	1
주택보유	1
주택보유자	1
주택복구	1
주택브랜드	1
주택사업경기	1
주택산업	1
주택수	1
주택시장도	1
주택에	1
주택에서	1
주택으로	1
주택인허가	1
주택임대	1
주택재개발정비사업	1
주택재건축정비사업	1
주택지구	1
주택청약	1
주택협회	1
주터키	1
주터키한국대사관	1
주파수경매	1
주파수로	1
주포가	1
주한교황청	1
주한미군사령관	1
주한미군사령관과	1
주한미군사령관들	1
주한미군은	1
주한신임대사	1
주한영국대사에	1
주한외교사절	1
주한호주대사	1
주행거리	1
주행성능	1
주호영	1
주후반	1
죽거나	1
죽겠다는	1
죽기	1
죽기를	1
죽녹원	1
죽는	1
죽는다	1
죽는다고	1
죽는다는	1
죽다	1
죽어	1
죽어간	1
죽어간다	1
죽어도	1
죽었다	1
죽은돼지	1
죽음에	1
죽음학	1
죽의	1
죽이는가	1
죽이는가종합	1
죽이러	1
죽이려	1
죽인다	1
준결승서	1
준결승행	1
준고속열차	1
준공검사	1
준군사	1
준법	1
준법경영시스템	1
준비가	1
준비도	1
준비돼	1
준비됐나요	1
준비됐다	1
준비됐을	1
준비되셨나요	1
준비되어	1
준비로	1
준비상태	1
준비생	1
준비완료종합	1
준비위원들	1
준비위원회	1
준비일정	1
준비작업하나	1
준비작업하나종합	1
준비중인	1
준비착수	1
준비태세	1
준비하고	1
준비하라	1
준비하면	1
준비해서	1
준비해야종합	1
준비해야죠	1
준비했다	1
준비했지만	1
준비현장	1
준수돼야	1
준수할	1
준엄했다	1
준연동형	1
준프리미엄폰	1
줄기세포상	1
줄기세포에	1
줄기없어	1
줄긴	1
줄내한	1
줄리아니는	1
줄리아니와	1
줄리엣	1
줄리엣을	1
줄면서	1
줄배치	1
줄사퇴	1
줄서기까지	1
줄세우기	1
줄소송	1
줄소송당할	1
줄수도	1
줄어들	1
줄어들까	1
줄어들면	1
줄어들어	1
줄어종합	1
줄었던	1
줄였다종합	1
줄이겠다	1
줄이겠다종합	1
줄이려고	1
줄이야	1
줄이어종합	1
줄이지도	1
줄인다고	1
줄인상	1
줄일	1
줄일게요	1
줄잇는	1
줄줄	1
줄지	1
줄지어	1
줄탈락	1
줄하향종합	1
줌	1
줌바	1
중2보	1
중간광고에	1
중간목표	1
중간에	1
중간정산	1
중간집계	1
중간평가	1
중간형은	1
중개망	1
중개무역도	1
중개사	1
중개업소에서	1
중견기업	1
중견기업부로	1
중경상	1
중계권료	1
중계도	1
중계방송	1
중계시간	1
중계차량들	1
중고가	1
중고교	1
중고교생	1
중고농구대회	1
중고무기	1
중고생	1
중고생에	1
중고생이	1
중고폰도	1
중구	1
중국견제	1
중국견제엔	1
중국경찰	1
중국공산당을	1
중국과는	1
중국과학원	1
중국군이	1
중국기업도	1
중국기업들	1
중국기자단	1
중국대사	1
중국몽은	1
중국미술관	1
중국법원	1
중국법인	1
중국본토	1
중국사	1
중국산에	1
중국선	1
중국소비	1
중국수교	1
중국시장	1
중국시장에	1
중국언론	1
중국업체와	1
중국역사	1
중국으로	1
중국으로부터	1
중국은행	1
중국이란	1
중국인에게	1
중국전서	1
중국제	1
중국제조	1
중국종합	1
중국주도	1
중국주재	1
중국지도부	1
중국지진센터	1
중국철도	1
중국투자도	1
중국팬	1
중국팬들	1
중국펀드	1
중국폰의	1
중국필리핀	1
중국학생	1
중국학자	1
중국행까지종합	1
중국행은	1
중국희곡	1
중기대출	1
중기에	1
중기청장	1
중년	1
중단된	1
중단발표에서	1
중단시켜	1
중단시켜야	1
중단없이	1
중단은	1
중단을	1
중단하고	1
중단하라종합	1
중단하지	1
중단할	1
중단할수도	1
중단후	1
중대결단	1
중대결단종합	1
중대고비	1
중대기로종합	1
중대대응	1
중대도발	1
중대방송	1
중대보도2보	1
중대보도3보	1
중대보도종합	1
중대조치	1
중대형	1
중대형사	1
중도당	1
중도로	1
중도상환수수료	1
중도정당	1
중도정당과	1
중도정당으로	1
중도층	1
중도카드에도	1
중도퇴임	1
중도하차	1
중독과	1
중독되는가	1
중독성	1
중독위험	1
중동과	1
중동국가	1
중동문제회의	1
중동부	1
중동불안	1
중동신화	1
중동위기	1
중동팀에	1
중동행	1
중동현안	1
중등	1
중등과학올림피아드서	1
중등축구연맹	1
중등학생	1
중량제한	1
중량측정	1
중러의	1
중력렌즈	1
중력에서	1
중립내각이라면	1
중립노선	1
중립법은	1
중립적인	1
중립지대	1
중립지대서	1
중매쟁이에	1
중무장한	1
중문	1
중문골프장서	1
중미경제통합은행과	1
중미일에	1
중미지역	1
중미투자	1
중반	1
중반까지	1
중반서	1
중복	1
중복예약	1
중복지로	1
중복참여	1
중부내륙	1
중부담	1
중부도	1
중부로	1
중부발전	1
중부사령부	1
중부전선을	1
중부지방은	1
중부지역	1
중북부	1
중산간	1
중산층	1
중서부서	1
중성미자	1
중세의	1
중소거래소	1
중소기업개발운영위원회와	1
중소기업계	1
중소기업사장	1
중소기업서	1
중소기업용	1
중소기업의	1
중소기업이	1
중소기업인과	1
중소기업전용	1
중소기업진흥공단	1
중소방송사	1
중소벤처기업진흥공단	1
중소상공인재단	1
중소서점	1
중소업체	1
중소조선	1
중소협력사	1
중소협력사에	1
중소협력사와	1
중소형아파트	1
중소형이	1
중소형주식펀드도	1
중속보	1
중수	1
중수익	1
중순위	1
중순으로	1
중시한다	1
중신용대출	1
중심가서	1
중심가에	1
중심가의	1
중심국	1
중심될	1
중심에서	1
중심의	1
중심종합	1
중심지로	1
중심타선	1
중앙과학관서	1
중앙대	1
중앙대ob	1
중앙로	1
중앙보고대회	1
중앙보고회	1
중앙보훈병원	1
중앙선관위원	1
중앙선관위원장	1
중앙시장	1
중앙아	1
중앙아시아	1
중앙아시아행	1
중앙아프리카공화국서	1
중앙역	1
중앙역세권	1
중앙은행들	1
중앙은행서	1
중앙은행이	1
중앙은행장	1
중앙은행총재	1
중앙이	1
중앙인민위	1
중앙정부가	1
중앙정부에	1
중앙정치국	1
중앙지검에	1
중앙지법	1
중앙추모대회	1
중앙추진본부	1
중얼거리다	1
중에도	1
중요금융사로	1
중요사항	1
중요한가	1
중요할	1
중용	1
중용이	1
중원경쟁속	1
중원으로	1
중위험	1
중이	1
중이다	1
중입니다	1
중장기적	1
중장기정책	1
중재경험이	1
중재단	1
중재력	1
중재모임	1
중재신청	1
중재안은	1
중재에	1
중재역	1
중재역인가	1
중재외교에	1
중재외교종합	1
중재위원	1
중재하러	1
중재할	1
중재해달라	1
중재행보	1
중저가에	1
중저가요금제	1
중저가폰도	1
중저가폰으로	1
중점종합	1
중점투자기술	1
중증	1
중증결핵	1
중지토록	1
중지하라	1
중지해야	1
중진들과	1
중진들에	1
중진물갈이	1
중진의원들과	1
중진협의체	1
중징계때	1
중징계받은	1
중징계종합	1
중징계해야	1
중추신경계	1
중태1보	1
중태종합	1
중프랑스	1
중하위	1
중하위직까지	1
중하위직에	1
중학생밴드	1
중학생이	1
중형급	1
중형위성	1
중화1구역	1
중화미각	1
중화민족	1
중흥s클래스	1
중흥토건	1
줘도	1
줘야종합	1
줘야해	1
줬나	1
줬을까	1
쥐났어요	1
쥐덫	1
쥐덫론	1
쥐실험에서	1
쥬라기월드	1
쥬씨	1
즉각대응태세	1
즉석	1
즉석차	1
즉흥	1
즐거우면서도	1
즐거움의	1
즐거움전	1
즐거워해	1
즐거웠어	1
즐겁습니다	1
즐겨야	1
즐겨야죠	1
즐기라고	1
즐길거리	1
즐라탄과	1
즐라탄이	1
증가가	1
증가로	1
증가분	1
증가서	1
증가세는	1
증가세도	1
증가세로	1
증가액	1
증가와	1
증가하고	1
증가한	1
증가할	1
증감률	1
증감율	1
증강에	1
증강현실과	1
증강현실에	1
증거가	1
증거따라	1
증거로	1
증거없어	1
증거인멸을	1
증거있다	1
증권거래세	1
증권결제대금	1
증권금융	1
증권박물관	1
증권사에	1
증권사의	1
증권선물위원회	1
증권시장	1
증권업계	1
증권업종	1
증권주도	1
증권주에	1
증권투자자금	1
증대에	1
증대할	1
증명하겠다	1
증명하고	1
증발종합	1
증보판	1
증세안	1
증시결산	1
증시급락	1
증시까지	1
증시에도	1
증시엔	1
증시충격	1
증액압박에	1
증언도	1
증언록	1
증언록서	1
증언사고전후	1
증언에	1
증언하는	1
증언한다	1
증여건수	1
증여할까	1
증오만	1
증오범죄로	1
증원전력	1
증인공방	1
증인논의	1
증인선서	1
증인없이	1
증자성공	1
증자참여	1
증진한다	1
증진해야	1
증축은	1
증평	1
증평정보고	1
증폭되나	1
증폭핵분열탄	1
지각데뷔에	1
지각종합	1
지각획정	1
지갑을	1
지겨워진	1
지겨웠던	1
지겹다	1
지구관측위성	1
지구날씨에도	1
지구닮은	1
지구로	1
지구유출	1
지구적	1
지구형	1
지글지글	1
지금까지의	1
지금부터가	1
지금부터는	1
지금의	1
지급력비율	1
지급률	1
지급액도	1
지급에	1
지급여력비율	1
지급한	1
지긋지긋한	1
지나고	1
지나고도	1
지나며	1
지나면	1
지나보니	1
지나쳐종합	1
지나치면	1
지난해만	1
지난해보다	1
지난해처럼	1
지났든	1
지났지만	1
지내는	1
지냈다속보	1
지냈으니	1
지능	1
지능교육	1
지능로봇	1
지능범죄수사대	1
지능적	1
지능정보기술포럼	1
지능정보화	1
지능형cctv	1
지능형로봇	1
지능화	1
지능화경제	1
지능화경제종합	1
지니스토어	1
지니야	1
지니언스	1
지단도	1
지단에	1
지단처럼	1
지도교수	1
지도반출	1
지도부는	1
지도부부터	1
지도부에	1
지도업체	1
지도에	1
지도자는	1
지도자들이	1
지도자라는	1
지독종합	1
지략	1
지령	1
지령받고	1
지령으로	1
지로나로	1
지뢰	1
지뢰제거	1
지뢰퇴치	1
지뢰폭발로	1
지루의	1
지루한	1
지루해	1
지른	1
지름400	1
지리	1
지리는	1
지리산국제환경예술제	1
지리산둘레길	1
지리산에	1
지리산에서	1
지린성	1
지마켓	1
지메르만의	1
지메시	1
지메일	1
지멘스	1
지면	1
지명권	1
지명된	1
지명부터	1
지명에서	1
지명자	1
지명종합2보	1
지명철회	1
지명타자제	1
지명한	1
지명할듯	1
지목에	1
지목으로	1
지목하자	1
지목한	1
지문까지	1
지문인식기능	1
지바서	1
지바현서	1
지방강연	1
지방경기	1
지방곳곳	1
지방광역시	1
지방권력	1
지방당사	1
지방대생과	1
지방도	1
지방분권개헌국민회의	1
지방선거때	1
지방선거와	1
지방소비세율	1
지방신문	1
지방언론사	1
지방은	1
지방의회	1
지방이전	1
지방인구	1
지방일정	1
지방자치법	1
지방재정	1
지방재정개혁안에	1
지방재정특위	1
지방정부들	1
지방취직시켜달라며	1
지방투자촉진보조금	1
지배구조에	1
지배권력과	1
지배당할	1
지배와	1
지배정책	1
지배주주의	1
지배지분	1
지배하는	1
지배하면	1
지배할	1
지부	1
지부티	1
지분가치	1
지분공시	1
지분매각설	1
지분매각에	1
지분싸움	1
지분이	1
지분중	1
지분청산	1
지분축소	1
지분취득	1
지분투자	1
지분투자종합2보	1
지분확대	1
지불능력	1
지붕들	1
지브롤터는	1
지브롤터에서	1
지상통신망	1
지상파방송	1
지상파의	1
지상파케이블	1
지새운	1
지성규	1
지성사	1
지성준	1
지속1보	1
지속가능경영	1
지속가능경영지수	1
지속가능발전기업협의회	1
지속가능채권	1
지속가능채권상	1
지속가능한	1
지속과	1
지속돼선	1
지속돼야	1
지속되면	1
지속되지	1
지속리얼미터	1
지속성장	1
지속여부	1
지속유지	1
지속이냐	1
지속참여	1
지속하고자	1
지속하나	1
지속하면	1
지스마트글로벌	1
지시데일리nk	1
지시속보	1
지시한	1
지식공유	1
지식과	1
지식들	1
지식문화가	1
지식의	1
지식인도	1
지식인들과	1
지식인들은	1
지식인에	1
지식재산까지	1
지식재산의	1
지식패권	1
지안퉁화	1
지양해야	1
지어낸	1
지었을까	1
지에스알파트너스에	1
지에프앤엘	1
지엠피	1
지역mbc와	1
지역개발공사	1
지역거점으로	1
지역경제에	1
지역구면접	1
지역구에	1
지역균형	1
지역기구	1
지역대표성	1
지역대학과	1
지역도	1
지역따라	1
지역문학	1
지역반발	1
지역발전위원장	1
지역사	1
지역사회에	1
지역사회의	1
지역산업	1
지역서도	1
지역선관위	1
지역설명회	1
지역순회	1
지역신문발전기금	1
지역신문사	1
지역신문에	1
지역언론사	1
지역언론인	1
지역엔	1
지역예선	1
지역위원회	1
지역은	1
지역의	1
지역이	1
지역인재	1
지역정서	1
지역정세	1
지역정치인	1
지역조합	1
지역주민	1
지역주택조합	1
지역중소기업	1
지역총국	1
지역축제	1
지역출판문화축제	1
지역케이블tv	1
지역특화	1
지역홍보	1
지역화단의	1
지역활력센터	1
지역활성화	1
지연될	1
지연하면	1
지영선	1
지영선씨	1
지옥같은	1
지옥될	1
지옥사원	1
지옥에서	1
지옥훈련	1
지용	1
지용제	1
지우기도	1
지우지	1
지운	1
지울	1
지워라	1
지워야	1
지원규모	1
지원기술	1
지원까지	1
지원단체에	1
지원대상	1
지원도	1
지원물자	1
지원받아	1
지원받아야	1
지원받아온	1
지원받으세요	1
지원배제	1
지원보다	1
지원사격에	1
지원사업에	1
지원액	1
지원여력	1
지원요청에	1
지원위원회	1
지원위한	1
지원으로	1
지원은	1
지원의지	1
지원자금	1
지원작업	1
지원정책포럼	1
지원중단	1
지원프로그램	1
지원필요	1
지원한	1
지원해야	1
지원해온	1
지원협력	1
지원혜택	1
지웰시티	1
지은	1
지을	1
지인과	1
지인에	1
지자체가	1
지자체는	1
지자체도	1
지자체의	1
지적노동	1
지적도종합	1
지적엔	1
지적장애	1
지적재산권	1
지적재조사	1
지적할	1
지적호기심	1
지점도	1
지점으로	1
지정2보	1
지정대리인	1
지정된	1
지정된다	1
지정법	1
지정예고	1
지정예고에	1
지정요건	1
지정제	1
지정하면	1
지정한다	1
지정한다종합	1
지정할듯	1
지정해야	1
지주사는	1
지주사전환	1
지중해변	1
지중해에	1
지중해에서	1
지지굳건종합	1
지지냐	1
지지모임	1
지지못해	1
지지받은	1
지지발언	1
지지방문	1
지지부진해도	1
지지선	1
지지세력	1
지지율서	1
지지의사	1
지지자와	1
지지층에	1
지지층이	1
지지통신과	1
지지하나	1
지지하지	1
지지해	1
지지해야	1
지지했지	1
지지후보	1
지진감지에서	1
지진경보	1
지진경보시스템	1
지진대책	1
지진대책종합	1
지진도	1
지진따른	1
지진때	1
지진아픔	1
지진알람까지	1
지진파형으로	1
지찬	1
지체	1
지체없는	1
지쳤거나	1
지출액은	1
지출이	1
지출한	1
지치지	1
지카바이러스도	1
지카백신	1
지켜내는	1
지켜낼까	1
지켜달라속보	1
지켜보겠다종합2보	1
지켜보며	1
지켜보자속보	1
지켜본다	1
지켜봅시다종합	1
지켜봐달라종합	1
지켜야종합	1
지켜와	1
지켜져야	1
지켜종합	1
지켜주기	1
지켜줄까	1
지켜줬죠	1
지켜진	1
지켜질	1
지켰다고	1
지키	1
지키나	1
지키라	1
지키려	1
지키며	1
지키면서	1
지키지	1
지킨다면	1
지킨다종합	1
지킴이	1
지투	1
지팡이	1
지펠	1
지평선축제	1
지포스	1
지포스나우	1
지표금리	1
지표도	1
지표면	1
지피는	1
지하경제	1
지하구	1
지하디	1
지하디스트로	1
지하묘지	1
지하상가	1
지하상가가	1
지하서	1
지하식당에	1
지하에	1
지하여행	1
지하철과	1
지하철역서	1
지하철역에	1
지향1보	1
지향의	1
지향하는	1
지향하자	1
지향해야	1
지형	1
지형의	1
지혜가	1
지혜로운	1
지휘관	1
지휘부	1
지휘의	1
지휘종합	1
지휘종합2보	1
직	1
직격탄에	1
직관	1
직관도	1
직구로	1
직구만	1
직구커브	1
직구폰	1
직권조정권	1
직급	1
직급체계	1
직면하다	1
직면한	1
직무	1
직무정지되면	1
직무정지종합	1
직무집행	1
직불	1
직불카드로	1
직상장	1
직선제	1
직시하라	1
직시하며	1
직업교육	1
직업외교관	1
직업으로	1
직업으로서의	1
직영점서	1
직영점에서도	1
직원들도	1
직원들에	1
직원들에게	1
직원메일	1
직원성과	1
직원일수도	1
직원자녀도	1
직원평가시	1
직원포상	1
직위	1
직위로	1
직장교육	1
직장생활	1
직장서	1
직장어린이집	1
직장어린이집에	1
직장인들	1
직장인이라면	1
직전의	1
직접관람	1
직접민주주의	1
직접사과	1
직접운용	1
직접적	1
직접투자	1
직접투표	1
직접한다	1
직접협상	1
직접확인	1
직총	1
직통령	1
직통회선	1
직할기관	1
직항도시	1
직행권	1
직행할까	1
진급자들에	1
진다	1
진단기기	1
진단받는다	1
진단받은	1
진단서	1
진단에	1
진단치료용	1
진단한	1
진단한다	1
진단할	1
진달래밭	1
진달래축제	1
진도4	1
진도5약	1
진도내겠다	1
진도율	1
진동에도	1
진땀승종합	1
진로개척	1
진로는	1
진로오전3시	1
진로체험	1
진로탐색	1
진료현장	1
진명호	1
진박	1
진보3당	1
진보가	1
진보단체들	1
진보만의	1
진보세력	1
진보의	1
진보인사	1
진보정치	1
진보후보	1
진상규명도	1
진상규명위	1
진상규명이	1
진상조사위	1
진상조사위원회	1
진솔한	1
진수할듯	1
진술	1
진술분석	1
진술서	1
진술인	1
진실게임	1
진실공방	1
진실공방에	1
진실과미래위	1
진실규명	1
진실말하는지	1
진실미래위	1
진실밝혀지길	1
진실은폐	1
진실의힘	1
진실입니까	1
진심어린	1
진심의	1
진압되면	1
진압발포로	1
진압은	1
진압종합	1
진압하나	1
진앙	1
진원	1
진위파	1
진입곤란지역	1
진입과	1
진입규제	1
진입도로	1
진입시	1
진입에	1
진입예정	1
진입장벽	1
진입한	1
진입할까	1
진전돼야	1
진전됐다기엔	1
진전되나종합	1
진전된	1
진전될까	1
진전상황	1
진전시	1
진전시키는	1
진정국면	1
진정성이	1
진정세	1
진정에	1
진정에도	1
진정해라	1
진주까지	1
진주시	1
진주시장	1
진중권	1
진중권이	1
진지위로	1
진지하지	1
진진묘	1
진짜로	1
진짜를	1
진짜만	1
진짜일까	1
진짜친구	1
진천군수	1
진천선수촌	1
진천선수촌서	1
진출과	1
진출국	1
진출기지	1
진출로	1
진출설	1
진출에	1
진출을	1
진출작	1
진출종합2보	1
진출지원	1
진출토대종합	1
진출하길	1
진출하나	1
진출하자	1
진출할	1
진출했나	1
진출확대	1
진통예상	1
진행건수	1
진행경과	1
진행과정	1
진행돼야	1
진행되나	1
진행되는	1
진행될까	1
진행방식	1
진행상황	1
진행속도	1
진행에	1
진행자	1
진행자는	1
진행종합2보	1
진행중이니	1
진행하기로	1
진행할	1
진행할수록	1
진화까지	1
진화된	1
진화부심	1
진화생물학	1
진화심리학	1
진화위해	1
진화율	1
진화종합	1
진화중	1
진화하는	1
진화한다	1
진화해	1
진흙탕싸움	1
진흥	1
진흥법	1
진흥위해	1
진흥을	1
질긴	1
질러라	1
질롱	1
질롱코리아	1
질린	1
질문과	1
질문대신	1
질문도	1
질문세례엔	1
질문을	1
질문자	1
질문하지	1
질병으로	1
질병퇴치	1
질서	1
질서유지권	1
질서정연한	1
질서회복	1
질의듣는	1
질의서	1
질의응답	1
질의종합2보	1
질적	1
질주본능	1
질주에	1
질주종합2보	1
질주하던	1
질주한	1
질책보다	1
질책한	1
질환자가	1
짊어지고	1
짊어진	1
짐도	1
짐싼다	1
짐처리	1
집값상승	1
집값이	1
집게턱거미	1
집결해	1
집계	1
집계서	1
집계약	1
집계와	1
집권당사에	1
집권당원	1
집권땐	1
집권세력과	1
집권시	1
집권이후	1
집권중반	1
집권초	1
집까지	1
집는다	1
집단감성의	1
집단괴롭힘	1
집단대출보증	1
집단무덤	1
집단민원에	1
집단반발하자	1
집단발병	1
집단사망사건	1
집단상가는	1
집단성폭력	1
집단이주까지	1
집단자위권	1
집단적	1
집단지도체제	1
집단지성의	1
집단탈당	1
집단탈북자들	1
집단탈옥	1
집단폭행당한	1
집단학살	1
집단항의로	1
집만한	1
집무실서	1
집밖으로	1
집살	1
집세	1
집시여성	1
집안싸움은	1
집약체	1
집어내는	1
집어낸다	1
집요함	1
집유로	1
집유종합	1
집유판결	1
집을	1
집입니다	1
집적된	1
집전	1
집전하는	1
집주변	1
집중1보	1
집중감시	1
집중건물	1
집중견제	1
집중공격	1
집중공략	1
집중과	1
집중관리	1
집중단속종합	1
집중돼	1
집중력에서	1
집중력은	1
집중력이	1
집중력종합	1
집중마크	1
집중부각	1
집중양성	1
집중육성	1
집중육성하기로	1
집중이	1
집중조사	1
집중지원	1
집중투자해	1
집중하겠다	1
집중하는	1
집중하도록	1
집중하면	1
집중한게	1
집중한다	1
집중할	1
집중할래요	1
집중해	1
집중해준	1
집중했다	1
집중형	1
집착은	1
집착하는	1
집착할까	1
집창촌	1
집필자	1
집행률	1
집행수단	1
집행위원단	1
집행위원장에	1
집행위원장종합	1
집행유예로	1
집행이사	1
집회종합2보	1
집회하는	1
집회할	1
집회현장서	1
짓고	1
짓나	1
짓눌려	1
짓다니	1
짓뭉개버릴	1
짓밟는일종합	1
짓밟히겠다	1
징계당해도	1
징계도	1
징계수위	1
징계연기로	1
징계요청	1
징계율	1
징계종합	1
징계중지종합	1
징계하라	1
징계한	1
징계해야	1
징계했어야	1
징동닷컴서	1
징벌	1
징역2년	1
징역4년	1
징역형으로	1
징용	1
징용기업	1
징용배상판결	1
징용판결	1
징용피해유족	1
징용피해자	1
징크스는	1
징후2	1
징후는	1
징후도	1
징후시	1
짖는	1
짖어도	1
짙어가는	1
짙어지는	1
짚는	1
짚어가는	1
짚와이어	1
짚은	1
짜고	1
짜고친	1
짜놨는데	1
짜는	1
짜야	1
짜증나는	1
짝	1
짝이	1
짝퉁이	1
짠하고	1
짤린	1
짤박	1
짧고	1
짧기	1
짧다	1
짧았다	1
짧은소설	1
짬뽕난장이	1
짭짤종합	1
짱기자의	1
짱짱한	1
째깍째깍	1
쩍	1
쪼개	1
쪼개고	1
쪼개기	1
쪼개지고	1
쪼개진	1
쪼그라든	1
쪼들리는	1
쪼이면	1
쪽	1
쪽무이	1
쪽으로	1
쪽으로만	1
쪽은	1
쪽이	1
쫀득	1
쫑긋	1
쫓겨난	1
쫓겨날	1
쫓기는	1
쫓다	1
쫓아가는	1
쫓아내라	1
쫓아낸	1
쫙	1
쭈타누깐	1
쯔엉	1
찌르고	1
찌른	1
찌워야	1
찌푸린	1
찍고도	1
찍기	1
찍는다	1
찍다	1
찍던	1
찍어내는	1
찍어드리지요	1
찍어종합	1
찍으려면종합	1
찍으면	1
찍을	1
찍을것	1
찍을까	1
찐다	1
찔렀다	1
찔린	1
찜	1
찜통더위에	1
찜통더위종합	1
찜한	1
찝찝한	1
찡한	1
찢고	1
찢기	1
찢기고	1
찢는	1
찢어져	1
찢었던	1
찢은	1
찢청	1
차가	1
차가운	1
차겠습니다	1
차고는	1
차관들	1
차관에게	1
차관페북	1
차근차근	1
차기대선서	1
차기대선주자	1
차기부터	1
차기작	1
차기정부	1
차기주자	1
차기집행위원장	1
차기총리	1
차남	1
차단에	1
차단위한	1
차단장치	1
차단조치	1
차단해	1
차단해야	1
차단훈련	1
차드와	1
차등감자	1
차등임금	1
차량공유	1
차량공유서비스	1
차량과	1
차량관제	1
차량들	1
차량시위	1
차량용	1
차량으로	1
차량전복으로	1
차량정보서비스	1
차량털이범에	1
차량행렬	1
차량행렬에	1
차량호출	1
차려서	1
차려진	1
차례나	1
차로변경	1
차린	1
차명	1
차명계좌에	1
차명자산	1
차명재산	1
차바피해	1
차범근의	1
차범근축구상	1
차범근하석주	1
차별금지법	1
차별말자	1
차별받아	1
차별성은	1
차별없는	1
차별에	1
차별일까요	1
차별점	1
차별한	1
차별행위	1
차별화로	1
차보험료	1
차분종합	1
차분해져야	1
차사고로	1
차영석	1
차와	1
차움의원	1
차원달라	1
차원의	1
차원종합	1
차유	1
차의과학대	1
차이나머니로	1
차이나모바일과	1
차이나블루로	1
차이나위크	1
차이나텔레콤	1
차이나플라스서	1
차이신	1
차익	1
차익거래	1
차입	1
차장에	1
차주	1
차주들도	1
차지종합	1
차지한	1
차지할듯	1
차질없다	1
차질에	1
차출명단	1
차출에도	1
차츰	1
차헬스케어	1
착각했다	1
착공식	1
착륙조사	1
착륙중	1
착륙하면	1
착수보고회	1
착수엔	1
착수종합2보	1
착수하나	1
착오주문	1
착용하고	1
착용한	1
착용해	1
착잡한	1
착취	1
착하면	1
착한기업	1
착한봉사단	1
착한텔레콤	1
찬반이	1
찬반표결	1
찬성론	1
찬성률	1
찬성리얼미터	1
찬성반대	1
찬성여론	1
찬성하자	1
찬성할	1
찬스	1
찬스서	1
찬스에	1
찰떡	1
찰떡같은	1
찰리	1
찰옥수수	1
참가보다	1
참가불허	1
참가비	1
참가선수	1
참가자에	1
참가절차	1
참가조건	1
참가하면	1
참가할	1
참가해야죠	1
참고만	1
참고서	1
참고인	1
참글상에	1
참는다	1
참담종합2보	1
참담하고	1
참된	1
참르자	1
참맛	1
참모교체	1
참모의	1
참모회의	1
참무섭다	1
참배도	1
참배로	1
참배에	1
참배종합	1
참배한	1
참배한다	1
참배해온	1
참사는	1
참사때	1
참사법	1
참사에도	1
참사종합2보	1
참사현장	1
참석에	1
참석요청	1
참석자	1
참석자와	1
참석종합2보	1
참석하며	1
참석해달라	1
참석했을뿐	1
참아야	1
참았는데	1
참여가	1
참여기관	1
참여기회	1
참여는	1
참여번역	1
참여시민	1
참여시킬	1
참여안했다	1
참여에	1
참여에는	1
참여와	1
참여율	1
참여자	1
참여자들	1
참여정부와	1
참여추진	1
참여키로종합	1
참여하겠다리얼미터	1
참여하고	1
참여하도록	1
참여하려다	1
참여하세요	1
참여하지	1
참여학교	1
참여한다	1
참여합니다	1
참여해	1
참여해달라	1
참여해도	1
참여형	1
참여확대	1
참으로	1
참을	1
참의원선거	1
참전경찰	1
참타리버섯	1
참패에	1
참패종합3보	1
참패했나	1
창간기념식	1
창고개방	1
창고는	1
창고서비스	1
창구로	1
창구서	1
창극	1
창극무대로	1
창극으로	1
창녕에	1
창단에	1
창당기획단	1
창당발기인	1
창당에	1
창당추진위	1
창당하려면	1
창당해도	1
창립37주년	1
창립기념식	1
창립기념일	1
창립멤버	1
창립준비	1
창립행사	1
창백한	1
창비와	1
창사이래	1
창사후	1
창어	1
창어6호	1
창업가	1
창업과	1
창업기업에	1
창업멘토	1
창업모델을	1
창업선도대학	1
창업열기가	1
창업으로	1
창업을	1
창업이	1
창업자금	1
창업자를	1
창업자의	1
창업정책	1
창업지원주택	1
창업지원청	1
창업천국	1
창업초기	1
창업추진위	1
창업커뮤니티	1
창업한	1
창에	1
창원nc파크	1
창원방문의	1
창원서울	1
창원세계사격대회장서	1
창원세계아동문학축전	1
창원에서도	1
창으로	1
창의력	1
창의력을	1
창의력의	1
창의성	1
창의성의	1
창의인재	1
창의재단고용노동부	1
창의적	1
창의적으로	1
창의축전	1
창의콘텐츠	1
창작까지	1
창작놀음극	1
창작무용	1
창작보수	1
창작썰매가	1
창작썰매들	1
창작오페라	1
창작음악	1
창작자에	1
창작자에게	1
창작춤	1
창작판소리	1
창정	1
창정5호	1
창제는	1
창조경제는	1
창조경제밸리	1
창조경제타운	1
창조에	1
창조하라	1
창준위원장	1
창출될	1
창출해	1
창투	1
찾겠다종합	1
찾나종합	1
찾는다종합	1
찾아간	1
찾아갑니다	1
찾아나선	1
찾아내는	1
찾아낸	1
찾아낼	1
찾아달라	1
찾아라종합	1
찾아보기	1
찾아보세요	1
찾아보자	1
찾아온다	1
찾아올	1
찾아와	1
찾아종합	1
찾아종합2보	1
찾아준	1
찾아줌	1
찾아줌에서	1
찾았나종합	1
찾았다종합	1
찾았지만	1
찾으려	1
찾으려는	1
채계산에	1
채굴	1
채굴용	1
채굴형	1
채권값은	1
채권금리도	1
채권발	1
채권은행과	1
채권전문가	1
채권추심기관	1
채권펀드에	1
채권포럼	1
채권형은	1
채권형펀드에	1
채널a	1
채널과	1
채널로	1
채널에	1
채로	1
채무조정협상	1
채무함정	1
채성필	1
채소도	1
채소의	1
채식	1
채식과	1
채식버거에	1
채용률	1
채용박람회	1
채용부터	1
채용비리에	1
채용시	1
채용시험	1
채용외압의혹에	1
채용은	1
채용하면	1
채용하자	1
채우는	1
채울	1
채웠다	1
채이배	1
채찍	1
채찍질한	1
채취	1
채택거부에	1
채택된	1
채택속보	1
채택에	1
채택키로	1
채택하는	1
채택할	1
채택현장을	1
채티	1
채팅에	1
채팅으로	1
채팅하는	1
채팅형	1
책들	1
책들의	1
책마을해리	1
책모임	1
책무수행	1
책방을	1
책방의	1
책방이	1
책방학교	1
책상만	1
책상위에	1
책의해	1
책임감으로	1
책임공방하며	1
책임규명	1
책임근무제	1
책임론에	1
책임론종합	1
책임문제로	1
책임보험	1
책임없다	1
책임에	1
책임운영기관	1
책임을	1
책임의	1
책임일까	1
책임있게	1
책임있는	1
책임있다	1
책임자에	1
책임전가용	1
책임정치	1
책임져라	1
책임종합	1
책임종합2보	1
책임준공	1
책임지게	1
책임지겠다종합	1
책임총리로	1
책임총리에	1
책임총리제	1
책임통감	1
책임피하려	1
책잔치	1
책정종합	1
책추천해주는	1
챌린저	1
챌린지도	1
챌린지로	1
챔	1
챔스서	1
챔챔이	1
챔프전까지	1
챔프전부터	1
챔프전에	1
챔프전에서	1
챔피언상	1
챔피언스리그서	1
챔피언전서	1
챗봇에게	1
챗봇으로	1
챗봇이	1
챙겨야	1
챙겼다	1
챙긴다	1
챙길	1
처리건수는	1
처리기준	1
처리는	1
처리방안	1
처리속도	1
처리속보	1
처리수	1
처리안건	1
처리에	1
처리에도	1
처리조건	1
처리지침	1
처리하는	1
처리하지	1
처리할지	1
처리해달라	1
처리해달라종합	1
처리해야죠	1
처리후	1
처방	1
처벌대상서	1
처벌받기	1
처벌은	1
처벌조항	1
처분방안으로	1
처분시스템	1
처분에	1
처분종합2보	1
처분한다	1
처서인데도	1
처용	1
처우개선	1
처우개선법	1
처우열악	1
처음보다는	1
처음엔	1
처음이에요	1
처음종합	1
처절한	1
처참	1
처참한	1
처참해	1
처할	1
처해	1
처형법	1
처형에	1
처형종합	1
척결목표	1
척결에	1
척결해야	1
척척종합	1
척추질환	1
척하기	1
천거종합	1
천공기	1
천금	1
천금의	1
천년	1
천년고도의	1
천년축제	1
천도재	1
천리안2a까지	1
천막농성	1
천만에	1
천명종합	1
천명할	1
천문학	1
천문학적	1
천문협회	1
천사	1
천사에서	1
천수만	1
천신만고	1
천안시청	1
천안에	1
천안함사건	1
천안함재단	1
천연물	1
천연발효	1
천연보호구역을	1
천연잔디구장	1
천왕	1
천장은	1
천재교육	1
천재들의	1
천재성의	1
천재와	1
천정배도	1
천정배박주선	1
천지까지종합2보	1
천지문을	1
천지에	1
천지였네	1
천차만별	1
천천히	1
천체쇼	1
천체충돌로	1
천하	1
천하제일	1
천혜	1
천혜절경의	1
천호식품	1
철강제재	1
철거되나	1
철거되는	1
철거지시	1
철거키로	1
철거하라	1
철군계획	1
철군에	1
철군은	1
철군이	1
철군할지	1
철길	1
철길이동	1
철도공사	1
철도망	1
철도성	1
철도시설공단	1
철도에	1
철도연결	1
철도운송객	1
철도조사	1
철도주	1
철도파업	1
철도패스	1
철도협력	1
철로	1
철로자전거	1
철벽	1
철벽엄호	1
철새처럼	1
철수가	1
철수까지	1
철수나	1
철수는	1
철수령종합	1
철수명령	1
철수완료종합3보	1
철수종합	1
철수하는	1
철수하면	1
철수하자	1
철수해야	1
철썩	1
철야농성	1
철야대치	1
철옹성	1
철의	1
철이	1
철저스모킹건	1
철쭉동산의	1
철쭉의	1
철쭉축제	1
철통	1
철통단결로	1
철통보안속	1
철폐에	1
철학서	1
철학서들	1
철학으로	1
철학이다	1
철학자가	1
철학자들	1
철학자에	1
철회가능	1
철회냐	1
철회는	1
철회된	1
철회만이	1
철회않으면	1
철회에도	1
철회요구종합	1
철회제도	1
철회종합2보	1
철회종합3보	1
철회하면	1
철회한	1
철회해	1
첨단기술기업	1
첨단기술들종합	1
첨단무기	1
첨단방공미사일	1
첨단의료	1
첨단의료시스템	1
첨단주행보조	1
첩보실패	1
첩보요원	1
첩보전에	1
첩보전일	1
첫개최	1
첫경기	1
첫경기서	1
첫공개	1
첫과제	1
첫날만	1
첫달	1
첫돌행사	1
첫만남	1
첫발종합	1
첫번째는	1
첫사례	1
첫선음악회	1
첫선종합	1
첫선종합2보	1
첫승과	1
첫예산	1
첫주말	1
첫주재	1
첫판부터	1
첫판에	1
첫포함	1
첫회담	1
청각의	1
청각장애	1
청각장애인용	1
청각장애학생	1
청계천에서	1
청과	1
청구소송	1
청구해	1
청년가구	1
청년고객	1
청년고용정책	1
청년공천	1
청년단체	1
청년대변인	1
청년동맹	1
청년들	1
청년들은	1
청년들의	1
청년몰엔	1
청년무도회	1
청년미래대학생	1
청년분과위원장	1
청년수당은	1
청년실업	1
청년실업대책	1
청년예술인의	1
청년위원장	1
청년이	1
청년이사로	1
청년임대주택	1
청년작가공모전	1
청년정책연구소	1
청년지원	1
청년창업사관학교	1
청년최고위원	1
청년표	1
청년학생들	1
청년햇살론	1
청년활동	1
청년희망재단	1
청년희망펀드	1
청도	1
청도에	1
청량리농수산물시장	1
청량리농수산물시장서	1
청력상실	1
청렴도	1
청렴사회	1
청렴지도	1
청문대전	1
청문정국에	1
청문회도	1
청문회를	1
청문회하자	1
청문회해야	1
청문회후	1
청바지로	1
청바지에서	1
청보리밭	1
청부	1
청부업자	1
청사서	1
청산종합	1
청산하러	1
청산하자	1
청산할	1
청산해야	1
청소기	1
청소년과	1
청소년들과	1
청소년들에게	1
청소년들의	1
청소년문화활성화	1
청소년복합문화센터	1
청소년클럽	1
청소년클럽팀	1
청소노동자	1
청소대행업체	1
청소부터	1
청송	1
청약가점제	1
청약규제	1
청약시스템	1
청약시장서	1
청약에	1
청약자의	1
청약제한	1
청약조정지역	1
청약통장	1
청와대문건	1
청와대부터	1
청와대와	1
청와대총리관저	1
청원마당	1
청원운동	1
청원중	1
청음회	1
청의정	1
청자가마	1
청자축제	1
청장	1
청장이	1
청정국	1
청정기	1
청정연료	1
청정해역	1
청주교도소충북법무보호복지공단	1
청주맹학교에	1
청주불교방송	1
청주서도	1
청주시티fc	1
청천강	1
청춘2	1
청춘마이크	1
청춘뮤직폰	1
청춘송가	1
청춘의	1
청취종합	1
청취하는	1
청탁과	1
청탁금지	1
청탁금지법에	1
청탁금지법은	1
청탁받아	1
청팀	1
청해부대	1
체감기온	1
체감에	1
체감이	1
체감하는	1
체감할	1
체결된	1
체결종합	1
체결키로	1
체결하는	1
체결한	1
체결한다	1
체계와	1
체계적	1
체납자의	1
체납차량	1
체납해	1
체내	1
체력관리도	1
체력에	1
체력으로	1
체력적으론	1
체류객	1
체류객에	1
체류관광객	1
체류로	1
체류허가	1
체류형	1
체면용	1
체벌	1
체벌은	1
체스판에	1
체실	1
체온으로	1
체육kb손보	1
체육강국	1
체육공원	1
체육단	1
체육성	1
체육신인	1
체육장관	1
체육전문가	1
체육회에	1
체이스필드서	1
체인	1
체인스토어협회	1
체인지도	1
체제불안	1
체제붕괴	1
체제붕괴까지	1
체제서	1
체제안전보장	1
체제영향	1
체제와	1
체제위기	1
체제전환	1
체제출범에	1
체조하면	1
체크카드도	1
체크할	1
체포2보	1
체포됐다가	1
체포됐던	1
체포되자	1
체포와	1
체포자는	1
체포종합2보	1
체포종합3보	1
체포한	1
체포했다가	1
체험관광코스	1
체험버스	1
체험부스	1
체험부터	1
체험연수	1
체험열차	1
체험으로	1
체험을	1
체험이벤트	1
체험전	1
체험전시	1
체험존에	1
체험하면	1
체험하세요종합	1
체험해	1
체험해보니	1
체험해요	1
체험행사종합	1
첼로계	1
첼로와	1
첼시리버풀	1
쳐도	1
쳐야죠	1
쳤다	1
초가공식품	1
초가을의	1
초개인화	1
초거대	1
초겨울에	1
초격차	1
초고가폰	1
초고강도	1
초고령화	1
초고성능컴퓨팅	1
초고속인터넷기술	1
초고속인터넷도	1
초과근무수당	1
초과때는	1
초과생산분	1
초과세수로	1
초과세수탓	1
초과수익	1
초과이익환수는	1
초과임대	1
초광각	1
초교생	1
초근접	1
초급	1
초급당위원장대회	1
초급당위원장대회서	1
초기물량	1
초기에	1
초기작	1
초기타격	1
초기평가	1
초능력송	1
초단편소설집	1
초당적협조	1
초대장에	1
초대형ib	1
초대형로켓발사체	1
초등	1
초등교	1
초등교과서	1
초등교사	1
초등부	1
초등부는	1
초등생도	1
초등생들	1
초등생부터	1
초등생에게	1
초등학교서	1
초등학교서도	1
초등학생	1
초등학생에	1
초라	1
초래된	1
초래될	1
초래한	1
초로	1
초록마을에	1
초록우산어린이재단에	1
초미세먼지주의보	1
초박형	1
초보	1
초보저자	1
초본	1
초빙교수	1
초뽀	1
초상들	1
초상화	1
초상화로	1
초선까지	1
초승달과	1
초심으로	1
초안에	1
초안전	1
초예측	1
초월한	1
초월회	1
초월회종합	1
초인종	1
초장부터	1
초저가폰	1
초저온전자현미경	1
초저지연	1
초점종합	1
초접전	1
초중고에	1
초지능연구센터와	1
초짜티	1
초쯤	1
초청강연	1
초청받았다	1
초청설	1
초청속보	1
초청에	1
초청연수	1
초청으로	1
초청은	1
초청하겠다	1
초청하려고	1
초청한다	1
초치종합	1
초치종합2보	1
초치해	1
초콜릿축제	1
초토	1
초토화	1
초토화종합	1
초프리미엄	1
초프리미엄폰	1
초현대적	1
촉각종합	1
촉구대회	1
촉구집회	1
촉구하는	1
촉구한	1
촉매의	1
촉박	1
촉박종합	1
촉발된	1
촉발했다	1
촉진방안	1
촉진지구에도	1
촉진하고	1
촌극에	1
촌스러워	1
촌스럽다고	1
촘촘한	1
촛불계엄령	1
촛불로	1
촛불시민혁명	1
총감독께	1
총격당한	1
총격받아	1
총격사건으로	1
총격사망에	1
총격서	1
총격영상	1
총격참사	1
총격테러로	1
총격테러범	1
총격피살	1
총공세에도	1
총공세종합	1
총괄역	1
총괄회장	1
총기규제로	1
총기규제안	1
총기난사로	1
총기든	1
총기로비단체	1
총기무장	1
총기밀매	1
총기사건	1
총기참사로	1
총기참사종합5보	1
총기판매	1
총까지	1
총독	1
총독과	1
총동원	1
총동원종합	1
총량제한	1
총력속보	1
총력수사	1
총력저지	1
총력전종합	1
총력체제	1
총리yonhap	1
총리감	1
총리경선	1
총리공관서	1
총리관저	1
총리는	1
총리돼	1
총리돼야종합	1
총리된다	1
총리로	1
총리로선	1
총리만찬서	1
총리부터	1
총리사퇴로	1
총리야권	1
총리에게	1
총리와도	1
총리종합	1
총리종합2보	1
총리추천제	1
총리카드에	1
총리코빈	1
총리회담	1
총망라하는	1
총맞은	1
총무성과	1
총무성차관	1
총무에	1
총부채	1
총선관리	1
총선때	1
총선룰	1
총선만	1
총선민심	1
총선민의는	1
총선사범	1
총선승리종합2보	1
총선에	1
총선에도	1
총선에서	1
총선은	1
총선이	1
총선전날	1
총선준비	1
총선토론회	1
총선홍보	1
총선홍보비	1
총선후보	1
총성	1
총성울린	1
총성으로	1
총수서	1
총수없는	1
총수요	1
총수익스와프	1
총수일가	1
총알녹여	1
총알이	1
총액으로	1
총연봉이	1
총자본비율	1
총자산	1
총장과	1
총장김용	1
총장에	1
총재와	1
총재회의	1
총정리	1
총정리한	1
총집결종합	1
총출동에	1
총출동해	1
총탄	1
총탄세례	1
총통선거에	1
총통후보	1
총판	1
총회서도	1
촬영감독	1
촬영물	1
촬영으로	1
촬영제안	1
촬영지에	1
촬영팀	1
촬영허가	1
최강자로	1
최강자전	1
최강전	1
최강종합	1
최강종합2보	1
최강팀은	1
최강한파종합	1
최경환과	1
최고갑부	1
최고경영자	1
최고경영자과정	1
최고골잡이	1
최고과학기술인상	1
최고과학기술인상에	1
최고관광지는	1
최고권위	1
최고급	1
최고기능인	1
최고기록까지	1
최고기온종합	1
최고논문상	1
최고령으로	1
최고매출	1
최고명문	1
최고몸값	1
최고사령관	1
최고성능	1
최고속보	1
최고수준	1
최고스타는	1
최고액은	1
최고여행지서	1
최고연봉선수는	1
최고운영책임자	1
최고위원들	1
최고위원으로	1
최고위원중진의원	1
최고위원회	1
최고은	1
최고의바둑	1
최고이자율	1
최고전문가	1
최고제품	1
최고조종합	1
최고종합2보	1
최고증가율	1
최고치에	1
최고콘텐츠종합	1
최고학대자는	1
최근까지	1
최근접	1
최다관객	1
최다관중	1
최다기록	1
최다무패	1
최다선이냐	1
최다승종합	1
최다연속	1
최다우승	1
최다자책점	1
최다정파	1
최다종합	1
최다타이	1
최다판매도서	1
최다피홈런	1
최단거리	1
최단기	1
최대2보	1
최대관건은	1
최대그룹	1
최대기구	1
최대낙폭종합	1
최대변수	1
최대순간	1
최대순간풍속	1
최대승부처	1
최대실적	1
최대압박의	1
최대애로는	1
최대위협	1
최대유전도	1
최대쟁점	1
최대전력	1
최대정당	1
최대화	1
최동환	1
최명자	1
최북단	1
최빈국	1
최빈국서	1
최상	1
최서진	1
최선다해달라	1
최선종합	1
최선호주는	1
최선희는	1
최소42명	1
최소등재기간	1
최소소진율	1
최소실점	1
최소종합	1
최소화대책	1
최소화에	1
최소화종합	1
최소화하되	1
최소화하라	1
최소화할	1
최소화해	1
최순실사태	1
최신구축함	1
최신무기	1
최신항모	1
최악공습에	1
최악위기	1
최악은	1
최연소로	1
최연소에서	1
최연소종합	1
최우수기관	1
최우수기업으로	1
최우수작에	1
최원준	1
최장거리	1
최장기록	1
최장시간	1
최장신	1
최재경은	1
최저2보	1
최저리얼미터	1
최저소득보장제	1
최저수익보장	1
최저승률	1
최저연봉	1
최저연봉팀	1
최저연수	1
최저요금	1
최저인	1
최저임금에	1
최저임금은	1
최저종합	1
최저종합2보	1
최저치리얼미터	1
최저치종합	1
최저치한국갤럽	1
최적임자	1
최적화된다	1
최적화하는	1
최전방부대	1
최정예로	1
최정의	1
최종결론종합	1
최종결정	1
최종관문	1
최종단계	1
최종득점에	1
최종목표는	1
최종방향	1
최종선정에	1
최종엔트리	1
최종일인	1
최종전으로	1
최종전은	1
최종정리중	1
최종조정	1
최종천	1
최종판정	1
최종평가	1
최종합의종합	1
최종협정	1
최종훈련	1
최주환의	1
최준용의	1
최지만과	1
최참판댁까지	1
최첨단기술	1
최초가	1
최초라는	1
최측근으로	1
최태웅석진욱장병철	1
최하등급	1
최하위급	1
최하위종합	1
최항	1
최홍석마저	1
최홍석이	1
최효준	1
최후반군	1
최후통첩에	1
최후통첩한	1
최후협상에	1
추가감면	1
추가개의	1
추가개편	1
추가고발	1
추가공개	1
추가공급	1
추가규제	1
추가낙마	1
추가낙마종합	1
추가는	1
추가대책도	1
추가대책속보	1
추가대출	1
추가데이터	1
추가도입	1
추가된	1
추가매수	1
추가매입	1
추가발견	1
추가부실	1
추가석방	1
추가시간에	1
추가연기	1
추가요금	1
추가유예안	1
추가전개	1
추가점검	1
추가제한속보	1
추가조사	1
추가조사에	1
추가조정	1
추가증거	1
추가토록	1
추가파병	1
추가평가	1
추가피해	1
추가할인	1
추가합격자	1
추가협의	1
추격골	1
추격본능	1
추격전	1
추격전으로	1
추격포결승타	1
추격하던	1
추격형	1
추경도	1
추경심의	1
추경에	1
추경열차	1
추경예산	1
추경은	1
추경이면	1
추경일정도	1
추경추진	1
추구하길	1
추궁에	1
추궁종합	1
추기경이	1
추대2보	1
추대3보	1
추대4보	1
추대되나	1
추대론	1
추도예배	1
추동하나	1
추동하나종합	1
추락기	1
추락도	1
추락리얼미터	1
추락사고	1
추락시	1
추락에	1
추락한듯	1
추락해	1
추락헬기	1
추리소설	1
추모공간	1
추모공연	1
추모벽	1
추모열기속	1
추모위	1
추모종합	1
추모하며	1
추모행렬종합2보	1
추모행사종합	1
추문제조기	1
추방2보	1
추방3보	1
추방됐던	1
추방될	1
추방속보	1
추방시	1
추방에	1
추방으로	1
추방은	1
추방하려	1
추방해야	1
추상같은	1
추상미술의	1
추상적인	1
추상화	1
추상화가	1
추석물가	1
추석밥상	1
추석에	1
추석에도	1
추석엔	1
추석인데	1
추석패키지	1
추석후	1
추세는	1
추수	1
추신수가	1
추신수강정호	1
추신수는	1
추신수도	1
추심없는	1
추악	1
추암	1
추억될듯	1
추억여행	1
추운겨	1
추운데	1
추워도	1
추워서	1
추워야	1
추워져8일	1
추워져요	1
추워지기	1
추워지나	1
추월당해종합	1
추월한	1
추월한다	1
추위가	1
추위는	1
추위도	1
추인1보	1
추인2보	1
추인종합2보	1
추적기	1
추적중	1
추적추적	1
추정가	1
추정되는	1
추정되지만	1
추정물체	1
추정에	1
추정지	1
추정치	1
추종	1
추종세력	1
추종자였다	1
추지만	1
추진과정	1
추진교도	1
추진단계	1
추진돼야종합	1
추진땐	1
추진방안	1
추진방향	1
추진설에	1
추진은	1
추진키로	1
추진키로2보	1
추진키로3보	1
추진하나	1
추진하는	1
추진해놓고	1
추진해야속보	1
추진했다가	1
추징금	1
추천과정	1
추천권한	1
추천도	1
추천도서	1
추천방식	1
추천상품	1
추천으로	1
추천을	1
추천인사들	1
추천제품	1
추천철회	1
추천키로	1
추천한다	1
추천해	1
추천해야	1
추천해주세요	1
추천해준다	1
추천행사	1
추첨행사	1
추출	1
추출법	1
추행한	1
추후협의	1
축구는	1
축구대표팀과	1
축구대표팀서	1
축구대표팀은	1
축구대회서	1
축구도	1
축구로	1
축구리그서	1
축구만	1
축구사랑	1
축구사랑나눔재단	1
축구선	1
축구센터	1
축구수집가의	1
축구신	1
축구신이다	1
축구신화	1
축구에는	1
축구에도	1
축구연맹전	1
축구유망주	1
축구인들	1
축구인생에서	1
축구인생의	1
축구장에	1
축구장에도	1
축구장에서	1
축구장이	1
축구전문가	1
축구종가	1
축구철학은	1
축구클럽	1
축구팀에	1
축구팀은	1
축구팬연합회장	1
축구페스티벌	1
축구학교	1
축구협회가	1
축구협회에	1
축구협회와	1
축구협회장	1
축구화	1
축구황제	1
축복	1
축복이자	1
축복일까	1
축복한	1
축사한	1
축산농가	1
축소로	1
축적으로	1
축전과	1
축전교환	1
축전에	1
축전장	1
축제감독	1
축제는	1
축제도	1
축제와	1
축제장엔	1
축출	1
축출돼종합3보	1
축출돼종합4보	1
축출됐던	1
축출된듯종합2보	1
축출한	1
축하난	1
축하난종합	1
축하로	1
축하받는	1
축하방문	1
축하인사	1
축하전화	1
축하한다	1
축하행사	1
춘계중고농구연맹전	1
춘원문학상	1
춘제연휴	1
춘천mbc서	1
춘천닭갈비막국수축제	1
춘천선언	1
춘천에	1
춘천에서	1
춘천을	1
춘추관장	1
춘추전국	1
춘풍	1
춘풍이	1
출간되자마자	1
출간된다	1
출간종합	1
출격에	1
출격에도	1
출격종합	1
출격하나	1
출경	1
출경장	1
출고	1
출고고객에	1
출고식	1
출구도	1
출구로	1
출구론	1
출구없는	1
출구전략	1
출구조사의	1
출구찾기	1
출국세가	1
출국에도	1
출국이	1
출국자	1
출국종합	1
출국한듯	1
출근대란	1
출근시간	1
출근하는	1
출근하세요	1
출근합니다	1
출동3보	1
출동로	1
출동시	1
출동에	1
출동하나	1
출동현장을	1
출동후	1
출두에	1
출렁다리	1
출렁에	1
출력	1
출력이	1
출력하듯	1
출루머신	1
출마금지	1
출마는	1
출마선언종합	1
출마자	1
출마타진	1
출마하냐	1
출마한	1
출마할	1
출몰	1
출발1보	1
출발객	1
출발선	1
출발선에서	1
출발속보	1
출발에도	1
출발하는	1
출범도	1
출범선언문	1
출범은	1
출범키로	1
출범하길	1
출범한다	1
출범할	1
출범합니다	1
출범후에도	1
출사	1
출사단	1
출사표종합	1
출산능력은	1
출산율저하	1
출산장려	1
출산장려에도	1
출산주도성장	1
출생신고	1
출생연도	1
출생의혹	1
출석명령	1
출석요구	1
출석종합	1
출석통보에	1
출시까지	1
출시는	1
출시도	1
출시되는	1
출시설	1
출시종합2보	1
출시하고	1
출시할듯	1
출시합니다	1
출시효과	1
출신고	1
출신만	1
출신배경	1
출신학교	1
출연기관장들	1
출연기관장협의회	1
출연연중소기업	1
출연장면	1
출연진	1
출연한	1
출입계획	1
출입기자단과	1
출입도	1
출입인원	1
출입정보	1
출입통제시스템	1
출자종합	1
출장보고서	1
출장비	1
출장비로	1
출장서	1
출장엔	1
출장종합	1
출전권부터	1
출전금지벌금	1
출전기회	1
출전명단서	1
출전명단에는	1
출전서	1
출전선수	1
출전여부	1
출전종합	1
출전지에	1
출전하고파	1
출전하기로	1
출전하면	1
출전할	1
출전할까	1
출정식서	1
출정식에	1
출정식종합	1
출판경영마케팅	1
출판경영자	1
출판권자에게도	1
출판노조협의회	1
출판농단	1
출판단체	1
출판단체저작권단체	1
출판도시서	1
출판문화산업진흥원장	1
출판문화협회	1
출판물에	1
출판사가	1
출판사업	1
출판사에	1
출판산업	1
출판인력양성과정	1
출판인회의	1
출판전공	1
출판정담	1
출판지원	1
출판통합	1
출판학연구	1
출품된	1
출품작	1
출하	1
출항금지	1
출항을	1
출현해	1
춤과	1
춤실험	1
춤에	1
춤을	1
춤추고	1
춤춘	1
춤춰요	1
충격과	1
충격기로	1
충격서	1
충격적일	1
충고에	1
충고종합	1
충남기자협회	1
충남도에	1
충남에	1
충남은	1
충돌방지	1
충돌우려	1
충돌하는	1
충돌할	1
충돌해	1
충돌현장	1
충방전장비	1
충북경찰	1
충북경찰청	1
충북과학고	1
충북기자협회서원대	1
충북도	1
충북서	1
충북에	1
충북으로	1
충북은	1
충분치	1
충성독려	1
충성맨	1
충성맹세에	1
충성요구	1
충성은	1
충성해야	1
충실	1
충실이행	1
충실한	1
충실해야	1
충원안	1
충장축제	1
충전금에	1
충전사업	1
충전시간	1
충전에	1
충전으로	1
충전패드	1
충전한다고	1
충전한도	1
충족안돼	1
충주세계소방관대회	1
충청까지	1
충청로	1
충청모임	1
충청민심	1
충청은	1
충청을	1
충칭서	1
춰요	1
취급은	1
취득에	1
취득절차	1
취득종합	1
취득한	1
취리히	1
취리히대학서	1
취미생활	1
취소2보	1
취소검토	1
취소경기	1
취소돼	1
취소소송	1
취소하게	1
취소하라종합	1
취소하세요	1
취소한	1
취소할	1
취약계층에	1
취약사항	1
취약성	1
취약신흥국	1
취약종	1
취약지대	1
취약지역에	1
취약층	1
취약형도	1
취업기	1
취업비자	1
취업상담	1
취업수험서	1
취업시켜주고	1
취업이	1
취업자는	1
취업장벽	1
취업정보	1
취업준비생과	1
취업청탁일뿐	1
취업하려다	1
취업해	1
취임사	1
취임사하는	1
취임식에	1
취임식장으로	1
취임하는	1
취임한	1
취재단	1
취재대회	1
취재온	1
취재진이	1
취재하는	1
취재허용	1
취재현장의	1
취준생	1
취준생도	1
취지	1
취지에	1
취직	1
취하겠다종합	1
취하고	1
취하는	1
취할것	1
취할것종합	1
취항금지	1
취해볼까	1
취해야종합	1
취향대로	1
츄러스	1
측과	1
측근들과	1
측근들에	1
측근은	1
측면	1
측면공격수	1
측면의	1
측에	1
측정기술	1
측정을	1
측정하는	1
치겠네	1
치겠다	1
치고도	1
치닫나	1
치달은	1
치대	1
치던	1
치러야	1
치러종합	1
치러질	1
치렀는데	1
치료기술	1
치료길	1
치료도	1
치료제에	1
치료중종합2보	1
치료해야	1
치료효과	1
치르게	1
치르고	1
치르기로	1
치르는	1
치른다	1
치마	1
치마가	1
치마는	1
치마속에	1
치마에	1
치매치료물질	1
치매환자	1
치맥파티	1
치머	1
치명적인	1
치밀해져	1
치솟던	1
치솟자	1
치안	1
치안불안	1
치안불안에	1
치안에	1
치안활동	1
치어	1
치열하게	1
치열했던	1
치운	1
치워둘	1
치유로서의	1
치유의	1
치유의숲	1
치장한	1
치전원	1
치즈는	1
치쿤구니아	1
치쿤구니아가	1
치킨게임	1
치킨이	1
치킨집	1
칙칙폭폭	1
친eu	1
친구가	1
친구들과	1
친구로	1
친구의	1
친기업	1
친누나는	1
친다	1
친모	1
친모도	1
친문까지	1
친문은폐처	1
친문패권	1
친문핵심	1
친미	1
친박당	1
친박에서	1
친박으로서	1
친박은	1
친북좌파	1
친서방	1
친서에서	1
친선경기도	1
친선경기서	1
친선대회	1
친선에	1
친선예술축전	1
친선전시회	1
친선협조관계	1
친이란민병대	1
친일논란	1
친일문인기념문학상	1
친일문학상	1
친일문학은	1
친일하지	1
친일행위	1
친절매니저	1
친절의	1
친정방문	1
친정부집회	1
친정팀에	1
친중국	1
친중여론	1
친중파에	1
친필	1
친화도시	1
친화적	1
친화형으로	1
친환경기술	1
친환경농산물	1
친환경차	1
친황하려	1
칠	1
칠갑산	1
칠갑산얼음분수축제	1
칠레법원	1
칠레축구선수	1
칠레축구협회	1
칠석	1
칠십리	1
칠일	1
칠하고	1
침공으로	1
침대	1
침대에	1
침략으로	1
침략자들	1
침략전쟁	1
침략전쟁을	1
침략징후라도	1
침몰종합	1
침몰한	1
침몰한듯	1
침묵은	1
침묵의	1
침묵종합	1
침뱉는	1
침범한	1
침수되고	1
침수사고로	1
침수위기	1
침수피해	1
침에서	1
침입의	1
침입하려던	1
침체국면	1
침체에	1
침투훈련에	1
침팬지보다	1
침해대응	1
침해받는다	1
침해시	1
침해없다	1
침해종합	1
침해하지	1
침해할	1
칩디자이너	1
칩셋부터	1
칩슛	1
칭기즈칸이	1
칭다오의	1
칭얼	1
칭찬도	1
칭찬해야	1
카고	1
카고트럭	1
카길생명과학	1
카길생명과학상에	1
카놀라	1
카누	1
카니발	1
카드결제대금	1
카드는	1
카드로도	1
카드론	1
카드매출	1
카드발급	1
카드사에	1
카드신청	1
카드에	1
카드인가	1
카라반	1
카레라스	1
카르다시는	1
카르텔에	1
카를로스	1
카리브해	1
카메라도	1
카메라를	1
카메라만	1
카메라앱	1
카메라앱에	1
카메라타	1
카메룬은	1
카메오로	1
카바니와	1
카스트로에	1
카스트로와	1
카약	1
카약으로	1
카오락	1
카오스의	1
카운터테너	1
카운트	1
카운티	1
카이	1
카이로	1
카이로메트로에	1
카이로에	1
카이로행	1
카이스트와	1
카잔	1
카잔대첩	1
카지노업체와	1
카카오i	1
카카오m과	1
카카오t	1
카카오가	1
카카오는	1
카카오도	1
카카오리틀프렌즈폰	1
카카오리틀프렌즈폰2	1
카카오맵에	1
카카오맵에서	1
카카오메일	1
카카오미니c	1
카카오미니로	1
카카오미니에	1
카카오버스	1
카카오보다	1
카카오브레인	1
카카오싱크	1
카카오앱	1
카카오엔터프라이즈	1
카카오키즈폰	1
카카오톡서	1
카카오페이와	1
카카오페이지와	1
카카오폴크스바겐	1
카카오프렌즈가	1
카타르도	1
카타르월드컵	1
카타르항공	1
카탈루냐에	1
카탈루냐지도부에	1
카톡광고	1
카톡땐	1
카톡의	1
카톡처럼	1
카툭튀	1
카퍼레이드도	1
카페서	1
카페시장	1
카페페스티벌	1
카펫	1
카풀반대해	1
카풀앱	1
카풀업체	1
카프카를	1
카프카적	1
카플레이	1
칸들의	1
칼끝	1
칼더	1
칼럼	1
칼리아리와	1
칼바람까지	1
칼바람에도	1
칼바람이	1
칼호텔	1
캄보디아에	1
캄프	1
캉	1
캉에	1
캐나다노르웨이	1
캐나다에도	1
캐나다에서	1
캐나다항공	1
캐낼	1
캐다	1
캐리람	1
캐리소프트	1
캐릭터가	1
캐릭터룸	1
캐릭터별로	1
캐릭터상	1
캐릭터와	1
캐묻기도	1
캐스터가	1
캐스팅	1
캐시	1
캐시슬라이드	1
캐치볼	1
캐치볼도	1
캐치볼로	1
캐치히어로즈	1
캐피탈사	1
캐피털사도	1
캔들로	1
캔디	1
캔맥주	1
캔버스에	1
캔서	1
캔슬링이	1
캔자스시티	1
캔자스시티전	1
캠시스	1
캠퍼스서울	1
캠페인에	1
캠프모바일	1
캠프서	1
캠프에도	1
캠핑의	1
캠핑축제	1
캠핑하자	1
캡슐	1
캡슐로	1
캡틴에	1
캣대디	1
캣워크	1
커넥스트19	1
커넥티드팜	1
커녕	1
커다란	1
커들로	1
커리가	1
커리듀랜트예렙코	1
커리어	1
커리어에	1
커뮤니케이션	1
커뮤니티데이	1
커미셔너	1
커밍아웃종합	1
커버	1
커버드본드	1
커버드콜	1
커버리지로	1
커보여	1
커브드에서	1
커쇼는	1
커스터마이징	1
커스터머	1
커야	1
커졌나	1
커졌다종합2보	1
커졌지만	1
커지는데	1
커지면	1
커질까	1
커터	1
커터를	1
커피도	1
커피처럼	1
커피축제	1
커피향에	1
컨디션도	1
컨버전스로	1
컨벤션	1
컨벤션서	1
컨부두	1
컨설팅서	1
컨셉은	1
컨셉코리아	1
컨테이너에	1
컨트리	1
컨페드컵서	1
컬러사진으로	1
컬렉터들도	1
컬링로봇	1
컬처럴	1
컬처몽땅	1
컬페퍼의	1
컴팩트	1
컴팩트하게	1
컴퓨터로	1
컴퓨터칩	1
컵스와	1
컵스전	1
컵스휴스턴전서	1
컷오프배제자	1
컷오프에	1
컷오프종합	1
컸구나	1
컸네	1
컸던	1
케냐서도	1
케냐와	1
케미가	1
케미칼	1
케빈	1
케어랩스	1
케어센스	1
케이로스	1
케이밸리	1
케이뱅크도	1
케이블tv도	1
케이블tv업계	1
케이블tv에	1
케이블tv협회	1
케이블과	1
케이블망	1
케이스타일허브에서	1
케이식에	1
케이식은	1
케이씨	1
케이씨텍	1
케이아이엔엑스	1
케이웨이브	1
케이큐브	1
케이크로	1
케이툰	1
케이티스카이라이프	1
케이팝에	1
케이피에스	1
케인은	1
케인을	1
케인팀	1
케인펜스	1
케일린	1
켈	1
켈로부대	1
켈리는	1
켈리에	1
켜는	1
켜주는	1
켜줘	1
켜지면	1
켠	1
코너에	1
코네티컷과	1
코넥스	1
코드가	1
코드검찰	1
코드몸살	1
코드인사	1
코드커터	1
코디에스	1
코딩교육	1
코딩교육로봇	1
코딩수업	1
코딩스쿨	1
코란도	1
코랄	1
코르셋과	1
코리아그랜드세일	1
코리아는	1
코리아블프	1
코리아세일	1
코리아세일페스타	1
코리아세일페스타서	1
코리아센터	1
코리아스타트업포럼	1
코리아에	1
코리아에셋투자증권	1
코리아의	1
코리아코너	1
코리아텐더	1
코리아페스타와	1
코리아하우스서	1
코리아협의회에	1
코리안더비	1
코리안리는	1
코리안심포니오케스트라	1
코리안챔버	1
코릿제주페스티벌	1
코뮤니스트	1
코미디쇼	1
코미디언이냐	1
코믹미스터리물	1
코바코화이인베스트먼트	1
코브라	1
코비	1
코스닥상장사	1
코스닥수급	1
코스닥시장위	1
코스닥지수	1
코스맥스비티아이	1
코스모스축제	1
코스정보	1
코스타리카서	1
코스타리카에	1
코스타에	1
코스트코	1
코스피200지수	1
코스피는	1
코스피도	1
코스피보다	1
코스피시장	1
코스피와	1
코스피코스닥	1
코시	1
코아로직	1
코아시아	1
코앞까지	1
코앞종합	1
코어	1
코어망	1
코어장비까지	1
코언에	1
코엑스아쿠아리움	1
코엑스여기어때	1
코엔텍	1
코오롱그룹	1
코오롱머티리얼	1
코오롱생명	1
코오롱생명과학에	1
코오롱티슈진	1
코오롱하늘채	1
코인	1
코인원	1
코인원농협은행	1
코젤렉의	1
코즈모폴리탄	1
코치나	1
코치님	1
코치도	1
코치진에게	1
코치진이	1
코카인	1
코코스코프	1
코트디부아르서	1
코트를	1
코트서	1
코트에서	1
코팅	1
코팅기술	1
코팅기업	1
코팅으로	1
콘도	1
콘서트가	1
콘서트도	1
콘서트에	1
콘서트장	1
콘서트홀	1
콘진원	1
콘크리트	1
콘택트렌즈	1
콘테를	1
콘텐츠는	1
콘텐츠도	1
콘텐츠를	1
콘텐츠에	1
콘텐츠제공서비스	1
콘텐츠투자조합에	1
콘트롤타워	1
콘퍼런스기술설명회	1
콜과	1
콜드게이트	1
콜드게임	1
콜드게임으로	1
콜드워	1
콜라겐	1
콜레라로	1
콜레스테롤이	1
콜렉티브	1
콜록콜록	1
콜롬비아도	1
콜롬비아에	1
콜롬비아와의	1
콜롬비아정부반군	1
콜린	1
콜마비앤에이치	1
콜센터에서	1
콜싱크	1
콜앱	1
콜에	1
콜의	1
콤플렉스	1
콤플렉스서	1
콧노래	1
콧노래종합	1
콩그레스에	1
콩순이	1
콩순이부터	1
콩쿠르에서	1
콰르텟의	1
쾅쾅	1
쾌유하길	1
쾌유하셔야	1
쾌유하시라종합	1
쾌조	1
쾌척	1
쾌투로	1
쾌투박병호	1
쿠데타까지	1
쿠데타설	1
쿠데타일까	1
쿠드스의	1
쿠르드군과	1
쿠르드노동자당	1
쿠르드의	1
쿠르드자치정부	1
쿠르드족에	1
쿠르디를	1
쿠릴4개섬	1
쿠릴섬	1
쿠릴열도서	1
쿠바난민	1
쿠바를	1
쿠바에	1
쿠바와	1
쿠바와의	1
쿠바정책	1
쿠바진출	1
쿠슈너와	1
쿠어스필드의	1
쿠자	1
쿠쿠홀딩스	1
쿠쿠홀딩스로	1
쿠쿠홈시스	1
쿠티뉴도	1
쿠팡에	1
쿠퍼	1
쿠퍼는	1
쿠폰도	1
쿠폰북	1
쿡으로	1
쿨딜	1
쿵짝	1
쿵쿵치며	1
쿼드카메라	1
쿼드캠	1
쿼터	1
퀀텀닷	1
퀀텀닷oled	1
퀄리티	1
퀄리티스타트	1
퀄컴과	1
퀴리	1
퀴어	1
퀴즈쇼	1
퀴즈쇼로	1
큐레이셔니즘	1
큐레이터가	1
큐레이터와의	1
큐로컴	1
큐리언트	1
큐리지널서	1
큐브	1
크기도	1
크기의	1
크뇌벨	1
크는	1
크다는	1
크던	1
크라우드펀딩	1
크라운	1
크라운제과	1
크래프트	1
크랙	1
크랙칼	1
크레머	1
크레모랩	1
크레인	1
크로스	1
크로아	1
크로아티아그리스	1
크로엔	1
크롬서	1
크루즈관광객	1
크루즈루비오	1
크루즈를	1
크루즈타고	1
크리니티	1
크리스마스시장	1
크리스마스엔	1
크리스마스이브에	1
크리스에프앤씨	1
크리스티	1
크리스페이	1
크리에이터스	1
크리켓	1
크리켓의	1
크리틱	1
크림병합	1
크림처럼	1
크립토	1
크지만	1
크진	1
큰듯	1
큰불	1
큰불종합	1
큰손들	1
큰손실	1
큰손으로	1
큰일날뻔	1
큰절	1
큰절하는	1
클	1
클까	1
클라시코	1
클라우드sw	1
클라우드가	1
클라우드는	1
클라우드에	1
클래스101	1
클래식공연	1
클래식부터	1
클래식음악	1
클래식의	1
클래퍼	1
클럽m	1
클럽농구대회	1
클럽답사	1
클럽맨	1
클럽메드	1
클럽배구대회	1
클럽에	1
클럽에서	1
클럽챔피언십서	1
클럽하우스	1
클럽하우스서	1
클레이튼에	1
클리블랜드전	1
클리어링	1
클리오	1
클릭땐	1
클린	1
클린베이스볼	1
클린선언	1
클린에너지	1
클린중국	1
클린카드	1
클린턴과	1
클린턴에	1
클린턴이	1
큽니다	1
키가	1
키노트와	1
키는	1
키도	1
키드	1
키드와	1
키르기스스탄과	1
키르기스스탄에서	1
키르기스스탄전	1
키르기스에	1
키맨	1
키보드	1
키보드앱	1
키스	1
키스를	1
키스톤xl	1
키신저와	1
키오스크	1
키오스크로	1
키우겠다	1
키우고	1
키우기종합	1
키우는	1
키우며	1
키우자	1
키운다종합3보	1
키움투자자산운용	1
키워드로	1
키워드에	1
키워야	1
키웠다	1
키웠다종합	1
키웠을까	1
키웠지만	1
키즈교실	1
키즈랜드	1
키즈런	1
키즈맘	1
키즈워치와	1
키즈콘텐츠	1
키즈클럽	1
키즈테인먼트	1
키쭈	1
키치sc와	1
키커	1
키케	1
키코가	1
키트로	1
키플레이어는	1
킨텍스	1
킨텍스에서	1
킬러본능	1
킬스위치	1
킴브럴	1
킴브럴과의	1
킹덤	1
킹메이커	1
킹메이커는	1
타격권	1
타격권종합	1
타격목표	1
타격무기	1
타격받나	1
타격시	1
타격위협에	1
타격전력	1
타격종합	1
타격줄까	1
타격할	1
타격훈련	1
타결돼도	1
타결될까종합	1
타결종합	1
타결키로	1
타결하거나	1
타결해야	1
타계에	1
타고난다	1
타기	1
타깃으로	1
타깃은	1
타네	1
타당하면	1
타도	1
타들어	1
타들어가는	1
타랑께	1
타러	1
타려면	1
타며	1
타버린	1
타법인	1
타볼까	1
타부지도	1
타사보다	1
타사에	1
타서	1
타서전	1
타석부터	1
타선도	1
타선의	1
타세요	1
타수	1
타순도	1
타순만	1
타순은	1
타스통신	1
타악	1
타야	1
타운스	1
타운스와	1
타이거즈의	1
타이밍은	1
타이베이	1
타이베이의	1
타이어월드에	1
타이중에서	1
타이퀀	1
타이퀀의	1
타이타닉	1
타이탄	1
타이틀도	1
타이틀리스트	1
타이틀스폰서	1
타임라인에서	1
타임스퀘어서	1
타임스퀘어에	1
타임오프제	1
타자가	1
타자는	1
타자다	1
타자들과	1
타자들에	1
타자들이	1
타자에게	1
타자에만	1
타자의	1
타자인식	1
타전	1
타조	1
타조의꿈	1
타종합	1
타지옥까지	1
타지키스탄	1
타지키스탄과	1
타진했을	1
타파tapah	1
타파하려는	1
타파해야	1
타협으로	1
타협이나	1
타협하자	1
타협하지	1
탁	1
탁월함	1
탄도	1
탄두중량	1
탄력받은	1
탄력적	1
탄력종합	1
탄생시킨	1
탄생하다	1
탄생한	1
탄생했던	1
탄생했지만	1
탄성이	1
탄성종합	1
탄소나노튜브	1
탄소자원화	1
탄소중립성	1
탄식종합	1
탄압에	1
탄약	1
탄약고서	1
탄약구매	1
탄자니아로	1
탄탄	1
탄탄한	1
탄탄해야	1
탄핵감	1
탄핵론	1
탄핵보고서	1
탄핵부정	1
탄핵사유	1
탄핵소추위	1
탄핵소추위원단	1
탄핵안에	1
탄핵에	1
탄핵여론	1
탄핵연대로	1
탄핵열차	1
탄핵요건	1
탄핵정국때도	1
탄핵정국서	1
탄핵정국에	1
탄핵조사에	1
탄핵조사에도	1
탄핵증언	1
탄핵증인	1
탄핵추진종합	1
탄핵특위	1
탄핵패션도	1
탄핵폰	1
탄호아	1
탄호아와	1
탈군사주의화	1
탈까	1
탈꼴찌종합	1
탈당배수진	1
탈당선봉	1
탈당에	1
탈당으로	1
탈당키로	1
탈당파도	1
탈당파와	1
탈당후	1
탈락에	1
탈락위기	1
탈락자들	1
탈락팀끼리	1
탈락팀들	1
탈락하나	1
탈레반과의	1
탈레반보다	1
탈레반에	1
탈루	1
탈림에	1
탈모도	1
탈북급증	1
탈북단체들	1
탈북민은	1
탈북선동	1
탈북시도에도	1
탈북은	1
탈북자가족	1
탈북자들과	1
탈북작가의	1
탈북종업원가족	1
탈북종합2보	1
탈북차단	1
탈북청년	1
탈북하다	1
탈북할	1
탈북했나	1
탈북했다	1
탈선	1
탈선으로	1
탈선테러	1
탈세로	1
탈영	1
탈영종합	1
탈옥후	1
탈이념	1
탈종교시대	1
탈주행각	1
탈진실시대	1
탈출4위	1
탈출로	1
탈출시도	1
탈출에	1
탈출엔	1
탈출하나	1
탈출하며	1
탈출할	1
탈출할까	1
탈출했지만	1
탈취가	1
탈취종합	1
탈퇴는	1
탈퇴도	1
탈퇴시한	1
탈퇴안	1
탈퇴에서	1
탈퇴운동	1
탈퇴지지	1
탈퇴파	1
탈퇴해야	1
탈퇴했지만	1
탈퇴협정부결에	1
탈피해야	1
탈핵선언	1
탈핵정책	1
탈현대	1
탈환2보	1
탈환종합2보	1
탐구하는	1
탐내는	1
탐라	1
탐방까지	1
탐사기자	1
탐사도종합	1
탐사보도와	1
탐사보도팀	1
탐사선이	1
탐사에서	1
탐사용	1
탐사하는	1
탐사한다종합2보	1
탐색대화	1
탐색한	1
탐지된	1
탐하다	1
탐험하는	1
탐험하다	1
탑승종합	1
탑승종합2보	1
탑승하라	1
탑승한	1
탑재능력	1
탑재되나	1
탑재앱	1
탑재용	1
탑재율	1
탑재종합2보	1
탑재하나	1
탑재할까	1
탓이라는건	1
탔어요	1
탕무하이	1
탕진하고	1
탕펑	1
탕평인사건의에	1
탕평종합	1
태광	1
태광그룹	1
태광실업	1
태국거래소와	1
태국내	1
태국도서전	1
태국배구	1
태국불교	1
태국의	1
태국팬	1
태권	1
태권도부	1
태권도시범단과	1
태권도연맹	1
태권소녀	1
태권소년	1
태권슈팅	1
태극기부대	1
태극낭자들	1
태극마크도	1
태극전	1
태극전사의	1
태극제약	1
태도변화	1
태동부터	1
태동한	1
태릉선수촌	1
태림페이퍼	1
태림포장	1
태백은	1
태아에게	1
태안군	1
태안으로	1
태양광발전펀드	1
태양광으로	1
태양면	1
태양보다	1
태양상까지	1
태양아래	1
태양열	1
태양은	1
태양전지용	1
태양제	1
태양폭풍	1
태어나	1
태어나다	1
태어나자	1
태어날	1
태영건설은	1
태영에	1
태영호는	1
태우고	1
태우려고	1
태운다종합2보	1
태움	1
태워보겠습니다	1
태워종합	1
태클	1
태클을	1
태평양공군사령관	1
태평양공군사령부	1
태평양서	1
태평양에	1
태평양에서	1
태평양함대	1
태풍경보	1
태풍되나	1
태풍예비특보	1
태풍으로	1
태풍은	1
태풍중	1
택배노동자	1
택배드론	1
택배회사	1
택시노조	1
택시단체	1
택시서비스	1
택시소년	1
택시승객	1
택지	1
택했나	1
택했다	1
탬파베이에서는	1
탬파베이와	1
탬파베이캔자스시티전	1
탭에서	1
탱고발레	1
탱크를	1
탱크선	1
탱탱	1
터너는	1
터널도	1
터널사업	1
터널에서	1
터닝포인트	1
터무니없다	1
터미널엔	1
터새로이	1
터에	1
터우탸오	1
터줘	1
터지고	1
터지나종합	1
터진다	1
터질	1
터질라	1
터치2보	1
터치스크린	1
터치패널	1
터치하면	1
터칭의	1
터키계	1
터키관계	1
터키국경	1
터키군과	1
터키그리스	1
터키내	1
터키대표팀서	1
터키러	1
터키러시아	1
터키로부터	1
터키리그	1
터키리그로	1
터키시리아	1
터키제재	1
터키조종사	1
터키쿠르드	1
터키항공	1
터키항공도	1
터키홍보처	1
터트리다	1
터트리면	1
터프가이	1
터프머더	1
터프세이브	1
터프한	1
턱걸이1보	1
턱밑에	1
턱밑에서	1
턱밑종합2보	1
턱턱	1
턴	1
털	1
털려	1
털로	1
털리기	1
털리도	1
털썩종합2보	1
털어냈다	1
털어놓으면	1
털업	1
텀블러	1
텀블러와	1
텃밭분열	1
텃밭사수	1
텃밭킬러	1
텄다종합	1
테너	1
테니	1
테니스용품	1
테니스즐겨	1
테라세미콘	1
테라헤르츠파	1
테라헤르츠파로	1
테러가능성	1
테러개입	1
테러공격으로	1
테러공포에	1
테러냐	1
테러단체에	1
테러대비	1
테러대책위	1
테러도	1
테러를	1
테러리즘	1
테러리즘과	1
테러방지	1
테러범에	1
테러범을	1
테러법	1
테러분자	1
테러분자라더라	1
테러불안	1
테러선전	1
테러설	1
테러설은	1
테러수사	1
테러수사속보	1
테러에서	1
테러영상	1
테러와는	1
테러자금지원	1
테러자금지원반대법	1
테러조직서	1
테러조직원	1
테러조직지정	1
테러지원	1
테러지원국서	1
테러차단	1
테러추정	1
테러피해자에	1
테러행위	1
테러현장	1
테러혐의	1
테러후	1
테러희생자	1
테마공원	1
테마별	1
테마여행	1
테마열차로	1
테마파크에	1
테분	1
테스트베드	1
테스트서	1
테스트에	1
테스트중	1
테이블tv	1
테이블로	1
테이블세터	1
테이스팅	1
테이크아웃	1
테이크아웃드로잉	1
테일러는	1
테일러를	1
테일러에게는	1
테츨라프	1
테크갤러리	1
테크노	1
테크노마트	1
테크노마트서	1
테크놀로지스가	1
테크데이	1
테크센터	1
테크시티	1
테크윙	1
테토가	1
테토스와	1
테헤란오토쇼	1
테헤란은	1
텍사스에	1
텍사스와	1
텍사스행	1
텍사스행에	1
텐	1
텐센트와	1
텐트시티	1
텔레그래프	1
텔레콤월드에	1
텔로머라아제	1
텔스타18	1
텔스타가	1
텔스타홈멜과	1
텔콘	1
템포로	1
템플스테이로	1
톈안먼과	1
톈안먼광장에	1
톈안먼처럼	1
톈진과	1
토끼간	1
토너먼트	1
토대	1
토론글	1
토론일정	1
토론종합	1
토론토는	1
토론토도	1
토론토로	1
토론토와	1
토론토행에	1
토론토행종합	1
토론하자	1
토론회서	1
토론회장	1
토마토저축	1
토막	1
토막시신	1
토머스쿡	1
토목공사	1
토목부문	1
토성	1
토성으로	1
토속음식	1
토스뱅크	1
토스와	1
토엔	1
토요국악동화	1
토요음악회	1
토이와	1
토종부대	1
토종브랜드에	1
토지가액	1
토지거래	1
토지거래계약	1
토지권리	1
토지도	1
토지매각	1
토지문화관에서의	1
토지에	1
토지조사는	1
토크쇼j	1
토크쇼도	1
토탈미술관	1
토탈소프트	1
토털	1
토털사커의	1
토트넘도	1
토트넘에서	1
토트넘을	1
토트넘이	1
토티의	1
토하는	1
톡검색	1
톡딜	1
톡페이	1
톤즈를	1
톤플러스프리	1
톨스토이	1
톨스토이적	1
톱100에	1
톱50	1
톱5에	1
톱6	1
통감1보	1
통계개편후	1
통계거품	1
통계교육	1
통계청과	1
통계청장	1
통계청장에게	1
통계체계	1
통과돼도	1
통과될	1
통과뒤	1
통과로	1
통과법안	1
통과시켜달라	1
통과시켜야종합	1
통과안되면	1
통과율	1
통과종합2보	1
통과키로종합	1
통과한	1
통과한다	1
통과한듯속보	1
통과할	1
통과할까	1
통과해	1
통관	1
통근	1
통근버스	1
통근하는	1
통닭배달서	1
통렬	1
통보는	1
통보문	1
통보받아	1
통보안해	1
통보종합	1
통보종합2보	1
통보체계	1
통보해	1
통보해와	1
통상본부장	1
통상압력	1
통상은	1
통상이민총기경제정책	1
통상절차	1
통설	1
통신가입자	1
통신감시	1
통신공룡들의	1
통신공사업체	1
통신기록	1
통신기지국	1
통신내역	1
통신료	1
통신망부터	1
통신망서	1
통신망에	1
통신모듈	1
통신민원조정센터	1
통신비협의회	1
통신사간	1
통신사도	1
통신사들과	1
통신사업자에	1
통신산업	1
통신센터	1
통신소자	1
통신속도	1
통신시설	1
통신시장	1
통신실무회담	1
통신업체들에	1
통신요금도	1
통신요금할인	1
통신용어	1
통신유통점	1
통신융합	1
통신은	1
통신의	1
통신인프라	1
통신장애	1
통신재난관리	1
통신정책협의회	1
통신종합	1
통신지연	1
통신판에서도	1
통신포털	1
통신회담	1
통신회사	1
통역과	1
통역기	1
통역도	1
통역로봇	1
통역빼고	1
통역사들	1
통역없이	1
통역하는	1
통영국제음악제	1
통영까지	1
통영서	1
통영에	1
통일거점	1
통일과	1
통일교육	1
통일교육위원	1
통일그림동화	1
통일농구에선	1
통일대교	1
통일대박론	1
통일동화	1
통일될것종합2보	1
통일될것종합3보	1
통일문제에	1
통일박람회	1
통일부에	1
통일부장관	1
통일부장관과	1
통일부장관에게	1
통일분야	1
통일비서관에	1
통일시대	1
통일시집	1
통일시험장	1
통일양묘장	1
통일연구원장	1
통일연구원장산업연구원장	1
통일열망	1
통일열차	1
통일염원	1
통일을	1
통일이	1
통일일꾼	1
통일장관과	1
통일정책비서관	1
통일정책으로	1
통일준비위	1
통일지방선거	1
통일차관	1
통일차관러시아대사	1
통일한국	1
통일헌법	1
통일협력	1
통일협상	1
통일회담	1
통장매매	1
통장이	1
통전부장에	1
통제당해	1
통제되는	1
통제불능속보	1
통제안돼	1
통제지역	1
통제체제	1
통제하겠다는	1
통제하는	1
통제할까	1
통치구조	1
통치는	1
통치력	1
통치에	1
통치자금	1
통치하라	1
통탄할일종합	1
통통통	1
통통하게	1
통편집	1
통학	1
통한다	1
통할	1
통합ti	1
통합개혁신당	1
통합과	1
통합과는	1
통합관리시스템	1
통합관리제	1
통합극단	1
통합노력	1
통합논의	1
통합뉴스룸	1
통합대회	1
통합데이터센터	1
통합마케팅종합	1
통합불참	1
통합사이트	1
통합선서	1
통합선언후	1
통합성	1
통합안전교육센터	1
통합우승까지	1
통합우승으로	1
통합우승하고	1
통합위	1
통합위협정보	1
통합입장권	1
통합적	1
통합정부군벌	1
통합제안	1
통합조정	1
통합조회	1
통합조회에	1
통합주택	1
통합중지안	1
통합청약	1
통합축구	1
통합축제	1
통합칩	1
통합키로	1
통합파	1
통합하려	1
통합하면	1
통합한	1
통합해도	1
통합해야	1
통합행동	1
통합환경허가	1
통해서도	1
통해서라도	1
통해요	1
통했나	1
통했다종합	1
통화가	1
통화경쟁시대	1
통화기록에	1
통화시간	1
통화신용정책	1
통화에	1
통화연결	1
통화조회종합3보	1
통화종합	1
통화품질	1
통화하는	1
통화한다	1
통화회의	1
톺아보다	1
퇴거	1
퇴근길엔	1
퇴근하세요	1
퇴근하지	1
퇴보	1
퇴보의	1
퇴보하는	1
퇴사를	1
퇴사자	1
퇴사하겠습니다	1
퇴역장교	1
퇴임까지	1
퇴임사는	1
퇴임앞둔	1
퇴임하는	1
퇴임후	1
퇴장속보	1
퇴장에도	1
퇴장조치	1
퇴장종합	1
퇴조하고	1
퇴조하는	1
퇴직비용	1
퇴직종합2보	1
퇴진3월말	1
퇴진당론에	1
퇴진론에	1
퇴진설	1
퇴진시점	1
퇴진시켜야	1
퇴진에	1
퇴진에도	1
퇴진요구	1
퇴진운동	1
퇴진종합	1
퇴진하지	1
퇴진후	1
퇴출당해	1
퇴출설	1
퇴출운동	1
퇴출지역	1
퇴치길	1
퇴치에	1
퇴치용	1
퇴치활동	1
퇴폐미술가	1
퇴폐영상	1
퇴행	1
퇴행성	1
퇴행성뇌질환	1
투게더	1
투교협사이버한국외대	1
투구로	1
투구를	1
투구수	1
투구에	1
투구종합	1
투구하는	1
투기과열지구	1
투기등급	1
투기수요	1
투니버스	1
투란도트	1
투런포결승타	1
투런포로	1
투런포임병욱	1
투런포한승혁	1
투리스모	1
투명oled	1
투명경영	1
투명사회	1
투명성기구	1
투명에	1
투명하게	1
투명하지	1
투석	1
투석사형법에	1
투수가	1
투수교체	1
투수끼리	1
투수는	1
투수뿐	1
투수상이	1
투수에게	1
투수와	1
투수의	1
투수전	1
투수전에	1
투수진	1
투스크와	1
투신권	1
투신사망	1
투아웃서	1
투어공연	1
투어로	1
투어챌린저	1
투영된	1
투인원	1
투입돼	1
투입될	1
투입은	1
투입종합	1
투입하고	1
투입할지	1
투자1보	1
투자경고	1
투자계약	1
투자계획	1
투자공사	1
투자규모	1
투자금	1
투자기관	1
투자기법	1
투자기업에	1
투자기업은	1
투자냐	1
투자대회	1
투자도	1
투자로	1
투자만	1
투자매력	1
투자매력도	1
투자받아	1
투자방향	1
투자보다	1
투자비	1
투자비중	1
투자사	1
투자사업	1
투자성향	1
투자세력	1
투자속보	1
투자숙려제	1
투자숙려제도	1
투자실무	1
투자여력	1
투자왕	1
투자이민자	1
투자일임형	1
투자자산	1
투자자와	1
투자자피해	1
투자재원	1
투자적격	1
투자전문	1
투자전문회사들	1
투자정보	1
투자제안	1
투자제한	1
투자종합2보	1
투자준비	1
투자중개망	1
투자처	1
투자콘서트	1
투자키로	1
투자포럼	1
투자하겠다	1
투자하라	1
투자한다	1
투자한다더니	1
투자한도	1
투자할	1
투자해	1
투자협약	1
투자협약식	1
투자확대	1
투자환경	1
투자환경은	1
투자활성화	1
투자회의	1
투자효과	1
투쟁구호	1
투지가	1
투지에	1
투지와	1
투척도	1
투타재능	1
투트랙으로	1
투표거부는	1
투표관리관	1
투표서도	1
투표소로	1
투표에	1
투표연령	1
투표와	1
투표하는	1
투표한	1
투표함	1
투표해라	1
투표현장	1
투표호소	1
투하	1
투호	1
투혼과	1
투혼상도	1
투혼에도	1
투혼으로	1
투혼이	1
툭툭	1
툰	1
툴로위츠키	1
툴로위츠키마저	1
툴루즈	1
툴루즈에	1
툴젠	1
튀니지대통령	1
튄	1
튜브	1
튤립축제	1
트	1
트는	1
트라우마와	1
트라우트는	1
트라우트에게	1
트라우트와	1
트라이아웃에	1
트라하	1
트랙2	1
트랙맨	1
트랜스젠더	1
트램	1
트러스트부동산	1
트럭바퀴에	1
트럭에	1
트럭이	1
트럼프같은	1
트럼프극우	1
트럼프급	1
트럼프낙마	1
트럼프내들러	1
트럼프라이언	1
트럼프러시아	1
트럼프로부터	1
트럼프로하니	1
트럼프롬니	1
트럼프를	1
트럼프멕시코판사	1
트럼프발	1
트럼프방어는	1
트럼프식	1
트럼프압력설	1
트럼프에겐	1
트럼프엔	1
트럼프유럽	1
트럼프이란	1
트럼프이스라엘	1
트럼프재단	1
트럼프재단에	1
트럼프타워	1
트럼프펜스	1
트럼프푸틴	1
트럼프호텔	1
트럼프호텔에	1
트레블	1
트레블은	1
트레이너에	1
트레이드건	1
트레이드서	1
트레이드설	1
트렌드에	1
트로이	1
트로이의	1
트로피는	1
트롬건조기	1
트루vr	1
트루vr로	1
트루아는	1
트루아로	1
트루아현대미술관은	1
트리	1
트리엔	1
트리페이	1
트리플a서	1
트리플a에서	1
트리플크라운에	1
트리플크라운에도	1
트리플크라운으로	1
트리플크라운종합	1
트리플티	1
트릭	1
트릭은	1
트립	1
트며	1
트세요	1
트였으면	1
트위즐러	1
트위터는	1
트위터도	1
트윈워시	1
트윗하는	1
특감	1
특강도	1
특검결과	1
특검만	1
특검보고서에	1
특검서	1
특검에게	1
특검윤석열	1
특검으로	1
특검종합	1
특검카드	1
특검해야	1
특검후보	1
특구	1
특구별	1
특구사업	1
특구평가에	1
특권계급	1
특권으로	1
특급열차	1
특급호텔	1
특단	1
특례보증	1
특례사업	1
특별감사	1
특별감시	1
특별감찰관도	1
특별감찰관실	1
특별감찰관제	1
특별감찰반이	1
특별감찰에	1
특별감찰은	1
특별강연하는	1
특별검거팀	1
특별검사	1
특별고문	1
특별고용지원업종	1
특별공급	1
특별공천	1
특별관	1
특별관리	1
특별교통관리	1
특별귀화여부	1
특별기구	1
특별기로	1
특별단속	1
특별당비	1
특별대출	1
특별대표	1
특별대표와	1
특별법도	1
특별보고관	1
특별보상	1
특별사면	1
특별상종합	1
특별상품	1
특별생방송	1
특별선물	1
특별세미나	1
특별소독	1
특별수사	1
특별수사팀	1
특별수행	1
특별수행단	1
특별시상식	1
특별연설은	1
특별열차	1
특별예산	1
특별자산펀드	1
특별재난지역	1
특별재해지역	1
특별전서	1
특별정상회의서	1
특별조사	1
특별조사결과	1
특별조사팀	1
특별출연	1
특별프로그램	1
특별하다	1
특별하지도	1
특별할	1
특별할인	1
특별해설	1
특별해졌다	1
특별회의	1
특별휴가	1
특사단에	1
특사돼야	1
특사서	1
특사시리아	1
특사외교로	1
특사파견	1
특산품에	1
특성분석	1
특성화시장	1
특수관계	1
특수부대서	1
특수사건	1
특수수사과	1
특수요원이	1
특수은행	1
특수작전	1
특수통	1
특이경력	1
특전부대	1
특전사	1
특정국가	1
특정된	1
특정세력	1
특정유형	1
특정인사	1
특정일	1
특정팀	1
특정후보	1
특종기자	1
특종문건	1
특집다큐	1
특집방송서	1
특징은종합	1
특판상품	1
특허권	1
특허기술	1
특허까지	1
특허등록	1
특허무효	1
특허분쟁	1
특허성과	1
특혜논란에	1
특혜의혹	1
특혜채용	1
특화금융상품	1
특화단지	1
특화점포	1
특화폰	1
특화한	1
특화혜택	1
튼	1
튼다	1
틀내	1
틀다	1
틀라입	1
틀려도	1
틀렸다면	1
틀림없다	1
틀어줘	1
틀을	1
틈메우기	1
틈새경제	1
틈새공략도	1
틈새에서	1
틈새지역	1
틔우나	1
티	1
티그	1
티맥스os에	1
티몰	1
티몰과	1
티비에이치글로벌	1
티슈진	1
티움서	1
티움에	1
티켓값	1
티켓링크	1
티켓이	1
틱장애	1
틱톡과	1
틴	1
틴더	1
팀기록	1
팀도	1
팀들의	1
팀서	1
팀성적	1
팀업	1
팀에겐	1
팀에도	1
팀으로	1
팀장	1
팀장과	1
팀재건	1
팀종합	1
팀중	1
팀코리아	1
팀코리아돼야종합	1
파격과	1
파격인사	1
파격적	1
파격할인	1
파견법	1
파견법은	1
파견서비스	1
파견요청	1
파견은	1
파견종합2보	1
파견키로	1
파견하고	1
파견한다	1
파견해	1
파고드는	1
파괴되나	1
파괴될것	1
파괴종합	1
파괴했을	1
파급	1
파급효과	1
파기한	1
파기해야	1
파기해야종합	1
파기해야종합2보	1
파나마도	1
파다르는	1
파다르보다	1
파다프	1
파도가	1
파도도	1
파도를	1
파도에	1
파라	1
파라과이	1
파라과이에	1
파라다이스	1
파라다이스zip	1
파라다이스시티	1
파라에	1
파라텍	1
파란담요	1
파리가	1
파리는	1
파리대왕	1
파리를	1
파리모터쇼	1
파리바게뜨	1
파리시장	1
파리에서의	1
파리의	1
파리지앵	1
파리테러범	1
파리평화포럼	1
파리협약	1
파리협정	1
파면과	1
파면된	1
파문과	1
파문에도	1
파묻혔다	1
파벌간	1
파병만큼	1
파병하려	1
파산까지	1
파산보호	1
파산시	1
파상공세	1
파생결합펀드dlf	1
파생전략	1
파손보험	1
파손혐의	1
파수꾼	1
파스	1
파스시장	1
파스타	1
파스퇴르연구소장	1
파악에	1
파악이	1
파악종합	1
파악중	1
파악키로	1
파악하라	1
파악해야	1
파업이	1
파업이라고요	1
파업중	1
파업하는	1
파열음내나종합	1
파울라인	1
파워2	1
파워부처로	1
파워블로거	1
파워업	1
파워젠	1
파워피처가	1
파율루	1
파이낸셜리더스	1
파이널	1
파이널서	1
파이시티부지	1
파이어	1
파이어스	1
파이터	1
파이터즈	1
파이토	1
파이팅하는	1
파인	1
파인넥스	1
파장에	1
파장은종합	1
파장종합	1
파주북어워드	1
파주에	1
파주에너지서비스	1
파주에서	1
파주점	1
파주훈련	1
파죽	1
파충류보다는	1
파커가	1
파크의	1
파크히어	1
파키스탄군	1
파키스탄에서	1
파키스탄인	1
파탄끝	1
파투	1
파튜의	1
파트3	1
파트너로	1
파트너사와	1
파트너십iphe	1
파트너와	1
파트너용	1
파트론	1
파티로	1
파티서	1
파파고에	1
파푸아	1
파푸아뉴기니	1
파푸아뉴기니로	1
파푸아서	1
파행송구	1
파헤친다	1
판결로	1
판결의	1
판결촉구	1
판교밸리	1
판교복합단지	1
판교에	1
판교점	1
판교제로시티	1
판교창조경제밸리에	1
판권	1
판다생일	1
판다인줄	1
판단기준	1
판단만	1
판단속보	1
판단의	1
판단해야	1
판단해줄	1
판단했나종합	1
판도라tv	1
판도라상자	1
판도라의	1
판도에	1
판도에도	1
판독장치	1
판례	1
판매가	1
판매기록	1
판매도	1
판매된다	1
판매될	1
판매량의	1
판매량이	1
판매보수	1
판매분	1
판매비중	1
판매수익금	1
판매실적	1
판매은행에	1
판매인	1
판매전환하는	1
판매점들	1
판매점서	1
판매점에	1
판매종합2보	1
판매지장	1
판매직원이	1
판문각	1
판문점대표부	1
판문점도끼사건은	1
판문점선언에	1
판문점의	1
판사들까지	1
판사에게	1
판사인	1
판사탄핵	1
판에서	1
판인데	1
판작업진행중	1
판정부	1
판정은	1
판정해	1
판촉행사	1
판치는	1
판타스틱	1
판타스틱4	1
판타지까지	1
판타지랭킹	1
판형	1
판형열교환기	1
판호발급	1
판화성서에	1
판후이	1
팔고	1
팔까	1
팔레스타인이	1
팔레스타인이스라엘	1
팔레스타인인들의	1
팔레스타인지역	1
팔렘방에서	1
팔려도	1
팔려서	1
팔려종합	1
팔며	1
팔수록	1
팔순	1
팔아넘기려면	1
팔아선	1
팔아야	1
팔아요	1
팔았다	1
팔았다가	1
팔에	1
팔을	1
팔일	1
팔지	1
팔하마스	1
팜	1
팜스테이	1
팝아트	1
팝아티스트	1
팝업쇼룸	1
팝업씨어터	1
팝의	1
팝컬처	1
팝컬처의	1
팟캐스터가	1
팟캐스트는	1
팟티	1
팟프리카	1
패권몽	1
패권세력이	1
패권의식	1
패권탐욕	1
패너틱	1
패널가격	1
패널업계	1
패닉종합4보	1
패딩	1
패딩도	1
패딩에	1
패럴림픽에도	1
패륜	1
패륜적	1
패망했다던	1
패밀리데이	1
패배로	1
패배시	1
패배에	1
패블릿	1
패블릿종합	1
패션	1
패션브랜드	1
패션우파	1
패션코드	1
패소후	1
패자	1
패자는	1
패자들	1
패자부활	1
패자부활전	1
패장의	1
패전종합	1
패전투	1
패치해야	1
패치해야종합	1
패키지로	1
패키지론	1
패키지상품	1
패키지에	1
패키지지원으로	1
패키지형	1
패트리엇까지	1
패한	1
패했지만	1
팩토리	1
팩트	1
팩트에	1
팩트의	1
팩트체킹	1
팩트풀니스	1
팬그래프닷컴	1
팬그래프닷컴도	1
팬도	1
팬들과	1
팬들의	1
팬들이	1
팬문화	1
팬미팅	1
팬서비스	1
팬심	1
팬심으로	1
팬에	1
팬이라도	1
팬젠	1
팬출정식	1
팬클럽	1
팬텀게이트	1
팬투어	1
팰리스는	1
팰리스와	1
팰리스전	1
팰리스전에서	1
팻말만	1
팽개치고	1
팽창하고	1
팽팽리얼미터	1
퍼내고	1
퍼담던	1
퍼레이드만	1
퍼레이드종합	1
퍼부을	1
퍼붓고	1
퍼스트래디	1
퍼스트무버	1
퍼스트젠틀맨	1
퍼시픽바이오	1
퍼즐조각이	1
퍼질	1
퍼팅	1
퍼펙트종합	1
퍼플	1
펀	1
펀더멘털	1
펀드가입에	1
펀드도	1
펀드랩	1
펀드리포트	1
펀드슈퍼마켓	1
펀드시장	1
펀드에서	1
펀드처럼	1
펀드투자	1
펀딩	1
펀딩으로	1
펄럭이는	1
펌텍코리아	1
펌프공장서	1
펍지	1
페널티킥으로만	1
페네르바체로	1
페달	1
페루는	1
페루서	1
페루콜롬비아	1
페르난지뉴	1
페르시아	1
페리	1
페리선에	1
페리스코프	1
페리지갤러리서	1
페미니스트99	1
페미니즘을	1
페블레	1
페스타	1
페스티벌서	1
페스티벌에	1
페어지역	1
페이게이트	1
페이로	1
페이백까지	1
페이북	1
페이북서	1
페이스	1
페이스갤러리가	1
페이스로종합	1
페이스를	1
페이스북과	1
페이스북에서	1
페이스북으로만	1
페이스북코리아	1
페이스필터	1
페이지로	1
페이지만	1
페이지종합	1
페이코로	1
페이퍼스는	1
페임랩	1
페조디에	1
페퍼	1
페페	1
펜s	1
펜스마저	1
펜스와	1
펜스의	1
펜을	1
펜타카메라로	1
펜트하우스	1
펜한국본부	1
펠	1
펠라이니	1
펠리페6세	1
펠리페나경복	1
펠프스로	1
펠프스에	1
펩	1
펩과	1
펭귄	1
펭귄의	1
펴낸	1
펴는데	1
펴지	1
편가르기	1
편견과	1
편견없이	1
편곡한	1
편대비행으로	1
편도항공권	1
편들기	1
편들어달라	1
편리	1
편리한	1
편백나무	1
편백숲	1
편법판매	1
편볍증여	1
편성땐	1
편성비율	1
편성종합	1
편성키로	1
편승해	1
편식	1
편안하게	1
편안했다	1
편에서	1
편으로	1
편을	1
편의성과	1
편의시설	1
편의시설에	1
편의점시장	1
편의점에서	1
편의점주	1
편익종합	1
편입으로	1
편입이냐	1
편지까지	1
편지로	1
편지에서	1
편지종합	1
편지하지	1
편집권	1
편집권독립이	1
편집까지	1
편집은	1
편집의	1
편집인협회	1
편집자가	1
편집장들	1
편집하는	1
편집한다	1
편찬	1
편파	1
편파조사	1
편하다	1
편하십니까	1
편해져	1
편해진다	1
편향성	1
편향에	1
편혜영	1
편혜영의	1
편히	1
펼듯	1
펼쳐놓은	1
펼쳐야	1
펼쳐질까	1
펼치겠다	1
펼치기로	1
펼치다	1
펼치며	1
폈네	1
폈다	1
평	1
평가기관서	1
평가기준	1
평가단	1
평가대상	1
평가받는다	1
평가방법	1
평가서도	1
평가수행	1
평가에서	1
평가전에서도	1
평가종합3보	1
평가지표서	1
평가한	1
평가항목	1
평가해달라	1
평가해주실	1
평균가격	1
평균과	1
평균구속	1
평균금리	1
평균매출	1
평균속도	1
평균신장	1
평균연령	1
평균연봉은	1
평균의	1
평균임금	1
평균자책점도	1
평균집값	1
평남	1
평남지역	1
평년수준	1
평당	1
평등과	1
평등선거	1
평등은	1
평등을	1
평등한	1
평등한달	1
평등행진	1
평론가	1
평론가들이	1
평면에	1
평생교육	1
평생교육본부장	1
평안도는	1
평안도에	1
평양건축종합대학	1
평양공항서	1
평양공항에	1
평양과	1
평양과기대에	1
평양교원대	1
평양까지	1
평양남북정상회담	1
평양농구에	1
평양떠난	1
평양민심	1
평양보다	1
평양블라디보스토크	1
평양상봉	1
평양순안공항	1
평양시	1
평양시민에	1
평양시민에게	1
평양에도	1
평양에만	1
평양에서	1
평양에서의	1
평양올림픽	1
평양은	1
평양정상회담문대통령	1
평양정상회담북한	1
평양정상회담에	1
평양정상회담정상회담	1
평양중등학원	1
평양팀	1
평양파견	1
평양프레스센터	1
평양하노이	1
평양행	1
평양회담결산	1
평양회담으로	1
평의회	1
평일에	1
평일엔	1
평전6권	1
평전으로	1
평정	1
평정심	1
평창관광의	1
평창군민	1
평창대회	1
평창동계올림픽을	1
평창리셉션	1
평창문화올림픽	1
평창여행	1
평창올림픽서	1
평창올림픽에	1
평창올림픽으로	1
평창외교	1
평창외교전	1
평창으로	1
평창으로종합	1
평창을	1
평창의	1
평창조직위	1
평창준비	1
평창참여	1
평창패럴림픽	1
평창패럴림픽선수단	1
평창평화올림픽	1
평창휴전	1
평촌몰	1
평촌에	1
평통	1
평통사	1
평할	1
평행대치	1
평행이론	1
평화계획	1
평화공세	1
평화공존	1
평화공존센터	1
평화구축	1
평화구현	1
평화국면	1
평화기금	1
평화기원	1
평화노력	1
평화논의	1
평화당과	1
평화도	1
평화로운	1
평화로웠던	1
평화롭게	1
평화롭지만	1
평화번영	1
평화번영통일	1
평화서명	1
평화시위할것	1
평화안	1
평화안정	1
평화애호국	1
평화에	1
평화여정	1
평화여행	1
평화올림픽	1
평화위한	1
평화위해	1
평화유지	1
평화의집에	1
평화적인	1
평화체제론	1
평화촉진	1
평화터전2보	1
평화통일에	1
평화학교	1
평화헌법	1
평화협상에도	1
평화협정핵동결	1
평화홀딩스	1
폐	1
폐기비핵화	1
폐기의사	1
폐기종합	1
폐기하라종합	1
폐막2보	1
폐막3보	1
폐막작	1
폐쇄기간	1
폐쇄된	1
폐쇄때	1
폐쇄로	1
폐쇄종합	1
폐쇄종합2보	1
폐수	1
폐암검진	1
폐암세포	1
폐업	1
폐업률	1
폐업위기서	1
폐업하는	1
폐업한	1
폐장식	1
폐지는	1
폐지로	1
폐지법안	1
폐지시	1
폐지에	1
폐지여론	1
폐지의	1
폐지종합	1
폐지하고	1
폐지하기로	1
폐지한다	1
폐터널에	1
폐해	1
포개진다	1
포격까지	1
포격대응종합2보	1
포격도발	1
포격받아	1
포격은	1
포괄	1
포괄적인	1
포괄파트너십	1
포그바가	1
포그바는	1
포근10일	1
포근20일	1
포근하고	1
포근해	1
포기못해	1
포기선언	1
포기압박	1
포기여야	1
포기였다	1
포기하는	1
포기할까	1
포기해야	1
포도	1
포도데이	1
포레스트	1
포로납치	1
포로피랍	1
포르도서	1
포르쉐	1
포르쉐와	1
포르투갈선	1
포르투갈의	1
포문	1
포백에서	1
포브스	1
포사격연습	1
포사격훈련	1
포상관광객	1
포상금으로	1
포상자들	1
포상제	1
포상종합	1
포상종합2보	1
포석3보	1
포석종합2보	1
포섭나서종합2보	1
포수들도	1
포수론	1
포수를	1
포수와	1
포수조	1
포스링크에	1
포스에	1
포스에스엠과	1
포스코ict현대로보틱스	1
포스코그린가스텍	1
포스코플랜텍	1
포스코회장	1
포스터는	1
포스텍에	1
포스트모던	1
포스트휴먼이	1
포시즌스	1
포시즌스도	1
포에	1
포옹으로	1
포옹하는	1
포용국가로	1
포용성장	1
포용적	1
포용적금융	1
포용적성장으로	1
포워드로도	1
포워드와	1
포워드컴퍼니스	1
포위된	1
포위시위	1
포인트서	1
포인트엔지니어링	1
포장이사	1
포장재	1
포장재까지	1
포장회사서	1
포즈	1
포지션을	1
포진	1
포차	1
포착된	1
포착하는	1
포착한	1
포천아트밸리서	1
포칼	1
포커서도	1
포켓닥터	1
포켓수첩	1
포켓파이z	1
포클랜드	1
포털규제	1
포털뉴스	1
포털뉴스평가위	1
포털도	1
포털사이트	1
포털서	1
포털에	1
포털에서도	1
포털의	1
포털이	1
포텐셜	1
포토	1
포토바이오박스	1
포토에세이	1
포토존	1
포토종합	1
포트	1
포트나이트	1
포트코리아투자자문	1
포퓰리스트를	1
포퓰리즘과	1
포퓰리즘법안	1
포퓰리즘으로	1
포퓰리즘이냐	1
포함돼야	1
포함되나	1
포함안돼종합	1
포함에	1
포함종합3보	1
포함하는	1
포함한듯종합	1
포함해야한다	1
포항kbs	1
포항공대	1
포항방송국	1
포항북	1
포항생활폐기물처리시설	1
포항에	1
포항은	1
포항지사	1
포항지진	1
포항지진특별법도	1
포획작전	1
포효	1
포효한	1
폭격기에	1
폭격살해	1
폭격으로	1
폭격종합2보	1
폭격훈련	1
폭넓은	1
폭등종합2보	1
폭락에	1
폭락했는데	1
폭력과	1
폭력범죄	1
폭력보다	1
폭력으로	1
폭력을	1
폭력의	1
폭력조직간	1
폭력진압	1
폭력행위	1
폭로돼	1
폭로자	1
폭리	1
폭발과	1
폭발물수거	1
폭발성물질	1
폭발시험	1
폭발위험	1
폭발은	1
폭발적	1
폭발참사	1
폭발추정	1
폭발하는	1
폭발한듯종합	1
폭발할	1
폭발해	1
폭발했을	1
폭발현장	1
폭발후	1
폭설이	1
폭설종합	1
폭스브레인	1
폭스브레인홀딩스	1
폭스콘도	1
폭압적	1
폭언피해	1
폭염과	1
폭염관련	1
폭염까지	1
폭염도시	1
폭염만큼	1
폭염보다	1
폭염엔	1
폭염이	1
폭염이었던	1
폭염특보에	1
폭우도	1
폭우와	1
폭우종합	1
폭우피해	1
폭의	1
폭죽값	1
폭증에	1
폭증한	1
폭탄돌리기	1
폭탄맞은	1
폭탄전담팀	1
폭탄전화로	1
폭탄증언	1
폭파되는	1
폭파사건	1
폭파시켜	1
폭풍성장	1
폭풍성장하는	1
폭풍해일	1
폭행고소	1
폭행사건과	1
폭행시비까지	1
폭행없	1
폭행종합	1
폰보다	1
폰보조금	1
폰안심케어3	1
폰에	1
폰의	1
폰카	1
폴까지	1
폴더2	1
폴더블까지	1
폴더블폰에	1
폴드보다	1
폴락도	1
폴란드도	1
폴란드슬로바키아	1
폴란드이스라엘	1
폴란드전	1
폴란드회의	1
폴록과	1
폴리	1
폴리티코	1
폼페이서	1
폼페이오남관표	1
표결3보	1
표결서	1
표결에	1
표기했다	1
표까지	1
표대결	1
표류하다	1
표류한	1
표만	1
표면	1
표면을	1
표면코팅	1
표명하라	1
표명할까	1
표방	1
표방한	1
표밭	1
표밭갈이	1
표본	1
표시하는	1
표식물	1
표심경쟁	1
표심도	1
표심에	1
표심을	1
표심잡기	1
표적수사로	1
표절의혹	1
표정관리	1
표정도	1
표정을	1
표준api	1
표준감사시간	1
표준개별	1
표준계약서	1
표준안으로	1
표준으로	1
표준인증	1
표준주택	1
표준협회	1
표준화기구	1
표지논문	1
표지논문종합	1
표지는	1
표지선	1
표창장	1
표출될	1
표출한것종합	1
표했지만	1
표현이	1
표현이나	1
표현자유침해	1
표현적으로	1
표현하세요	1
표현한	1
표현할	1
푸나종합	1
푸는	1
푸드쇼케이스	1
푸드웰	1
푸드윈도	1
푸르른	1
푸른바다에	1
푸른숲	1
푸시	1
푸의	1
푸이그에게	1
푸이그와	1
푸이그의	1
푸짐한	1
푸틴김정은	1
푸틴네타냐후	1
푸틴보다	1
푸틴트럼프	1
푸홀스와	1
푹tv	1
푼도	1
푼이라도	1
풀기	1
풀도	1
풀듯	1
풀럼과	1
풀럼전	1
풀려나도록	1
풀렸다	1
풀렸으면	1
풀로	1
풀리는	1
풀리면	1
풀릴	1
풀릴까종합	1
풀무원	1
풀백이	1
풀뿌리	1
풀세	1
풀세트서	1
풀스윙	1
풀스크린에	1
풀어가나	1
풀어가자	1
풀어갈	1
풀어갈까	1
풀어놓을	1
풀어달라	1
풀어달라했지만	1
풀어보자	1
풀어본	1
풀어봤죠	1
풀어사이드	1
풀어주자	1
풀어줄까	1
풀어줘	1
풀어줘라	1
풀어질	1
풀자	1
품격에	1
품격의	1
품귀현상까지	1
품나종합	1
품는	1
품는다	1
품었다	1
품을까	1
품질관리	1
품질대상에	1
품질인증	1
품질정보	1
풋볼	1
풋볼팬타지움	1
풋살대회	1
풍경에	1
풍경은	1
풍경을	1
풍경의	1
풍기는	1
풍덩종합	1
풍등	1
풍력발전시설	1
풍력발전에	1
풍력타워	1
풍류를	1
풍류의	1
풍무	1
풍부했던	1
풍선서	1
풍선폭탄에	1
풍속도	1
풍속은	1
풍수에선	1
풍어	1
풍요	1
풍자극단	1
풍자로	1
풍향계	1
퓨어	1
퓨어디자인	1
퓨어소프트	1
퓨처라이프	1
퓨처리스트	1
퓨처메이커스로	1
퓨처스에서	1
프라이스	1
프라이스도	1
프라이스와	1
프라이어가	1
프라임데이	1
프라하에	1
프라하의	1
프락치	1
프란시스코	1
프랑스놈들	1
프랑스대통령	1
프랑스로	1
프랑스문학	1
프랑스식	1
프랑스어	1
프랑스어의	1
프랑스월드컵	1
프랑스이란	1
프랑스축구	1
프랑스축구협회	1
프랑스혁명	1
프랑켄슈타인의	1
프랑크푸르트	1
프랑크푸르트공항	1
프랑크푸르트공항서	1
프랑크푸르트서	1
프랑크푸르트에	1
프랑크푸르트역	1
프랜차이즈산업	1
프랜차이즈창업박람회	1
프런트	1
프레디	1
프레스	1
프레스콜	1
프레시안	1
프레이	1
프레임으로	1
프렌즈와	1
프렌즈팝	1
프로6	1
프로골퍼	1
프로구단	1
프로그램매매	1
프로그램상	1
프로그램에	1
프로그램으로	1
프로그램의	1
프로급	1
프로농구서	1
프로다운	1
프로듀서	1
프로들	1
프로리그	1
프로모션도	1
프로배구단	1
프로배구대회	1
프로배구선수	1
프로배구의	1
프로선수다	1
프로세서	1
프로세서는	1
프로스포츠단	1
프로야구보다	1
프로야구선수	1
프로야구에서	1
프로의	1
프로젝트도	1
프로종목	1
프로처럼	1
프로축구는	1
프로축구단	1
프로축구도	1
프로축구서	1
프로출신	1
프로톡스	1
프리	1
프리ipo	1
프리덤하우스	1
프리미어파트너스	1
프리미엄급	1
프리미엄급에선	1
프리미엄아울렛	1
프리배팅	1
프리베이식스	1
프리워커로	1
프리워크아웃	1
프리존	1
프리킥	1
프리킥골	1
프린세스	1
프린세스호	1
프린스	1
프린스와	1
프린터의	1
프린팅	1
프린팅센터	1
프린팅으로	1
플	1
플라스마	1
플라스틱서	1
플라스틱업체	1
플라자로	1
플라즈몬	1
플라톤	1
플라핑	1
플랑크톤	1
플랑크톤처럼	1
플래그	1
플래시메모리	1
플래시몹에	1
플래시몹이	1
플래티넘	1
플래티넘으로	1
플랜b	1
플랜b로	1
플랜트본부	1
플랜트설비	1
플랫폼서	1
플랫폼으로	1
플랫폼이란	1
플랫폼파트너스	1
플러그	1
플러스친구	1
플레이스	1
플레이어에	1
플레이오프서	1
플레이오프의	1
플레이하드에	1
플렉서블	1
플렉서블폰	1
플렉스워시	1
플렉스컴	1
플로레스	1
플로레스는	1
플로리다등	1
플로리다서	1
플루서	1
플루티스트	1
플리마켓	1
플리마켓에서	1
플리바겐	1
플리토	1
플립폰도	1
피가	1
피게	1
피게하는	1
피겨	1
피겨대회	1
피겨스	1
피겨퀸	1
피격종합	1
피고발	1
피곤	1
피곤이	1
피곤하다	1
피곤해서	1
피기까지는	1
피날레는	1
피날레도	1
피닉스전에서	1
피델	1
피라미드	1
피라미드속	1
피란행렬	1
피랍된	1
피랍해역에	1
피렌체	1
피력종합	1
피력했다	1
피로사회	1
피를	1
피리연주자	1
피묻은	1
피부로	1
피부세포	1
피부세포를	1
피부양	1
피부처럼	1
피사로	1
피살사건	1
피살후	1
피살희생자	1
피서여행지로	1
피서인파로	1
피서지마다	1
피섞은	1
피선	1
피소설	1
피쉬	1
피신사건	1
피신청	1
피싱넷	1
피씨엘	1
피아노로	1
피아노만을	1
피아노의	1
피아노줄	1
피아니스트들	1
피앤이솔루션	1
피앤피플러스etri	1
피어나종합	1
피에스케이	1
피에스케이홀딩스	1
피에스텍	1
피용	1
피우면	1
피운	1
피인수	1
피자헛	1
피지흡수	1
피처	1
피츠버그서	1
피츠버그애틀랜타	1
피츠버그와	1
피츠버그전서	1
피칭으로	1
피케	1
피케에	1
피터와	1
피터의	1
피폭으로	1
피플	1
피플인더뉴스	1
피플파워	1
피플펀딩	1
피피아이	1
피하겠나	1
피하고	1
피하나	1
피하라	1
피하세요	1
피하자	1
피하지도	1
피할까종합	1
피할수	1
피해가족	1
피해간다	1
피해구제기준	1
피해구호	1
피해규모에	1
피해기업	1
피해달라	1
피해대책위원회	1
피해도	1
피해로	1
피해를	1
피해보다	1
피해보상	1
피해복구에	1
피해시	1
피해신고	1
피해액만	1
피해없게	1
피해왔는데	1
피해자는	1
피해자들이	1
피해자로	1
피해자야	1
피해종합	1
피해주의보	1
피해지역에	1
피해차량	1
피해현장	1
픽	1
픽셀2와	1
픽셀4도	1
픽셀폰	1
핀다	1
핀란드로	1
핀카서	1
핀테크가	1
핀테크기업	1
핀테크로	1
핀테크업체	1
핀테크업체와	1
핀테크위크	1
핀테크인의	1
필까	1
필드서	1
필드테스트	1
필라그린	1
필라델피아에서	1
필라델피아전	1
필름메이커스	1
필름엔	1
필리핀과	1
필리핀도	1
필리핀에서	1
필리핀에서도	1
필리핀인들	1
필리핀항공	1
필립공	1
필사	1
필사가	1
필수물질	1
필수물품	1
필수요소	1
필수적인	1
필수품	1
필승조	1
필승조의	1
필요기능은	1
필요는	1
필요로	1
필요성도	1
필요이상	1
필요있어nhk	1
필요조건	1
필요조건은	1
필요종합2보	1
필요최소	1
필요최소인력으로	1
필요치	1
필요하고	1
필요하죠	1
필요하지만	1
필요한데	1
필요할	1
필요했던	1
필이	1
필터	1
필터링	1
필터링기능	1
핏e	1
핑거톡	1
핑계대고	1
핑계대지마라	1
핑계로	1
핑크	1
핑크뮬리	1
핑크박스	1
핑크빛	1
핑크퐁부터	1
하강에	1
하객으로	1
하겠다는	1
하겠다종합	1
하겠지	1
하구	1
하그	1
하기비스	1
하기엔	1
하길	1
하나금융13호스팩	1
하나금융8호스팩	1
하나금융9호스팩	1
하나금융은	1
하나금융이	1
하나대체운용	1
하나돼야	1
하나된다	1
하나를	1
하나면	1
하나벤처스	1
하나뿐인	1
하나였을	1
하나올커버론	1
하나원	1
하나은행도	1
하나은행에	1
하나은행장	1
하나은행주금공	1
하나일뿐	1
하나제약	1
하나종합	1
하나하나	1
하네요종합	1
하노버서	1
하노버에	1
하는데도	1
하는지종합	1
하늘공원서	1
하늘광장	1
하늘길도	1
하늘로	1
하늘사랑	1
하늘연인	1
하늘은	1
하늘종합	1
하늘처럼	1
하니	1
하니까	1
하니깐	1
하도	1
하도급법	1
하도급법위반	1
하도록	1
하동서	1
하든종합	1
하라리	1
하라리가	1
하라종합	1
하락1보	1
하락갤럽종합	1
하락반전	1
하락세리얼미터	1
하락으로	1
하락은	1
하락장	1
하락장에	1
하락종합2보	1
하락해	1
하려	1
하려고요	1
하려면	1
하루는	1
하루라도	1
하루를	1
하루만	1
하루사용설명서	1
하루에만	1
하루전	1
하루종일	1
하루키를	1
하루키와	1
하루키의	1
하루하루를	1
하룻밤	1
하룻밤에	1
하리리	1
하림산업	1
하림홀딩스	1
하마	1
하만싱클레어와	1
하메네이와	1
하며	1
하면서	1
하모니	1
하반기로	1
하반기평가	1
하방	1
하방위험	1
하부	1
하부맨틀	1
하비랩	1
하산해야	1
하석주	1
하셨지종합	1
하순인데	1
하승진에	1
하실지	1
하야투	1
하언태	1
하역한	1
하와이서	1
하우투	1
하워드	1
하원의원들에는	1
하원의장도	1
하원의장에	1
하원입성	1
하위법령	1
하위스플릿	1
하위팀의	1
하이든	1
하이마트서	1
하이브리드차에도	1
하이원	1
하이원리조트	1
하이자산운용	1
하이징스	1
하이테라와	1
하이투자증권	1
하이트론씨스템즈	1
하이트론에	1
하이트진로에	1
하진	1
하차한	1
하찮은	1
하청	1
하청기업	1
하키센터로	1
하키협회에	1
하토야마	1
하프라인도	1
하프타르와	1
하하하	1
하향검토	1
하향비례성원칙	1
하향에	1
하회마을	1
하회종합	1
학계서	1
학계의	1
학과	1
학과에	1
학교는	1
학교밖	1
학교비정규직교육	1
학교비정규직교육당국	1
학교비정규직연대	1
학교비정규직연대회의	1
학교성적에	1
학교에서	1
학기	1
학내	1
학당	1
학대받던	1
학대사망	1
학대영상	1
학문	1
학범슨	1
학보사	1
학보사와	1
학부모	1
학부모가	1
학부모를	1
학부모자문단	1
학부생	1
학살사건에	1
학생경찰	1
학생들에	1
학생들이	1
학생복지	1
학생소년궁전에	1
학생수영장	1
학생으로	1
학생인건비	1
학생체	1
학생팀	1
학생회	1
학생회장	1
학설	1
학설에	1
학성고	1
학술	1
학술교류	1
학술논문서비스	1
학술단체	1
학술대회서	1
학술대회에	1
학술대회에서	1
학술서	1
학술정보원	1
학술조사	1
학술지	1
학술총서	1
학술포럼	1
학습서비스	1
학습지도요령과	1
학습하는	1
학습한	1
학연	1
학연협력	1
학원	1
학원광고	1
학원비	1
학원비도	1
학원장	1
학위	1
학위수여식	1
학자들의	1
학자들이	1
학자의	1
학장에	1
학점특혜	1
학폭	1
학회서	1
학회에	1
한eu	1
한uae	1
한가람미술관서	1
한가운데서	1
한가운데에	1
한가위에도	1
한강공원서	1
한강메트로자이	1
한강서	1
한강시네폴리스	1
한강시민공원	1
한강신도시	1
한강야외수영장	1
한강에서	1
한강유람선에서	1
한강의	1
한강이음버스	1
한개도	1
한개짜리	1
한건	1
한걸음	1
한걸음씩	1
한게임	1
한겨레신문	1
한겨레통일문화상에	1
한경기만	1
한계가	1
한계극복	1
한계기업	1
한계는	1
한계를	1
한계없다	1
한계차주	1
한계차주에	1
한계치까지	1
한곳에서	1
한곳으로	1
한광성이	1
한국119소년단	1
한국3대3농구연맹	1
한국4호스팩	1
한국ciso협의회	1
한국idc	1
한국pr대상	1
한국가곡	1
한국감정원과	1
한국거래소신한은행	1
한국건설산업연구원	1
한국경제tv	1
한국경제는	1
한국경제문화연구원	1
한국경제의	1
한국고객	1
한국고고학저널	1
한국고대사	1
한국고미술협회	1
한국고전번역원	1
한국고전소설	1
한국과기한림원	1
한국과학기술단체총연합회장	1
한국과학기술회관	1
한국과학영재학교	1
한국관광객	1
한국관광진흥회의	1
한국광고주협회와	1
한국광고학회	1
한국괴물백과	1
한국근대미술관	1
한국기록원	1
한국기술사회	1
한국기업들	1
한국기자협회장	1
한국기자협회장에	1
한국내	1
한국노총위원장과	1
한국노총은	1
한국농구	1
한국뇌연구원	1
한국당도	1
한국당엔	1
한국당의	1
한국당종합	1
한국당행	1
한국대만	1
한국대표	1
한국대표단장	1
한국대표부	1
한국대표전원	1
한국대표팀에	1
한국도로공사에	1
한국도로공사의	1
한국도자기	1
한국독일전	1
한국디지털뉴스협회장에	1
한국매력	1
한국멕시코전	1
한국무용제전	1
한국문학번역상에	1
한국문학번역원서울대	1
한국문학의	1
한국문학전집	1
한국문화	1
한국문화의	1
한국문화의집	1
한국문화재재단	1
한국문화축제	1
한국문화코너	1
한국뮤지컬어워즈	1
한국뮤지컬협회	1
한국미술의	1
한국민속예술축제	1
한국민족의	1
한국민주주의	1
한국방문위원회	1
한국방문위원회국립중앙박물관	1
한국방송기자클럽	1
한국방송대상에	1
한국방송촬영인협회	1
한국방송학회	1
한국방송협회장에	1
한국배구연맹	1
한국법인	1
한국보스니아	1
한국분장예술인협회장	1
한국브랜드	1
한국비엔씨	1
한국비자신청센터	1
한국사	1
한국사람들도	1
한국사진기자협회	1
한국산업고객만족도	1
한국생활도자	1
한국서는	1
한국서비스품질지수	1
한국석좌	1
한국선박	1
한국선수라는	1
한국선재	1
한국성장금융	1
한국소비자연맹	1
한국소비자협회	1
한국소설	1
한국소프트볼	1
한국수입협회	1
한국수자원공사	1
한국쉘석유주식회사와	1
한국스위스	1
한국스카우트연맹과	1
한국시간	1
한국시리아전	1
한국시리즈에	1
한국시위	1
한국시장서	1
한국신문상	1
한국신문윤리위원회	1
한국신문협회	1
한국심장재단에	1
한국씨티	1
한국알리기	1
한국야구의	1
한국야쿠르트	1
한국어교육	1
한국어도	1
한국어문학연구소	1
한국어의	1
한국어판	1
한국어판권	1
한국어학원	1
한국언론	1
한국언론정보학회장	1
한국언론정보학회장에	1
한국언론진흥재단과	1
한국에는	1
한국에서는	1
한국엔	1
한국여성독립운동연구소	1
한국여자청소년배구	1
한국여행	1
한국연극	1
한국연극연출가협회	1
한국영화와	1
한국영화제	1
한국영화주간	1
한국예탁결제원	1
한국오페라도	1
한국우루과이	1
한국우즈베크전	1
한국우즈베키스탄	1
한국원자력학회	1
한국유럽연합	1
한국유리	1
한국을	1
한국음악	1
한국이냐	1
한국이란전	1
한국이야말로	1
한국이탈리아	1
한국인도	1
한국인은	1
한국인이	1
한국인터넷거버넌스포럼	1
한국인터넷기자협회	1
한국인터넷진흥원에	1
한국인터넷진흥원장	1
한국일보	1
한국잉글랜드	1
한국자메이카	1
한국적	1
한국전력과	1
한국전력을	1
한국전력이	1
한국전력전도	1
한국전망대	1
한국전자통신연구원과	1
한국전통문화센터	1
한국점자도서관에	1
한국정보올림피아드	1
한국정보화진흥원	1
한국정보화진흥원대구시	1
한국정부에	1
한국정부의	1
한국조사기자협회	1
한국종합	1
한국종합기술	1
한국주간	1
한국주간에	1
한국주택협회	1
한국주행사	1
한국지방신문	1
한국지방신문협회	1
한국지수	1
한국지역도서전	1
한국채권	1
한국청년	1
한국총영사관	1
한국추리문학상	1
한국축구와	1
한국축제	1
한국출판문화산업진흥원장에	1
한국출판인회의	1
한국출판학회상에	1
한국춤	1
한국카카오	1
한국카카오은행	1
한국테마관광	1
한국테크놀로지	1
한국토요타	1
한국토요타어린이안전재단	1
한국통신학회	1
한국투자공사종합	1
한국투자신탁운용	1
한국투자프라이빗에쿼티로	1
한국팀에	1
한국패션	1
한국팬	1
한국팬들이	1
한국편종합	1
한국포스증권	1
한국포스증권으로	1
한국표준과학연구원	1
한국프레스센터	1
한국프레스센터에	1
한국피자헛	1
한국학교	1
한국학생	1
한국학자	1
한국항공대팀	1
한국해상풍력	1
한국행	1
한국현대사부터	1
한국현대시의	1
한국형tdf	1
한국형제품	1
한국화	1
한국회사	1
한권에	1
한글과컴퓨터그룹	1
한글과컴퓨터아이나무	1
한글낙서	1
한글도메인	1
한글로	1
한글무늬	1
한글문학	1
한글에서	1
한글은	1
한글의	1
한글작가	1
한글주택	1
한길사	1
한껏	1
한끗	1
한날	1
한남3구역	1
한노총	1
한다면	1
한다했는데	1
한단계	1
한달내	1
한달도	1
한대수	1
한대수의	1
한데	1
한독	1
한돌은	1
한동안	1
한라ims	1
한라봉	1
한라산에	1
한라산에선	1
한라산의	1
한라에서	1
한러시아	1
한류ict	1
한류까지	1
한류다큐	1
한류마케팅	1
한류상품박람회	1
한류상품박람회서	1
한류스타	1
한류열풍	1
한류원조	1
한림대생	1
한마당축제	1
한마디로	1
한목소리로	1
한목소리종합2보	1
한몽골	1
한무대	1
한미공격용	1
한미공조	1
한미관계	1
한미국방	1
한미동맹이	1
한미사진미술관	1
한미에	1
한미연구소	1
한미연구소장	1
한미연합	1
한미연합군사훈련	1
한미연합방위태세	1
한미정상회담에	1
한미통산	1
한미해병대	1
한민족방송의	1
한민족의	1
한반도로	1
한반도를	1
한반도서	1
한반도와	1
한반도위기	1
한반도이슈	1
한반도정세	1
한반도정책	1
한반도통일	1
한반도통일미래센터	1
한반도평화교섭본부장	1
한반포평화	1
한발빼	1
한발이라도	1
한밤	1
한밤의	1
한방글라데시	1
한방엑스포	1
한방울로	1
한방울이면	1
한배	1
한번도	1
한번씩	1
한번쯤은	1
한벨기에	1
한복사진	1
한복은	1
한복의	1
한복판	1
한복판으로	1
한사코	1
한상들	1
한성대생들	1
한성백제문화제	1
한세트	1
한손에	1
한솔씨앤피	1
한솔피엔에스	1
한솔홀딩스	1
한순간	1
한숨종합	1
한시간	1
한시간도	1
한시간에	1
한시적용	1
한시조직에서	1
한식문화주간	1
한식의	1
한식전문가	1
한심한	1
한아르헨티나	1
한악기처럼	1
한앤컴퍼니	1
한양대	1
한양대박물관	1
한양대에	1
한양대와	1
한양언론인상	1
한양이	1
한어총	1
한에티오피아	1
한여름에	1
한여름의	1
한오스트리아	1
한옥도	1
한옥마을에서	1
한옥은	1
한옥호텔	1
한올바이오파마	1
한올바이오파마에	1
한울	1
한유미	1
한은갤러리	1
한이란	1
한이스라엘	1
한인경제인	1
한인도네시아	1
한인민박	1
한인사회	1
한인학생회와	1
한일ngo	1
한일국민	1
한일단조	1
한일대학농구대회	1
한일외교장관	1
한일의원	1
한일전만은	1
한일전서	1
한일정상	1
한일중	1
한일청구권협정	1
한자리	1
한자리에종합	1
한자릿수로	1
한잔과	1
한적한	1
한전kps	1
한전lg	1
한전과	1
한전배구단	1
한전아트센터	1
한전에	1
한전의	1
한전한테만	1
한점	1
한정애	1
한정에	1
한정판매	1
한정훈도	1
한주간	1
한줄기	1
한중fta	1
한중간	1
한중러에	1
한중연극교류협회	1
한중외교	1
한중일은	1
한중정상	1
한중출판학술회의	1
한중협력	1
한중협력서	1
한지	1
한지문화제	1
한진칼우	1
한진해운은	1
한진회장	1
한집안	1
한참	1
한채린	1
한채진	1
한척은	1
한치도	1
한컴그룹kaist	1
한컴시큐어	1
한컴지엠디로보링크	1
한컴한국디지털미디어고	1
한터키	1
한투운용	1
한투증권국민대	1
한트케는	1
한파가	1
한파는	1
한파오나	1
한파종합	1
한파주의보1일	1
한파쯤이야	1
한파쯤이야종합	1
한판놀개	1
한표를	1
한필리핀	1
한해동안	1
한호주	1
한화sc	1
한화가	1
한화건설에	1
한화도	1
한화서	1
한화시스템	1
한화시스템한화sc	1
한화에어로스페이스	1
한화에어로스페이스도	1
한화정밀기계	1
한화종합화학	1
한화큐셀	1
한화큐셀ibk자산운용	1
한화큐셀앤드첨단소재	1
한화투자증권에	1
할까종합	1
할당계획	1
할당받은	1
할당신청서	1
할당해야	1
할랄레스토랑	1
할러데이	1
할머	1
할머니는	1
할머니들이	1
할머니의	1
할머니입니다	1
할부구매	1
할부까지	1
할부상품	1
할수	1
할수록	1
할수있어	1
할아버지	1
할아버지는	1
할아버지의	1
할인고객도	1
할인반환금	1
할인에	1
할인제	1
할인종합	1
할인카드	1
할인항공권도	1
할인혜택	1
할인혜택에	1
할일	1
할지	1
할지도	1
할퀴고	1
핥기	1
함	1
함경남북도	1
함경북	1
함께라면	1
함께못해	1
함께아리랑	1
함께여도	1
함께여서	1
함께종합	1
함께하겠다종합	1
함께하면	1
함께한다면	1
함께해달라	1
함께해요	1
함덕해변	1
함도하	1
함보세	1
함부르크서	1
함부르크시	1
함부르크에	1
함양으로	1
함익	1
함자	1
함정수사에	1
함정있는	1
함평군선관위	1
함평나비축제	1
함평에	1
함평엑스포공원	1
합	1
합격률	1
합금	1
합금제조	1
합당한	1
합동감식	1
합동기자회견	1
합동단속	1
합동대응팀	1
합동리허설	1
합동분향소	1
합동순찰	1
합동응원단과	1
합동총회	1
합동토론	1
합동훈련으로	1
합류는	1
합류만	1
합류하겠다	1
합류할듯	1
합류효과	1
합리적으로	1
합리적인	1
합리화할	1
합리화해야	1
합법화해야	1
합병선언	1
합병설에	1
합병승인	1
합병안	1
합병종합	1
합병하겠다	1
합사	1
합사된	1
합성고무	1
합성기술	1
합성물질	1
합성영상은	1
합의1보	1
합의결렬에	1
합의기대	1
합의대로	1
합의도	1
합의되면	1
합의된	1
합의땐	1
합의만	1
합의못해	1
합의문에	1
합의불발	1
합의사항	1
합의서	1
합의속보	1
합의없는	1
합의없이	1
합의에도	1
합의이혼이냐	1
합의점	1
합의제로	1
합의종합3보	1
합의지연종합	1
합의초안	1
합의추대	1
합의추대론에	1
합의탈퇴	1
합의파기	1
합의파기에	1
합의하면	1
합의할	1
합의할듯	1
합의해	1
합의해도	1
합의해서	1
합의해오면	1
합의했지만	1
합작로맥	1
합작영화	1
합작투자회사	1
합작한	1
합작할까	1
합작회사	1
합창종합	1
합천	1
합쳐서	1
합쳐야	1
합치고	1
합칠	1
합헌에	1
핫	1
항공교통량	1
항공기추락사고	1
항공노선	1
항공대란	1
항공마일리지	1
항공사에	1
항공사의	1
항공사진	1
항공수요	1
항공안전	1
항공우주	1
항공우주사업	1
항공운항	1
항공유	1
항공촬영	1
항공특화	1
항공화물	1
항공훈련기관	1
항구도	1
항구의	1
항만공사가	1
항모에	1
항모전단	1
항모킬러	1
항복	1
항복하느니	1
항소법원	1
항암유전자	1
항암효과	1
항의받는	1
항의방문한	1
항의시위종합2보	1
항의키로	1
항의키로종합	1
항의하는	1
항의하려다	1
항의해	1
항쟁의	1
항저우로의	1
항전	1
항진균	1
항체	1
항해에	1
항해할	1
항해협회	1
항행에	1
항행의	1
항행훈련	1
해wsj	1
해가	1
해갈	1
해갈에	1
해갈에는	1
해결능력	1
해결돼야종합	1
해결되길	1
해결되도록	1
해결될	1
해결될까	1
해결될까종합	1
해결못해	1
해결못해종합	1
해결법	1
해결사된	1
해결사로	1
해결서	1
해결시한	1
해결위해	1
해결종합2보	1
해결책은	1
해결하고	1
해결하라	1
해결한	1
해결해	1
해결해달라는	1
해결해드립니다	1
해결해야종합	1
해경본부	1
해경선	1
해경이	1
해고는	1
해고무효	1
해고종합	1
해고종합2보	1
해고할	1
해골	1
해골성당	1
해군기지	1
해군연합훈련	1
해군함대	1
해군함정	1
해금으로	1
해나갈것	1
해남군	1
해남땅끝마을	1
해남문화예술회관서	1
해낸데	1
해넘겨선	1
해녀문화	1
해녀문화를	1
해녀와	1
해달라종합	1
해당되는지	1
해당언론	1
해독	1
해독제가	1
해로	1
해로운	1
해로하고	1
해로하다	1
해류연구	1
해리왕자	1
해리포터게임	1
해맞이축전	1
해명은종합	1
해명은종합2보	1
해명이	1
해명한	1
해명해야	1
해명했지만	1
해바라기	1
해바라기를	1
해방됐나	1
해방의	1
해법과	1
해법없이	1
해변은행	1
해변을	1
해병2사단	1
해병대원의	1
해보니	1
해보다	1
해보셨나요	1
해본	1
해볼	1
해볼게요	1
해볼만하다	1
해봤다	1
해봤으면	1
해부도감	1
해부터	1
해부한	1
해비치	1
해빙이	1
해산위기	1
해상납치	1
해상미아될	1
해상병력	1
해상사격훈련	1
해상시위	1
해상안보	1
해상안보성명	1
해상안전	1
해상엔	1
해상용	1
해상위협	1
해상은	1
해상작전	1
해상통신망	1
해상통신시장	1
해상통화	1
해상풍력단지	1
해서	1
해석도	1
해석하는	1
해설강좌	1
해설도	1
해설사	1
해설서	1
해설에	1
해설영상	1
해설위원	1
해설위원과	1
해설위원들의	1
해설위원으로	1
해설자에	1
해설진으로	1
해설하는	1
해설한	1
해성디에스	1
해성여중	1
해성옵틱스	1
해소될까	1
해소방안	1
해소엔	1
해소종합	1
해소할까	1
해소해야	1
해속보	1
해수욕장도	1
해수욕장별로	1
해수욕장서	1
해수욕장으로	1
해수욕장의	1
해안국립공원	1
해안수색	1
해안은	1
해안초소	1
해야종합2보	1
해야지	1
해야할	1
해양경제합작구	1
해양경찰	1
해양경찰청	1
해양경찰청장	1
해양구조물	1
해양기술	1
해양레저위크	1
해양레포츠	1
해양리조트	1
해양보고서	1
해양사고	1
해양사진대전	1
해양산업	1
해양생물과	1
해양생물의	1
해양수산	1
해양안전	1
해양안전장비박람회	1
해양연구선	1
해양연구에	1
해양일감	1
해양진출	1
해양탐사선	1
해양환경	1
해외ir	1
해외가	1
해외거래	1
해외건설	1
해외경기	1
해외공관	1
해외공작기구	1
해외관광객에서	1
해외기술교류	1
해외기지	1
해외노동자	1
해외는	1
해외리그	1
해외무용스타	1
해외문화홍보	1
해외문화홍보원장	1
해외민간네트워크	1
해외발전사업	1
해외방송사	1
해외법인들	1
해외봉사	1
해외부동산운용본부	1
해외부문에	1
해외비중	1
해외사례	1
해외서버로	1
해외선주도	1
해외송금에	1
해외순방	1
해외시장서	1
해외식당종업원	1
해외에서	1
해외에어쇼	1
해외여행도	1
해외여행비	1
해외여행서도	1
해외여행시	1
해외여행지	1
해외여행지로	1
해외연수자	1
해외영토	1
해외위원장회의	1
해외은닉재산	1
해외은행	1
해외이익	1
해외인재	1
해외인프라	1
해외인프라개발사업	1
해외자문위원	1
해외장기연수자	1
해외전략	1
해외점포	1
해외조달시장	1
해외조사단	1
해외조회율	1
해외주식에	1
해외주식은	1
해외주식투자	1
해외주식투자전용	1
해외주식펀드	1
해외증권투자	1
해외지역	1
해외직구	1
해외진출시	1
해외진출지원	1
해외채권	1
해외채권포럼	1
해외출시	1
해외출장	1
해외통화	1
해외투자은행	1
해외투자자산	1
해외파견	1
해외파생상품	1
해외펀드	1
해외항공권	1
해외홍보전략	1
해운	1
해운당국	1
해운대로	1
해운대백사장	1
해운대서	1
해운대선	1
해운대의	1
해운동맹에	1
해운물류업계와	1
해운업계	1
해운업종	1
해운회사	1
해운회의소	1
해임건의	1
해임돼	1
해임에	1
해임종합	1
해임촉구결의안	1
해임취소	1
해임하라	1
해임한	1
해임할	1
해임효력	1
해장국의	1
해장국집에서	1
해저광케이블	1
해저보행로봇	1
해저지형	1
해저탐사로봇	1
해저통신망	1
해전	1
해제검토	1
해제로	1
해제에도	1
해제집	1
해제하려면	1
해제하면	1
해제해	1
해제해야	1
해주겠다종합	1
해주니	1
해주려	1
해주세요	1
해준다고	1
해줄	1
해줘	1
해지절차	1
해지통보	1
해지환급	1
해지환급금	1
해직	1
해직기자	1
해직언론인	1
해처럼	1
해체계획서	1
해체에	1
해체의	1
해체작업	1
해체하고	1
해체하던	1
해충	1
해충에	1
해치	1
해치고	1
해치려는	1
해커그룹	1
해커들에게도	1
해커부대에	1
해커의	1
해킹공격	1
해킹당해	1
해킹당해도	1
해킹대책	1
해킹돼	1
해킹메일	1
해킹방어대회	1
해킹방지	1
해킹보복에	1
해킹불가능	1
해킹사건	1
해킹에	1
해킹위험	1
해킹조직	1
해킹할	1
해태제과	1
해태제과식품	1
해트트릭에	1
해트트릭은	1
해트트릭종합	1
해트트릭하고	1
해파리도	1
해프닝종합	1
해피버스데이	1
해피벅스데이	1
해피엔딩	1
해피엔딩은	1
해피오더와	1
핵갈등	1
핵감축	1
핵경제	1
핵과학자	1
핵기폭장치	1
핵긴장	1
핵능력	1
핵도발로	1
핵도발시	1
핵리스트신고	1
핵무기는	1
핵무기로	1
핵무기연구소	1
핵무기와	1
핵무장	1
핵무장하면	1
핵문제	1
핵문제도종합	1
핵문제에	1
핵보복조약	1
핵보유	1
핵보유로	1
핵불용	1
핵사찰	1
핵소동	1
핵실험금지	1
핵실험날	1
핵실험때	1
핵실험승리	1
핵실험에도	1
핵실험은	1
핵실험의	1
핵실험장서	1
핵실험후	1
핵심가치는	1
핵심계층도	1
핵심과제	1
핵심규제	1
핵심기구	1
핵심부	1
핵심부로	1
핵심센서	1
핵심신기술	1
핵심요소	1
핵심으로	1
핵심의제	1
핵심의제될	1
핵심인자	1
핵심인재	1
핵심장비	1
핵심장치	1
핵심적	1
핵심조직	1
핵심종합	1
핵심측근	1
핵심파트너	1
핵안보시범센터	1
핵안보정상회의서	1
핵없는	1
핵위협에	1
핵융합	1
핵융합에너지	1
핵은폐	1
핵이냐	1
핵이빨	1
핵잠	1
핵전쟁	1
핵전파의무	1
핵정상회의	1
핵질주	1
핵타격	1
핵탄두수	1
핵태세	1
핵테러리즘	1
핵포기를	1
핵포기않으면	1
핵포기하고	1
핵폭주	1
핵합의로	1
핵합의와	1
핵항모	1
핵협박	1
핵활동	1
핸드	1
핸드마이크	1
핸드메이드	1
핸드볼	1
핼러윈	1
핼러윈축제	1
핼러윈호러나이츠축제	1
햄릿	1
햇반	1
햇볕에	1
햇빛에	1
햇살론17	1
햇살비추니	1
했다종합	1
했어요	1
했으니	1
했으면	1
했을	1
했을까	1
했죠	1
했지	1
행동1보	1
행동강령	1
행동과	1
행동도	1
행동서	1
행동요령은	1
행동은	1
행동촉구	1
행동하라	1
행동해야	1
행락	1
행락물결	1
행렬은	1
행복과	1
행복론	1
행복마을	1
행복바이러스	1
행복사원이라는데	1
행복얼라이언스	1
행복은	1
행복주택에도	1
행복지침서	1
행복하게	1
행복하겠나	1
행복하기	1
행복할까	1
행복합니다	1
행복해요	1
행복해지는	1
행복했습니다	1
행사가액	1
행사금지	1
행사도	1
행사들	1
행사로	1
행사에도	1
행사에서	1
행사일정12월	1
행사장에	1
행사종합	1
행사하면	1
행사한다면	1
행사할	1
행사할까	1
행사해야	1
행사했다	1
행성에	1
행성에도	1
행성의	1
행성지위	1
행성탐사선	1
행세	1
행세하며	1
행안위서	1
행안장관과	1
행위의	1
행위종합	1
행자부유엔	1
행정고시	1
행정규제기본법	1
행정명령종합	1
행정부는	1
행정부담	1
행정부에	1
행정부와	1
행정부처	1
행정소송으로	1
행정수도	1
행정실장은	1
행정원장	1
행정이	1
행정절차	1
행정정보	1
행정조치	1
행정지도	1
행정지원	1
행정처리	1
행진도	1
행진으로	1
향긋한	1
향기로	1
향기없는	1
향방은종합	1
향배는	1
향배엔	1
향상될까	1
향상시킬	1
향상위해	1
향상하는	1
향상한다	1
향상해야	1
향수에	1
향에	1
향연기당을	1
향토명품	1
향토박물관	1
향토박물관도	1
향하나	1
향하니	1
향하던	1
향한다	1
허가구역	1
허가받아라	1
허가받은	1
허가시	1
허가제도	1
허가취소	1
허가취소에	1
허가통지서	1
허경민정수빈	1
허공서	1
허구성	1
허그데이	1
허그베어	1
허더즈필드전	1
허들	1
허락	1
허리케인의	1
허리케인이	1
허리케인중	1
허리통증	1
허리휜다	1
허무맹랑	1
허물기냐	1
허물길	1
허물어	1
허브공항	1
허브나라농원	1
허브는	1
허브로	1
허브빌리지	1
허브아일랜드베어스타운	1
허사	1
허사비스는	1
허상의	1
허세	1
허수봉의	1
허수봉이	1
허수성	1
허술한	1
허심탄회	1
허심탄회한	1
허용되지	1
허용뒤	1
허용범위	1
허용범위서	1
허용여부	1
허용은	1
허용종합2보	1
허용치	1
허용하고	1
허용하라	1
허용하며	1
허용할	1
허용해선	1
허용해야종합	1
허위계약	1
허위광고	1
허위대출	1
허위사실공표	1
허위사실로	1
허위신고	1
허위조작정보	1
허위진술	1
허위청원에	1
허재호	1
허점에	1
허점종합	1
허준	1
허찔린	1
허츠	1
허탈	1
허탈한	1
허황된	1
허황한	1
헌	1
헌법기관장들과	1
헌법상	1
헌법안	1
헌법에	1
헌법재판관들	1
헌법재판관들과	1
헌법재판소	1
헌법재판소서	1
헌법재판소에	1
헌법재판소장	1
헌법적	1
헌법절	1
헌법정신	1
헌법질서	1
헌법학	1
헌법학의	1
헌신속보	1
헌신으로	1
헌신하겠다	1
헌장	1
헌재와	1
헌정	1
헌정밴드	1
헌정특위	1
헌팅틴	1
헌혈금지	1
헌혈위해	1
헐	1
헐뜯지	1
헐시티에	1
험난한	1
험난했던	1
험악한	1
험악해지는	1
험지출마	1
헛된	1
헛소리	1
헝가리로	1
헝가리와	1
헝가리폴란드	1
헤가지	1
헤드스페이스	1
헤드윅	1
헤드윅에	1
헤딩	1
헤매는	1
헤매며	1
헤브론에	1
헤아려	1
헤어지겠지	1
헤어지는가	1
헤엄치는	1
헤엄치며	1
헤이	1
헤이그	1
헤이더	1
헤인즈의	1
헤지펀드매니저	1
헤지펀드와	1
헤쳐나가는	1
헤쳐나가도록	1
헤쳐나간다	1
헤쳐모여식	1
헥터와	1
헬기가	1
헬기로	1
헬렌을	1
헬로	1
헬로tv코인	1
헬로우	1
헬로키티	1
헬로키티폰	1
헬스	1
헬스기기로	1
헬스트레이너	1
헬조선을	1
헷갈리지	1
혁명가들이	1
혁명사와	1
혁명수비대에	1
혁명은	1
혁명이어야	1
혁명일까	1
혁명하려면	1
혁명화교육	1
혁신tf	1
혁신경쟁	1
혁신고집	1
혁신국가	1
혁신금융이	1
혁신금융협의회	1
혁신기업에	1
혁신만이	1
혁신방향	1
혁신본부장	1
혁신부문	1
혁신분야로	1
혁신상종합	1
혁신생태계	1
혁신성	1
혁신성과	1
혁신성과는	1
혁신성에	1
혁신성장기업	1
혁신성장대전	1
혁신성장종합	1
혁신성장특위	1
혁신성장펀드	1
혁신센터	1
혁신아이콘	1
혁신에	1
혁신연합체	1
혁신위원	1
혁신위원회	1
혁신으로	1
혁신이	1
혁신인재	1
혁신종합2보	1
혁신추진위원회	1
혁신특별법	1
혁신하되	1
혁신형	1
현격한	1
현금거래	1
현금결제	1
현금보유	1
현금유동성	1
현금인출기	1
현금지원	1
현대ep	1
현대가	1
현대건설남동발전	1
현대건설도	1
현대건설전도	1
현대건축	1
현대글로비스메쉬코리아	1
현대로보틱스	1
현대로보틱스가	1
현대모비스db	1
현대모비스kcc	1
현대무용	1
현대무용으로	1
현대무용축제	1
현대문학	1
현대물리학의	1
현대미술가들	1
현대미술거장	1
현대미술계	1
현대미술과	1
현대미술관이다	1
현대미술을	1
현대백화점과	1
현대사료	1
현대사와	1
현대사회	1
현대상선에	1
현대시멘트	1
현대시의	1
현대시작품상에	1
현대씨앤에프	1
현대아울렛	1
현대안무가	1
현대예술의	1
현대와	1
현대위아	1
현대위아에	1
현대음악으로	1
현대의	1
현대인	1
현대인베스트먼트	1
현대인을	1
현대자동차	1
현대적	1
현대적으로	1
현대제철한수원	1
현대중공업지주	1
현대중국의	1
현대중현대차	1
현대차lg화학	1
현대차만	1
현대차와	1
현대차울산시	1
현대차증권으로	1
현대차투자증권에	1
현대캐피탈까지	1
현대캐피탈대한항공	1
현대캐피탈우리카드	1
현대캐피탈은	1
현대해상네이버	1
현대화해야	1
현명	1
현명하게	1
현상의	1
현상학	1
현생	1
현송월이	1
현수막으로	1
현실과	1
현실성	1
현실이	1
현실적인	1
현실적종합	1
현실정치	1
현실정치에서	1
현실화되고	1
현실화되나종합	1
현실화시	1
현실화에	1
현실화율	1
현실화하나종합	1
현실화하는	1
현실화할까	1
현안대응	1
현안보고	1
현안점검	1
현안해결	1
현안협조	1
현역도	1
현역들도	1
현역으로	1
현자	1
현자종합	1
현장감	1
현장검사	1
현장관계자	1
현장구입	1
현장규제	1
현장르포	1
현장밀착	1
현장방문하나	1
현장성	1
현장속으로	1
현장심사	1
현장업무	1
현장에	1
현장영상	1
현장으로	1
현장이	1
현장인력	1
현장점검종합2보	1
현장행보	1
현장형	1
현재나	1
현재는	1
현재와	1
현재진행형	1
현저한	1
현저히	1
현정부	1
현주소종합	1
현지경영	1
현지법인에	1
현지병력	1
현지시찰	1
현지인들	1
현지적응	1
현지출장	1
현지통화송금	1
현직경찰	1
현직대사	1
현진소재	1
현진이	1
현충원에	1
현충의	1
현택환	1
현행대로	1
현행대로종합	1
현혹되지	1
현황종합	1
혈관질환	1
혈당	1
혈당측정기	1
혈맹관계는	1
혈안돼	1
혈압측정에	1
혈액	1
혈액검사	1
혈액줄기세포	1
혈연농구	1
혈투서	1
혈투와	1
혈투종합	1
혐오가	1
혐오깨기	1
혐오예요	1
혐오의	1
혐의없음	1
혐의에	1
혐한의	1
협공받는	1
협동농장들	1
협동조합	1
협력거점	1
협력공간	1
협력기금	1
협력논의	1
협력당부	1
협력사와	1
협력세미나	1
협력수비	1
협력에	1
협력요청	1
협력요청속보	1
협력용의	1
협력운행	1
협력위원회	1
협력은	1
협력의	1
협력종합2보	1
협력체계	1
협력프로젝트	1
협력하고	1
협력하자	1
협력한	1
협력할	1
협력합의	1
협력해	1
협력확대방안	1
협력회사에	1
협박vs기사	1
협박메시지	1
협박받아종합	1
협박으론	1
협박편지에	1
협상결과	1
협상결렬시	1
협상교착	1
협상국면	1
협상단	1
협상대상	1
협상대표간	1
협상마감	1
협상복귀	1
협상사망	1
협상설	1
협상술	1
협상시간	1
협상실패	1
협상안	1
협상여지	1
협상열차의	1
협상으로	1
협상의	1
협상이	1
협상이냐	1
협상이라는	1
협상종합	1
협상주도	1
협상중	1
협상진전	1
협상차	1
협상참여	1
협상카드	1
협상테이블	1
협상테이블에	1
협상한다더라	1
협소한	1
협약규정	1
협약종합	1
협약한	1
협업이	1
협업지능으로	1
협업프로그램	1
협의속보	1
협의에는	1
협의요청서	1
협의중종합	1
협의체로	1
협의하고	1
협의하지	1
협의해야	1
협정에	1
협조가	1
협조공문종합	1
협조못해	1
협조요청	1
협조하고	1
협조하기로	1
협조할	1
협조해야종합	1
협찬	1
협찬기념	1
협찬까지	1
협찬사	1
협치강조종합	1
협치는	1
협치불씨	1
협치에	1
협치정신	1
협치종료	1
협치틀	1
협치하자	1
협치하지만	1
협회로	1
협회장에	1
형감	1
형과	1
형님	1
형님들	1
형님들한테	1
형사1부가	1
형사고발도	1
형사법원장에	1
형사처벌해야	1
형성과	1
형성돼야종합	1
형성해야	1
형식은	1
형식적	1
형에	1
형제갈등	1
형제관계	1
형제는	1
형제들이	1
형제여	1
형집행정지	1
형태가	1
형태는	1
형태로	1
형편없다	1
형형색색	1
혜성에서도	1
혜성을	1
혜택과	1
혜택을	1
혜택종합	1
혜택주지는	1
호가	1
호감으로	1
호갱	1
호국보훈	1
호국보훈단체	1
호기심과	1
호날두메시네이마르	1
호날두에	1
호날두즐라탄	1
호남가치와	1
호남공천	1
호남민	1
호남민심	1
호남방문	1
호남부터	1
호남연대	1
호남으로	1
호남인사	1
호남지역	1
호남참패	1
호남파엔	1
호남팔이	1
호남현역	1
호남혈투	1
호데이다서	1
호데이다에서	1
호된	1
호라이즌	1
호러	1
호령하는	1
호르몬	1
호르몬의	1
호르무즈에	1
호르무즈해협서	1
호른	1
호른의	1
호명	1
호명되기	1
호모사피엔스	1
호반건설	1
호브	1
호세프와	1
호소에	1
호소종합	1
호소하는가	1
호소하는가종합	1
호소한	1
호소할듯	1
호송	1
호송되는	1
호송차량	1
호수공원서	1
호수별빛축제	1
호수비도	1
호수서	1
호수에서	1
호수예술축제	1
호실적에도	1
호우로	1
호우예비특보	1
호우주의보종합	1
호우특보는	1
호우특보종합	1
호위작전에	1
호이버그	1
호잉에게	1
호재될까	1
호적제도	1
호전광	1
호전에	1
호전적	1
호조세	1
호조세종합	1
호주는	1
호주대사	1
호주로	1
호주리그	1
호주면적	1
호주서도	1
호주야구	1
호주인들	1
호주일본	1
호주출국	1
호주프로야구리그	1
호주필리핀	1
호주한인극단	1
호찌민	1
호찌민서도	1
호출앱	1
호캉스	1
호캉스에	1
호캉스족	1
호캉스하자	1
호텔도	1
호텔들	1
호텔리조트	1
호텔방	1
호텔서도	1
호텔서비스로봇	1
호텔업협회	1
호텔예약률	1
호텔예약사이트에	1
호텔용품까지	1
호텔직원	1
호텔체인	1
호텔투자	1
호투비결	1
호투한	1
호퍼드	1
호평받은	1
호헌세력	1
호헌파	1
호흡곤란으로	1
호흡이	1
혹사	1
혹사당해도	1
혹사요	1
혹시	1
혼	1
혼돈에	1
혼란벗어나	1
혼란으로	1
혼란의	1
혼란종합	1
혼선에	1
혼성나노전선	1
혼을	1
혼이	1
혼인	1
혼인건수	1
혼인여부	1
혼자만의	1
혼자여도	1
혼자일	1
혼잡시간	1
혼잡종합	1
혼조종합2보	1
혼쭐종합2보	1
혼합가죽	1
혼합경기	1
혼합경기로	1
혼합경기를	1
혼합백신	1
혼합복식	1
혼합현실	1
홀대vs실무형	1
홀딩턴	1
홀려야	1
홀로그램우주	1
홀로그램형	1
홀로서기	1
홀리는	1
홀리데이	1
홀린	1
홀짝제	1
홀짝제까지	1
홈iot에	1
홈경기도	1
홈경기마다	1
홈경기에서	1
홈런공은	1
홈런공장	1
홈런까지종합	1
홈런메뉴	1
홈런보다	1
홈런쇼	1
홈런에도	1
홈런이란	1
홈런존으로	1
홈런종합	1
홈런치고	1
홈런포로	1
홈버튼	1
홈쇼핑에서	1
홈씨씨인테리어	1
홈앤쇼핑	1
홈에디션	1
홈으로	1
홈캠2	1
홈트레이닝	1
홈페이지로	1
홈페이지에서	1
홈피서	1
홈허브	1
홍걸	1
홍남기김현종	1
홍대입구	1
홍라희	1
홍류동	1
홍명보자선대회	1
홍문종은	1
홍미노트	1
홍미노트3	1
홍보교류	1
홍보기자	1
홍보단	1
홍보대사에	1
홍보맨에서	1
홍보물로	1
홍보비	1
홍보사들	1
홍보섹션	1
홍보수석	1
홍보영상에	1
홍보조직도	1
홍보종합2보	1
홍보하는	1
홍보해야종합	1
홍보해주세요	1
홍삼스파	1
홍세화의	1
홍은선	1
홍익대	1
홍정호도	1
홍종학이동걸	1
홍준표와	1
홍준표유승민	1
홍채인증	1
홍천서	1
홍철	1
홍철이	1
홍콩가수	1
홍콩경매에서	1
홍콩과	1
홍콩도	1
홍콩도로	1
홍콩매체	1
홍콩법인	1
홍콩법인에	1
홍콩보고서에	1
홍콩사태	1
홍콩시민들	1
홍콩시위대에	1
홍콩시위에	1
홍콩시위와	1
홍콩시장	1
홍콩에서	1
홍콩으로	1
홍콩을	1
홍콩의	1
홍콩이공대	1
홍콩입법회	1
홍콩전	1
홍콩전에서도	1
홍콩정부	1
홍콩주둔	1
홍콩주재	1
홍콩지수	1
홍콩지지	1
홍콩판	1
홍콩항공	1
홍합밸리	1
홍해	1
화	1
화가는	1
화가들	1
화가들이	1
화가의	1
화교	1
화기	1
화기애애종합	1
화끈하게	1
화끈함	1
화나	1
화나겠지만	1
화난	1
화났다	1
화났지만	1
화는	1
화답의	1
화답종합	1
화도	1
화동으로	1
화동정재예술단의	1
화두종합	1
화들짝종합	1
화랑이	1
화려함	1
화려했던	1
화력발전부터	1
화마에	1
화면도	1
화면비	1
화면으로도	1
화면조작	1
화면해설방송	1
화물에	1
화물차	1
화물차에	1
화백을	1
화산과	1
화산활동	1
화살	1
화살머리고지	1
화살시편	1
화상으로	1
화상채팅앱	1
화상회의	1
화성달금성	1
화성드림파크	1
화성문화제	1
화성에서	1
화성오산지역	1
화성용의자	1
화성착륙도	1
화성착륙선	1
화신	1
화약고	1
화엄경	1
화요일까지	1
화월송도	1
화웨이까지	1
화웨이도	1
화웨이만	1
화웨이와	1
화웨이처럼	1
화웨이텐센트	1
화웨이페이도	1
화웨이포비아	1
화웨이한국방송통신산업협동조합	1
화이브라더스	1
화이트그래핀	1
화이트삭스에	1
화이트삭스와	1
화이트삭스전	1
화이트삭스전서	1
화이트섬	1
화이트워터	1
화이트해커	1
화장실에	1
화장품사업	1
화장품업	1
화장품업체	1
화장품주	1
화재사고	1
화재속보	1
화재현장서	1
화전	1
화전양면전술	1
화제만발	1
화질은	1
화천군수	1
화천기공	1
화천산천어축제에	1
화천산천어축제용	1
화천산천어축제장	1
화천에	1
화천은	1
화천토마토축제로	1
화폐단위	1
화폐혁명	1
화학공단	1
화학물질에	1
화학반응	1
화학산단	1
화학산업	1
화학소재로	1
화학소재에	1
화학약품	1
화학원료를	1
화학의	1
화학제품	1
화합에	1
화합이라는	1
화해는	1
화해에	1
화해위한	1
화훼	1
확고	1
확고해져	1
확고히	1
확꺾인	1
확대scmp	1
확대개편	1
확대됐다	1
확대되나	1
확대되는	1
확대된	1
확대될	1
확대될듯	1
확대땐	1
확대발전	1
확대설치	1
확대속보	1
확대와	1
확대위해	1
확대적용	1
확대종합2보	1
확대편성	1
확대하고	1
확대하라	1
확대해	1
확대해달라	1
확대해석	1
확대해석돼	1
확대해석됐다종합	1
확대회담	1
확률에	1
확률은	1
확립돼야	1
확립에	1
확립해야	1
확보경쟁	1
확보계획	1
확보돼야	1
확보못해	1
확보하는	1
확보한다	1
확보해	1
확보홍콩	1
확산과정	1
확산데일리nk	1
확산방지	1
확산시킨다	1
확산종합2보	1
확산하나	1
확산하자	1
확산할	1
확신못해	1
확신에	1
확신하는	1
확신한다	1
확신할	1
확약	1
확약서	1
확연	1
확연종합2보	1
확인2보	1
확인된	1
확인부터	1
확인불가	1
확인서	1
확인속	1
확인시	1
확인안된	1
확인위해	1
확인은	1
확인이	1
확인중	1
확인하고	1
확인하나	1
확인하라종합	1
확인하며	1
확인한	1
확인한다	1
확인해주는	1
확인했다	1
확장억제로	1
확장재정	1
확장종합	1
확전은	1
확전자제	1
확정골	1
확정되면	1
확정될듯	1
확정설	1
확정안	1
확정적2보	1
확정종합2보	1
확정키로	1
확정한다	1
확정할	1
확정해	1
확정해야	1
확충해	1
확충해야	1
환	1
환경론자가	1
환경문제	1
환경보전협회	1
환경부5대	1
환경부서	1
환경사업소	1
환경시장	1
환경영향평가업	1
환경장관에	1
환경장관회의	1
환경조경전문가	1
환경차관	1
환경투자	1
환금성	1
환급	1
환급까지	1
환기시스템	1
환기하는	1
환노위서	1
환담도	1
환대받은	1
환대종합	1
환대한	1
환동해권	1
환매	1
환매중단	1
환매중단에	1
환멸	1
환불시	1
환상적	1
환상적인	1
환상통	1
환송공연장으로	1
환송까지	1
환송만찬	1
환송오찬장서	1
환송행사종합	1
환송행사종합2보	1
환수는	1
환수종합	1
환승때	1
환승편의	1
환시개입	1
환영공연	1
환영만찬서	1
환영받을	1
환영식	1
환영에	1
환영연회	1
환영은	1
환영의	1
환영인사하는	1
환영인파와	1
환영해	1
환원	1
환원소송	1
환율도	1
환율변동	1
환율상승	1
환율상승에	1
환율에서	1
환율여건	1
환율우대	1
환율을	1
환율폭등에	1
환자납치	1
환자도	1
환자돕기	1
환자들	1
환전	1
환전규제에	1
환전업무	1
환테크	1
환하게	1
환호에서	1
환호와	1
환호종합	1
환호하는	1
환희의	1
환히	1
활동가에	1
활동공간	1
활동기간	1
활동까지	1
활동시간의	1
활동으로	1
활동은	1
활동재개는	1
활동제한	1
활동종료종합	1
활동중	1
활동하는	1
활동한다	1
활력도	1
활로찾은	1
활발히	1
활성화속보	1
활성화와	1
활성화위해	1
활성화정책	1
활성화종합	1
활성화하자	1
활성화해	1
활용도까지	1
활용방안	1
활용사업	1
활용서	1
활용성	1
활용속보	1
활용종합	1
활용종합2보	1
활용하라	1
활용할까	1
활용해야	1
활판인쇄	1
홧병	1
황강댐	1
황교안에	1
황금노선으로	1
황금대역	1
황금돼지해	1
황금들	1
황금비율은	1
황금연휴에	1
황금연휴에는	1
황금장갑까지	1
황금찬	1
황금펜상	1
황금펜상에	1
황당주장	1
황동일과	1
황병기의	1
황사로	1
황사영향	1
황사예보	1
황사의	1
황수미가	1
황여정씨	1
황우여	1
황의	1
황의조도	1
황의조손흥민	1
황정민과	1
황제대출	1
황창규의	1
황태	1
황태도	1
황태자없는	1
황포돛배	1
황해북도	1
황현산이	1
황홀한데	1
황희찬에	1
황희찬이	1
횃불로	1
회견국민	1
회견문	1
회견서	1
회견장	1
회견하는	1
회계감독	1
회계감사에	1
회계규정	1
회계담당	1
회계사	1
회계사들	1
회계시스템	1
회계위반	1
회계장부	1
회계책임자	1
회계투명성	1
회고록논란에	1
회고록에	1
회고전	1
회담결과	1
회담서	1
회담에	1
회담여부	1
회담은	1
회담종합2보	1
회담하는	1
회담할	1
회동돼야	1
회동되길	1
회동해야	1
회령	1
회령서	1
회로	1
회복27일	1
회복불능	1
회복세종합	1
회복시켜	1
회복열쇠는	1
회복은	1
회복하겠다	1
회복하길	1
회복하는	1
회복할까	1
회복해야	1
회복훈련으로	1
회부될	1
회부할	1
회사가	1
회사는	1
회사이름	1
회사측	1
회색	1
회색인간	1
회색지대	1
회생안	1
회수까지	1
회수는	1
회수율	1
회수하라	1
회수한	1
회식은	1
회원가입	1
회원국들	1
회원수	1
회원작품	1
회원정보	1
회원제	1
회원조합	1
회원책무	1
회의내용	1
회의실	1
회의실에	1
회의자료	1
회의장서	1
회의적이지만	1
회의종합	1
회장상	1
회장에게	1
회장으로	1
회장을	1
회장의	1
회장후보	1
회전	1
회전까지	1
회전카메라	1
회피도	1
회피하게	1
회항종합	1
회화록	1
회화의	1
획기적으로	1
획득의석	1
획득종합	1
획정기준	1
획정기준에	1
획정위	1
획정위원장에	1
횡령설	1
횡령액	1
횡보	1
횡보종합	1
횡성서	1
횡포까지	1
효과리얼미터	1
효과적인	1
효과종합	1
효능확인	1
효도5법	1
효도폰	1
효력은	1
효력정지	1
효력정지에도	1
효모	1
효성으로	1
효성첨단소재	1
효성화학	1
효소가	1
효율적속보	1
효율적인	1
효창	1
효창공원과	1
효창운동장을	1
후기부터	1
후랭코프는	1
후려치기	1
후련합니다	1
후면에	1
후반기부터	1
후반기에는	1
후반기에도	1
후반대로	1
후반에도	1
후반이	1
후배들에게	1
후보군에	1
후보군은	1
후보기술	1
후보단일화	1
후보단일화론	1
후보들과	1
후보라는	1
후보를	1
후보생	1
후보수락	1
후보약물	1
후보와	1
후보인데	1
후보지명	1
후보직	1
후보토론회	1
후보확정은	1
후분양	1
후세인처럼	1
후속논의	1
후속연구는	1
후속절차	1
후속조치에	1
후속책	1
후속협의체	1
후속회담	1
후손들에게	1
후손에	1
후손의	1
후손찾기	1
후순위	1
후순위채	1
후순위채권	1
후에는	1
후원계약	1
후원목표	1
후원받고	1
후원받으려던	1
후원사업	1
후원자였을	1
후원하세요	1
후원행사에	1
후유증	1
후임설에	1
후임은	1
후임자	1
후추	1
후텁지근한	1
후티	1
후티는	1
후판	1
후폭풍일듯	1
후회는	1
후회없이	1
후회하고	1
후회하는	1
후후앤컴퍼니로	1
훈련도	1
훈련량	1
훈련만	1
훈련시간	1
훈련에	1
훈련용품	1
훈련종합	1
훈련중	1
훈련중단	1
훈련지	1
훈련지원임무	1
훈련캠프	1
훈련하는	1
훈련한다	1
훈련했지만	1
훈련현장을	1
훈민정음과	1
훈민정음에	1
훈수	1
훈수정치	1
훈춘	1
훈춘서	1
훈춘에	1
훌쩍인	1
훔쳐간	1
훔쳤다종합	1
훔치려다	1
훔치면	1
훔치지	1
훔칠게요	1
훙샹제재로	1
훙하이	1
훼손될	1
훼손속보	1
훼손종합2보	1
훼손한	1
휑한	1
휘감은	1
휘고	1
휘날리며	1
휘날린	1
휘는	1
휘닉스	1
휘닉스스프링스cc	1
휘둘러	1
휘둘려	1
휘둥그레	1
휘말려	1
휘말렸던	1
휘말리지	1
휘발유값	1
휘발유배급제	1
휘발유차	1
휘센	1
휘인	1
휘청종합	1
휘팍스키장	1
휘황찬란	1
휠	1
휠링투어	1
휠체어농구대회	1
휠체어로	1
휩쓸고	1
휩쓸다	1
휴	1
휴가기간	1
휴가는	1
휴가에만	1
휴가의	1
휴가준비	1
휴가중	1
휴게소	1
휴교령	1
휴교령까지	1
휴교령종합	1
휴대2보	1
휴대성	1
휴대에	1
휴대전화는	1
휴대전화보안	1
휴대전화에	1
휴대종합	1
휴대종합2보	1
휴대폰판매도	1
휴대형	1
휴림로봇에	1
휴먼게놈지도	1
휴먼솔루션	1
휴먼자산운용	1
휴면금융재산	1
휴면보험금	1
휴면재산	1
휴보가	1
휴보와	1
휴스턴도	1
휴스턴은	1
휴스턴전서	1
휴식기를	1
휴식력	1
휴식모드	1
휴식을	1
휴양	1
휴양지에서	1
휴양지에서도	1
휴업	1
휴온스	1
휴온스글로벌	1
휴우	1
휴일에도	1
휴일엔	1
휴일연장근로	1
휴전위반	1
휴전제안	1
휴전종료	1
휴전키로	1
휴젤	1
휴직수당	1
휴톡스	1
휴폐업	1
휴혼	1
흉기공격	1
흉기난동	1
흉기들고	1
흉내	1
흉흉	1
흐드러진	1
흐들한	1
흐려	1
흐려도	1
흐려지고	1
흐른다	1
흐리지만	1
흐물흐물	1
흐뭇	1
흐뭇한	1
흑	1
흑린	1
흑린으로	1
흑백내전의	1
흑백사진	1
흑백투표	1
흑백판단	1
흑으로	1
흑인감독	1
흑인사망	1
흑인사살	1
흑인소녀	1
흑인시위	1
흑인시장	1
흑인영웅	1
흑인운동가와	1
흑인의	1
흑인청년	1
흑인표심	1
흑자는	1
흑자전환종합	1
흑자축소	1
흑자폭은	1
흔드나	1
흔들다리	1
흔들려	1
흔들렸다	1
흔들린다	1
흔들림없는	1
흔들어	1
흔들어라	1
흔들종합2보	1
흔들지	1
흔적과	1
흔적없어	1
흔적의	1
흘러내린	1
흘러도	1
흘리지	1
흙	1
흙수저	1
흠잡을	1
흠집내기에	1
흡사종합2보	1
흡수할까	1
흡연율	1
흡연하게	1
흡입해요	1
흡족해한다	1
흥국생명도	1
흥국생명도로공사전	1
흥국생명서	1
흥국생명은	1
흥국생명전	1
흥국생명전은	1
흥국에프엔비	1
흥국운용	1
흥국화재	1
흥미진진	1
흥미진진한	1
흥민이가	1
흥보씨	1
흥분된다	1
흥분성시냅스	1
흥분시키는	1
흥분한	1
흥정	1
흥정대상	1
흥정하듯	1
흥행몰이	1
흥행은	1
흥행이을까	1
희곡	1
희귀고래	1
희귀독수리	1
희귀성	1
희대의	1
희망1보	1
희망공동체	1
희망과	1
희망나눔	1
희망농구	1
희망드리자	1
희망브리지	1
희망브리지에	1
희망사항	1
희망없어	1
희망으로	1
희망이	1
희망이고	1
희망정당으로	1
희망주는	1
희망투어	1
희망학교	1
희박	1
희박종합	1
희박해	1
희뿌연	1
희생과	1
희생도	1
희생돼도	1
희생된	1
희생자는	1
희생자들	1
희생자의	1
희생종합	1
희생해준	1
희찬	1
히딩크인가	1
히로시	1
히로시마엔	1
히말라야원정대	1
히브리	1
히브리대	1
히어러블을	1
히어와	1
히잡금지	1
히터	1
히트게임	1
히트곡	1
히트앤드런	1
히트종합	1
히트파이프	1
히틀러가	1
히틀러까지	1
히피	1
힌두사원에	1
힐과	1
힐러리를	1
힐러리만	1
힐러리보다	1
힐러리부패한	1
힐러리이메일	1
힐러리케이식	1
힐러리크루즈	1
힐링스파	1
힐링코스로	1
힐링하고	1
힐스테이트에	1
힘겹게	1
힘과	1
힘내자	1
힘냅시다	1
힘냈다	1
힘도	1
힘들게	1
힘들어도	1
힘들어요	1
힘들어진다	1
힘들었다	1
힘들었던	1
힘들었어요	1
힘들지	1
힘들지만	1
힘모아야	1
힘받은	1
힘받을듯	1
힘보태달라	1
힘빠지는	1
힘실어주기	1
힘실은	1
힘싸움	1
힘썼어요	1
힘쓰겠다	1
힘쓴다	1
힘쓸	1
힘의	1
힘이	1
힘주고	1
힘합쳐	1
힙	1
힙합공연장	1
힙합까지	1
