id,text
274069,유튜브 내달 2일까지 크리에이터 지원 공간 운영
274070,어버이날 맑다가 흐려져…남부지방 옅은 황사
274071,내년부터 국가RD 평가 때 논문건수는 반영 않는다
274072,김명자 신임 과총 회장 원로와 젊은 과학자 지혜 모을 것
274073,회색인간 작가 김동식 양심고백 등 새 소설집 2권 출간
274074,야외서 생방송 하세요…액션캠 전용 요금제 잇따라
274075,월드컵 태극전사 16강 전초기지 레오강 입성종합
274076,미세먼지 속 출근길
274077,왓츠앱稅 230원에 성난 레바논 민심…총리사퇴로 이어져종합2보
274078,베트남 경제 고성장 지속…2분기 GDP 6.71% 성장
274079,그리스서 한국전 참전 기념식…참전용사 한반도 평화 기원
274080,정진석 이정현 당현실 냉정하게 봐야…물러나는게 좋다종합
274081,美 베네수엘라 구호품 반입 촉구 안보리 결의 추진
274082,황재균 쐐기타…kt 갈 길 바쁜 삼성에 고춧가루
274083,정상회담 D1 文대통령 취임 후 남북관계 주요 일지
274084,LGU＋ 1분기 영업익 1천706억원…마케팅 비용 감소종합
274085,박원순 시장 아부다비 루브르 박물관 방문
274086,방심위 강릉서 고성 산불현장처럼 보도한 KBS 관계자 징계
274087,파키스탄 경제난 속 카타르서 30억 달러 투자 유치
274088,일본 예산팽창에 재정건전성 우려…내년에 장기채무 GDP 2배
274089,칠레 민중가수 살해하고 미국 도피 전 군인 법정에 선다
274090,日 온라인으로 중국인 비자신청 받는다
274091,미 동부 마비시킨 악성 파일 국내서도 발견
274092,국내 발간 나노분야 학술지 나노 컨버전스 SCIE 등재
274093,5G 상용화 행정절차 완료…이통3사 내일 동시 전파 발사
274094,예스24 독자들이 선정한 올해의 책 여행의 이유
274095,이해찬 정경두에 안보지원사 기무사 같은 일 없도록 해야
274096,미래부 17개 부처별 연구비관리시스템 2개로 통합한다
274097,손흥민 더 승부욕 갖고 거칠게 해야…나부터 반성
274098,SK텔레콤안양시 모빌리티·스마트시티 조성 업무협약
274099,울산 오후 4시 건조주의보
274100,기업들 日규제 직접 피해보다 수입 불확실성이 더 문제
274101,日경제산업상 경제보복 비판여론에 언론이 제대로 이해못해
274102,다시 포효한 황의조 3년 만의 A매치 골 집중력 유지한...
274103,최근 5년간 공무원시험 응시 127만명…경제비용 수조원
274104,트럼프 의회서 장벽예산 합의할 가능성 50% 이하
274105,프리미어12 보러 온 MLB 최지만 저도 뛰고 싶었지만
274106,베네수엘라 대통령 미국과 관계 복원 대화 재개 합의
274107,朴대통령 울산 십리대숲·재래시장 방문…휴가 중 민생 행보
274108,어빙 NBA 통산 1만 점…보스턴 동부 1위 토론토 제압...
274109,월드컵 하나은행 대표팀에 행운의 2달러 200장 선물
274110,라바리니호 아르헨에 설욕할까…이재영 동료 프레스코 경계령
274111,제임스 떠난 NBA 클리블랜드 1승 10패…전체 꼴찌
274112,디자인 역사의 기둥 100권의 잡지를 돌아보다
274113,게시판 윌림 SKT 누구 플레이 개발 공모전서 최우수상
274114,정성훈 15년 만에 친정 KIA행…기회 준 구단에 감사
274115,전국 곳곳에 저녁까지 비·강한 바람…낮 최고 27도
274116,朴대통령 대통령 단임제로 지속가능한 국정과제 추진 어렵다속보
274117,8월 시중통화량 전년동기비 6.8%↑…증가세 확대
274118,반민특위 임무 아직 끝나지 않았다
274119,애플 퀀텀닷OLED 결합 차세대 디스플레이 특허출원
274120,터키 에르도안 자국 외교관 겨냥 테러 비판…악의적 공격
274121,朴대통령 내주 국회서 일정재개…여야 지도부 환담도 유력
274122,CNN 트럼프 내부고발자 상·하원 정보위 출석 동의
274123,미국 프로스포츠 커밍아웃 뒤 출전 1호 축구선수 로저스 은퇴
274124,GSMA 통신사 인수합병 때 당국의 더딘 심사로 사업에 지장
274125,美민주 전대 D1 힐러리를 만든 사람들과 가족
274126,朴대통령 에티오피아 입맛에 맞아요…현지인들 잘 통해요
274127,황사·미세먼지 기승 잿빛 주말…나들이객 줄어
274128,신간 목양면 방화 사건 전말기
274129,인니 항공당국 추락 보잉기 조종사 대화 보도 사실과 달라
274130,석유왕국 사우디 태양광·풍력 발전 중심지 될 것
274131,中환구시보 美 신미사일방어전략 북미 核담판에 도움 안돼
274132,2022 AG 개최지 중국 항저우로의 초대
274133,신간 책에 빠져 죽지 않기
274134,집주인 매입임대주택 사업 23일부터 상시 접수
274135,MLB 채프먼·헤이더 올해의 구원투수상 수상
274136,눈물 흘린 MVP 말컹 2부 리거 향한 의구심 떨치려 노...
274137,관훈클럽 65대 임원진 선임…11일 창립 61주년 기념식
274138,태국에서 열린 삼성페이 론칭 행사
274139,강풍·영하권 날씨…오후부터 비까지 내려
274140,커지는 중국 기업 채무불이행 리스크…올해 또 최고치
274141,한국관광공사 국내 숙소 체험기 모은 여행자의 방 출간
274142,태풍 솔릭 접근…오후부터 제주 항공기 이착륙 어려울 듯
274143,분리공시 놓고 이통시장 분란 조짐…LG전자 판 흔들기 통할까
274144,MLB 파울볼 사고 2012년 이후 800건 이상 발생
274145,금값 하락에 금펀드 수익률 추락…최근 한달 4.86%
274146,작년 세탁기 분야 미국특허 LG전자·삼성전자 1∼2위
274147,동탄2신도시 분양행복주택 건설에 민간 참여
274148,게시판 KISA 제17회 KICT 정보보호대상 21일까지 접수
274149,황총리 어떤 경우도 국가기능 안정적 유지속보
274150,명성티엔에스·삼성스팩2호 코스닥 신규상장
274151,경주한수원·대전코레일 내셔널축구선수권 4강 합류
274152,짐바브웨 전 대통령 무가베 시신 영웅묘역 아닌 고향에 묻혀
274153,국민의당 부산시당 발기인 대회 열려…26일 창당대회
274154,메시 통산 4번째 유럽 골든슈 최종 확정…호날두와 동률
274155,美전문가 협상없는 대북압박 안 통해…상호주의 필요종합
274156,하나금투 내년 코스피 1900∼2400선 등락
274157,더민주 원내대표 경선 6명 출마…내달 4일 선출종합
274158,은행 점포 폐쇄때 고객영향 평가한다…불편 최소화대책 유도
274159,프로농구 SK 현대모비스에 시즌 첫 패 안기고 2연승종합
274160,아시안게임 이승우 멀티골 한국 축구 베트남에 3...
274161,트럼프와 갈등 빚은 미 법무부 부장관 내달 사임
274162,CNBC 미·중 무역협상 3월1일 시한 연장 가능성
274163,독일 주독 北대사 후임 임명 동의 거부 RFA
274164,창원 39사단 유니시티 1순위 청약에 20만명 몰려
274165,北국방위 검열단 천안함사건 북소행설은 억지 주장
274166,주요국 지도자 연봉은…오바마 4억4천만원·시진핑 2천만원
274167,LG전자 휴대전화 국내 생산 중단…베트남으로 거점 이동종합
274168,NHN엔터 3분기 영업익 295%↑…페이코 지속 성장종합
274169,트레이드 성사한 잠실구장 두 사령탑 불펜 투수가 필요했다
274170,통일농구 방북단 평양 교육시설 참관 후 오늘 귀환
274171,팁 모아 기부…美 LA 음식점 고교생 종업원들의 선행
274172,6·25전쟁 美 참전용사 추모벽 건립안 상원 통과 RFA
274173,류현진 7이닝 무실점·ERA 1.45로 시즌 12승 눈앞
274174,사우디 이라크 스포츠도시 건설에 1조원 지원
274175,부산 남천동 벚꽃 개화 5일 만에 만발
274176,나 중국 요원 아닌데… 트위터 英대학생 계정 차단 논란
274177,카페24 상품촬영 전문 카메라앱 스토어카메라 출시
274178,서울에 다시 오존주의보…도심·서북·동북권 발령종합
274179,김석진 방통위 신임 부위원장
274180,방통위 허위조작정보 자율규제 협의체 출범
274181,게시판 전시공간 활성화 지원사업 프로그램 제공자 공모
274182,IS 구호 존속에서 연명으로 바꿀 처지…사기 바닥
274183,예스24 웹소설 공모전 대상에 요즘 것들의 연애
274184,전북 톈진에 져 AFC 챔스리그 첫 패배…16강 확정 실...
274185,첼리스트 양성원 12년만에 바흐 무반주 첼로 음반 녹음
274186,평화당 정부·공공기관 특활비 전면폐지 당론 결의
274187,게시판 KISA 사이버 보안 인력 양성 과정 교육생 모집
274188,모스크바 비확산회의 개막…북미 대표 환영만찬서 짧게 대화종합
274189,롯데카드 MLB 구단 이미지 적용 한정판 카드 출시
274190,VR이 온다 가상현실 어디까지 왔나
274191,野 개성공단 자금 북핵개발 사용 증거 공개해야
274192,올해 최고 산업기술에 삼성전자 V낸드·LG디스플레이 OLED
274193,태블릿PC 조작설 변희재 1심 징역2년…악의적 공격 반복종합
274194,셀트리온헬스케어 987억원 규모 자기주식 취득
274195,한국행 저울질했던 케이로스 이란 축구대표팀과 계약 연장
274196,美 보잉737맥스 운항중단 장기화…여름 성수기까지 연장
274197,KT 라인프렌즈 스마트폰에 데이터 제한 기능 추가
274198,中 美의 홍콩 우산혁명 5주년 지지에 강력 비난
274199,LG V30S 씽큐 둘러보는 권영수 LG유플러스 부회장
274200,해양경찰청 헬기 18대 중 절반 야간 운항 불가능
274201,北 김정은 대남도발 軍부대 왜 갔나…참수작전 맞대응 행보
274202,北 美대선 앞두고 오바마 우리와 대결서 참패 궤변
274203,케냐서 경비행기 추락…탑승자 5명 전원 사망
274204,창원에 집중형 전기차 충전소 전국 첫 설치
274205,선거연령 18세 인하 쟁점화…여야 대표 시기 충돌
274206,5월 11일 동학농민혁명 기념일 지정된다…국무회의서 의결
274207,삼강엠앤티 243억원 규모 해양구조물 공급계약
274208,노트 마니아층 사로잡았다 갤노트FE 초반 인기몰이종합
274209,게시판 U골프 프로골퍼·연예인 스크린골프 대회 중계방송
274210,경남도 네이버 모바일뉴스에 지역 언론사 포함 공식 요청
274211,게시판 서울시청 하늘광장 갤러리 내년 전시작가 공모
274212,소리꾼 장사익 모스크바서 단독 콘서트…현지 관객 큰 호응
274213,아프리카돼지열병 파동에 中 돼지고기 수입량 76% 급증
274214,베트남에 한국비자신청센터 개소
274215,테라젠이텍스 200억원 전환사채 발행 결정
274216,대학교수 등 연구책임자 행정 부담 덜어준다
274217,내일날씨 제주도·영동 아침까지 비…동해·남해 풍랑 주의
274218,가축분뇨 관리센터 방문한 환경부 장관
274219,野 전경련 어버이연합 뒷돈 지원 의혹 국회 진상조사
274220,유튜브 1분 넘는 광고도 소비자가 주목한다
274221,북미정상회담 기대감…원달러 환율 7.8원 급락
274222,방러 문대통령 한반도 비핵화 지지호소…新북방정책 구체화
274223,英 총선 D1 주요 정당 대표들 막판까지 지지 당부 총력전
274224,문화재청 문화재에 깃든 100년 전 그날 개최
274225,경찰 축구대표팀 달걀 봉변 수사 않기로…처벌 불원
274226,문학단체들 블랙리스트 실행한 공공기관장 사퇴하라
274227,사이버위기대응 훈련 참여기업 악성코드 감염률 작년보다 5배↑
274228,심야의총 한국당 본회의 강행시 모든 방법으로 저지종합
274229,KTB투자 증시 추가 하락 우려…저점 매수 시점 아냐
274230,교복 치마는 무릎 위 5㎝ 찢청 금지…여중 용의 규정 논란
274231,신간 일본 초격차 기업의 3가지 원칙
274232,베이브 루스 500홈런 배트 경매 나왔다…67억원 기록 넘을까
274233,러츠 25점 GS칼텍스 도로공사 꺾고 2연승…선두 도약
274234,신간 미래의 단서·내가 알던 그 사람
274235,신년담화·회견 美 전략자산 추가전개 시점은
274236,대경기계기술 삼성엔지니어링 143억원 플랜트 기자재 수주
274237,그래픽 제조업 평균 가동률 추이
274238,구조선 철수하는 지중해…유엔 피의 바다 될 것 경고
274239,SK증권 광동제약 3분기 실적 호조 전망
274240,밀양 규모 3.5 지진에 부산 피해 신고 없어
274241,언론노조 지역신문발전기금 삭감 대통령 공약 위배
274242,현대차투자 종근당 올해 양호한 외형 성장 지속
274243,시와 만화가 만났다…만화시편 구체적 소년
274244,미 터키에 F35 인도 절차 조만간 중단할수도
274245,법조 기자들 PD수첩 방송 현실과 거리 먼 왜곡 성명
274246,지붕 없는 미술관 울산 신화마을
274247,靑 북한 핵·미사일 동향 예의주시 중
274248,방정오 측 PD수첩 장자연 보도는 특정인 망신주기
274249,손흥민 4경기 연속골 폭발…토트넘 20 승리종합
274250,아파트 거래 절벽에 부산지역 가계대출 감소
274251,MLB 최초 파울볼 안전망 확대설치 화이트삭스에 찬반양론
274252,한국투자 한국전력 내달 정책 불확실성 해소
274253,옐리치 올스타 홈런더비 불참…대체자는 맷 채프먼
274254,부동산캘린더 봄 성수기에도 차분한 분양시장
274255,영장심사 출석 임종헌 묵묵부답
274256,매트릭스 랜섬웨어의 협박 메시지
274257,신간 뮤지엄 X여행
274258,6년 만에 완투 이용찬 100개 안 넘기고 던져 기쁘다
274259,언론소송 중 인터넷 매체 비중 3년 연속 50% 넘어
274260,자금세탁방지기구 북한과 거래에 특별한 주의 권고
274261,MWC 2018 삼성의 AR 마법 갤럭시S9 언팩
274262,선진국의 쓰레기장 될 수 없다…인니 폐기물 수입 규제 강화
274263,탈북민 하나원 교육생들 취약계층에 봉사활동
274264,정부 편안하게 여행할 수 있는 관광복지 사회 위해 지원
274265,北 최부일 직책 인민보안부장→인민보안상 변경
274266,게시판 한국거래소 코넥스 합동 IR 콘퍼런스 2223일 개최
274267,예스24 영어학습서 40대가 가장 많이 산다
274268,KT 온라인 휴대폰 주문 시 음성 안내 제공
274269,국제 원자재 가격 경제에 미치는 영향력 감소
274270,감독에게 달려들었던 데이비스 대화로 풀었다
274271,리비아 통합정부 트리폴리 공습에 다른 아랍국가 개입
274272,평양정상회담 백화원 영빈관 도착한 문재인 대통령
274273,반환점 돈 V리그 여자부 시청률 1 돌파…남자부 추월
274274,봄의 끝자락 정동 옛길 거닐며 추억 쌓기…정동야행
274275,프로농구 DB 삼성에 설욕하고 4연패 탈출
274276,프로축구 K리그1 유료관중 소폭 상승…평균 5천445명
274277,반전 꿈꾸는 하위권 삼성·DB 휴식기를 도약 발판으로
274278,보릿고개 무사히 넘긴 삼성 스마트폰…2분기 약진 예약
274279,안심대출 주택수 산정때 지방 노후·소형 단독주택 뺀다종합
274280,KT 지난해 흑자 전환…3년 만에 1조원대 영업익종합2보
274281,대한민국만화대상 웹툰 마음의 소리 조석 작가
274282,통신공룡들의 엇갈린 베팅…ATT TV vs 버라이즌 인터넷
274283,코디 53억원 3자배정 유상증자 결정
274284,삼성 갤S8 붉은 화면 불량 아냐…최고 판매량 목표종합
274285,英 인도양 차고스제도 모리셔스에 반환하나…유엔도 압박
274286,KT 화재로 조촐해진 세계 첫 5G 상용화…통신3사 간담회 연기
274287,朴대통령 평화통일 향해 더욱 큰 발 내딛는 한 해 돼야
274288,도난분실 휴대폰 국제블랙리스트 등록…해외 불법사용 차단
274289,중국군 젠20 전투기 등 주력 전투장비 첫 발표종합
274290,신간 멍 때리기의 기적·젊은 음악가를 위한 슈만의 조언
274291,여자축구 대표팀 3월 포르투갈 알가르베컵 출전
274292,UCI 김병양 대표 대상 20억원 규모 유상증자
274293,KT 양양 서피비치서 5G 액티비티 선보여
274294,김인식 감독 류현진 휴식 필요해 보여…차분하게 바라봐야
274295,LG유플러스 G7 씽큐 11일 예약판매 시작
274296,KBS 휴스턴영화제서 위안부 다큐 등 전 출품작 수상
274297,빌 클린턴 헛발질 오바마케어 가장 미친 것…대선쟁점 부상종합
274298,지난주 광물가격 전반적 상승…中 경기부양 기대감
274299,신임대사 신임장 수여식 참석하는 문 대통령과 강경화 외교장관
274300,천정배 기득권 패권탐욕 견제하고 상생협력시대 열 것
274301,최우수→우수 강등 충장축제…청바지로 갈아입고 리빌딩
274302,홍용표 개성공단 자금 핵·미사일에 사용…확보한 자료는 뭔가
274303,쿠르드족 시리아인 남성 유엔난민기구 앞서 분신
274304,멕시코 뷰티 유튜버도 반한 韓화장품…K뷰티 중남미 공략 가속
274305,kt 박세진 2⅔이닝 5실점…2경기 연속 조기 강판
274306,꽃길처럼 안전한 환경 바라는 노동자들
274307,국내최대 성매매 사이트 밤의 전쟁 뒷배 경찰관 구속
274308,경동나비엔 4분기 영업익 98억원…6% 감소
274309,첼시리버풀 분데스리가 오바메양 영입 줄다리기
274310,MLB 다저스 홈런 3방으로 샌프란시스코 완파…뷸러 5이...
274311,게시판 현대건설남동발전 해외발전사업 양해각서
274312,두 대통령 마두로·과이도 충돌…대화 용의 vs 가짜 대화종합
274313,넷마블 신작 킹 오브 파이터 올스타 내달 9일 출시
274314,中 왕이 한반도 핵문제 관건적 시기…대화 견지해야
274315,무관의 제왕 김정은 데뷔 12년 만에 첫 우승에 MV...
274316,日언론 北 2016년 제시한 경제발전전략서 中의존 탈피 명기
274317,朴대통령 노동ㆍ경제법 1월국회서 반드시 처리해야
274318,러 푸틴김정은 회담 긍정 자평…美 외교실수 수정한 회담
274319,트럼프·엡스타인 1992년 마러라고서 여성 20여명과 파티
274320,LG와 만나는 김태형 두산 감독 지금은 이기는 게 목표 아냐
274321,한신평 CJ·이랜드·한진 수익성·재무안전성 악화
274322,라바리니 감독 올림픽 본선 진출 목표…한국 공부 중종합
274323,프로배구 한국전력 KB손보 꺾고 탈꼴찌…가빈 45점 원맨...
274324,페덱스 또 화웨이 배송사고…中매체 블랙리스트에 올려야
274325,피닉스 NBA 최초로 非북미 출신 코코스코프 감독 선임
274326,터키 통제 시리아 북서부서 폭탄 테러…최소 8명 사망
274327,아시아나 항공 매각 질문 받는 최종구 위원장
274328,WTO 에어버스 불법 보조금 EU 겨냥한 美 보복관세 권리 재확인
274329,퇴장 공방 전북 제주 꺾고 신바람 6연승 행진
274330,브라질 메르코수르 대사급 위원회 공동운영 제의
274331,특급열차 탄 빅데이터…성능 33% 향상 고속 전송기술 개발
274332,교양만화로 돌아온 윤태호 지적호기심 강한 시대에 맞는 만화
274333,허영만 1970년대 초기작 세 점 초판본 재현해 출간
274334,강원도민일보사 김중석 사장 재선임종합
274335,입김 불면 색 변하는 필름…위조방지에 적용
274336,영불해협 페리선에 불법 이민자 수십명 난입…경찰 수색 소동
274337,지나치게 현실적인 마차도 지구 우승은 어렵죠
274338,올림픽 7시간 손에 쥔 한반도기…조선총련 응원단 속초 도착
274339,英 메이 잔류·탈퇴파 통합 내각 준비…브렉시트부 신설종합
274340,성신양회·GS글로벌 미얀마 시멘트부두 추진…해수부 지원
274341,갤럭시노트7 교환·환불 내년 1월말로 한 달 연장
274342,국내 최장 150m 파주 감악산 출렁다리 완공
274343,北매체 중거리 탄도미사일 발사 보도 아직 없어
274344,황창규 회장 KT 기가 지니 에코·구글홈보다 낫다
274345,신간 우리 시대의 한국고대사·양손잡이 민주주의
274346,최순실 없는 최순실 청문회 우려…핵심 증인들 출석 불투명종합
274347,A.마드리드 그리즈만 맨유행 확정설 부인
274348,트럼프 국경방문 앞두고 멕시코 북동부서 시신 21구 발견돼
274349,유은혜 부총리 일제 식민지 피해 실태와 과제 심포지엄 참석
274350,美제재로 외국회사 떠난 이란…국내 회사가 유전 개발
274351,링크트인 中 인권운동가 프로필 삭제했다가 여론 비난에 복원
274352,英 브렉시트 합의안 승인 보류에 EU 향후 조치 알려달라
274353,트럼프 셧다운 직격탄에 평균 국정지지도 38%…72년來 최저
274354,文대통령 중앙亞 3국 순방 종료…귀국길 올라
274355,클럽메드 말레이시아 단체 휴가 상품 할인 이벤트
274356,긴장감 도는 검찰
274357,한국시인협회 회장에 윤석산 시인 취임
274358,울산 KT온산지점서 불…인명피해 없어
274359,KAIST 이사회 신성철 총장 직무정지안 결정 유보1보
274360,조현오 장자연 사건 수사 때 조선일보 간부가 협박
274361,현대차그룹 축구꿈나무 FC아트드림 2기 발대식 개최
274362,베네수엘라 전 군정보기관장 카르바할 스페인서 투옥
274363,월드컵 티켓 확보 대륙별 경쟁…아시아 최소 7장될 듯종합
274364,조국 민정수석과 박상기 법무장관
274365,미·EU 무역갈등 고조 속 獨 경제장관 미국 방문길 올라
274366,통일 언론상에 SBS스페셜 84년생 김정은과 장마당 세대
274367,SBS 드라마본부 드라마 분사 보류 또다른 구조조정
274368,KGP 정보보안 소프트웨어 업체 인수
274369,김재원 3년 평균 인구案 양심도 없어…호남부터 의석 줄여야
274370,朴대통령 반기문 지지율 질문에 국민께 물어봐야
274371,암세포 낳는 암줄기세포 생존법 새로 발견
274372,트럼프 라이언의 사악한 거래 밝힐것…일부 다시 트럼프로
274373,北 서방에 백두산 연구 먼저 제의…과학외교 활발
274374,더민주 朴대통령 실현불가능한 공약한 셈…납득할 설명해야
274375,신간 걸프를 알다
274376,직원 손으로 사장 내보내는 YTN 정상화 과제는
274377,DLF 사태 판매은행에 민·형사 책임 모두 물어야
274378,한미 FTA 정상 공동성명 서명후 인사하는 한미 정상
274379,日언론 한국의 비너스 이민아 일본 여자축구에 위협적
274380,네이처 표지논문 시간 결정이란 무엇인가종합
274381,프로농구 선두 DB 오리온에 역전승…2위와 격차 벌려종합
274382,키움증권 日화이트리스트 배제 석유·화학 영향은 제한적
274383,모바일 지갑 클립 리뉴얼…맞춤형 추천 기능 추가
274384,네이버 자율차 첫 공개…자동차 사업 계획 없다종합2보
274385,예스24 우리가 사랑한 24인의 작가들 부산서 전시
274386,아기상어 변신한 류현진 트레이너·통역과 뚜루루뚜루
274387,게시판 랜섬웨어 침해대응 얼라이언스 결성
274388,추미애 드루킹 뿐 아닌 댓글조작 세력 철저히 수사해야
274389,센터 활용도까지 높인 대한항공 1승만 더하면 첫 챔프...
274390,필리핀 남중국해 섬 공사에 中 군함·어선 해상 인해전술
274391,우리금융지주 한국거래소 신규 상장
274392,조작 의혹 벗겠다…네이버 실검 순위변동 공개
274393,당정 2022년까지 산재 사망 절반으로…국민생명 3대 의제 논의
274394,2018 방송통신위원회 방송대상
274395,예탁원 비통일규격주권 6만4천320주 교체 신청받아
274396,갤럭시S8 정식 출시합니다
274397,러시아 미사일 美 본토 겨냥 푸틴 발언 두고 러서방 공방
274398,프로배구 챔프전 앞둔 박기원최태웅 감독 1차전에 총력전
274399,안랩 V3 모바일 시큐리티 350만 다운로드 돌파
274400,박영수 특검 좌고우면 않고 법과 원칙 따라 수사
274401,美 2분기 산업생산 1.2% 감소…무역갈등 역풍
274402,증시 부진에도 자사주 공시 약발…남용은 경계해야
274403,朴대통령 경제 이상징후 감지되면 선제적 안정조치
274404,코스피 미국발 악재에 또 급락…2360대로 털썩
274405,개인정보 대량 이용 홈피·O2O 등 97% 보안 취약
274406,차기 금융투자협회장 후보 등록 마감…4명 도전장
274407,영국 재활용 부지내 구조물 벽 붕괴로 5명 사망
274408,강추위 속 충남 서해안 눈…보령·서천 대설주의보
274409,갤러리 그림손 10주년 기획 채성필 개인전
274410,현대모비스 3연속 100점대 대승…삼성 만난 라건아 39점
274411,대부업으로 몰린 300만 한계차주에 연간 1조 긴급자금 대출
274412,1위 팟캐스터가 쓴 교양서…클래식과 친구로 만들어드립니다
274413,내일 오전까지 충청·호남 또 많은 비…호우특보 가능성
274414,3분기 ELS 발행액 17조9천752억원…전분기보다 35.3% 감소
274415,샌더스 힐러리와 조만간 만날 것…협력 모색2보
274416,코스피 외국인 매도에 찔끔 하락…2476.11
274417,펜스 美부통령 터키 北시리아서 5일간 휴전 합의
274418,부동산캘린더 수도권 분양물량 풍성…견본주택 10곳 오픈
274419,대림씨엔에스 2분기 영업익 159억원…1.3% 감소
274420,美 캄보디아에 중국군 주둔 우려 거듭 제기
274421,홍콩에 중국경찰 투입 시 체포자는 中서 재판받을 것
274422,이란 탄도미사일 개발은 협상 대상 아냐 재확인
274423,인공지능에서 구글과 경쟁하려면 데이터 확보 중요
274424,가을아 거기 서라…단풍맛 좀 보자 전국 유명산 북적
274425,10대 주축 일본에 역전패…한국여자배구 결승 진출 실패
274426,인천국제공항 10월 상설공연 개최
274427,나노스 새만금 부지에 전기차 공장 설립 MOU 체결
274428,미니 슈퍼화요일 힐러리·트럼프 플로리다서 승리 연설
274429,박기수 신임 TBN 광주교통방송 본부장 취임
274430,SKT·LGU·NIPA 중소기업 5G IoT 기술 지원 협약
274431,나치 희생자 기억하자…7만5천개째 슈톨퍼슈타인 설치돼
274432,하나금융 3분기 순익 8천360억원…전분기 대비 27%↑
274433,유럽의회 2021년 4월부터 서머타임제 폐지 법안 가결 처리
274434,KT 기가지니로 아이스크림 주문…SPC 해피오더와 연동
274435,삼성 갤럭시S9 중국 내 신제품 중 가장 우수 평가
274436,액티브X 고통에서 벗어나자…오늘 제거법 설명회
274437,인민에서 국민으로…38선 이북 수복지구는 어떻게 변했나
274438,올림픽 예선 출격 앞둔 남자배구 대표팀 실전 점검 순조
274439,SK텔레콤 V50 ThinQ 판매 시작
274440,KT GEPP 가나 출시
274441,박 대통령 TK 초ㆍ재선 11명과 사드 민심 면담
274442,학교비정규직 파업 이틀째 도시락 먹는 학생들
274443,北 나흘에 한 번꼴 국제행사…제재 끄떡없다 선전용
274444,오후 들어 한파 주춤…서울 닷새만에 한파특보 해제
274445,우병우 정운호 몰래 변론 의혹은 찌라시 수준 소설종합2보
274446,北 ICBM 재진입체 시험 초기 단계로 추정…전문가 분석
274447,바르셀로나 벤피카 라이트백 세메두 영입 사실상 확정
274448,미 성탄절 쇼핑 시즌 아마존 알렉사 앱 최고 인기
274449,10살 때 폭동 선동…사우디 시아파 18세 소년 사형 위기
274450,비에이치아이 작년 연결 영업손실 423억원…적자전환
274451,경기도 문화유산 구글 컬처럴 인스티튜트에 선보여
274452,전문 文대통령 인터넷은행 규제혁신…고인 저수지 물꼬 트는 것
274453,광주에서 이어진 세계기자대회…5·18묘역 참배
274454,과기부 한국유럽연합 연구시설 정보 제공 플랫폼 개통
274455,에넥스텔레콤 기본료 0원 요금 나흘만에 5천명 가입
274456,세계적 팝스타 스팅 5월 이태원 소극장 무대 오른다
274457,다음에 다시 만나요…아리스포츠컵 북한 선수단 출국
274458,아프리카 말리 테러로 군인 38명 피살…지하디스트 소행
274459,공간에 겹쳐 새긴 역사와 기억…서효인 시집 여수
274460,중국 전력굴기…브라질 전력회사 지배지분 2조원에 인수
274461,5G 시대 융합보안 강화방안은
274462,中 정협위원 남중국해 분쟁지역에 조세회피처 조성하자
274463,시진핑 경제정책 비판론 확산하나…中 저명 경제학자도 반기
274464,기술확보·인재육성…정부 4차산업혁명 대응방향 발표
274465,아스널 벵거 감독 뮌헨전 대패로 비난 여론 증폭
274466,온라인·106 신규가입 프로모션
274467,국민의당 광주선언은 억지사과…컷오프배제자 틈새공략도
274468,박항서 감독 한국 축구 새 감독 오고 나서 동기 부여된...
274469,리커창 中경제 6% 이상 성장 지속 매우 쉽지 않아종합
274470,홍남기 부총리 출입기자단과 간담회
274471,겨울아 반갑다…용평·휘닉스 평창 스키장 17일 첫 개장종합
274472,친미 사우디도 美 골란고원 이스라엘 주권 인정 반대
274473,여자배구 현대건설 실업팀 양산시청에 31 신승…찝찝한 승리
274474,반세기 꿈 베네치아 자치권 획득 또 좌절…주민투표 부결
274475,日 아베 이란 방문 전 이스라엘 총리와 통화
274476,정세균 국회의장 3당 원내대표와 회동
274477,뉴질랜드서 갤럭시S8 큰 스크린이 좋아 호평
274478,이영택 KGC인삼공사 감독대행 축하인사 불편해
274479,골 넣는 수비수 전북 김민재 K리그1 3라운드 MVP
274480,KT 경북대학교서 청춘해 개최
274481,김소니아 더블더블…우리은행 시즌 10승 고지 선착
274482,연합뉴스·대한응급의학회 응급환자 살리기 공동캠페인 개시
274483,토트넘 인종 차별 관중 끝까지 찾아낸다…CCTV 경찰에...
274484,한미 공군 北핵시설 정밀타격 훈련한다…레드 플래그 돌입
274485,옐리치 30홈런 선착…MLB 월간 홈런 1천142개 신기록
274486,게시판 미래에셋대우 22일 전국 동시 WM 자산관리세미나
274487,MLB 양키스 부상자명단 최다 신기록 수립…29명째
274488,낮 최고 19도 날씨 따뜻해져…중부 밤늦게 비 조금
274489,2강 구도를 깨다 한화 4연승 행진…3천658일 만에...
274490,테리 45점…인삼공사 트레이드 상대 kt 꺾고 메리 크...
274491,獨 美주도 호르무즈 호위 연합체에 참여 안해종합2보
274492,北 북한인권법·테러방지법 국회통과에 중대도발 주장
274493,北 닷새 만에 또 새로운 숫자로 난수방송
274494,정의당 당권경쟁 심상정·양경규 2파전…내달 13일 새대표 선출
274495,朴대통령 케냐 어린이 만나 체조하면 건강해져요종합
274496,제30회 차범근축구상 13명 선정…26일 시상식
274497,대통령 퇴진 4개월째 시위 수단서 저항의 상징 여성 눈길
274498,SK이노베이션 2분기 영업익 1조1천195억원…12%↑
274499,北매체 외부 지원 없어도 좋아…또 중국 겨냥
274500,특징주 금융시장 출렁…금융·증권주 줄줄이 52주 신저가종합
274501,카탈루냐 독립 초읽기…30일 마드리드지로나전 연기될 수도
274502,게시판 KT엠모바일 여름 휴가철 여행·레저 프로모션
274503,개막 5연승 돌풍 부천 정갑석 감독 K리그 3월의 감...
274504,사표 내고 떠나다…퇴사자 여행에세이 인기
274505,2승 3패 두산 반격의 필요조건은 안정된 수비
274506,돌풍 박주민 거리의 변호사서 1등 與 최고위원으로
274507,민주 새 대표에 이해찬…최고위원 박주민·박광온 등 5명3보
274508,백원우 김기현 첩보이첩 단순 행정처리…檢정치적 의도 의심종합
274509,한미약품 먹는 유방암 치료제 오락솔 美 임상 3상 본격화
274510,금감원 홈페이지서 즉시연금 분쟁조정 신청받는다
274511,FA 류현진 다저스 떠날 수도…디애슬레틱 등 현지 매...
274512,국립극단 연출의 판작업진행중 쇼케이스 이달 시작
274513,정운찬 전 총리 차기 대선 출마 가닥
274514,KT 캠페인 기부금 1천만원 월드비전에 전달
274515,KBS교향악단 말러 9번 DG 레이블로 발매
274516,코바코 화이브라더스·카카오페이지와 웹툰스토리 공모전
274517,외국인이 가장 먹어보고 싶은 이색 한식 1위 산낙지
274518,운동권 대 MB비서관 출신…광주서갑 2野 대결 관심
274519,GS건설 주상복합아파트 은평스카이뷰자이 분양
274520,완전무장 퇴근길 모자 필수
274521,SK머티리얼즈 2분기 영업익 408억원…7.7% 증가
274522,주목 이 종목 삼성전자·아모레퍼시픽·GS건설
274523,애플 중국에 꿇었나…만리방화벽 우회앱 자율삭제
274524,NH투자 스튜디오드래곤 이익 증가 둔화 예상…목표가↓
274525,페널티킥 갈등 겪은 네이마르 몽펠리에 원정명단 제외
274526,일문일답 케빈 마틴 페이스북 부사장
274527,단통법 무용론 다시 고개…고액 지원금 불법 딱지 뗄까
274528,신간 데리다와 문학·과로 자살
274529,켈리 7이닝 10K 2실점 쾌투…SK 한화전 8연승
274530,LH 국민임대주택 1만4천여가구 예비입주자 모집
274531,신간 아버지와 살면·홍세화의 공부
274532,SPP조선 인수 우선협상대상자로 SM그룹 선정
274533,분양심사 늦어지는 나인원 한남 하루 이자비용만 1억8천만원
274534,朴대통령 7일만에 김현웅 사표수리…최재경은 보류종합
274535,현대상선 2분기 영업손실 2천543억원…적자 지속종합
274536,벌써 8승 KBO리그 때보다 빠르다…류현진의 엄청난 승리 사냥
274537,北 문화예술인에 명작창작 독려…모란봉악단 본받아야
274538,밤샘 줄서기 단 1명…예전같지 않은 아이폰8 열기
274539,사드보복에 유커 발길 뚝…2분기 여행수입 6년 만에 최소
274540,SNS돋보기 자녀와 떨어져 홀로 사는 노인 증가…안타까운 현실
274541,82년생 김지영 일본어판 3개월만에 13만부
274542,프로농구 DB SK에 패하고도 6년 만에 정규리그 제패...
274543,KIA 호남지역 초등학교 야구대회 개최
274544,獨 언론 극우 AfD 의원 러시아로부터 통제당해
274545,레이커스 NBA 성탄 매치서 골든스테이트에 완승
274546,두산그룹 성남 분당에 두산분당센터 짓는다
274547,두차례 발사 연기된 차세대소형위성 내일 새벽 발사
274548,정보통신서비스 사업자 유출 개인정보 7년간 7천428만건
274549,도로공사 앳킨슨 무릎 부상으로 아웃…테일러 쿡으로 교체
274550,남성 4인극으로 재해석한 로미오와 줄리엣
274551,KB금융 글로벌인프라펀드 5호·6호 투자계약 체결
274552,日언론 文대통령 역사 문제 언급 자제…대일 비난 억제종합
274553,나경원 오만한 국민 패싱 선거법 철회해야
274554,英연구팀 물담배 피우면 당뇨·비만 위험 커져
274555,이란 혁명수비대 석유 밀수 시도 외국유조선 억류
274556,朴대통령 北정권 공포정치로 주민의 삶 지옥으로 몰아
274557,신고·규제에 스팸 메일 32% 줄었다
274558,8번타자 추신수 시범경기 2타수 무안타 1볼넷 1타점
274559,멕시코 중부 송유관 폭발사고 사망자 134명으로 늘어
274560,영상 미혼남녀 절반 이상 결혼 NO 동거 OK
274561,대구 예비후보 의정보고회 금지 가처분 신청
274562,오후 들어서도 전국 온통 꽁꽁…올겨울 첫 한파경보
274563,장신세터 김명관 느린 성장 속도 내 경쟁력 됐다
274564,인권단체 北종교 자유침해 영상 8개국어로 제작
274565,美의 비핵화 주도 요청…文대통령 포스트 북미회담 중재 주목
274566,베네수엘라 국경서 원조반입 놓고 충돌…2명 사망·31명 부상종합
274567,방북 IPF 자문위원장 북한 15∼20년후엔 또다른 싱가포르 될것
274568,미래당 오신환 사보임 갈등
274569,美폭격기 B1B 8일만에 한반도 재출격…김정은 겨냥 고강도 압박
274570,블랙홀 생성비밀 풀어줄 중력파 3개 검출기서 첫 동시관측
274571,이대호 3경기 연속 결승타…롯데 넥센 꺾고 5위 추격
274572,기활법은 한국경제 위기극복을 위한 기회
274573,한국 언론의 사표 송건호 흉상 옥천 생가에 세운다
274574,대체공휴일 확대…외국인 관광객 비자발급 간소화
274575,무역위 스마트폰 발광 케이스 특허침해 조사
274576,셰크먼 호기심 분야 꾸준한 연구가 노벨상 비결
274577,인스타그램 사용자 관심 반영한 동영상 추천 기능 추가
274578,한경연 일자리 창출 위해 기업도시 2.0 추진해야
274579,현대차증권 2분기 영업이익 414억원…232% 증가종합
274580,황창규 KT 회장 5G 속도로 글로벌 1등 도전
274581,北 제7차 당 대회 독려…역사적 분수령으로
274582,마산문신미술관 조각가 문신 1960년대 작품 기획전
274583,한국당 서울교통공사 사장·노조위원장 고발…감사결과 거부
274584,5G 시대 스마트제조혁신과 융합보안 세미나
274585,그래픽 주식형펀드·채권형펀드 설정액 추이
274586,요금할인율 25% 분란속 강행…이통사도 기존약정자도 불만
274587,홍영표 일자리 으뜸기업 방문…고용창출 격려
274588,금감원 이어 공정위까지…정부기관 사칭 악성메일 기승
274589,美中무역전쟁 해결 기대에 원달러 16원↓…22개월만에 최대낙폭종합
274590,키움증권 3분기 영업익 795억원…83% 증가
274591,착한기업 투자 SRI 펀드 인기…석달간 약 500억 유입
274592,화재·폭발 위험 없는 리튬전지용 고체 전해질 개발
274593,與 옥새행방 설전…당사에 없어vs당사에 존재
274594,평창올림픽 바가지업소 다 잡아낸다…칼 빼 든 강원도
274595,이정현 당대표 취임후 첫 호남방문…금의환향
274596,여야 3당 원내대표 회동…30일 본회의 처리 법안 논의
274597,고려대 조국 법무장관 사퇴 촉구 촛불집회
274598,카오스의 저자가 말하는 정보에 관한 거의 모든 것
274599,우리들제약 타법인 증권 취득 목적 50억원 편성
274600,게시판 NH투자증권 25·26일 100세시대 아카데미
274601,SK네트웍스 작년 영업익 1천382억원…3% 감소
274602,프로농구 kt 20182019시즌 슬로건은 붐 업
274603,유럽증시 옐런 신중한 금리 발언에 상승 출발
274604,한국당 이틀째 국회 보이콧…정우택 대표연설 취소
274605,애플의 등에 매달린 원숭이 아이폰 판매 대수
274606,9개월 만에 돌아온 박주호 내 경기력 남들이 평가해주실...
274607,탕평채 놓고 협치 탐색한 여야정…웃으면서도 할말 다했다종합
274608,2달러에서 140달러까지…롤러코스터 유가의 역사
274609,현대상선 한진해운 대체선박 13척 투입…비상경영체제 돌입종합
274610,북미정상회담 트럼프김정은 첫 만남 시청률 31.02％종합
274611,평양정상회담 만찬장 향하는 문 대통령
274612,중소기업에 고부가가치 전파기술 전파해요
274613,나토 창설 70주년 맞아 3 4일 워싱턴서 외교장관회의 개최
274614,네이버 모바일 첫 화면 개편… SE 검색과 유사
274615,온라인대출정보연계 대부업 대출잔액 15% 증가종합
274616,영상 엄마 욕 듣고 관중에게 공 던진 NBA 선수 퇴장
274617,임박한 개각…송영무를 어떻게 할 것인가 최대변수
274618,정규리그 우승 일궈낸 이상범 감독 3월 초 2연패 당한 ...
274619,北 인민배우 주창혁 사망…김정은 조화 보내
274620,두산 오재일 1루수로 선발 출전…좌익수는 정진호
274621,하나금투 삼성전기 3분기 기대 이하 실적…목표가↓
274622,황교안 文대통령 국민에 대한 선전포고…명백한 검찰 겁박
274623,페이스북 분기매출 47% 늘었지만 불투명한 미래에 주가 하락
274624,122석 똑같은데 제1당은 어느 당…새누리당이 제1당 결론
274625,朴대통령 남북관계 중대고비…국민 힘모아야 한반도 비핵화
274626,프로농구 최진수 농구선수 첫 아너소사이어티 가입
274627,출판진흥원 KPIPA 오디오북센터 개소
274628,월드컵 유럽 챔스리그 결승전 주심 한국멕시코전 맡는다
274629,국내 주식형 펀드서 14거래일째 자금 순유출
274630,당정 檢특수부 인력 등 활용해 형사·공판부 충원 검토종합2보
274631,홍보비 파동 김수민 2주만에 등원…질문세례엔 묵묵부답
274632,MLB 다저스 홈런 3방·16안타 치고도 SF에 진땀승
274633,배틀그라운드 모바일 욱일기 아이템 사과…회수·환불
274634,월드컵 미안하다는 말 반복한 손흥민 울지 않으려고...
274635,올해 민주언론상에 SBS 삼성 관련 연속 보도
274636,브렉시트 투표 젊은층 투표율 높으면 잔류 유리
274637,LG전자 스마트폰사업 10분기째 적자…3Q 영업손실 3천753억
274638,민간자본 유치 도시공원 조성…카페 등 수익시설 허용
274639,대만 진먼다오 바라보는 중국인
274640,삼성 美 하만 9조4천억원에 인수…역대 최대 MA 빅딜종합3보
274641,檢 정호성 최순실에 문건 180건 유출…올해도 6건 넘겨종합
274642,문 대통령 개헌의지 역설…국회 개헌논의 어디까지 왔나
274643,KB금융 작년 연결 영업익 4조160억원…139%↑
274644,작년 국내 RD 투자 66조원 GDP 대비 주요국 1위
274645,제62회 신문의 날 표어 공모
274646,골밑 점령한 KCC LG 완파하고 3연승…선두 경쟁 이...
274647,오바마 민주당 정권연장 위한 지원사격에 적극 나선다
274648,유럽 난민문제 해결·수출업체 달러매도에 원달러 환율 급락
274649,美중부사령관 미군 전력 증강에 이란 일보후퇴 판단
274650,월드컵 스웨덴 한국 사전캠프 염탐…인근 건물서 모...
274651,가는 겨울 붙잡는 눈꽃
274652,연합뉴스를 홍보해주세요…광고영상 공모전 개최
274653,여행소식 한불 수교 130주년 기념 사진전 이마진 프랑스
274654,김종규·최진수 등 전년 대비 리바운드 2배 가까이 증가
274655,문대통령 21∼23일 러시아 국빈방문…푸틴 대통령과 정상회담
274656,특검 靑 주사아줌마 신원 추적…백선생 제보도종합
274657,포수 마틴 류현진 컨디션 완벽하진 않았지만 최고의 피칭
274658,샤프론 단백질의 p53 항암유전자 제어 확인
274659,수원 나혜석거리 맛울림축제
274660,유진테크 삼성전자와 38억 규모 반도체 장비 공급계약
274661,트럼프 행정 명령 영향…MLB 베네수엘라 윈터리그 불참
274662,에콰도르 유가인상 반대 파업으로 이틀째 혼란…350명 연행
274663,안철수 논문 표절 보도 MBC 기자 해고
274664,SK·롯데 추가지원 뇌물 규명 시동…기재부·관세청 압수수색종합3보
274665,美NASA 전기비행기 개발 나선다…시속 282km 수준
274666,문 대통령·여야 지도부 지방선거 사전투표
274667,단말기 완전자급제 물 건너가나…정책협의회 합의 실패
274668,민주 당권주자 초반 세몰이…친문 표심 놓고 기싸움도종합
274669,삼성전자 VR·자율차 성장…전용 반도체라인 구축
274670,경영난 현대重 극단처방…수익 낸 직원에 최대 1억원 준다
274671,충격패 최태웅 감독 순위 결정돼도 마지막 경기 승리 ...
274672,KT 기가인터넷 가입자 110만 돌파…증가세 지속
274673,트럼프 2008년 라디오서 힐러리 칭찬…좋은 대통령감
274674,터키 대통령 카타르 방문…사우디 보란듯 군사협력 부각
274675,시진핑 군 통수권 과시…퇴직 군간부들 격려 충성맹세 받아
274676,이통 3사 일괄 요금인하 부담 커…단말기 비용 고려해야
274677,충북소식 증평정보고 축제 수익금 장학금 지급
274678,현대차증권 미중 무역전쟁 쉽게 사그라들지 않을 것
274679,현충원 울려 퍼지는 독립만세
274680,프로농구 1순위 박준영 kt의 선택 코트에서 증명하겠다
274681,화웨이 5G 장비 선택 안 한 SK텔레콤…KT·LG유플러스는
274682,조달청 한눈에 보는 우수 조달물품 안내책자 발간
274683,원내대책회의 발언하는 홍영표
274684,코스닥벤처펀드 덕에 공모주 청약 열기 후끈
274685,특징주 미코 호실적 소식에 강세
274686,美사우스캐롤라이나 임신 19주 이후 낙태 금지 법안 통과
274687,孫 두번째 시베리아로…측근들 만류에도 탈당배수진
274688,네이처 日 과학논문 홀로 감소…과학엘리트 지위 잃을수도
274689,문 대통령 오늘 오전 10시 신년 기자회견…새해 국정구상 발표
274690,아시안게임 3대3 남자농구 국가대표에 안영준 등 선발
274691,유영민 미래부장관 개혁 예고…새 술은 새 부대에종합
274692,터키 27일부터 러 S400 미사일 2차분 인수
274693,카카오 프렌즈 사천성 개발사 넵튠에 100억원 투자
274694,폭염주의보 대구·경북 오늘도 덥다
274695,힐러리가 후보인데 왜 신문1면에 빌 클린턴…네티즌 갸우뚱
274696,퇴장 불응 최강희 감독 프로축구연맹 상벌위에 회부
274697,엔씨소프트 리니지M 캐릭터 미리 만드세요
274698,박항서 매직 베트남 축구대표팀 일본전 승리 득실 논란
274699,北 ICBM용 핵탄두 기폭장치 추정물체 사진 공개종합2보
274700,경기하강 국면 독일 7월 산업생산 0.6%↓
274701,황총리 캄보디아 등 3개국 정상급과 회담…실질협력 강화종합
274702,美아이오와 결전 오바마의 힘 대선 레이스 뒤흔드나
274703,단단히 뿔난 AS모나코 음바페에게 몰래 접촉하지 마
274704,프로축구 2부 부천 수원에 10 승리…개막 후 4연승
274705,美법무장관 페이스북에 메시지 서비스 암호화 중단하라
274706,이야기 나누는 김경협과 한정애
274707,방심위 디지털 성범죄 묘사 OCN 플레이어에 관계자 징계
274708,눈 내린 소나무
274709,손학규 선거법·예산안 별개 아냐…대통령·5당대표 회동해야
274710,누리호 엔진·슈퍼컴 만나요…도심속 과학축제 개최
274711,이해찬 최저임금 1만원 달성 2021년·2022년인지 검토 중
274712,에너지 거래전문가 키운다…장부 아닌 실제흐름 파악
274713,뉴질랜드 범죄자 대거 추방 놓고 호주·뉴질랜드 갈등
274714,특징주 SH홀딩스 감자 결정 소식에 급락
274715,소설가로 변신한 송호근 교수 김훈 의식하며 썼다
274716,그래픽 사법개혁안 처리 관련 각 당 입장
274717,GS건설 전환사채 발행 검토 중
274718,한전의 힘…나주 이전 후 177개사 광주·전남 투자협약
274719,미국 중부사령관 시리아 방문…현지병력 육성 옳았다종합
274720,美 상선 피습 이란 연관 의심…美이란 긴장 증폭
274721,HDC 부동산114 자회사로 편입
274722,문화재단 마당놀이 공연 개최
274723,6이닝 3실점…독수리 낚은 대만 공룡 왕웨이중
274724,트럼프 개인비서 퇴직…대통령 가족 관련 이야기 누설
274725,자동차 엔진 호흡 조절로 성능을 향상한다
274726,페이스북·아마존도 EPL 중계권 눈독…구단 수익 급증할 듯
274727,사우디 축구대표팀 이례적으로 예루살렘 방문
274728,하나금투 우리금융 신주 발행 오버행 우려…목표가↓
274729,중국 과학자들 인간 배아 유전자 편집에 미친 짓
274730,골키퍼가 아들과 놀다 다쳐서… 웨스트브롬 골문 비상
274731,역사 부정 일본이 알아야할 아동강제동원 보고서
274732,美연준 美경제 완만한 성장 지속…단기 낙관론 유지
274733,과학기자협회 올해의 과학자상에 항우연 발사체사업본부
274734,SNS돋보기 72주년 광복절…앞으로 나가는 대한민국 되자
274735,특정국가 노린 랜섬웨어 공격…한국 안전지대 아니다
274736,롯데호텔서울 신관 이그제큐티브타워로 리뉴얼 오픈
274737,日방문 메르켈 일본 원자력에 대한 비판적 논의 없어 쓴소리
274738,네이버 아이디 도용 방지책 강화
274739,아이폰의 심장 만들어온 애플 칩디자이너 퇴사
274740,정부 北 종업원 입국 공개 잘못 주장에 적극 반박
274741,위키리크스 어산지 체포에 세계 각국서 엇갈린 논평종합
274742,삼성·애플·LG·구글 스마트폰 가을대전 임박
274743,홍영표 전 원내대표 축하받는 이인영 신임 원내대표
274744,북중 軍수뇌부 베이징 회동…북중 우의·군사 협력 과시종합2보
274745,중기청장 골목형 슈퍼마켓도 코리아세일 참여
274746,최지만 그레인키 상대로 PS 첫 홈런 폭발…탬파베이 AL...
274747,위안화 절하할까 자본 통제할까…중국의 딜레마
274748,끊임없는 이적설 루니 당연히 맨유에 남고 싶다
274749,KT 대학생 서포터즈 모바일 퓨처리스트 모집
274750,루지 짚와이어 KT 5G 액티비티로 생생하게 즐긴다
274751,패장 신영철 감독 여기까지 온 것도 고마워…그래도 성장해야
274752,주주가 사외이사 후보 추천을…신한지주 주주추천공모제 시행
274753,특검 대통령 옷값·의료비 대납의혹 뇌물여부 수사 검토
274754,작년 경기권 미분양 급증은 고분양가·공급과잉 탓
274755,체니·게이츠·라이스 등 美공화 거물들이 틸러슨 국무장관 천거종합
274756,에버랜드로 오싹한 동물들 만나러 오세요
274757,유튜브 동영상 외에 음악감상용으로도 가장 많이 쓴다
274758,MLB 포스트시즌 10월 2일 개막…다저스 31년 만에 W...
274759,탈레반 미국 아프간 주둔 미군 절반 4월까지 철수 약속종합
274760,러시아 개인용 제트기일반 여객기 충돌 위기…350m 거리 근접
274761,발목 부상 토트넘 케인 48주 결장…대안은 손흥민
274762,일본 인류학자가 탄자니아서 헌 옷 팔며 발견한 새 자본주의
274763,여수 한옥 호텔 오동재 3성 등급 획득
274764,삼성·LG 연말 스마트폰 시장 한정판·명품 마케팅
274765,미중갈등으로 번지는 홍콩시위…中매체 홍콩인권법 총공세
274766,1만3천 광년 거리에서 지구 질량 외계행성 발견
274767,프로야구 은퇴 선수가 선정한 최고 선수에 김재환
274768,아산나눔재단 정주영 창업경진대회 결선진출 8개팀 확정
274769,전국에 밤까지 눈 또는 비…내일부터 당분간 매우 추워
274770,文대통령 1987 관람…깜짝 방문에 객석 환호·박수
274771,02로 밀리던 다저스 9회 말 역전 끝내기 승리
274772,與 집권후반기 국정목표 달성 의지…적재적소 인사종합
274773,민주 신임 원내대표에 86그룹 대표 이인영2보
274774,애플워치3 LTE 내달 15일 국내 출시
274775,구석구석 돌려보는 매력…360도 영상 콘텐츠 쏟아진다
274776,유시민 노무현재단이사장 취임…임명공직 안맡고 출마도 안해종합
274777,16세 日소년의 후쿠시마 방문 요청에 교황 가겠다 답해
274778,8만원짜리 인천마카오 편도항공권 나왔다
274779,국민 80% 단통법 통신비 인하 효과 체감 못 해
274780,黃권한대행측 국정안정 협의에는 여·야·정 참여가 효율적속보
274781,신간 개념 없는 사회를 위한 강의
274782,에스티팜 2분기 연결 영업익 193억원…38% 감소
274783,내일날씨 일교차 큰 가을 날씨…남부지방·동해안 일대 비
274784,1분기 스마트폰 세계시장 삼성 1위…화웨이 4%p차로 뒤쫓아
274785,KT 1등 고객 서비스 수상 기념 감사 이벤트 진행
274786,라바리니 한국 여자배구 강점은 서브·수비·정신력
274787,다저스 로버츠 감독 오늘 커쇼 불펜 등판…준비됐다
274788,김희옥 국민이 지켜본다…환골탈태 혁신방안 마련
274789,박영선 박원순 깜깜이 경선 유도…토론 적극 응해야
274790,규제개혁 세계 첫 IoT 전국 전용망 상반기 개통…요금인하 기대
274791,트럼프 특검보고서에 내통 증거 없다 확신…반격카드 활용
274792,베트남과 중국 끊임없이 반복됐던 전쟁의 역사
274793,대신증권 GKL 2분기 실적 대폭 개선…목표가↑
274794,KT 구리선 기반 10기가급 인터넷 추진…연내 표준화 완료 계획
274795,안철수 원점서 정치인생을 돌아보며 성찰…국민께 깊은 사과속보
274796,유럽 최대 가전전시회 열흘 앞으로…미리 보는 IFA 2018
274797,김수현 정책실장 경제부총리를 사령탑으로 원팀 임할 것
274798,北 외교안보라인 수십명 통화 해킹…번호유출 2차공격 우려종합
274799,트럼프 공화 대선후보 다른 사람 되면 지지하지 않겠다
274800,문대통령 정상회담 준비위 원로자문단과 오찬 간담회
274801,베트남 김정은 수일 내 공식 방문 발표…26일 오전 유력종합
274802,박기원 감독 진지위 문서상 출전 가능하지만 훈련 더 필...
274803,KBS 평화의 시대와 한민족방송의 역할 포럼 방송
274804,축구 역사상 최고액 이적 네이마르 1인자 향한 도전 시작
274805,LG전자 V30 라벤더 바이올렛 색상 17일 출시
274806,엔씨문화재단 2017 스페셜올림픽 대표팀 공식후원
274807,한국당 부자증세부터 저출산대책까지 정부정책 난타
274808,KBS 미디어 신뢰도 자체 조사 시행
274809,월 4천900원에 무제한 VOD 스트리밍 왓챠플레이 출시
274810,단통법 3년 ② 말 많던 지원금상한제 결국 목표 달성 실패
274811,러 신문 김정은푸틴 25일 극동연방대서 정상회담종합3보
274812,역수출 켈리 MLB 데뷔전에서 승리투수 영예종합
274813,최지만 대타로 나와 삼진만 2개…타율 0.259
274814,추미애 시조카 비서 채용 진심으로 죄송스럽게 생각
274815,보편요금제·단말기자급제 사회적 합의 없이 국회 간다
274816,심상정 안철수 비박과 연대한다면 보수 선언하는 것
274817,LG 시그니처 올레드 美 전문가 선정 최고 TV
274818,호른 리사이틀 여는 김홍박 호른의 따뜻함 나누고파
274819,신간 왜 우리에게 기독교가 필요한가
274820,미래에셋 CJ EM 1분기 호실적…수익성 개선 전망
274821,신 넛크래커 극복 위해 도전적 연구 지원 강화
274822,흥국생명 완파 GS칼텍스 백업 박혜민·안혜진 든든하네
274823,류현진 도널드슨과 첫 대결…애틀랜타 선발 라인업 공개
274824,청와대 혜경궁김씨 경찰 수사결과에 당이 판단할 문제종합
274825,사드방중 논란 숨고르기 하는 더민주…격화 불씨는 여전
274826,신공항 한숨돌린 朴대통령 안보 총력전 나서
274827,獨재무 獨 경제 불황 아냐…빚내서 경기 부양하는 것 배제
274828,독일 하노버서 2차 세계대전 불발탄 발견…1만5천명 대피
274829,트럼프 중요한 정상회담때 왜 청문회를…코언 증언도 영향줬나종합
274830,라바리니 감독 우승하고 싶었는데…일본이 더 강했다
274831,한국과학기술연구원 수소 생산용 구리 촉매 개발
274832,이식 의료기기에 쓰일 생체삽입형 전지 개발
274833,올여름 대구 44일간 뜨거웠다…잠 못 이룬 열대야는 14일
274834,정부 주도에서 민간 경쟁으로…우주개발 패러다임 바뀐다
274835,그리스 지방선거서 보수 야당 신민당 압승…정권교체 청신호
274836,서울시향 슈텐츠 지휘의 정기연주회 성료
274837,한국 기회형창업 54개국중 8위…창업 상업·법률 인프라 부족
274838,여야 국민의 더 나은 삶 위한 20대 국회돼야
274839,동해무릉제 시민속으로…올해부터 도심서 열려
274840,EU 소비자단체 종이 음식 포장 용기에 유해물질…규제해야
274841,신한금투 대우증권 H지수 ELS 4조원…손익악화
274842,문화로 물든 패럴림픽 도시 평창…5만명 찾아 성황
274843,통일부 北 최순실사태 계기 朴대통령 막말 비난에 강력 규탄
274844,특징주 코스닥 새내기株 잉글우드랩 급등
274845,춘천인형극제 29일 개막…국내외 초청작 13개팀
274846,靑 19대 국회 경제·일자리만들기 노력 계속해야
274847,금리 오른다는데…숙박음식점업 비은행 대출 3년새 2배로
274848,산나물 향기 가득…11일 치악산 산나물축제 열려
274849,美뉴욕서 동성애자 퍼레이드…올랜도 참사 희생자 추모
274850,오늘 밤 우주쇼 어디서 볼까…동호인이 꼽은 광주전남 명소는
274851,그래픽 6·13 지방선거 주요 일정
274852,목포에 마이스 관광객 몰린다…춤추는 바다분수 등 인기
274853,소설도 테이크아웃 커피처럼 가볍게
274854,이탈리아스웨덴 크로아티아그리스 월드컵 유럽 PO서 격돌
274855,그리즈만 아틀레티코 마드리드와 2022년까지 재계약
274856,노동이사제 다시 뜨거운 감자로…은행노조 사외이사 추천 추진
274857,권력협상 난항 수단 시위대 이틀 일정으로 파업 시작
274858,고동진 사장 갤럭시S8 판매 갤럭시S7보다 15% 많아
274859,애플 인도시장서 고전…현지 임원들 엑소더스
274860,게시판 현대카드 옷 살 때 50%까지 M포인트로 결제
274861,대신증권 셀트리온 단가 인하에 실적 부담…목표주가↓
274862,목포 더민주무소속 후보 단일화 논의…성사 여부 관심
274863,문 대통령 서울·평양·판문점 중 北이 판문점 정상회담 선택
274864,터키서 1달러 지폐 공포…쿠데타 연루 증거 몰래 태워
274865,신동주 제출자료 검찰 롯데수사 단서 됐나
274866,美공화 전대 멜라니아 트럼프 찬조연설 2008년 미셸 오바마 연설 표절 논란
274867,北대표단 北에서 점심…리선권 오후에 잘 될 것
274868,게시판 KT 올레tv모바일서 동물보호 캠페인 공개
274869,작년 전 세계 홍역 22만9천건…WHO 실제는 10배 이상
274870,더 무서워진 한화 헤일 비결은 슬라이더 장착
274871,이라크서 민생고 시위 3주 만에 재개…8명 사망종합2보
274872,조정식 통화유출 중대한 외교안보 농단…물타기 중단해야
274873,박상기 법무부 장관 후보자 인사청문회 13일 실시
274874,北 최선희 스웨덴행…북미 접촉 가능성종합2보
274875,HDC현대EP 3분기 영업익 32억원…77% 감소
274876,숨 쉴수 없다…테헤란 지독한 스모그에 열흘간 휴교
274877,프로농구 인삼공사 외국인 모두 교체할 듯…새 팀 되겠다
274878,최강 쌍포 이소영·강소휘 봄 배구 가야 합니다
274879,짧은 가을이었지만…류현진·최지만 새로운 출발
274880,게시판 SKT AI 스피커 누구 레시피 서비스 출시
274881,신간 위험한 책읽기·어제보다 더 나답게 일하고 싶다
274882,첫 눈 내린 설악산 고지대는 설국…작년보다 일주일 늦어
274883,게시판 민음사 민음 북클럽 8기 회원 모집
274884,황총리 테러 위협 고조…대비태세 강화 절실히 요구돼
274885,에미레이트항공 인천유럽 인기 노선 항공권 특가판매
274886,서아프리카 가나서 캐나다 여성 2명 괴한에 피랍
274887,인권선언 70년 권력에 맞서 진실을 외쳐라 공연
274888,극한에서 희망을 찾다…젊은 작가들의 두 가지 시선
274889,kt 이상화 팔꿈치 뼛조각 제거 수술…3개월 재활
274890,현대차 전국 시내버스 특별 안전 점검 서비스 실시
274891,감마누 법원서 변경회생계획 인가받아
274892,구글 검색엔진 손본다…가짜뉴스·저질정보 차단 목적
274893,한국 온 美 패트리엇 부대 사드배치 준비작업하나종합
274894,北당대회 외신 기자들 평양서 나흘째 허탕…기자회견 없어
274895,게시판 KT·EBS 평창서 청소년 직업·진로 탐색 행사
274896,힐러리 지지율 하락 바닥 찍었나…트럼프에 5%p 앞서종합
274897,손석희 불법 취업청탁일뿐…뉴스룸 흔들림없이 진행종합2보
274898,케이뱅크 위메프서 예·적금 금리우대…예금 최고 연 2.4%
274899,LGU 프로야구 앱 이용자 1천만 돌파…40대가 ⅓
274900,KT 무비데이 뮤직나잇 청춘해 개최
274901,KBL 19일 신인드래프트 순위 추첨
274902,파튜의 비수 도로공사 PO 1차전서 GS칼텍스에 진땀승
274903,네이버 모바일 뉴스판에 언론사 편집 화면 넣는다
274904,오바마 北 핵보유 인정안해…중대한 추가제재 취하겠다종합
274905,제재 이후 줄었던 EU의 대러 무역 다시 늘어…적자도 커져
274906,화성·시흥·광주 뉴스테이 사업에 28곳 참가 의사
274907,SKT 새 음악 플랫폼 플로 출시…AI 맞춤형 추천
274908,중동의 중재자 오만 외무 두달만에 이란 또 방문
274909,김종대 기무사 계엄 문건은 실행계획…압수수색·청문회해야
274910,러 항공당국 보잉 737 맥스 여객기 자국 영공 통과 금지
274911,그래픽 지역별 여행지급 추이
274912,예술원 26일 문학 2017 회원작품 낭독회
274913,6전 전패 NBA 클리블랜드 루 감독 해임
274914,게시판 한세실업 상반기 신입사원 공채
274915,프로농구 꼴찌 후보가 정규리그 우승…DB 순위표 뒤집었다
274916,LG전자 실속형 스마트폰 2018년형 K 시리즈 공개
274917,윤상현 오늘 아침 김무성 자택 찾아 사과했다속보
274918,예멘 반군 사우디 아람코 석유시설 외국인 떠나라 경고종합
274919,바른미래 오신환 사보임 강행…4黨 내일 패스트트랙 태운다종합2보
274920,朴대통령 경제계 신년회 예정대로…신년음악회는 취소종합
274921,광주·전남 기자협회동행 재활 요양병원 업무협약
274922,올림픽 날씨 낮 최고 강릉 4도·대관령 1도…미세먼지 양호
274923,러시아 국빈방문 B컷 공개 국빈만찬 메뉴 공개
274924,KT 0000 7777 1004 등 골드번호 1만개 추첨
274925,일본서 미군이 日여성 살해 후 자살 추정…반미정서 커질 듯
274926,신간 세상을 바꾼 길들임의 역사
274927,대한유화 작년 영업익 2천713억원…288.15%↑
274928,현대EP 1분기 영업익 77억원…25.2%↓
274929,잠금화면 캐시슬라이드 작년 기부액 1억5천만원 돌파
274930,中 1위 클라우드 인스퍼 한국 기업 고객 만족 미흡
274931,伊의회 스마트폰 보증연장 법안에 삼성 가격 인상될 수도 경고
274932,최강추위 오후에도 전국 영하권…서울 6.5도
274933,코스피 소폭 상승…2080선 회복2보
274934,아파트 경비노동자 실태조사 보고대회
274935,르포 투표소 몰려든 필리핀인들 범죄·가난에 환멸…바꿔보자
274936,금감원 삼성증권 특별점검 착수…11일부터 현장검사
274937,신반포 13·14차 재건축 롯데건설 수주…15차는 대우건설
274938,게임산업협회 WHO에 게임질병코드 도입 반대 의견 전달
274939,주말 N 여행 호남권 봄의 생명수 고로쇠 마시고 기운 충전
274940,프랑스서 연이틀 통학 버스 사고로 학생 8명 사망
274941,5G 가입자 상용화 6개월 만에 346만명…SKT 점유율 44%
274942,게시판 LGU 유플런서·5G 서비스 체험단 모집
274943,美 지원 쿠르드군 시리아 내 IS 최후 거점 공격 개시
274944,정치권 강타한 女風…청와대부터 제1야당까지
274945,삼성전자 갤럭시S8 체험존 방문객 160만명 넘었다
274946,미디어·정보 리터러시 논하는 첫 국제 심포지엄
274947,신간 여성 시하다·너의 운명으로 달아나라
274948,선관위 휴대전화 여론조작 집중단속…안심번호 경선 대비
274949,국내은행 부실채권·연체율 상승추세…건전성 유의해야
274950,광주시 한전배구단 수원 잔류 규탄…지역 상생발전 외면
274951,에이앤티앤·KJ프리텍 감사의견 거절…상폐 위기종합
274952,삼성 태블릿 신제품 갤노트9 앞서 내달 1일 공개
274953,한국당 조강특위 재임명 심사 前 당협위원장들에 특별당비 논란
274954,신간 나는 왜 아이디어가 궁할까·나는 습관을…
274955,게시판 제1회 과총 데이터 사이언스 포럼
274956,이란 대통령 美 비자발급 지연하면 유엔총회 불참
274957,네이버 과학콘텐츠 전문성 강화…자문위 발족
274958,LGU 태양광 LTE 기지국 개통…전기·광케이블 없어도 OK
274959,예측불허 태풍 ① 태풍의 길목 제주…비·바람 피해 직격탄
274960,SKT T전화에 안심벨소리 등 보안기능 강화
274961,미래아이앤지 국내 공공기관 입찰참가 6개월 제한
274962,평양정상회담 수행원들과 기념촬영하는 문 대통령
274963,그래픽 은행권 가계대출 증가액
274964,朴대통령 지지도 31.5% 취임후 최저…더민주 첫 1위리얼미터
274965,그래픽 최근 한반도를 둘러싼 주요 사안들
274966,아시안게임 여자농구 15일 종합대회 단일팀 사상 첫 ...
274967,日집권당 개헌 세몰이…아베 시대에 안 맞는 부분 개정해야
274968,SC제일은행 3분기 순익 1천42억…작년 동기보다 93%↑
274969,허사비스 알파고 승리는 작은 발걸음…게임 안 끝났다
274970,트럼프 中 거래 원해도 美 준비 안돼…이란 체제전환 요구안해
274971,트럼프 이란과 진전 이례적 발언…물밑 접촉 이란 흔들기
274972,새누리당 20대 국회 첫 정책워크숍 10일 개최
274973,NBA 골든스테이트 듀랜트 50점에도 포틀랜드에 덜미
274974,프로농구 DB 디펜딩챔프 인삼공사 꺾고 3년 만에 챔프전 진출
274975,프럼파스트 21억원어치 자사주 시간외 매매 결정
274976,제주 산지 대설주의보 해제…한라산 최고 8.5㎝ 적설종합
274977,국기에 경례하는 임종석 비서실장
274978,선주협회장 대부분 해운사 건실한데 리스크업종 낙인
274979,자리에 앉는 손학규와 김관영
274980,월드컵 고개 숙인 손흥민
274981,한국인터넷기자협회 창립 16주년 기념식
274982,맨유 재무책임자 브렉시트 때문에 망하게 생겼어요
274983,북한 풍계리 인근 규모 5.3 지진…북한 5차 핵실험 가능성종합
274984,수도권ㆍ광역시ㆍ세종시 중도금대출 보증 5억원으로 축소
274985,힐러리트럼프 공약 극과 극…선거캠프 면면도 극명히 대조
274986,문화재재단 공연·국립민속박물관 논문 공모
274987,SK텔레콤 4.5G 서비스 개시…고화질 영화 1편이 23초
274988,전처 살인사건 25주년 맞는 O.J. 심슨 삶이 괜찮네요
274989,삼성 미국서 갤럭시탭S3 예약판매
274990,금융지주 순이익 11조6천억원…총자산 2천조원 넘어
274991,검찰 강타한 강원랜드 수사 내홍…법리점검 vs 독립성 침해
274992,윤관석 美 방위비분담금 압박 심하면 한미동맹 훼손될 수도
274993,LG유플러스 MWC 2018 현장 방문
274994,게시판 LGU U프로야구 레전드 끝장레슨 참가자 모집
274995,DB의 복덩이 버튼 재계약이요 챔프전부터 끝내고요
274996,카카오프렌즈 스낵 현대백화점 판교점 입점
274997,삼성 30년 근속 류중일 LG 감독 생애 첫 삼성과 대결
274998,프로농구 DB 외국인 선수 포스터·틸먼 영입
274999,청와대 회동 ③ 정무장관직 종합적 검토…與 자율성 강화
275000,넥센 박병호 SK전서 시즌 26호 아치…전 구단 상대 홈런
275001,임종석 오늘 DMZ 방문…지뢰제거 현장 방문
275002,월드컵 한줄기 희망 품고…신태용호 독일전 결전지 카잔 도착
275003,G7 차원 첫 IT 거대기업 시장과점 규제방안 논의 추진
275004,박항서의 베트남 축구신화 다룬 책 발간 전부터 불티
275005,블룸버그는 대선 출마 검토 오너를 어떻게 보도할까
275006,황창규 경영고문 고액 자문료 지급 몰랐다…부문장이 담당
275007,벽돌폰부터 5G까지…30년 이동통신 변천사 한눈에
275008,美 추가제재 경고·부통령 급파 터키 압박…실효성 의문도
275009,경산 50㎜ 등 경북 곳곳 비…포항은 3㎜ 해갈에 역부족
275010,美하원 北 핵무기 1321개 제조능력 갖춰…北핵 결의안 상정
275011,이스라엘 집권 리쿠드당 조기총선시 대표 경선…네타냐후 동의
275012,거래소 나노캠텍에 주가급등 관련 조회공시 요구
275013,전쟁 피해왔는데… 땅에도 바다에도 난민에겐 죽음의 그림자
275014,정지석 폭발 대한항공 삼성화재에 대역전승…선두 탈환
275015,임대형 제로에너지 단독주택 찾은 김현미 장관
275016,美 최초 여성대통령 최고령 대통령…누가 돼도 새 역사
275017,신간 잃어버린 잠을 찾아서·무엇이 강자를 만드는가
275018,얘기 나누는 신임 유남석 헌법재판소장과 헌법재판관들
275019,영화관서 데이트하듯…SKT·SKB 옥수수 소셜 VR 상용화
275020,美 IS선전요원 출신 여성 입국 거부…미국민 아니다종합
275021,한중 교류 中 선양 한국주행사 폐막식
275022,끼니 때울 쌀 대신 그림에 쓸 꽃다발 선택한 천경자
275023,北대표단 러 경유 중국行…2주후 협상 美에 물어봐라종합2보
275024,黃권한대행 특검 피의사실 알리면 안돼 그런 우려 살필 것
275025,인권위기자협회 제7회 인권보도상 수상작 6편 선정
275026,신간 느낌의 진화·아름다운 미생물 이야기
275027,채식주의자 영국서 15만부 돌파…엄청난 수치
275028,카카오맵 자전거 길 찾기 기능 탑재
275029,태권도시범단 격려하는 도종환 장관
275030,민주 개헌안 합의에 전력투구…대통령 발의카드로 야당 압박
275031,야구경기를 손안에서 더 생생하게…LGU＋ 프로야구 앱종합
275032,빅데이터가 지목한 연휴 핫플레이스 1위는 전주한옥마을종합
275033,이통 3사 신규 요금제 따져보니…고가 가입자에 혜택 몰려
275034,반가운 단비 경기 동두천 오후 5시 40분 호우주의보
275035,기아차 광주공장 올해 생산량 49만9천여대…작년보다 6%↓종합
275036,독일서 외국인 혐오 의심 차량 돌진…5명 부상종합
275037,朴대통령 5자 북핵 공조 카드로 北中 동시 압박종합2보
275038,넥센타이어 후원 맨체스터시티 서울서 팬 이벤트
275039,美 테러조직 지정 이란 혁명수비대…이란 체제의 중추
275040,비트코인 눈독 들이는 북한…내년 거래소 공격 가능성
275041,로드리게스 레알 마드리드 떠나 어디로
275042,K리그 1강 전북 독주에 홈 관중도 증가
275043,태양의 후예 촬영지 태백시 관광명소 급부상
275044,전해철 의원 혜경궁 김씨 트위터 계정 고발 취하
275045,통일부 마식령스키장 공동훈련 평화올림픽 구상 일환
275046,여자농구 존스컵 첫 경기서 대만B에 17점차 완승
275047,발언하는 장병완
275048,국내 최초 골프장서 매머드 캠핑 페스티벌
275049,朴대통령 16일 국회연설 추진…北도발에 국민단합 강조
275050,인터넷 이용자 3명 중 1명 사이버폭력 경험
275051,장마 일주일 지각 내달 2일부터 중부 본격적인 장맛비
275052,태국 정부 사우디 10대女 망명 허용한 캐나다로 출발
275053,황현산 문예위원장 취임…독립기관 만드는데 필요한 건 긍지
275054,트럼프 탄핵여론 27%…뮬러 입장표명에 10%P 껑충
275055,AG 대표 LG 차우찬 왼쪽 고관절 통증…엔트리 말소
275056,아이폰X 조기 단종설…높은 가격·노치 디자인이 발목
275057,금융소비자원 DLS·DLF 피해자 상담센터 운영
275058,신태용호 월드컵 공인구·헤드셋·VAR·잔디 적응 착착
275059,삼성증권 현대홈쇼핑 수익성 하락…목표가↓
275060,테슬라 세계최고 AI칩 개발 중…강력한 자율주행 가능
275061,북한은 설에 3일 쉰다…2003년부터 사흘 연휴로 지정
275062,노약자 실외활동 자제 경기도 11개 시 오존주의보
275063,이란 저농축 우라늄 생산속도 4배로 증가…3.67% 농도는 유지
275064,中CCTV 앵커 韓·日 친구 삭제해…미국도 설득 못해
275065,대신증권 LG전자 내년까지 실적 개선 전망…매수
275066,엘드림 학교 꿈을 찾아 떠나는 축구 캠프 개최
275067,공식운동 첫 주말…부산 與 직접 접촉 vs 野 거리 유세종합
275068,유혹의 색 라즈베리 로즈 입은 LG V30
275069,해남군 전국 최초 농민수당 지급…1만2천명에 30만원씩
275070,홈플러스 올해 풋살파크 이용객 110만명 예상…마트 매출도↑
275071,게시판 KT 카카오페이 통한 통신요금 납부 서비스 제공
275072,朴대통령 전국체전 정신이면 어떤 위기도 이겨내종합
275073,팽목항 세월호 분향소 떠나는 희생자 사진
275074,靑 차기 총리로 정세균 검토…김진표 카드 난항 속 기류변화
275075,오세훈 대선가도 암초 만나…종로 정세균에 뒤져
275076,여자배구 VNL 이탈리아에 13 패배…정대영 부상 악재
275077,손흥민의 토트넘 리그컵 16강 상대는 웨스트햄
275078,즐라탄 맨유로 복귀할 듯… 모리뉴 감독 현재 협의 중
275079,삼성 겨울 맞아 갤노트9 알파인 화이트 색상 출시
275080,YTN 보도국장에 김선중 정치부장 내정
275081,SK 10년 만에 두산 3연전 싹쓸이…LG는 5연패서 극...
275082,커지는 카슈미르 이슈…모디 인도 총리 TV 연설로 진화 나서종합
275083,이산상봉 신청자 절반 이상 숨져…해결시한 놓쳤나
275084,軍 최전방 11곳서 대북확성기 방송 개시2보
275085,애플 삼성보다 디지털 광고비용 훨씬 많이 썼다
275086,석진욱 감독 최태웅·장병철 감독은 코치로 우승 못해봤잖아요
275087,제주 산간·북부 강풍주의보 오후 7시30분 강풍경보로
275088,베스트셀러 지난해 2월 출간된 랩 걸 뒤늦은 인기 계속
275089,손흥민 리버풀전서 4경기 연속 선발 기대…리그 8호골 도전
275090,할 수 있다ㆍ자신감ㆍ자긍심 9차례 강조…건국도 3회 언급
275091,美법무부 조세회피의혹 파나마 페이퍼스 면밀 검토
275092,古음악 거장 헤레베헤 베토벤이 상상했던 음색 들려줄 것
275093,한국 온 美 패트리엇 부대 사드배치 준비작업하나
275094,미국 리비아 주둔 병력 일시 철수…안전 우려 증폭
275095,단독北금수저 잇단 탈북에 해외검열단 급파…책임자 고사총 처형
275096,SK텔레콤 노트8 리니지2 레볼루션 한정판 단독 출시
275097,민주 당대표 후보 3명 첫 주말 맞아 당권레이스 시동
275098,GS건설 부산 마린시티자이 평균 450대 1로 청약마감
275099,축구대표팀 정우영 소속팀에 요청한 이유…간절했기 때문
275100,시진핑 오른팔 왕치산 다보스포럼서 트럼프와 회동 전망
275101,문선민 결승골 인천 서울 꺾고 17경기 만에 시즌 2승
275102,LG G7 씽큐 내일부터 예약판매…이통 3사 사은품 경쟁
275103,SKT CJ헬로비전 M＆A 무산 생각지 않아…인가 기대
275104,KT 연말연시를 맞아 네트워크 특별대책 마련
275105,당정청 남은 시간 많지 않다…힘 합쳐 최강 드림팀되자
275106,민주 4·3 진실 제대로 밝혀 제주의 아픔 끝내야
275107,정무위 GM사태 추궁…철저히 실사 정부가 뒷북종합
275108,정읍 내장산리조트 부지 추가 분양…내달 822일 신청
275109,MWC 2018 올해 스마트폰 트렌드는 인공지능의 진화
275110,게시판 SKT 인천 판타지 컨벤션서 VR·AR 체험존 운영
275111,국제앰네스티 탈북 북한식당 종업원 정보 공개해야
275112,이스라엘 로켓포 날아온 가자지구 폭격…1명 사망
275113,한·아세안 미래공동체 문화교류 증진 통한 상호 이해 있어야
275114,마케도니아 나토의 30번째 회원국 된다…6일 가입 의정서 체결
275115,한국야구 U23 세계선수권서 동메달 결정전 진출
275116,英 존슨 12월 12일 조기총선 추진…내주 초 동의안 상정종합
275117,터키 에르도안 이달 하순 러시아 방문…푸틴과 회담
275118,민주 내일 한국당 추가 고발키로…회의방해 예외없이 고발
275119,국립중앙과학관 9∼10일 사이언스데이 개최
275120,지소연·이민아 아시안게임 여자축구 대표팀 선발
275121,바른정당 창당 1년…국민의당과 통합 후엔 역사속으로
275122,與 총선 공천레이스 스타트…20일부터 후보자 면접
275123,강정호 경쟁자 모란 첫 시범경기서 무안타에 실책까지
275124,게시판 미래부 연구산업 공개포럼
275125,현대차 하언태 부사장 대표이사 선임종합
275126,류현진 32이닝서 연속 이닝 무실점 마감
275127,올림픽 1번 주자는 전이경
275128,특검 파견검사 좌장 윤석열 朴대통령 뇌물죄 수사 맡나종합
275129,CJ제일제당 4월 한달간 임직원 봉사주간 운영
275130,1차전 패배 김태형 두산 감독 홈에서 1승 1패는 해야죠
275131,티맥스OS 국토교통과학기술진흥원에 도입…공공기관 최초
275132,이란 핵합의서 한발 또 멀어져…포르도 농축시설 가동종합
275133,국회 운영위 패스트트랙 책임공방…불법사보임vs檢수사부터
275134,北 황해북도 개성시에 김일성·김정일 동상 건립
275135,5천 명 달리는 화천 DMZ 자전거 랠리 5월 19일 열린다
275136,이재명 항소심서 벌금 300만원…당선무효 위기에 상고 배수진종합2보
275137,그래픽 심재철·김동연 행정정보 유출 논란 공방
275138,벤투호 오늘 밤 월드컵 멤버 주축의 세계 5위 우루과이 뚫을까
275139,나눔올스타 4년 만에 드림올스타 제압…김하성 미스터 올...
275140,키움증권 카카오뱅크 실적 개선 추세…이젠 대형사업자
275141,신한은행 사회인 야구대회 참가팀 모집…총상금 1천만원
275142,게시판 한화투자 비대면계좌에 5년간 모바일 수수료 무료
275143,여야 22일 추경안 처리 합의…서별관회의청문회 2325일 개최종합
275144,10대 그룹 시가총액 올들어 34조원 증발
275145,올봄 평년보다 따뜻하고 5월에는 고온 현상
275146,그래픽 벚꽃·진달래 봄꽃축제 어디서 열리나
275147,다시 찾고 싶은 강원 만든다…올림픽 스테이·음식점 육성
275148,러시아 남아공 총선에도 개입 의혹…친러 집권당 지원 계획
275149,中 시진핑 친척 보도 WSJ 취재진 기자증 연장 거부
275150,시진핑 중국몽은 패권몽 아냐…누군가를 대체 안 해종합
275151,日 中해경국 선박 4척 센카쿠 인근 일본영해 일시 침입
275152,3차 국가철도망 구축…어느 지역 뜰까
275153,네이버 뉴스 댓글 조작 의혹 경찰에 수사 의뢰
275154,산불 이재민에게 공급되는 구호물품
275155,朴대통령이 거부권 행사하면 청문회 국회법 운명은
275156,검색창 속 똑똑한 비서…네이버 AI기반 음성검색 출시종합
275157,인사말하는 이낙연 총리
275158,무궁화위성 7호 발사 성공…한국 4번째 방송통신위성종합2보
275159,미세먼지 취약한 농민 보호방안 마련…농축산 피해도 연구·조사
275160,다운증후군 원인 유전자가 자폐증도 일으킨다
275161,한컴 겨레말큰사전 남북공동편찬 지원 업무협약
275162,콜롬비아 반군 자금줄 104개 코카인 생산시설 폐쇄
275163,영국독립당 대표에 여성 선출…佛·英 극우정당에 여성 수장
275164,특검 차움의원·서울대병원 압수수색…비선진료·대리처방 수사종합2보
275165,최순실 불똥 창조경제박람회 차분하게 막내려
275166,파나마 대통령 2018년까지 계좌 정보 공유
275167,대체로 맑고 낮기온 25도까지 올라…내륙 안개 주의
275168,NBA 마이애미 웨이드 앞세워 필라델피아 격파…1승1패 동률
275169,모델하우스 온 예비청약자들 중도금대출 가능한가요
275170,청명한 가을 하늘…울긋불긋 단풍 명소마다 행락객 북적
275171,폭설 쏟아진 오스트리아 눈사태로 스키 사고 속출
275172,열병식 지켜보는 김정은과 외빈들
275173,이 총리 주재 새해 업무보고
275174,공사 수주 돕고 차량 받은 전북 일간지 기자 법정구속
275175,주말 N 여행 능수매 늘어진 느랭이골의 봄…광양 여행
275176,여자농구 양강 우리은행KB 16일 시즌 첫 맞대결
275177,김무성 박근혜 대통령 하야보다는 탄핵 절차가 옳다종합
275178,이스라엘 언론 검찰총장 네타냐후 총리 부패혐의 기소할 것
275179,OK저축은행 세터 이민규 왼쪽 무릎 수술…3개월 재활
275180,BMW 기술진 화재 소프트웨어 문제 아냐…논란 잦아들까
275181,갤노트8 예약 판매 85만대…오늘 개통 시작
275182,하루 48억원 서울시 대중교통 무료 미세먼지 대책 계속 시행
275183,北 일방통보에 혼란의 이틀…다시 올때도 이유는 설명없어
275184,출장정지 중징계받은 호날두 친선경기서 1골 1도움 폭발
275185,이란 대통령 美 핵합의 탈퇴 뒤 유럽 수수방관
275186,네이버페이 금융서비스 연계 검토…내년 발표 전망
275187,문재인 대통령 탄핵사유 넘쳐나…명예롭게 물러나야종합2보
275188,영상 손석희 배임 의혹 주장 보수단체 대표 고발인 조사
275189,휴대전화 살펴보는 조명균 통일부 장관
275190,류현진 다나카 이후 5년 만에 아시아 출신 이달의 투수 유력
275191,여자농구 국민은행 KDB생명에 신승…우승컵 향방 최종전으로
275192,黃권한대행측 여·야·정 시간소요되면 정당별 회동 가능
275193,르포 새처럼 사뿐히…그러나…최강 전투기 F22 출동현장을 가다
275194,카메라뉴스 강원 직거래장터 굴러라 감자원정대
275195,北 한미 연합훈련에 총공세 진입 위협…국방위 성명2보
275196,EEZ 놓고 터키와 갈등빚는 그리스 유엔안보리에 논의 요청
275197,유럽 4개국 베네수엘라 임시대통령으로 과이도 공식 인정
275198,문대통령의 진정성 호소…북미 통큰 결단·정치권 협력 촉구
275199,센터 자리서 활짝 웃은 현대건설 정지윤 이제 헷갈리지 않아
275200,구글의 보안 관련 기능은
275201,코오롱생명과학 25억엔 계약금 반환 청구소송 피소
275202,비 내리면 어때 궂은 날씨에도 해수욕장 피서인파 넘실
275203,푸틴 美러 중거리핵전력조약 이행 중단 법안 하원 제출
275204,이란 정부·의회 돌연 사의 표명 외무장관 만류
275205,과학기술 논문기여도 서울대 세계 70위…1위는 중국과학원
275206,서아프리카 베냉서 경찰 발포로 시위대 2명 숨져
275207,해골 자유의 여신상 테헤란 옛 美대사관 벽화 새단장
275208,여자농구 KB OK저축은행에 27점 차 대승…3연승 휘파람
275209,부르키나파소서 무장괴한들이 경찰초소 공격…10명 사망
275210,특징주 나노스 최대주주 변경 급등…나무가도 강세
275211,北 南 박근혜 구하려 안보 불안감 유포 주장
275212,朴대통령 모든 정쟁 내려놓고 테러방지법 통과시켜야
275213,푸틴 시리아 철군 계획 아사드와 사전 협의…아사드도 지지
275214,브라질 외교장관 베네수엘라와 관계 개선 기대 안 해
275215,피앤이솔루션 중국 업체와 2차전지 충방전장비 공급 계약
275216,SK텔레콤 일부 지역서 통화 장애…데이터·문자는 정상
275217,약세장 베팅 급증…주식 대차거래 잔고 고공행진
275218,홍콩 시위로 출근길 교통대란…낮에는 도심 시위종합
275219,날씨 무더운 초여름 날씨에 수도권 미세먼지 기승30일
275220,현대자동차 수소전기차 넥쏘 1호차 광주시에 전달
275221,대한상의 김종인 초청강연 추진…기업들 불안 없애달라
275222,밀양 규모 3.5 지진에 부산 피해 신고 없어종합
275223,월드컵 주장 기성용은 왜 거짓말쟁이라는 단어를 썼나
275224,구글 미국서 저가 안드로이드 원 스마트폰 내놓는다
275225,마식령 찾은 北주민 수소탄 보유 핵보유국 올라선데 긍지
275226,엘리엇 이어 메이슨도 삼성물산제일모직 합병 부당…소송준비
275227,대관령 추위가 선물한 서리꽃
275228,프로농구 오리온 8일 신인 선수 환영 행사 개최
275229,文대통령 19일 여야 5당 대표와 오찬회동…협치 논의
275230,힐러리트럼프 슈퍼화요일 대회전 대승…본선 대결 가시화종합4보
275231,강정호 5경기 연속 대타 출전…1타수 무안타
275232,미래부 3D프린팅산업 진흥법 하위법령 공청회
275233,이란 의회의장 미국이 유조선 공격 배후
275234,레스터시티 셰익스피어 감독대행 정식 사령탑으로 임명 전망
275235,짧은 머리에 수염 기른 黃…젊은층 타깃 이미지 변신
275236,체코 태권소녀 한국 전지훈련 꿈 이뤘다
275237,아파트 후분양 로드맵 내달 공개…논란 본격화
275238,빗길에 경인고속도로서 차량 4대 연쇄 교통사고
275239,이스라엘폴란드 또 홀로코스트 갈등
275240,벌써 끓는 한반도…영천 신령 33.6도 등 전국 곳곳 한여름 더위종합
275241,美검시관 엡스타인 스스로 극단선택 결론 …음모론 잦아드나
275242,사법농단 양승태 전 대법원장 25일 첫 재판 절차
275243,美 터키의 쿠르드 침공 방치…국무부 내부서 통렬 비판
275244,디지털저널리즘 복원 특별위원회 출범
275245,오승환 1이닝 무실점…콜로라도 샌디에이고 꺾고 3연승 행진
275246,軍 북핵위협 가속화에 감시·타격전력 구축 앞당긴다
275247,NC 두산마저 꺾고 7연승…가을야구 희망 KIA·삼성...
275248,주인과 교감하는 영리한 미래폰…갤럭시S8의 혁신종합2보
275249,대사가 총리에 식사 베풀면 법 위반…만찬은 황총리 주최로
275250,농해수위 오늘 김재수 농림장관 후보자 청문회
275251,트럼프 러 해킹 美보복조치 뒤집을까…이제 그만 넘어갈 때종합
275252,세계 스마트폰 시장 1분기도 역성장…삼성 1위 탈환
275253,e스포츠 팬 모여라…다음 스포츠에 별도 섹션 오픈
275254,프로배구 흥국생명 FA 레프트 신연경과 연봉 1억원에 계약
275255,美미네소타 82년만의 이상고온…캐나다 산불 부추긴 기류 탓
275256,월드컵 손흥민황희찬 16강 명운 걸린 독일전 공격...
275257,김정은 최선의 노력을 다해 결과도 만들고 잘할 수 있을 것종합
275258,野 분열 책임공방하며 마이웨이…사표 방지 vs 야당교체
275259,아텀·최홍석마저 부진…사면초가에 몰린 한국전력
275260,IE 옛 버전 지원 중단 코앞…정부 비상대응반 가동
275261,강원 전 지역 18시 한파특보…이번 겨울 최강 한파
275262,통일부 UFG는 방어적 훈련…北 핵 위협 강한 유감종합
275263,한국GM 운명의 1주일…신차 배정·7천억원 채무 상환시한 겹쳐
275264,중동 온 볼턴 이란에 적대 쏟아내…이란 전쟁광 맹비난종합2보
275265,北 김정은 김정일 생일 맞아 금수산태양궁전 참배
275266,가석방 심사 앞둔 OJ 심슨 피묻은 흉기 큰 걱정 안 해
275267,한국 국부펀드 투자성향 너무 소극적…수익률 낮다
275268,北 최룡해 김정은 새해 금수산궁전 참배에 불참한듯
275269,삼각편대 구성 완료 인삼공사 3연승…현대건설 1R ...
275270,프랑스 마크롱 알제리 부테플리카 대통령 5선 포기 결정 환영
275271,조선 구조조정 충격에 거제·울산 주택시장도 한파
275272,한국당 미세먼지 대책 내며 대안정당 부각…대여 비판도 고삐
275273,뱃길 끊기고 계량기 터지고…광주·전남 나흘째 최강 한파종합
275274,디에이치자이 개포 견본주택 새벽 6시부터 대기…1km 행렬종합
275275,연기 또 연기…차세대소형위성 4일 새벽 발사종합
275276,카카오 주차장 검색·예약 앱 파크히어 인수
275277,민주 새로운 평화의 시대 vs 한국 北비핵화 갈 길 멀어
275278,러 S400 미사일 구매 이란 요청 거부…중동 긴장 악화 우려
275279,대신증권 환율 연내 1300원 돌파…한국경제 취약
275280,신한은행 하나은행 5연패 빠뜨리고 3위 굳히기 시동
275281,네이버 세계 최대 佛 스타트업 육성센터에 전용공간 열어
275282,9억 넘는 주택 보유자 대상 전세보증 내주부터 제한
275283,이해찬 문대통령 방미 후 당에서 대미외교 특사단 파견
275284,아스널 5부리그 링컨시티 돌풍 제압…FA컵 4강행
275285,SKC에코솔루션즈 페인트 대체할 친환경 필름 출시
275286,농구협회 경기력향상위 아시안게임 결과에 책임지고 전원 사의
275287,한국당 특검 거론하며 曺 낙마 총공세…구속수사감 檢압박종합
275288,트럼프 멕시코 때리기 속 미국·멕시코 관세협상 곧 착수
275289,애플 스마트폰 1위 되찾았지만…다음 성장동력은
275290,홍준표 방과후 영어수업 금지는 위헌…당론으로 막겠다
275291,법정 향하는 최문순 화천군수
275292,사랑 이야기로 돌아온 김홍신 해독제가 없는 사랑 이야기죠
275293,호주프로야구 코리아팀 내달 창단 첫 선수공개선발
275294,이집트에서 열린 케이팝 페스티벌
275295,멕시코 마약 카르텔에 살해된 미국계 가족 눈물의 장례식
275296,이란항공 美제재 뒤 첫 여객기 인도…1년전 계약
275297,상호금융 상반기 순익 1조8천억원…작년보다 48% 늘어
275298,러 외무부 뮬러 특검 보고서에 러시아 선거개입 증거 없어
275299,아스달 연대기 무삭제 대본집 완간
275300,현대미술로 보는 거짓말·거짓말·거짓말
275301,네이션스리그 앞둔 배구대표팀…여자는 여유 남자는 간절
275302,인사말하는 조대엽 후보자
275303,내년부터 변액보험 펀드수익률 급변동시 수시 문자안내
275304,국방부 북한 미사일 발사 준비 진척됐을 가능성속보
275305,권익위 물놀이 시설 민원 절반은 안전 관리 부실
275306,DB 통합우승으로 새 역사 vs SK 이번엔 기회 안...
275307,일러 외교·국방장관 회의 개최
275308,출판계 단체 송인서적 회생 출판계 힘모아 살린 첫 사례
275309,공공 와이파이 상용의 7.3%에 불과…개방 확대해야
275310,18세 골키퍼 돈나룸마 오락가락 행보에 이적시장 들썩들썩
275311,문체부·관광공사 테마여행 10선 여행상품 사업자 공모
275312,경찰 손석희 폭행혐의 내사…사실무근 취업청탁 협박받아
275313,日제약·식품회사들 옴진리교 명의 독극물 협박편지에 발칵
275314,K리그2 대전 후반 추가시간 연속 골로 5연승…3위 탈환
275315,시즌 4호 결승골 손흥민 시즌 최고 평점 8.3점
275316,올해로 40년 대한민국예술원 미술전 내달 개최
275317,국회 야 3당 불참 속 본회의…선거제 개혁 접점 못 찾아종합2보
275318,LG생명과학 5가 혼합백신 WHO 사전적격성평가 획득
275319,언론중재위원회 기자협회와 지역언론인 대상 워크숍
275320,삼부토건 매각 주간사로 안진·신한금투·지평 선정
275321,정부 미국 금리 인상 따른 외자 유출 모니터링 강화
275322,창작 오페라 1945
275323,국내 주식형 펀드 닷새째 자금 순유입
275324,대림씨엔에스 군산공장 생산중단
275325,김관영 한국당 대오각성하고 협상 임해야…문 열려있다종합
275326,박원순 광주서 문재인 겨냥 가시 발언 쏟아내종합 2보
275327,통일부 北열병식 남북관계·한반도 비핵화에 좋은 메시지
275328,문 대통령 내달 2일 에르도안 터키 대통령과 정상회담
275329,류현진·오승환 2월 14일 MLB 스프링캠프 훈련 시작
275330,북아프리카 튀니지 대선 9월로 앞당겨질 듯
275331,서남해 신안 앞바다에 다도해 도는 관광 요트 뜬다…7월 운항
275332,제9회 서울미래연극제 대상에 메이데이
275333,은퇴투어 시작한 김주성 4Q 3점포 2방…DB KCC 잡...
275334,아시안게임 이문규 여자농구 감독 수비 안 맞았다…北선...
275335,19대 대통령은 누가 될까…여론조사 전문가 3인의 예측
275336,농협은행 무계좌 해외송금서비스 출시 기념 이벤트
275337,라이트론 120억원 광모듈 공급계약
275338,키움증권 LG전자 스마트폰 사업 부진…목표주가↓
275339,대척점에 선 朴대통령김종인 23개월만 대면하나
275340,손흥민 100번째 경기서 2개 도움…팀은 23 역전...
275341,소리꾼 장사익이 펼친 붓의 노래…첫 서예작품展
275342,셀카 기능 특화 30만원대 스마트폰 갤럭시J5 내일 출시
275343,게시판 중진공 온라인수출 애로해소 교육
275344,삼부토건 우진인베스트 외 4인으로 최대주주 변경
275345,그리스 아테네에 첫 공인 이슬람사원…9월 개장 예정
275346,터키 에르도안 푸틴과 통화 휴전협정 준수할 것
275347,빅데이터로 요금제 추천 통신포털 스마트초이스 내달 서비스
275348,통장 두둑하게 감독님도 지옥훈련…선수들의 위시 리스트
275349,나사 목성 폭풍 이미지 공개
275350,빗속 정취 만끽하며 산책할 만한 명소로 어디가 좋을까
275351,45년 만에 EPL 복귀한 허더즈필드 파죽의 개막 2연승
275352,SK텔레콤 T맵x누구 출시 18일만에 300만 다운로드 돌파
275353,옐런 미 연준의장 향후 수개월 내 금리인상 적절할수도종합
275354,트위터 2분기 연속 흑자행진…회생 청신호
275355,푸틴 가짜뉴스 금지 국가 모욕 콘텐츠 차단 법안에 서명
275356,추신수 3안타2볼넷…통산 13번째 5출루
275357,춘천 스카이워크 입장료 받아 상품권으로 돌려준다
275358,프로농구 전자랜드 SK 대파하고 3연승…SK는 6연패 수...
275359,북한 새해 첫날 0시 불꽃놀이 오후 9시로 연기
275360,베네수엘라 프로야구 美 제재 피하려 마두로 정권과 거리두기
275361,해운 위기 용선료 인하·합병으로 해결될 문제 아냐
275362,조선 3사 해양플랜트 악몽 되풀이되나…하반기 인도 몰려
275363,BMW 2425일 영종도서 100주년 기념 페스티벌
275364,빅히트 송가인 콘서트 MBC 15일 재방송
275365,한 장 남은 달력 안면도 해넘이
275366,신간 라이프 트렌드 2019
275367,시리아터키군 시리아 북부서 충돌…러 중재력 시험대종합
275368,인스타그램 안드로이드용 앱 오류…업데이트하면 해결
275369,롯데홈쇼핑 재승인에 하자…감사원 적절한 조치 요구
275370,전세계 유전자 변형작물 재배 20년만에 감소…전년비 1%↓
275371,게시판 키움증권 채권 예약 시스템 오픈
275372,CJ ENM 다이아 티비 크리에이터 유튜브 해외조회율 60% 돌파
275373,베이징 건국 70주년 축제 분위기…초대형 불꽃놀이
275374,삼성 스마트폰 중국 점유율 3% 반토막…토종브랜드에 밀려
275375,장병철 한국전력 감독 가빈 정상적으로 선발 출전
275376,MLB 에인절스 감독 후보로 거론된 힐만 감독 지금은 S...
275377,인도에서 인기 끄는 비보 V5 플러스
275378,프로야구 잔여 경기 일정 발표…10월 13일 정규리그 종료
275379,카드뉴스 모바일게임 하다 300만원 날렸어요
275380,핼러윈축제 에버랜드에서 무서운 메뉴와 함께 즐기세요
275381,권력투쟁·극우인사 발탁·스탈린식 숙청…트럼프 인선 내홍
275382,독일 3분기 수출 대미수출 호조에 전년대비 증가세
275383,IAEA 핵 프로그램의 완전한 신고 관련 이란과 논의
275384,트럼프 탈레반과 평화협상 재개 선언 미군 8천600명으로 감축종합
275385,MLB파워랭킹 1·2위 다저스 vs 양키스 주말 LA서 ...
275386,그림 출력하듯 휘는 물체에 찍어내는 이차전지 주목
275387,PC 시대의 끝 구글 안드로이드 MS 윈도 점유율 최초 추월
275388,광주MBC 한국방송대상 2관왕 차지
275389,아프리카TV 배틀그라운드 전문 e스포츠팀 설립
275390,SKT 프로야구 개막전서 AR 비룡 퍼포먼스 개최
275391,SNS돋보기 이통사 포인트 폐지·축소 문제없다에 부글
275392,대만 지지 드러냈나…美 백악관 지도 중국과 별도로 대만 표시
275393,아베 쿠릴 4개섬 중 2개 반환 요구 검토…러시아선 반대 집회
275394,美 지난주 실업수당청구건수 26만6천건…소폭 상승
275395,조국 자택 압수수색시 검사 팀장과 통화…수사지휘 안 했다종합
275396,사흘 연속 세이브 정우람
275397,5월 광고시장 자동차·주류·담배 중심 호조세 전망
275398,유니테스트 고흥 태양광발전소 건설공사 계약
275399,GS칼텍스 3위 확정 소식에 도로공사 선수단도 마음 편해
275400,김포공항 만취난동 日공무원 SNS에 한국 이상한 나라다
275401,NYT 독자 항의로 총기참사 트럼프 발언 제목 변경 소동
275402,콤팩트 럭셔리호텔 여수 다락휴休 그랜드 오픈
275403,뚝뚝 떨어지는 국제유가…국내 기름값은 2주뒤 본격 하락
275404,당정 공기업 군 복무기간 임금 반영 의무화 추진
275405,공시지가 열람은 부동산공시가격알리미에서..
275406,평창올림픽 G300 봄놀이산 꽃 밥 특별전
275407,영화를 만난 국악극 꼭두이야기 내달 뉴욕 링컨센터 공연
275408,정진석 켈로부대 전우회 인천상륙작전 관람 초청
275409,제천시 선관위 여론조사 유인물 유포 예비후보 조사
275410,이통사 스마트폰 밀어내기 논란…공정위 조사 착수
275411,공격 이재영·수비 김해란…흥국생명 선두 질주종합
275412,심상정 선거제 개혁안 공론화 고민…여야 당론 못 기다려
275413,미 상원 행정부에 중 기술침투 강력 대응 촉구
275414,문대통령 북한 산천 평양 보니 갈라진 땅으로 느낄 수 없어1보
275415,환경 취재 전쟁 다음으로 위험 최근 10년 언론인 13명 사망
275416,인니에 美로켓 파편 낙하…항공기 추락 오인 소동
275417,터키 재무 미국과 교역액 1천억 달러로 확대할 것
275418,한진해운 런던 사옥 667억원에 처분한다
275419,증시신상품 신영자산운용 신영베테랑증권자투자신탁 펀드
275420,USTR 대표 균형잡힌 합의 中요구 일축…무역담판 난항 예고
275421,靑 원샷법ㆍ파견법은 한세트…野 총선용 제스처 경계
275422,근로시간 단축 네이버 책임근무제 4년 만에 폐지…선택근로시간제 도입
275423,윤덕여 감독 내년 여자월드컵 조별리그 통과가 1차 목표
275424,갤노트7 리콜 첫날 혼잡 없어…2만대 교환 추정종합2보
275425,광역자원봉사센터 지자체 개입 줄이고 정부 지원 확대해야
275426,과잉 행동에 내몰리는 현대사회 사색의 공간 확보해야
275427,류현진의 볼넷 3개 그만큼 신중하고 절실했다
275428,게시판 인터넷진흥원·KT 5G·융합ICT 보안 협력
275429,프란치스코 교황 내전 격화 리비아에서 난민 속히 대피시켜야종합
275430,美국방 바그다드 방문…시리아 철수 미군 주둔 논의할 듯
275431,게시판 LGU 공식온라인몰 5G 휴대전화 전문관 개설
275432,삼성 갤럭시 폴드 5월 3일 유럽 15개국에 출격…256만원
275433,예스티 30억원 자사주 취득 신탁계약
275434,주택 매매·전세거래 동반 위축에 거래지수 연중 최저
275435,대만 친중파 정치인 2명 중국서 정치헌금 받은 혐의로 기소돼
275436,카카오게임즈 AI기반 골프 부킹 서비스 내놓는다
275437,초소형 곤충 로봇 로보비 업그레이드…수영에 점프도 한다
275438,朴대통령 일부 노조가 기득권 놓지 않아…구조조정 저항종합
275439,모바일 다음 방금 읽은 뉴스 관련소식 첫 화면에 띄워준다
275440,박한철 헌재소장 임기만료 논란…헌재 내년 초까지
275441,전 세계 스마트폰 월평균 사용량 2.1GB…2022년 6배↑
275442,프로축구 조태룡 강원FC 대표 비위 혐의 상당 확인
275443,직접 車몰고 靑떠난 이병기 실장…떠날 때가 있는거지
275444,방심위 5·18 북한군 개입설 유튜브 30건 의견진술 결정
275445,브라질 호세프 롤러코스터 인생…게릴라→대통령→탄핵위기
275446,게시판 라인플러스 신입·인턴사원 공채
275447,위클리 스마트 미니멀 라이프에 딱…LG워치 스타일 써보니
275448,평양정상회담 문 대통령 내외 백두산으로
275449,충청권 당정협의에서 대화하는 이해찬 대표와 이인영 원내대표
275450,그래픽 이통 3사 시장 안정 속 무선 사업 나란히 회복세
275451,손흥민황희찬 온두라스전 투톱…이승우는 A매치 데뷔 유력
275452,박영수 특검 검찰에 특수통 윤석열 수사팀장 파견요청
275453,캐나다 정부 북한 억류 임현수 목사 방문…영사 접견
275454,금감원 대학 실용금융 교육 지원 신청 접수
275455,큐리언트 내성결핵치료제 초기 임상 2상서 효과 확인
275456,갤럭시노트9 예약판매 첫날 순항…S9 웃돌아종합
275457,그래픽 작년 주식 1인당 보유종목수 4.27개
275458,하나 된 남북 선수들 같은 민족이라는 것을 느꼈다
275459,트위터 타임라인에서 페리스코프 영상 바로 본다
275460,백승호·이승우 바르샤 잔류 불투명스페인 언론종합
275461,내일부터 광주 모든 시내버스에서 와이파이 이용할 수 있다
275462,신간 결혼과 육아의 사회학
275463,인터뷰 류현진 사이영상 때문에 무리하지는 않을 것
275464,내일 지원금 상한제 사라진다…휴대전화 싸게 살 수 있나
275465,이차전지 및 반도체 현안대응 전략회의
275466,포르투갈 총선 실시…현 집권 사회당 승리 유력
275467,올림픽오늘부터 잔칫날…문화올림픽 화려한 개막
275468,아직은 예열 중 오세근 새 외국인과 호흡 시간이 약
275469,몽골 찾은 美국방…미·몽골 밀착으로 중·러 견제 행보종합
275470,외국인 공격수 선발한 여자 프로배구 이젠 FA 영입 차례
275471,덴마크 총선서 사민당 집권 유력시…강력한 반이민 유지할듯
275472,내 신용정보 통합조회에 재무컨설팅까지…신산업 뜬다
275473,헤즈볼라 아랍권 침묵하면 요르단강 서안도 이스라엘 차지
275474,건설주 중동 수주 기대감에 동반 상승
275475,윤성빈 1군 데뷔전 불안한 출발에도 합격점…5이닝 2실점
275476,갤럭시S11 5개 모델로 출시할 듯…스페이스 줌 탑재 예상
275477,에티오피아 반정부시위로 67명 사망…침묵 총리에 비판여론
275478,휘고 쪼개고 섞고…인간 창의성의 비밀
275479,삼성중공업 1분기 영업손실 333억원…적자지속
275480,예능으로 탄력받은 TV조선 내달 TV조선2 개국
275481,SKT 구글과 협력해 재난문자 수신 사각지대 줄인다
275482,벨기에 파리테러 주범 압데슬람 프랑스에 인도종합
275483,한국당 文정권 사법체제 전복 시도…개천절 150만 집회 추진
275484,KT 음성통화 초당 1.98원 로밍온 서비스 북유럽으로 확대
275485,폼페이오 국무장관이 상원 출마 공화 지도부 차출 희망
275486,네이버 AI 비서 앱 첫선…HW·OS 족쇄없는 게 최대 장점종합
275487,광화문 대통령 시대 위원회 구성 착수…위원장 유홍준 내정
275488,LGU 스마트 업무환경 위한 중소기업전용 상품 3종 출시
275489,이총리 조코위 인니 대통령 4차례 만남…교민들 덕분
275490,美뉴햄프셔 경선 D1…샌더스·트럼프 두자릿수 우위
275491,삼성 오키나와 전지훈련 팬투어 참관단 모집
275492,금투협 ISA 세제혜택보다 수수료 부담 크다는 주장은 잘못
275493,재선 김선동 한국당 원내대표 출사표…당 혁신 앞장
275494,시진핑 방문에 마카오 초비상…홍콩 기자들 입경 거부당해종합
275495,에콰도르 강진에 사망 272명·부상 2천500명…국가비상사태 선포종합3보
275496,대한제국 황제복식 특별전
275497,VR 자전거 체험하는 안철수
275498,KT 5G 데이터 완전무제한 요금제 출시…5G 1등 되겠다종합
275499,전광인 왼쪽 무릎 연골 수술…재활 5개월 예상
275500,다채로운 골프 아이템
275501,자본시장활성화특위 심포지엄 축사하는 이해찬 대표
275502,2020년 MLB 정규리그 3월 27일 개막…올스타전 다저...
275503,플레이송스 홈으로 집에서 공부해요
275504,차이잉원 레넌 벽 훼손 중국학생 등 대만 재입경 제한
275505,내일 이스라엘 총선…다시 시험대 서는 네타냐후 총리
275506,국제제재에도 북한 물가·환율 안정세데일리NK
275507,반도체 날개 달고 제조업 영업이익률 훨훨…비제조업은↓
275508,157㎞ 조상우 선동열 감독님과 함께 AG 출전하고파
275509,이승만 전집 출간 시작…35권 발간 목표
275510,복사꽃 활짝
275511,수능 수험생들 응원왔나…겨울 문턱서 만개한 봄꽃들
275512,ML슈퍼스타 하퍼 142m 초대형 홈런으로 첫 안타 신고
275513,동양피엔에프 당진 바이오매스 발전소 설비 공사 계약
275514,폐암 발병 관련 단백질 발견…조기진단 활용 가능
275515,특징주 원샷법 1호 기업 주가 흐름 엇갈려
275516,국내 주식형 펀드에 엿새째 자금 순유입
275517,골드퍼시픽 관리종목 해제
275518,루니 중국 이적설 진화 맨유에 있을 것
275519,코스피 이틀 연속 하락…외인 매도에 2280선 흔들종합
275520,삼성페이로 CGV 영화 본다…오늘부터 결제 서비스
275521,김포시 주요 도로 교통량 2.54%↑…인구 증가 때문
275522,중국·독일 제3국서 협력프로젝트 가동…아프간 재건 참여
275523,휴대전화 SMS 스팸 10통 중 8통은 대량 발송 문자
275524,슬로베니아 크로아티아 솅겐가입 차기 EU집행위서 결정해야
275525,평화 지명직 최고위원 박주현 임명 두고 내홍 조짐종합
275526,이정미 남북 의회서 판문점선언 동시 비준하자
275527,靑 檢 압수수색에 임의제출이 법규정…강제진입 거부 고수
275528,피의자로 법정에 출석하는 윤장현 전 광주시장
275529,류현진 MVP 투표서도 득표…추신수에 이어 한국인 ...
275530,8·25 합의로 살아나던 남북 민간교류 北 핵도발로 제동
275531,강원산불 피해민 한전 본사 앞 집회
275532,한국우즈베크전 해설도 접전…승자는 KBS 이영표
275533,빅데이터 기반 가상인체 모델…신약개발에 적용
275534,G6보다 10만원 비싼 갤럭시S8…그래도 잘 팔릴까
275535,주이란 中대사 페르시아만 안보는 중동 국가가 맡아야
275536,북한날씨 평남지역 밤에 눈
275537,신간 언젠가 헤어지겠지 하지만 오늘은 아냐
275538,IAEA 이란 핵합의서 금지한 시설서 우라늄 농축종합
275539,강백호 치고 최정 넘기고…kt·SK 홈런 1위 경쟁
275540,부영 설 앞두고 협력사에 공사·물품대금 715억원 조기지급
275541,美국방 이라크내 미군 기지 공격 이란이 배후같다
275542,크루즈 케이식 지지는 트럼프 지지하는 것…케이식에 포기압박
275543,홍콩 사태에 놀란 中 애국교육 강화…시위재발 예방 차원
275544,2019 국가보훈 일자리 박람회
275545,美언론의 잇단 反트럼프 선언…유권자 마음 못 돌려 지적도종합
275546,폴란드슬로바키아 국경 산맥 덮친 뇌우에 최소 5명 사망종합
275547,최문순 평양 U15 축구대회 참관 방북…협력 채널 확보 주목
275548,호주 유통업계 화장품 등 한국 중기 소비재에 관심 ↑
275549,걸프 수역 미군 고도의 작전 준비태세
275550,LG 김현수 두산전서 9회 극적인 투런포
275551,담라우의 앙코르는 韓가곡 동심초…팝 콘서트 방불케 한 열기
275552,강남 재건축 아파트값 4개월 만에 하락 전환
275553,朴대통령 24일 장·차관 워크숍…북핵위기 국정동력 모색
275554,KT 갤럭시S10 5G 가입 1만명 돌파…데이터 완전무제한 효과
275555,LG전자 방탄소년단 앞세워 북미 공략 강화…뉴욕서 광고
275556,이중근 부영 회장 외국인 유학생 102명에 장학금
275557,수비의 명암…한화 호수비 넥센은 실책 3개
275558,이집트 총리 반정부 시위 겨냥 혼란 용납 안해
275559,美 관세 폭탄 현실화하면 中 꺼낼 보복 카드는
275560,아프리카TV 3분기 매출 247억원…작년 동기 대비 22%↑
275561,2보 홍콩 캐리 람 행정장관 송환법 추진 잠정 중단
275562,페이스북 伊서 과징금 13억원…개인정보 보호법 위반
275563,이총리 청년일자리·구조조정 지역 지원 응급 추경
275564,린동원 때보다 강해진 린드블럼 1위팀의 여유
275565,美 3월 소비자물가 0.4%↑…에너지값 오름세 반영
275566,운동은 뇌에 어떤 영향을 미치는가
275567,펀드슈퍼마켓 고객 투자자산 1조4천억원 돌파
275568,민경욱 17조원 투입 13개 고속도로 예측대비 이용률 58% 불과
275569,伊재무 긴축강요 EU 재정협약 佛·스페인과 함께 개혁 원해
275570,日 한국이 중재위 구성에 응하도록 계속 강하게 요구종합
275571,산업계 만난 이주열 제조업 경쟁력 제고 우리경제 생존 문제
275572,코스피 1870선 후퇴…외인 사실상 33일째 팔자
275573,MIT·구글도 울고 간 AI 축구 월드컵…KAIST 팀 우승
275574,코스피 외인·기관 매도에 약세…장중 2170대 후퇴종합2보
275575,에티오피아에 100만㎡ 韓섬유단지 조성…7억弗 인프라 진출토대종합
275576,게시판 글로벌코리아스테이션 한국청년 글로벌리더십 포럼
275577,朴대통령 13일 국회 개원연설할 듯…협치불씨 살릴까
275578,마두로 우파 국제사회 반대·경제위기 속 두번째 6년 임기 개시
275579,16일 63컨벤션센터서 한아세안 핀테크 콘퍼런스
275580,암스테르담 첫 여성시장 성노동자 보호 홍등가 대대적 손질
275581,타이스·어나이 트라이아웃 참가…아가메즈·가빈도 신청종합
275582,부산 바다로 오세요…7개 해수욕장 전면개장
275583,신간 글로컬 만주·동아시아 사유로부터
275584,신간 네가 이 별을 떠날 때·가출
275585,리켐 50억원 규모 3자 배정 유상증자 결정
275586,한미훈련 위협 北 국방위 성명 어느 정도 무게인가
275587,EU 北미사일 한반도 평화 노력 저해…추가도발 자제해야
275588,신작 아이폰 10월 국내 상륙…X보다 8 먼저 출시될 듯
275589,날씨 내일 평년 기온 회복…흐리다 점점 맑음
275590,클린턴트럼프 지지율 엎치락뒤치락…NYT조사선 클린턴 승리
275591,황우여 김세연 정의화·권성동案 어디에도 서명안해
275592,영국 신문도 KBL 2ｍ 키 제한 보도…농구 하기엔 너무...
275593,軍 北풍계리서 인공지진파 감지…핵실험 여부 분석중3보
275594,바이올리니스트 기돈 크레머 20주년 기념 내한
275595,伊 축구계 인종차별과의 전쟁…AC밀란 첫 전담팀 구성
275596,백낙청이 말하는 더 나은 세상…회화록 6∼7권 출간
275597,朴대통령與지도부 김영란법 농축수산물 규제완화 필요성 공감
275598,보물 월인석보 경매서 3억5천만원 낙찰
275599,주홍콩총영사관 중국 금융시장 세미나 개최
275600,넷마블 캐릭터 매장 서울 명동으로 확장 이전
275601,문 대통령 올림픽·패럴림픽 성공적으로 끝나…평화 새길 열려
275602,사진현장 휴보와 FX2 평창 성화를 봉송하다
275603,이승엽 전성기 함께한 대구시민운동장 야구장 재개장
275604,설 연휴 N 여행 제주권 온 가족 산책하기…아름다운 길 널널
275605,경기 8개 시·군 호우주의보…장마 영향 호우특보 확대
275606,연합이매진 청주 젓가락페스티벌
275607,박봉주·최룡해 상무위원 발탁 대중 관계개선 포석종합2보
275608,형에 반란 英 존슨 의원…총리 국내 어젠다는 잘하고 있어
275609,아동 BJ에 선정적 댓글…아프리카TV 의견 듣기로
275610,中 블록체인 통한 국가통치체계 현대화 강조
275611,이스라엘 총선 후 중동정세는…팔레스타인 강경정책 이어질 듯
275612,서정원 수원 감독 공격에 중점…모든 것을 쏟아붓겠다
275613,작년 EU·유로존 GDP 대비 정부 적자·부채 비율 개선돼
275614,靑통일비서관에 김기웅 통일부 남북회담본부장 내정
275615,8.2대책 이전으로 되돌아간 서울 아파트값 상승률
275616,우리은행 주택금융공사와 도시재생 발굴·지원 업무협약
275617,여자프로배구 흥국생명 2시즌 만에 정규리그 정상 탈환
275618,北 러시아에 원산블라디보스토크 여객선 취항 제안
275619,국방부 개성공단서 발생 가능한 우발 상황에 대비태세
275620,미래·문체·환경 등 4∼6개 부처 개각론 부상
275621,맏형의 품격 염기훈 말보다 행동으로 보여줄 수 있게
275622,양양·강릉·동해 해수욕장 7월8일 개장…강원 100곳 준비 분주
275623,성명서 발표 마친 핵무기연구소 부소장
275624,일본군 위안부 한일 양국만의 문제 아냐…관점 확대해야
275625,NASA 탐사선 주노 목성궤도 진입예정…美 독립기념일 저녁
275626,폼페이오 어떤 공격에도 신속·단호히 대응할것…이란에 경고
275627,해트트릭에 퇴장까지…경남 말컹의 롤러코스터 1부 데뷔전
275628,포수 사인을 훔치면 도루에 얼마나 유리할까
275629,필리핀 마약과의 전쟁 새 국면…정적인 부통령이 지휘관 맡아
275630,카카오 가상화폐 전자지갑 클립 내년 상반기 카톡에 들어간다
275631,시스템반도체 설계 전공 트랙 과정 출범식
275632,인스타그램 스토리 1주년…매일 2억5천만명 사용
275633,칠레 실종 공군기 잔해 추정 물체 해상서 발견돼종합
275634,현대기아차 노후차량 특별 무상점검…출고 8년 초과 대상
275635,뉴질랜드 집값 12년만에 최대폭 상승…오클랜드 평균가 8억원
275636,포털 다음 독자가 꼼꼼히 본 기사 실시간 제공
275637,권창훈 캉 원정 명단 제외…구단 발목 부상
275638,고가아파트 취득에 세무조사 칼 빼들어… 257명 세무조사 착수
275639,트럼프 대통령과 면담 후 걸어 나오는 신동빈 회장
275640,코스피 중국 증시 반등에 안도…1890선에 바짝종합
275641,과기부 연구실안전주간 행사…연구실 안전문화 정착
275642,입담 해설 안정환 국내 팬들 수준 높아졌다
275643,주말 N 여행 호남권 어둠 내리면 사방이 반짝반짝…무주 반딧불축제
275644,네이버 중소상공인 상생 기금 400억원 곧 출연 재개종합
275645,EU 남녀 동수 집행위원 성사될까…내달 26일까지 추천 요청
275646,최지만 4타수 무안타…타율 0.281
275647,내달 CES 달굴 모바일은…새 폴더블폰·중저가폰에 관심
275648,朴대통령 민생행보 2탄…시간선택제 모범기업 방문
275649,유승민 탈당·무소속 출마 선언 전문…정의를 위해 출마
275650,트럼프발 무역전쟁 일촉즉발…먹구름 드리우는 한국 경제
275651,저축은행 줄줄이 예·적금상품 특판…3%대 금리도종합
275652,조명균 장관 원길우 부상 바라보며 흐뭇한 미소
275653,삼성 갤럭시S10 5G 사전예약 없이 내달 초 출시할 듯
275654,예보 보유 신탁자산 활용 방안 세미나
275655,중국 우주 첩보전에 청소 위성 활용 연구
275656,롯데의 역설 에이스 듀브론트 떠난 뒤 승승장구
275657,다시 뭉친 최용수·박주영 FC서울 반전 드라마 합작할까
275658,인사말하는 정규성 한국기자협회 회장
275659,통일부 北 난수 방송 같은 구태의연한 행태 지양해야
275660,주말 N 여행 제주권 아쉽다∼ 가을…억새 흐들한 해변·오름 은빛 장관
275661,구글 한국 뉴스에 팩트체크 표시 도입
275662,추신수 아시아 선수 최초 메이저리그 통산 200번째 홈런
275663,2년 만에 돌아온 석현준 기회 주신 것만으로도 감사
275664,고삼석 방통위원 조직관리 책임 고려해 사의…곡해 없어야
275665,南천해성北전종수 연락사무소장 회의…남북현안 논의
275666,청와대 북측 선물 풍산개 곰이가 낳은 강아지 공개
275667,내년부터 자급 단말기 구매 쉬워진다…모델·판매처 확대
275668,게시판 제15회 우정사업본부장배 휠체어농구대회 개최
275669,연구부정 신고 3년간 95건…연구재단 논문표절 등 34건 확인
275670,남북통일농구경기 방북단 귀환
275671,광복의 뜻 되새기자…여야 일제히 한반도 평화·통일 기원
275672,2018세법개정 김동연 첫번째는 소득분배 개선…자영업 지원방안 발굴
275673,박항서 매직 베트남 축구대표팀에 포상금 쏟아져
275674,상반기 외환거래법 위반 634건…4건 중 3건은 신고의무 위반
275675,김성태 박주민 직권남용 혐의로 검찰에 고발
275676,구자철 결장·지동원 7분 아우크스 뮌헨에 03 완패
275677,르완다 대학살 25주년…대통령 어두운 역사 반복 없다
275678,KT 와이브로→LTE 전환 유도…할인혜택에 추가데이터 제공
275679,처음부터 나눠갚는 주택대출 내일부터 전국 확대
275680,NEW트렌드 바람과 파도를 즐기는 또 다른 방법
275681,네이버 이미지 검색 도입 착수…스마트 렌즈 시범 출시
275682,김한길 한달 뒤 결과에 野 지도자 모두 책임져야
275683,디아이씨 종속회사 쿠팡에 전기화물차 10대 공급 계약
275684,어도비 플래시 플레이어 보안 취약점 추가 발견
275685,변함없는 라건아·떠오른 이대성…현대모비스 위력 대표팀서도
275686,北 김정은 8일만에 군사행보 재개…대공유도무기 사격지도
275687,네이버 푸드윈도 1년 새 거래액 3배 넘게 성장
275688,미술품 가격 어떻게 매기나…미술시가감정협회 자체 모형 공개
275689,삼성전자 3분기 스마트폰 점유율 21%로 세계 1위
275690,韓 노벨상 타려면 경쟁력 있는 분야 집중 투자해야
275691,울산 술집서 화재…5명 자력 대피
275692,北 리선권 조평통위원장 단장으로 대표단 5명 南에 통보종합2보
275693,기가 인터넷·올레tv 동시 가입하면 최대 월 5천500원 할인
275694,신간 정치의 가극화 가극의 정치화
275695,SKT 전주지점 청년갤러리로 새 단장
275696,워크아웃 기업 자구계획 안지키면 경영진 교체
275697,민선7기 시도지사 간담회 인사말하는 서울시장
275698,게시판 주연테크 장애인직업안정연구원과 사회공헌협약
275699,채팅 스캔들 여진 이어지는 푸에르토리코…주지사 대행도 미정
275700,安신당 문병호 친노 지역구에 특별공천…전면전 선포
275701,민주평통 중국에 北위협 사라지면 사드철수하겠다 설명해야
275702,중동 외교분쟁 휘말린 카타르 2022년 월드컵 악재
275703,폭탄테러 소말리아 모가디슈 시장 의식불명…알샤바브 배후 자처
275704,태풍 북상에 목포 해상케이블카 휴장
275705,검찰 내부정보 유출 한미약품 본사 압수수색2보
275706,갤럭시S8 중동 상륙…28일 아랍에미리트 출시
275707,게시판 로엔엔터테인먼트 신입·인턴사원 모집
275708,北김여정 서울은 처음…낯설지가 않아…강릉서 만찬종합2보
275709,NHN 가상 옷 입히기 기술로 국제 학술대회서 우승
275710,이총리 군산경제 위해서는 GM 재가동이 최상인 것 알아종합
275711,MWC19 삼성 디스플레이에 지문인식 넣은 갤럭시 A50·A30 공개종합
275712,美 텍사스 총격범 신원조회 통과 못했는데도 총기 구입
275713,네이버 뉴스 사람 손길 확 줄였다…뉴스·섹션홈 AI 편집
275714,프로축구 부산 28일 안산전에 어묵바 1천개 쏜다
275715,북한 12시30분 특별 중대 보도 예고2보
275716,유영민 장관 케이블TV도 4차 산업혁명에 대응해야종합
275717,박항서 감독 노모 내가 아들 잘 낳았지…공부도 축구도 잘...
275718,포항 야경 즐기세요…4월부터 밤바다 버스투어
275719,언어장벽 없는 세상 꿈꿔요…통번역 앱 지니톡
275720,음바페 결승골 모나코 생테티엔 꺾고 리그 우승 확정
275721,曺청문회 전열 다듬는 여야…팩트체크 철저스모킹건 준비
275722,SKT·인스타그램 디지털 광고·마케팅 협력 합의
275723,괴력의 게레로 주니어 올스타 홈런 더비 신기록 세우고 4강행
275724,메이크샵 쇼핑몰에 카카오 알림톡 지원
275725,유니콘기업 육성 창업지원 인프라 선행돼야
275726,국제유가 사우디 수출감소 속 강세…WTI 0.4%↑
275727,여자배구 올스타팀 태국 원정 마치고 9일 귀국
275728,마다가스카르 강타한 한류…케이팝 대회에 1천200명 열광
275729,브라질서 집중 호우·산사태로 15명 사망
275730,민주콩고서 수백명 에볼라 사태 끝내자 거리행진종합
275731,최다승 달성한 전북 최강희 감독 믿어준 선수·팬·구단 덕분
275732,신간 검은 유혹 맛의 디아스포라 짜장면
275733,박지원 黃단식 코미디…지금 단식 타임 아니라 쇄신 타임
275734,주택시장 10년후엔 전용 40∼60㎡ 실속형이 대세
275735,경제개혁연대 박삼구 금호산업 인수과정서 배임종합
275736,피치 사우디 신용등급 A→A 강등…추가 피격 위험
275737,신한금융 상반기 순익 1조9천144억원…작년 대비 6.6%↑
275738,해커 출신 대만 최연소 장관 탕펑 내달 한국 온다
275739,삼성페이도 쿠폰 선물하기 도입…60여 브랜드 입점
275740,美 LA대학서 9·11테러 추모 깃발 대량 훼손…진상조사 착수
275741,5G 상용화시대 ② 최첨단 서비스·요금 경쟁…어떤 상품 고를까종합
275742,네이버 스마트스피커 웨이브 日서 예약판매 시작
275743,한광성 북한선수 최초 세리에A 득점…첫 골 넣어 행복해요
275744,교보문고서 만나는 야수파
275745,OBS 지상파방송 재송신 대가검증협의체 요청
275746,올림픽 아침을 여는 북한 응원단
275747,네이버 웹문서·사이트 검색탭 웹사이트로 통합
275748,경기도 전역 하루만에 초미세먼지 주의보 해제종합
275749,꿈의 신소재 그래핀 이용 금속박막 제조법 나왔다
275750,최영미 폭로 파문…문학계 자성 vs 전체 매도 말아야
275751,부동산캘린더 11월 첫 주에도 분양 열기 계속…19곳 청약
275752,경제난 레바논서 사흘째 거리시위…수만명 모여 정권퇴진 요구종합
275753,3월 중국인 관광객 11.8%↑…1년만에 다시 늘어종합
275754,게시판 과기정통부 미국 방송장비 전시서 국내 서비스 시연
275755,LG 세탁기 누적판매 1억5천만대…쌓으면 지구 3바퀴
275756,그래픽 연말정산 알아두면 유용한 4가지
275757,평양정상회담 D1 남북 첫 실질적 비핵화 논의…구체조치 발표될까
275758,트럼프 국가비상사태 선포 무력화 결의안 美하원 통과
275759,해커 연말연시 빈 사무실 노린다…기업 PC 잇단 공격
275760,獨내무美의 화웨이 배제 요구에 배제시 獨경제 악영향
275761,최지만 4타수 무안타…볼넷으로 1회 출루
275762,오렌지라이프 임원들 자사주 매각 보도는 사실무근
275763,그래픽 광주 올해 전국 첫 폭염특보 발령
275764,짙은 미세먼지에 질린 중국 강아지 전용 마스크까지 등장
275765,배구연맹 남녀 13개 구단 참가 제주 단합대회 잠정 연기
275766,남편의 과도한 사랑에 숨 막혀…UAE서 아내 이혼청구
275767,올해의 여기자상에 중앙일보 이유정 기자 등
275768,3억 달러의 사나이 마차도 이적 후 첫 홈런 폭발
275769,중국 보란 듯…미·영 해군 남중국해 합동 훈련
275770,청정에너지 수소 안전하게 저장하는 물질 제조방법 개발
275771,朴대통령 국회가 다 막고 어떻게 국민지지 호소하는가
275772,英 런던 주택가에 사람이 뚝…비행기로 밀입국하려다 추락한듯
275773,아이폰X 1차 사전예약분 동났다…SKT 3분만에 매진종합2보
275774,갤럭시S8 개통 이틀만에 주춤…재고 부족 탓
275775,듀랜트까지 빠진 골든스테이트 새크라멘토에 발목 잡혀
275776,이재영 다영이가 다 보여줬다면 전 MVP 못 탔어요
275777,게시판 KISA 아프리카 사이버 보안 협력 포럼 개최
275778,중국군이 홍콩도로 청소…시진핑 질서회복 강조 후 등장종합
275779,맑고 푸른 초여름 즐기자…충북 산·유원지 북적
275780,관치금융 청년희망펀드 도입 3년만에 판매 중단
275781,KT 지난해 흑자 전환…3년 만에 1조원대 영업이익종합
275782,케이블TV에 AI스피커 접목…딜라이브카카오 제휴
275783,문재인 정부 경제정책 실상 토론회에서 인사말하는 심재철
275784,NC 출신 테임즈 SK 출신 켈리 상대로 18호 홈런종합
275785,시즌 5호골 손흥민 평점 6.8점…팀내 4번째
275786,낮 23∼29도 늦더위 이어져…오후에 곳곳 소나기
275787,알제리서 부테플리카 퇴진후 8개월만에 대선…투표율 낮을 듯
275788,국민의당 與·더민주 갑질 말라…법안 오늘 처리해야종합
275789,시베리아 경기북부 사흘째 한파경보…연천 영하 21.6도
275790,MLB 푸홀스 8년 만의 친정 나들이…관중들 감동의 ...
275791,포켓몬 실행 부산 모 학교 가보니 불안정한 게임사냥
275792,네이버 클라우드 플랫폼 보안 솔루션 대폭 강화
275793,삼성重 생산부문장에 삼성전자 출신 김종호 사장
275794,회의장 들어서는 국무조정실 2차장
275795,조원동 朴대통령 CJ 일가 부정적 언급에 이미경 퇴진 요구
275796,朴대통령 자신감 심어줬다 리우올림픽 선수단 격려오찬
275797,소방청 전국 소방관서장 회의 개최
275798,기쿠치 공 96개로 완봉승…MLB서 완봉승 거둔 일본인은...
275799,서울 자치구 14곳 소형아파트 3.3㎡당 매매가 대형 추월
275800,관훈클럽 총무에 박정훈 조선일보 논설위원실장
275801,삼성·LG 스마트폰 첫 동시출격…갤노트8·V30 9월 21일 출시종합
275802,필리핀 교도소내 재소자 아지트 철거…마약·흉기 쏟아져
275803,한국관광 발전 기여한 한국관광의 별 후보자 추천
275804,러 장관 나진하산 프로젝트 대북 제재 영향 안 받을 것
275805,게시판 메쉬코리아 월드컵 대비 배달 이륜차 교통안전 결의
275806,애플삼성 LTE폰 평균가격 격차 역대 최대로 벌어져
275807,SKT 5G 요금제 인가 재신청…5만원대 요금 포함종합2보
275808,450년 독일 명문악단 이끄는 26세 악장 이지윤
275809,튀니지대통령 유력 사이에드 무소속에 돈없는 정치아웃사이더
275810,광주은행 세계수영대회 개최 기념 외화 정기예금 출시
275811,V30 지원금 최고 24만7천원…25% 요금할인이 유리
275812,게시판 네이버 부산서 사용자 커넥트 데이 행사
275813,한화투자 SK머티리얼즈 G2분쟁에 수요 둔화 우려
275814,北 핵탄두 모형 탑재 미사일 발사 등 다양한 도발 가능성종합
275815,한국형 발사체 순항…75t 엔진 75초 연소시험 성공종합
275816,朴대통령아베 북한 미사일 발사에 한일 긴밀 연대 확인
275817,뮤지컬 제작사 한전아트센터 공연취소 피해액 보상하라종합
275818,샤오미 홍미노트5 오늘부터 예약판매…16일 정식 출시
275819,경기 둔화 우려에 일단 동결한 한은…11월 인상 가능성은
275820,예멘 반군 이틀 연속 사우디 남부 공항 드론 공격
275821,그래픽 편볍증여 통한 부동산 취득 사례
275822,MWC 2018 황정환 본부장 맞춤형 초개인화 AI 강화
275823,北 유엔의 영유아 지원물자 다른 용도로 활용
275824,클럽서 트럼프가 치마속에 손넣어…또 성추행 피해 주장종합
275825,한국에 막혀 AG 축구 결승 좌절 베트남 그래도 잘했다
275826,아시안게임 해외파 합류로 탄력 붙는 축구 남녀대표팀
275827,아베끄 스트링 콰르텟 정기연주회·국악 성주야 성주로구나
275828,철도노조 무기한 총파업 시작…수험생 교통·물류 대란 우려
275829,日 무릎 꿇고 사죄한 독일 총리에게 배워야
275830,아이폰 홈버튼 대신 스크린으로 지문 읽을듯
275831,3명 중 1명 스마트폰으로만 부동산 서비스 쓴다
275832,엘리자베스 여왕 정치권에 브렉시트 타협 촉구
275833,북 수소탄실험 핵실험장 풍계리는 어떤 곳
275834,공학 관심있는 초중고 학생들 모이세요
275835,게시판 천호식품 공식 쇼핑몰 리뉴얼 기념 이벤트
275836,ML점령한 한국야구…류현진·오승환 쾌투 추신수·최지만 홈런
275837,민주여성위 朴대통령 나체풍자 논란에 표창원 신중했어야종합
275838,한국토요타어린이안전재단 어린이 교통안전 위한 MOU
275839,아컴스튜디오 법원 의결권 행사금지 가처분 기각
275840,세종텔레콤 노트8·V30 구매자에 6GB 데이터 요금 60% 할인
275841,아시아의 별 손흥민 올시즌 정규리그에서만 9골 넣기까지…
275842,박기원 감독 대한항공의 통합우승 새 역사를 쓰고 싶다
275843,요르단 국왕 이스라엘 빌려준 토지에 주권 행사할 것
275844,위안부피해 할머니들 국빈급으로 모신 문 대통령…의전차량 제공
275845,김성식 민생경제점검회의서 추경안 제안할 것
275846,프로농구 현대모비스 SK 완파…시즌 첫 전 구단 상대 승...
275847,伊 오성운동민주당 새 연정 하원 신임투표 통과종합2보
275848,첼리스트 홍은선 내달 4년 만에 리사이틀
275849,국민연금 이재용 등기이사 선임안 전문委 회부 검토종합
275850,멕시코 베네수엘라 사태 해결 위한 대화 거듭 촉구
275851,이집트 28년 만에 월드컵 본선행…폴란드도 합류
275852,김해신공항 타당성 검증 보고서 전달받고 발언하는 이인영
275853,윤규진 체인지업 효과↑…후반기에도 길게 던지겠다
275854,8월 펀드 설정액 1조3천700억원 감소
275855,朴대통령 공직자 골프 좀 자유롭게 했으면 좋겠다
275856,트럼프 북미정상회담 예정대로 싱가포르에서 열릴 수도
275857,㈜동부 미래에셋생명 개인정보체계 고도화사업 수주
275858,게시판 인터넷진흥원 한국인터넷거버넌스포럼 개최
275859,與 시도당위원장 상당수 친박…전대 영향은
275860,카메라뉴스 춘천닭갈비막국수축제 앞두고 메밀꽃밭 조성
275861,인터뷰 하는 안무가 가이 숌로니
275862,화웨이 런정페이 내년까지 스마트폰 美 기술 의존 탈피
275863,김연경 37득점 한국 올림픽 세계예선서 캐나다에 3...
275864,북 수소탄실험 北매체 주민들 국력 과시에 환희 선전종합
275865,아버지 카드로 43억 슈퍼카 산 中재벌 2세…세금 때문에 피곤
275866,월드컵 쉽게 열리지 않는 멕시코 골문
275867,김현미 대출규제 완화 생각 안 해…부채 늘리면 한계 있다
275868,관중석 텅 빈 FC바르셀로나…스페인 국기 휘날린 레알 마드리드
275869,中 대미 보복카드 또 추가…미국 유학 이어 관광 주의보
275870,블라디보스토크 거리 간판에 적힌 한글
275871,여야 주요 인사 광주 집결… 임을 위한 행진곡 빗속 제창
275872,베테랑 골키퍼 카시야스 유럽 빅리그 재진입하나
275873,문의장 대통령도 청와대도 심기일전…촛불의 뜻 다시 읽어야
275874,홍콩 행정수반 친중파의 시위대 보석 비판에 자제 당부종합
275875,그래픽 핀테크 스케일업 추진전략 주요 내용
275876,트럼프 아베와 이즈모급 호위함 승선…日 F35 최대 구매국
275877,문민정부 첫 과기처장관 김시중 과총 명예회장 별세종합
275878,신간 우리는 저마다의 속도로 슬픔을 통과한다
275879,독재자 몰아냈지만 여전한 살인적 인플레에 짐바브웨 신음
275880,한미 FTA 정상 공동성명 서명 펜 선물
275881,中에 공들이는 日…시진핑 주석에 올해 2회 방문 요청
275882,해외서버로 유통되는 아동음란물 259건 접속 차단
275883,문재인 대통령 지지율 2주째 하락…70.6%리얼미터
275884,엔리케 FC바르셀로나 감독 올 시즌 후 사퇴
275885,獨난민구조선 선장 명예훼손 혐의로 伊부총리 고소 예정
275886,카카오 조수용 가상화폐 생각 안 해…블록체인 플랫폼에 주력
275887,아이폰 10년…한국의 일상과 문화 산업을 바꾸다
275888,美 맨해튼 한복판 빌딩옥상 헬기 불시착…9·11 악몽 아찔종합
275889,게시판 언론재단 초·중등교사 대상 미디어교육
275890,통신비 25% 약정할인 9월15일 시행…일단 신규약정자부터1보
275891,朴대통령 올해도 정ㆍ재계 인사에 제한적 사면권 행사
275892,오바마 방문앞 미군 日여성살해 파문 확산…미군기지철수 시위
275893,산업부 노딜 브렉시트 관계부처 대책회의 개최
275894,여자축구 윤덕여 감독 인천의 아쉬움 팔렘방에서 기쁨으로
275895,축사하는 안규백 국회 국방위원장
275896,北 美전투기 격추 가상영상 보도…파리 잡는것보다 쉬워
275897,국내 최대 아트마켓
275898,로열브루나이항공 브루나이런던 노선 매일 직항편 투입
275899,강풍에 높은 파도…인천 9개 항로 여객선 운항 중단
275900,한국도로공사 규탄 기자회견
275901,파다르 35득점 우리카드 OK저축은행 꺾고 4연패 탈출
275902,김종인 與 잠룡 남경필 만나 수도이전론에 끄덕
275903,안건조정위원회 회의실 들어오는 장제원
275904,삼성 갤럭시 클럽 통신요금 20％ 할인 기폭제
275905,싱스틸러로 함께 노래해요
275906,게시판 금투협 국내 부동산 개발·금융 실무 교육과정
275907,방중 北예술단 북중 우호 공연 마치고 8일 만에 귀국길
275908,광고·협찬 법규위반 9개 방송사에 과태료 1억원
275909,슈퍼스타 호날두 산티아고에 어린이병원 짓는다
275910,인도 법원 여객기 운항 중 화장실 오물 배출시 벌금
275911,이라크 IS가담 프랑스인 사흘 연속 교수형 선고
275912,아바스 팔레스타인 수반 이스라엘과의 협정 이행 중단할 것
275913,벤투호 사우디 상대 변형 스리백 가동…황의조 원톱
275914,호텔 서울마리나베이 ‘드림 키즈맘 행복한 외출’개최
275915,문체부 추석 연휴 기간 관광종합상황반 운영
275916,특징주 아모레퍼시픽 52주 신저가 경신
275917,과기부 15∼18일 글로벌 ICT 표준 콘퍼런스 개최
275918,상명대 제7회 전국동시지방선거 사진전 한라에서 DMZ까지
275919,KIA 타이거즈 꼴찌…광주은행 우대상품 고객들 속 타네
275920,네이마르바르사 소송전에도…MSN 트리오는 화기애애종합
275921,시리아 반군단체 러軍 시신과 포로 교환 요구
275922,신간 무고한 존재·드롭·유령함대
275923,산체스 7이닝 무실점 SK 2연패 탈출…NC 7연패 수렁
275924,삼성 단독 5위 도약…1천533일만의 KIA 3연전 싹쓸이
275925,팔레스타인 대재앙의 날 시위…이스라엘군 진압에 50명 부상
275926,DSR 작년 영업이익 128억원…44% 증가
275927,제주시 열대야 이틀째 지속…최저기온 26.9도
275928,세월호와 삶의 관계 말하는 건 작가의 의무
275929,선두 넘보지 마…이재영의 흥국생명 GS칼텍스 완파
275930,아쉬운 MWC 평창올림픽 홍보관…예산부족 때문종합
275931,김진욱 감독 돌아온 니퍼트·강백호에 나아졌겠지
275932,울산 반가운 비 소식…내일까지 최대 30㎜
275933,킹 제임스 35점 17도움…클리블랜드 선두 토론토에 역전승
275934,광화문광장 실제 미세먼지 농도는…
275935,우진비앤지 37억 규모 동물용의약품 공급계약
275936,英 존슨 더러운 프랑스놈들 욕설…BBC 다큐서 삭제 논란
275937,올해 세계 IT 지출 2.7% 증가…투자 불확실성 증가
275938,오늘의 투자전략 전 세계 베어 마켓 전환 가속화
275939,터키 외교장관 미국이 적대적 태도 보이면 보복조치할 것
275940,금융사 CEO·임원 연말 대폭 인사 예고…100명 넘게 임기 만료
275941,kt 연고지 군부대에 야구 전파…용품 전달
275942,축구협회 연령별 대표팀·유소년 전임 지도자 모집
275943,프로축구 강원 내년 홈경기도 춘천에서 치르기로
275944,숙원 푼 伊프로축구 AS로마…로마시 전용경기장 건설 승인
275945,이란 탄도미사일 시험은 어느 나라나 하는 정상적 국방 행위
275946,네덜란드 덴마크 꺾고 2017 유럽여자축구선수권 우승
275947,작년 오피스텔 시장 10조원 유입…10년 만에 최대
275948,미래부 플랫폼 중립성 개념 연구과제 발주
275949,프로농구 추일승 감독·이정협 주심에 제재금 100만원 징계
275950,남북 체육교류 통일농구 개최 관심
275951,내부자가 말하는 블랙리스트…그때 우리는 무엇을 했나
275952,그래픽 베일 벗은 LG G6…특징은종합
275953,이란 대통령 비이성적 美와 대화는 무의미…美 최악의 고립종합
275954,손 잡은 한미
275955,평화로웠던 금요예배 중 총탄세례…아비규환 속 공포의 20분
275956,폭설에 갇힌 제주 중산간 마을 이렇게 눈이 내린 건 처음
275957,아이폰서도 스팸문자 걸러낸다…후후 필터링기능 제공
275958,청문회 국회법 논란 ① 과잉 견제 vs 과잉 우려
275959,10년 만에 KS에서 SK 만나는 김태형 그때와는 분위기...
275960,카메라뉴스 해남 땅끝마을 맴섬의 황홀한 일출
275961,임종석 대통령 UAE 방문 만족…우리 기업에 좋은 일 생길 것종합
275962,현대엔지니어링 동반성장위원회 출범…상생경영 본격화
275963,미니 슈퍼화요일 힐러리는 본선경쟁력 vs 트럼프는 분노의 표심
275964,문대통령 내일 시도지사들과 일자리 창출 간담회
275965,화웨이 미국의 46개 계열사 추가 제재 반대
275966,朴대통령 장애인기능올림픽 선수단 오찬…공정노동시장 강조
275967,넷플릭스 우수 콘텐츠 언제든 볼 수 있게 하는 게 목표
275968,홍용표 대량탈북 논할 시점 아냐…수해지원 검토안해종합2보
275969,한경연 향후 4년 평균 잠재성장률 2.5%로 하락 전망
275970,세계야구소프트볼연맹 홈페이지서 강백호 프로 첫 홈런 소개
275971,성추문 만화가 박재동 피해자에 사과…책임지겠다종합
275972,최지만 멀티출루 성공…탬파베이 연승
275973,와∼여름이다…개장 첫 주말 전국 해수욕장 피서객 물결
275974,정부 3D프린터·AI보안기술·5G서비스 집중 육성한다
275975,입장 발표하는 안철수
275976,英·美 명문대도 울고 간 美재소자 팀의 시사토론 실력
275977,KT 멀티무선 접속 기술 5G 상용망 첫 테스트
275978,난감한 클럽 합동단속 점검팀
275979,MB 수사팀 구속·불구속 방안 모두 보고…구속수사에 무게종합3보
275980,경남 판형열교환기 생산업체 찾은 최종구 금융위원장
275981,양양군 지난해 무산된 경찰서 설립 재추진
275982,메신저 사용자 70% 단톡방 나가고 싶어도 못 나간 적 있다
275983,과연 1인1표 민주주의가 가장 덜 나쁜 정치체제일까
275984,커지는 CPU 칩셋 보안결함…PC 외 스마트폰도 패치해야
275985,금호아트홀 4년간 베토벤 특별 프로그램 선보여
275986,이주의 뉴스키워드 다스 법인카드 개헌안
275987,美 북극이사회 8개국 정책 수립에 중국 개입 반대
275988,현대상선 해운동맹 확정 아니다…9월전 가입 마무리
275989,잠금화면 플랫폼 버즈빌 인도 잠금화면앱 슬라이드 인수
275990,축구 대표팀 9월 국내서 코스타리카·칠레와 평가전
275991,손잡고 국감장 향하는 김동연박명재
275992,야당 송인배 정무비서관 임명에 비판
275993,김무성 집권여당 일대위기…각오 새롭게 다질 것종합
275994,신간 미술책을 읽다·아무래도 그림을 사야겠습니다
275995,4월8일 푸른 데얀 첫 슈퍼매치…26일부터 예매 시작
275996,이총리 돼지열병 북한서 내려왔을 가능성 인지해야
275997,KOVO·KBSN 한국태국 여자배구 올스타 슈퍼매치 수...
275998,막말 파문 윤상현 새누리 탈당…내일 무소속 출마 선언종합
275999,프로농구 서울 SK 일시 교체 선수로 윌리엄스 영입
276000,내일부터 청문회 전쟁…여소야대 국회 창과 방패 대결
276001,靑 촛불 속 한해 마감…朴대통령 세밑 탄핵심판 대비 열공
276002,UEFA 파리 생제르맹 FFP 위반 여부 조사 착수
276003,이번엔 위대한 개츠비…이정서씨 또 번역 시비
276004,LGU 갤노트7 제휴 할인 혜택↑…최대 46만원 할인
276005,게시판 KBS국민패널 신규 모집
276006,현대로템 현대위아에 645억원 규모 부동산 매도종합
276007,금투협 소·부·장 투자 1천억원 펀드 11월 출시
276008,첼시 웨스트브로미치 10 제압…EPL 우승 확정
276009,국토부 분양권 불법전매 단속…강남 등 현장점검종합2보
276010,삼성 갤럭시S8 美 컨슈머리포트 배터리 성능평가 1위
276011,이동통신 서비스 장애로 5년여간 1천800만명 피해
276012,게시판 하나투어 관광산업 육성 위한 투어챌린저 14기 종료
276013,민주 의총 거국내각부터 하야·탄핵 주장까지 분출
276014,北김기남 대북확성기 방송 비난…전쟁 접경에로 몰아간다
276015,피폭 노동자가 증언하는 후쿠시마 원전 은폐와 속임수
276016,소프트웨어에 힘주는 삼성…첫 빅스비 개발자 데이 개최종합
276017,접속장애 과징금 페이스북 방통위 상대 불복 소송
276018,광주·전남 주말 최고 20㎝ 폭설 예보
276019,러 美드론이 구호차량 공습 책임공방 계속…늪에빠진 시리아
276020,4차 산업혁명 주무부처 과기정통부…2년 성과는
276021,소니 엑스페리아XZ1 써보니…소리부터 다르다
276022,하나은행 여자농구 드래프트 1순위로 WNBA 출신 파커 지명
276023,확대간부회의 참석하는 이인영
276024,마에다 또 울린 오타니…다저스 에인절스에 패배
276025,정운천 전북 제 3 금융중심지 신속 추진
276026,中 G7 홍콩 자치 지지 언급에 쓸데없는 참견 말라
276027,나이지리아서 중국인 2명 무장괴한에 피랍…경관 1명 피살
276028,월드컵 한국전 앞둔 멕시코 라윤 조직적인 한국…접전 예상
276029,네오위즈게임즈 리우올림픽 모바일 게임 전세계 출시
276030,2018 IYF월드문화캠프 중국 청소년들의 공연
276031,스마트폰 좀비 못 피한 자율주행 버스…빈市 테스트 중단
276032,방북 중 안전사고시 책임 본인 감수 확인서 논란
276033,북한도 메르스 종료…개성공단 출입인원 발열검사 중단종합
276034,더민주 새 지도부 단합 외치며 첫발…친문 일색 지적엔 경계
276035,독일서 2차 세계대전 불발탄 발견…8천명 대피
276036,발레리나 김주원 세종문화회관서 탱고발레 공연
276037,카슈끄지 아들 사우디 정부와 합의금 논의 안 해
276038,투수 타자 최소 3명 이상 상대·NL 지명타자제 도입
276039,이정미 사법농단 판사 탄핵 계속 추진…모든 정당 참여해야
276040,작년 EU 망명신청자수 63만여명…2014년 수준으로 줄어
276041,정의용 9월 유엔총회서 남북미 정상회담 실현되지 않을 것
276042,특징주 대한항공우 급등 지속…한진그룹주 강세
276043,LH 저소득층 노후 주택 2만1천가구 수리 돕는다
276044,경남 함양·산청에 포켓몬 고 이용자들 몰린다종합
276045,코스피 글로벌 훈풍에 상승…코스닥은 연중 최고치 출발
276046,뮤지컬 세븐 관객심사 거쳐 정식공연으로 제작
276047,차세대 보안리더 6기 교육생 140명 선발…내달 4일 발대식
276048,임실 28㎝ 눈…전북 굵은 눈발·한파에 교통사고 빈발
276049,전광인·이강원·OK저축은행 삼총사 FA 시장 나온다
276050,박지원 비대위 安색깔 지키며 脫지역…호남서 朴견제 기류종합
276051,비예나 39점 대한항공 현대캐피탈에 설욕전 펼치고 1...
276052,아가방 中투자유치 브로커 미공개 정보로 50억원 챙겼다
276053,독일 5월 실업률 5%…최근 2년만에 첫 상승
276054,예결위 결산심사소위
276055,미래부 창조경제 과제 자체 평점 A에서 F까지
276056,특징주 바이로메드 유전자치료제 성공 기대에 강세
276057,과총 차기회장 후보에 김명자 전장관…50년만의 여성 수장
276058,우승 앞둔 박미희 감독 남의 덕 볼 생각을 말아야죠
276059,美하원 北시리아 철수는 잘못 결의안…협공받는 트럼프
276060,유영민 장관 통신3사 5G 필수설비 공유 추진…KT 난색종합
276061,22세 IBK 해결사 어나이 훈련량 많지만 얻는 것도...
276062,사우디군 예멘 반군 폭격…반군 수감자 100여명 사망종합
276063,게시판 페이스북 IT 전공 대학생 대상 이노베이션 랩 로드쇼
276064,朴대통령與지도부 오찬회동 종료…1시간50분 진행속보
276065,보라스는 류현진에게 크리스마스 선물 안겨줄까
276066,추신수 에인절스전서 홈런 포함 3안타…시즌 타율 0.33...
276067,터키 에르도안 미국에 쿠르드 총사령관 넘겨라
276068,2017 삼성행복대상 시상식
276069,거래소 고속도로 주유소 석유시장 참여 MOU
276070,라틀리프 22점…한국 남자농구 일본과 원정 평가전 패배
276071,영상 자동차 살 필요 없다 일본서 뜨는 MaaS
276072,청소년 위한 역사서 세계사 컬렉션 발간
276073,英 북한 인권 우선 대상국 지정 VOA
276074,예결소위 추경심사 착수…여야 대립에 건건이 보류
276075,KBS 매주 목요일 지역총국 제작 뉴스 선보인다
276076,민주 새 원내대표단에 초선 의원 5명 추가 합류
276077,한중 5G 이동통신 추가 주파수 확보 위해 협력
276078,佛 법원 유력 대권주자였던 피용 전 총리 기소명령
276079,니퍼트 통산 99승째 kt 넥센 꺾고 4연패 탈출
276080,홍기택 끝내 청문회 불출석…여야 증인·자료 부실 질타
276081,해체 KDB생명 박영진 감독 내일이면 기약 없는 휴가 갑니다
276082,세르비아 간 푸틴 서방의 나토 확장 시도 발칸반도 안정 해쳐
276083,하현회 LG유플러스 부회장 CES 2019서 10년 성장동력 찾는다
276084,귀막은 자유한국당 송언석 의원
276085,전면금지 대마 성분 의약품 자가 치료용 수입 허용
276086,中 국가기술안전관리 리스트 시행…美 기업 정조준
276087,과학기술혁신본부 제기능하려면 예산배분 실명제 도입해야 종합
276088,SK 로맥 힐만 감독 내가 지금껏 만난 최고의 지도자
276089,운송원가 갈등 삼성교통 노조진주시 충돌…공무원 3명 부상종합
276090,내달 210개 기업 공정한 비즈니스 환경 조성 선포식
276091,靑참모 10여명 지방선거 출마 채비…광역출마자 내달초 사직
276092,국민연금은 거수기…주총 반대의견 10건당 1건종합
276093,금융사 연체가산금리 최대 3%P로 인하…이달말부터 시행
276094,자국출신 IS조직원 귀환 꺼리는 佛 이라크서 사형은 반대종합
276095,중국·터키 위구르 음악가 수용소 사망설 진실 공방
276096,北 간첩사건 연루 혐의 주민 300명 체포 RFA
276097,과기정통부방통위 ICT 정책 잇단 엇박자 어리둥절
276098,이통사들 소송 포기…25% 약정요금할인 예정대로1보
276099,인도 제트기 2대 에어쇼 연습 중 충돌…일부 조종사 탈출
276100,페이스북 성장호조…순익 124% 매출 52% 사용자 17% 증가
276101,美공화 대선후보 TV토론…트럼프 없어도 주인공은 트럼프
276102,현대중공업 뉴질랜드서 30년 만에 함정 수주
276103,질문에 답하는 한성숙 네이버 대표
276104,정의용·서훈 美서 세차례 면담…트럼프에 北 메시지 전달종합2보
276105,동정 최양희 미래창조과학부 장관
276106,朴대통령 北후방테러 대비위해 테러방지법 제정돼야
276107,문 대통령홍준표 청와대 단독회동…김기식 사태 분수령
276108,문체부 국립오페라단장 해임 방침…억울하다 소송 검토
276109,20대 국회 넉달반 동안 2천481건 발의…처리건수는 0
276110,MBC 방송의날 특집 시청자가 주인이다…최승호 사장 출연
276111,경남 최다선이냐 신인이냐…마산합포 선택은
276112,코스피 글로벌 증시 훈풍에 장중 2020선 진입종합
276113,달의 뒤태가 드러났다…中 창어4호 완벽 성공 선언종합
276114,한국당 국토위원장 버티기 박순자 당원권정지 6개월종합
276115,용산공원에 묻다 토론회
276116,증시신상품 KB중소형고배당 목표전환펀드 출시
276117,더민주 강령파동 노동자 문구 유지 가닥…불씨는 남아종합
276118,문대통령 한반도 평화는 아시아·유럽 공동번영으로 이어질 것
276119,트럼프의 시리아 철군이 초래한 5가지 결과
276120,출협 출판계 블랙리스트 제도개선합의안 이행하라
276121,위클리 스마트 갤노트10 기본·플러스 모델 뭐가 다를까 실제 써보니…
276122,토트넘 FA컵 4강서 최강 첼시와 격돌
276123,5G 대한민국에 오신 걸 환영합니다
276124,선글라스 껴도 얼굴인식…아이폰X 페이스ID 신기하네
276125,中 화웨이는 벌써 P10 들고 거리로…유럽시장 맹공
276126,혈액줄기세포 젊게 유지하는 비결 발견
276127,민주 북미관계 엇박자 없다…예산 발목잡기 한국당 공격도
276128,이란 최고지도자 군사고문 미국 어떤 음모에도 대응
276129,IoT 캡슐로 소 질병·분만 관리한다…SKT 라이브케어 출시
276130,5거래일 연속 올랐던 원달러 환율 0.7원 하락 출발
276131,1조원대 공모 홈플러스리츠 내달 29일 코스피 상장
276132,한국당 曺·靑·與 맹공…검찰수사 정의 세우라는 국민 명령
276133,프랑스 법원 라가르드 IMF 총재 장관 재임시 과실 혐의 유죄종합2보
276134,코스피 美증시 호조·ECB 기대에 2010선 껑충종합
276135,푸틴 러트럼프 내통 증거 못찾은 뮬러특검 결과 예상했던 일
276136,하나은행 계좌 없이 조회·승인하는 신용대출 출시
276137,내일날씨 내륙 아침 최저기온 영하…전국 미세먼지 보통
276138,2018 캐치프레이즈 잃은 kt…미투 고은 헌정시 폐기
276139,극장골 각인 손흥민 선덜랜드전 출격 기회 잡을까
276140,외국인·토종 조화 흥국생명·GS칼텍스 치열한 선두경쟁
276141,난파 직전의 첼시 정상에 올려 놓은 콘테 감독
276142,주말 N 여행 수도권 양평 연꽃 세상…흐드러진 연못서 연잎 밥·차 즐겨요
276143,美·터키 갈등의 원인 러시아산 S400 미사일 터키 첫 도착종합
276144,컴퓨터로 다공성 복합재료 설계…실제 합성 첫 성공
276145,장마 때문에…전국 해수욕장 유명산 관광지 썰렁
276146,김대중 전 대통령 7주기 추도식 오늘 국립현충원서 거행
276147,日 국제기구에 일본인 1천명 보내자…공무원 파견 독려
276148,고난의 길 걷는 류현진 NLDS 5차전 나선 뒤 이틀 뒤...
276149,남북정상 평양회담 가능성 큰듯…靑 내일 시기·장소 합의기대
276150,SBS노조 태영건설 회장 배임혐의 고발…SBS 문제없어
276151,KBO 법정구속 된 이장석 히어로즈 대표이사 직무정지종합
276152,해적 잡는 괴물 류현진 피츠버그 상대 6전 6승
276153,서울개인택시조합 타다 규탄 결의대회
276154,나경원 문대통령 수사 필요성 면밀히 들여다봐야
276155,문대통령 캐나다 등 6개국 주한대사 신임장 받아
276156,위클리 스마트 봄바람에 술렁이는 카메라 시장
276157,첫 4연패 김태형 감독 오재일아 너라도 위로가 된다
276158,고전과 연극의 만남…산울림 고전극장 올해 주제는 셰익스피어
276159,효성 한중 반도체 관련 첨단 화학소재에 3천억 투자
276160,영상 애플 25일 TV·뉴스·아이패드 새 버전 선보일 것
276161,女배구 라바리니 감독 태국전 점수 75점…보완할 점 있다
276162,최대 위기 롯데…호텔·MA·면세점 휘청종합
276163,靑 친박 명예퇴진 건의에 朴대통령 여러 말씀 경청
276164,클린턴·트럼프 내주 정세브리핑 받아…이메일 공방 격화되나
276165,유커 대신 일본 관광객 부산 갈맷길 상품개발
276166,대산문학상에 조해진·오은
276167,그리스 경찰 크레타섬서 美과학자 살해 용의자 체포
276168,70년 전 끔찍한 전쟁의 현장 젊은 독자들 생생히 느끼길
276169,레스터시티 대행 셰익스피어 정식 감독으로 선임
276170,5·18 푸른 눈의 목격자 이름 새긴 국제 보도상 추진종합
276171,美민주당 대선주자 부티지지 남편과 백악관서 가정 꾸릴 것
276172,5차 러·터키·이란 정상회담…시리아 사태 정치적 해결 강조종합
276173,고학찬 예술의전당 사장 중국미술관 국제고문 추대
276174,통일부 지역 통일거점 인천 통일 센터 10일 개소
276175,靑 野 방중에 우리 내부분열 심화시킬 우려
276176,토머스 지각 데뷔전 치른 NBA 클리블랜드 3연패 탈출
276177,중국서 K팝·국악·가곡 등 한국음악 9만곡 음원 서비스
276178,이란 드론 격추용 대공 레이저 대포 대량생산 시작
276179,靑 청렴사회 공감하면서도 경제위축 고민은 계속
276180,신간 세상의 모든 딱정벌레·위작×미술시장
276181,한국·터키 피로 맺어진 형제
276182,실바 역전골 맨시티 웨스트햄 21 제압…13연승 타이
276183,6·13 지방선거 기간 선거운동 문자 스팸신고 46만건
276184,아시아나 마일리지로 갤럭시S9 싸게 산다…5천대 한정 판매
276185,쓰레기 불법배출 야간 단속 중
276186,아쿠냐 Jr MLB 역대 두 번째 최연소로 3030클럽 가입
276187,NH투자 포스코케미칼 2차전지 소재 급성장 기대
276188,대구 청년 어려움 해결하는 희망공동체 만든다…19일 선포식
276189,통일부 北·中 정상간 소통 비핵화·평화체제에 도움
276190,北 반기문 대선출마 시사 후 일주일째 막말 비난
276191,中 美의회 홍콩 관련 법안 추진에 내정간섭 강력 반발
276192,KT 마이런 부산 행사서 5G 서비스 시연
276193,北 마라톤 선수단 올림픽 참가 자격위해 부정행위
276194,울산소식 울산종합일보 서울·경주·포항지사 개소
276195,법원 KBS 보궐이사 선임 중단 한국당 신청 각하
276196,SKT 인천 장애인사이클 선수단 활동 지원
276197,삼성전자 MWC 글로모 어워즈 최다 후보
276198,서울 이랜드 베네수엘라 U20 대표 출신 공격수 페블레...
276199,명말청초 시기 중국 사대부들은 어떻게 살아남았는가
276200,제3회 부동산 산업의 날 화합 퍼포먼스
276201,KTX 개통 15주년 기념음악회
276202,하나금투 삼성물산 1분기 영업익 기대 이상…목표가↑
276203,세밀한 염경엽 사단 완성…감독·수석·타격코치 인연도 눈길
276204,천 년의 소리 감상하세요…경주서 소리축제에밀레전
276205,구글 상반기 국내 최고 인기 검색어는 미세먼지
276206,북한날씨 북부내륙 약간의 눈
276207,중국·바티칸 수교 급물살 타나…시진핑 교황에게 선물보내
276208,쿠티뉴·코스타·뎀벨레…파업하는 축구스타들 나 이적시켜줘
276209,대중이 원하면 스타가 답한다 스타 국민청원 앱 눈길
276210,송파구 아파트 전월세 전환율 첫 3%대로 하락
276211,MB 친형 압수수색에도 대응 없이 정중동…한국당도 신중종합
276212,브렉시트 강경론자 존슨 前 영국 외무 당대표 출마 공개선언
276213,바르사 챔스 16강 탈락 위기…PSG에 04 충격패
276214,가이드북 NO…스마트폰 AI 비서 여행 도우미로 수요↑
276215,개헌 간절하게 생각해야…문 대통령 발의권 행사 초읽기
276216,위클리 스마트 MWC서 공개되는 스마트폰 티저영상 보니
276217,브라운 45점 폭발…프로농구 전자랜드 삼성 제압하고 3연승
276218,朴대통령 11일 이란방문 성과 토론회…후속조치 착수
276219,장원준 2년 연속 방어율 2위…올해는 1위 욕심 나네요
276220,태권도 하는 폴란드 어린이들
276221,인터뷰 류현진 친구에게 안타 맞는 것 싫어해…승부는 냉정
276222,신간 글로벌 트렌드 2035·마르케스의 서재에서
276223,아이폰X 조기 등판에 공급부족 전망…첫 2주가 고비
276224,일감 없는데 단가 후려치기…조선기자재업 죽을 맛
276225,대한민국 임시의정원 개원기념식 참석한 홍영표와 나경원
276226,삼성전자 vs LG전자 전략 스마트폰 흥행 성적 극과 극
276227,세계신문협회 총회 개막…황금펜상 마리아 레사
276228,英 여론조사 존슨 총리 합의안 지지 41%…반대 24%
276229,KIA 김민식 자리 지키려 마무리캠프 자청…올해는 쉬어야죠
276230,예스24 제4회 웹소설 공모전
276231,중동 이슬람권 시리아 공격 터키 한목소리 규탄
276232,아마존 알렉사 덕에 3년 후에는 11조 원 추가 매출 가능
276233,게시판 LGU UAR서 뽀로로·콩순이 등 키즈 콘텐츠 60편 제공
276234,2019년 오승환의 무기는 체인지업…최소한 구종 늘리는 효과
276235,프로농구 SK 헤인즈 감기몸살로 7일 경기 결장
276236,네이버 개인용 유료 클라우드 저장공간 2배 확대
276237,아시안게임 한국인 감독 4강 더비…학범슨 vs 쌀딩크 ...
276238,좌완 카이클 MLB 화이트삭스와 계약 합의…류현진만 남았다
276239,김도훈 울산 감독 위기의 시절…난관 벗어날 수 있다
276240,연예인 대신 소방관…달라진 갤노트8 개통행사 풍경
276241,아웃사이더 트럼프 마침내 美공화당 대선후보로 선출종합3보
276242,통일부 북한인권기록센터·공동체기반조성국 설치종합
276243,출근길 눈 내리는 경기북부…한파는 다소 풀려
276244,LG G6 파생상품 오늘 출시…G6 32GB 최저 53만원대
276245,류현진 7이닝 2실점 3승 눈앞…킹캉 강정호에 판정승
276246,토트넘 입단 500일 손흥민 시즌 8호골로 자축종합
276247,프로농구 DB 현대모비스 10연승 저지하고 매직넘버 2
276248,토론토 NBA 동·서부 콘퍼런스 1위 대결서 골든스테이트 완파
276249,불법사행산업 근절을 위해
276250,미국 재대만협회 백색테러中정부 연계 의혹 보도 공유종합
276251,지역 찾아가는 국립현대미술관 미술은행 소장품전
276252,한국시인협회 60주년 콘서트·대산문화재단 수요낭독공감
276253,연합이매진 동화 같은 휴양지에서 여름을 즐긴다
276254,규제 역차별 없앤다…외국 IT사업자 제재 강화 추진
276255,朴대통령 국가 RD 근본적 혁신…과학기술전략회의 첫주재
276256,구제역 대응 살처분말고 다른 방식은 없을까
276257,보이싱피싱 예방하세요
276258,코스피 혼조세…2310선 전후 보합권 등락
276259,장애인도 시청자…KBS 9시뉴스 수어 통역 해야
276260,美러시아 베네수엘라 둘러싼 원조 전쟁
276261,MLB 양키스 27시즌 연속 승률 5할 이상 달성
276262,獨열차 탈선테러 시도 이라크 출신 난민 빈에서 체포종합
276263,대구·경북 맑은 가을 하늘…내륙 일부 안개
276264,우리은행 투자숙려제도·고객 철회제도 도입 검토
276265,퍼레이드 준비하는 전국대학학생회네트워크
276266,산은 회장 대우조선 채권단 최대 4.2조 자본확충 합의
276267,시각·청각 장애인 위한 청와대 관람 해설영상 제작
276268,과기부 디지털 콘텐츠 육성 18개 사업에 170억원 지원
276269,아프로서비스그룹 2019 경영전략회의·전사워크숍
276270,亞 최초 ERA 1위 류현진 최소 볼넷 등 주요 기록...
276271,伊 신임 외무 EU 가치 중시…아프리카와 전략적 관계 구축
276272,얘기 나누는 장하성 정책실장
276273,구글플레이 올해 한국 매출 첫 3조원 돌파…리니지 효과
276274,KT 기존 랜선 기반 10기가 인터넷 기술 상용화
276275,라이베리아 학교서 화재로 어린이 최소 30명 사망
276276,논의하는 여당제1야당
276277,네덜란드 대테러기구 테러 공격 발생 가능성 매우 우려
276278,北 김정은 북남대화·관계개선 노력…신년사서 핵 언급 자제종합
276279,춘천 호수별빛축제 내달 1일 개막…30일 점등
276280,아프간 탈레반 고위층 카타르서 미국과 평화협상
276281,韓여행수지 적자 1위 지역 미국서 유럽으로…14년만에 선두 교체
276282,ECB 차기 수장 라가르드 매우 완화적인 통화정책 유지 필요
276283,美백악관 검문소서 총격사건 발생…일대 폐쇄 조치종합
276284,위기의 야후…직원 15% 감원 발표 전망
276285,우리카드 중소기업 특화 법인카드 출시
276286,길따라 멋따라 이런 곳까지 있었나…외국인이 더 찾는 포천 여행지들
276287,공기계 휴대전화 숨겼다고…태권도부 코치가 여중생 마구 폭행종합
276288,파국 국면 접어든 남북관계…군사적 충돌 우려
276289,행자부 日총무성과 교류회의…저출산 문제 협력 합의
276290,류허 부총리 中대표단 무역협상차 워싱턴 도착
276291,야권 러브콜 뿌리친 정운찬 현실정치 문턱서 또 유턴
276292,최지만 2점 홈런 폭발…시즌 4호
276293,피에스텍 작년 연결 영업익 45억원…75원씩 배당
276294,3분기 실적시즌에 제약 울고 산업재 웃는다
276295,한국당 조국 통화 전면공세…바른미래당과 탄핵 공동전선종합
276296,꽉 막힌 브렉시트 조기총선 도박으로 돌파 나선 英존슨
276297,국토부 강남·동탄 등지서 분양권 불법전매 2차 점검
276298,러시아 한국 배치 사드 러 겨냥 않는다는 법적보증 있어야
276299,예멘서 정부군분리주의 세력 충돌…내전속 내전 조짐
276300,내부고발자 대통령 통화내용 폭로 가능한가
276301,푸틴 시 주석에 러북 정상회담 결과 설명…한반도 정세 논의
276302,박종진 1군 사령관 경례받는 문 대통령
276303,中매체 한일관계 악화 美 아태지역 전략에 악영향
276304,대학교수들 언론사 대학평가 공정하지 않아…거부해야
276305,朴대통령 이원종 비서실장 등에 임명장 수여
276306,알림톡 무단 발송·URL 노출 카카오에 과징금
276307,佛경제장관 닛산 경영 최고위급 1명 합의대로 르노 출신 둬야
276308,삼성 러시아·중국에 갤S9 체험 갤럭시 스튜디오 오픈
276309,122석 수도권이 승패 갈랐다…與 34승 그쳐 사상 최저승률
276310,SK텔레콤 5G 혁신연합체 TIP 초대 의장사 선임
276311,KT·삼성·노키아 5G 포럼 출범…평창 동계올림픽 준비
276312,부산 영화의전당서 아랍영화제
276313,민주 오늘 패스트트랙 처리 재시도할 듯…한국과 재충돌 전운
276314,강경화 한일정상회담 여부에 아직 갈 길이 멀다종합2보
276315,한은 올해 성장률 전망 2.9%→2.7%로 낮춰…6년 만에 최저
276316,朴대통령 중·러 순방 열공모드…내일 추경·北위협 메시지
276317,中왕이 北비핵화·평화·대화통한 해결 하나라도 빠져선 안돼
276318,우버 운전자 범죄경력 조사 강화…승객 안전 제고 위해
276319,폭염특보 대전·세종·충남 전역으로 확대…최고기온 35도종합
276320,프로농구 DB 시즌 첫 연승…최하위 삼성은 속절없이 7연패
276321,MLB 벨린저·앤더슨 양 리그 월간 MVP 수상
276322,이해찬 대표 예방한 제임스 최 주한호주대사
276323,개포주공8 디에이치자이 개포 평균 분양가 4천243만원
276324,수원 이병근 대행 2차전에서 반드시 승리해 결승 가겠다
276325,네이마르 떠난 바르사 MSN 해체…PSG는 유럽 대권...
276326,中日 시진핑 방일 맞춰 제5의 정치문서 작성 검토
276327,킹 목사의 날에 美민주 대권레이스 시동…흑인표심 집중공략
276328,헌트 英외무 노 딜은 안돼 유력 총리 후보 존슨에 공세 이어가
276329,트럼프 TV토론은 이미 충분…폭스뉴스 주최 TV토론 불참
276330,더캐피탈그룹컴퍼니스 SK하이닉스 지분 7.85% 보유
276331,자성물질 간 새 상호작용 입증…차세대 자성메모리 가능성
276332,제네시스 2019 서울모터쇼 참가
276333,눈보라에 제주공항 활주로 한때 폐쇄…64편 결항·19편 회항종합
276334,日 지난해 아동학대 의심사례 사상 최다…14년 연속 증가
276335,해지환급금 없는 종신보험 설계 신중하게 해야
276336,문대통령 오늘 여당 지도부와 오찬 하며 한해 마무리종합
276337,교황 멕시코 언론과 인터뷰서 美의 멕시코 장벽 건설은 잘못
276338,1보 당정청 늦어도 7월 추경 집행…금주초 국회논의 시작돼야
276339,과기정통부 단통법 후 통신요금 4천원↓…소비자부담 완화
276340,롯데손해보험 작년 영업익 1천11억원…182% 증가종합
276341,다저스 커쇼 복귀전서 푸이그에게 투런포 헌납
276342,달콤커피가 선보이는 국내 첫 로봇카페 비트
276343,갤노트10 써보니…풀스크린 디스플레이가 한 손에 쏙
276344,카카오톡에 게임 탭 생긴다…게임 플랫폼 강화
276345,프로배구 선수 꿈 이룬 이정후 야구 이정후만큼 유명해질래요
276346,평창 성화 들고 휴보가 간다
276347,故 윤영선 유작 쥐가 된 사나이 공연
276348,19대 국회 통과법안 20대 재의할 수있나…자동폐기 논란
276349,레이더로 정밀하게 삼성 KBO 최초로 트랙맨 시스템 ...
276350,北매체 장거리 미사일 발사 성공 연일 자축
276351,방송광고 법규위반 23개 방송사에 2억원 과태료
276352,로또아파트 예비당첨자에서 분양 끝…잔여 물량 찔끔
276353,라인 내달 美·日 동시 상장…최대 1조2천억 조달종합3보
276354,렌치 伊총리 우리 국민투표는 브렉시트 투표와 달라
276355,여객기서 잠들었다 착륙 후 갇힌 승객…캐나다항공 조사 중
276356,한미약품 주당 0.02주 무상증자 결정
276357,정의용 대북 수석특사 文대통령 비핵화 의지 분명히 전달할 것
276358,대한항공 알렉스 내달 특별귀화 여부 결정된다…법무부 심의
276359,네이버 빅데이터 활용해 스타트업 지원한다
276360,한은 직원이 찾아갑니다…경제통계 해설 강좌 신청 접수
276361,인삼송어축제 준비로 분주한 홍천강
276362,黃권한대행 시민사회 단체로부터 조언…공정한 인사권 행사
276363,軍 北SLBM 위협 대응 3천t급 잠수함 건조…탄도미사일 탑재
276364,올해 설 차례상 비용 17만6천원…작년보다 1.8％ 올라
276365,베스트셀러 에세이 곰돌이 푸 행복한 일은 매일 있어 인기
276366,현대로보틱스가 개발·제작한 모바일 서비스 로봇 유니
276367,공룡 파충류보다는 타조·매 등 새에 가깝다
276368,아스널·리버풀 난타전 끝에 33 무승부
276369,KCGI 한진칼에 감사·이사 새로 뽑고 보수 줄이자 제안종합
276370,김민성 연타석포·한현희 첫승 넥센 LG에 위닝시리즈
276371,靑 문건유출 조응천 무죄·박관천 징역 7년→집유종합
276372,황금연휴 이틀째 전북 흐리고 옅은 황사
276373,법률상담·의료진단을 인공지능 기계가 대체…새 고용정책 필요
276374,프로배구 KB손해보험 권순찬 감독과 재계약
276375,미군 리비아 내 IS 훈련캠프 공습해 40여명 사살종합
276376,가상화폐 인기에 악성코드 기승…랜섬웨어 신고 3.7배↑
276377,SKB 콘텐츠 크리에이터 육성 프로젝트 Be Creator 진행
276378,신태용 감독 스웨덴·멕시코 집중 분석…해볼만하다
276379,V50 씽큐 예상외 선방에도…LG폰 2분기 3천억대 적자
276380,추신수 이틀 연속 멀티히트…만루에서 적시타
276381,FC바르셀로나 네이마르에 113억원 소송…계약 위반
276382,중국폰의 딜레마…고가폰 비중 낮고 저가폰 마진 악화종합
276383,홍콩 행정수반 친중파의 시위대 보석 비판에 자제 당부
276384,시리아 다마스쿠스 겨냥한 이스라엘 미사일 요격 주장
276385,방통위 추석연휴 휴대전화 불법 보조금·떴다방 특별감시
276386,문 대통령 정책기획위원회 오찬 간담회 참석
276387,中 오만 전력회사 지분 49% 확보…아라비아반도에 영향력 확대
276388,아시아나 3만 마일리지로 갤럭시S8 21만원 할인
276389,그래픽 주요 상장사 및 금융권 임원 비중
276390,인사청문 슈퍼위크…與 철벽엄호·野 송곳검증 격돌
276391,나경복 개인 첫 트리플크라운…우리카드 구단 최다 타이 5연승
276392,언론노조 드라마 제작현장 실태조사·대책마련 촉구
276393,미래부 개도국 기후변화 대응 위해 10억 기부
276394,유엔 北제재 초강력 제재에도 조용한 북한 유엔대표부
276395,NBA 골든스테이트 샌안토니오 15점 차 격파…3점슛 1...
276396,LS엠트론 자동차 부품 사업 분할…신설회사 설립
276397,경기남부 눈 많이 안 왔지만…출근길 빙판 조심해야
276398,폭염 피해 줄인다 광주기상청 예보 시범서비스
276399,한국여자배구 U18 세계선수권대회서 캐나다에 석패
276400,두께 1㎛ 태양전지 개발…연필에 감길 정도로 유연
276401,오늘 오후 9시 수도권 등 중부 한파경보…행안부 건강 유의속보
276402,은행장 새해전망 집 투자는 글쎄…주택대출 안늘릴 것
276403,아베 총리 내외 주최 만찬 마치고 나오는 이낙연 총리
276404,월미도 케이블카 이번엔 될까…2019년 운행 목표
276405,고프로 360도 VR카메라 퓨전 출시
276406,靑 설 당일도 비상근무체제…北추가도발 대비태세
276407,더민주 3선 이상 50% 정밀심사…중진 피바람 예고
276408,일괄사의 비대위원들 한밤의 읍소…김종인의 선택은
276409,멕시코 가사 도우미 노동권 향상…서면 계약하고 보너스 줘야
276410,인터넷 동영상도 라이브 시대…누리꾼 70% 시청 경험
276411,인도 페이스북 무료 인터넷 서비스 프리베이식스 불허
276412,LG CNS 말레이시아 버스정보시스템 구축사업 수주
276413,野 최순실 출두에 의혹 명백히 밝혀 국민 납득할 결과 내놔야
276414,김연경 출전 시간 늘었지만…한국여자배구 독일에 완패
276415,지지부진 증시에도 인덱스주식펀드는 자금몰이
276416,朴대통령여야 3당 원내 지도부 오후 3시1분부터 靑회동
276417,제주 연간 관광객 500만명 최단기 돌파…2주 앞당겨
276418,남북정상 핫라인 개통 브리핑
276419,SNS돋보기 올해 국세수입 11조 증가…필요하고 소중한 곳에 써야
276420,유로스타트 EU·유로존 올해 1분기 고용수준 역대 최고
276421,백두산에 남북공동 과학기지 만들자…협력거점 될 것
276422,국경과 언어 넘어선 인간성 탐구…이시구로의 문학세계종합
276423,휴전 깨진 시리아 북서부서 정부·반군 교전으로 55명 사망
276424,MLB 벌랜더 특정 기자만 클럽하우스 출입 거부해 논란
276425,유엔 인권최고대표 트럼프 IS 방식으로 증오 불지른다
276426,GE헬스케어 광주세계수영대회에 영상의료장비 지원
276427,게시판 과기한림원 GMO노벨상 수상자에게 묻다 워크숍
276428,그래픽 남북 주요 철도망
276429,이란 고성능 원심분리기에 육불화우라늄 주입…핵합의 이행축소
276430,주택경기 주춤…건설 체감경기 두달 연속 악화
276431,한화 태양광 등 3조4천억 투자…일자리 5천100개 창출
276432,朴대통령 강력한 대북제재·국제공조 강조…北경고·中압박
276433,신세계에서 삼성페이 사용 가능해진다
276434,英 메이·레드섬 총리 경선 결선 진출…26년 만의 여성 총리종합2보
276435,프랑스 요리축제 전 세계 150개국서 열린다
276436,터키 쿠르드 군사작전 임박…대통령실 곧 시리아 국경 넘을것종합
276437,영상 김학의 사건 수사단장 결과를 국민께 소상히 밝힐 것
276438,프로농구 인삼공사 이상범 감독을 적으로 만났다
276439,잠실5단지 50층 재건축 제동에 매매시장도 급랭
276440,백인우월주의자의 증오범죄…히스패닉 텍사스 침공 성명 주목종합
276441,미국 대도시 강력사건 발생률 증가세…경찰 대책 마련에 부심
276442,확대되는 삼성증권 팻핑거 사태
276443,대전충남 사흘째 꽁꽁…계룡 영하 15.6도
276444,영상 시즌 10승·통산 50승…류현진 완벽한 전반기 마무리
276445,문 대통령 새해 두 가지 소망은 한반도 평화와 국민 안전
276446,KT 평창 5G 시범서비스용 중계기 개발…기지국 연동 성공
276447,HDC아이콘트롤스 3분기 영업익 44억원…1.7% 증가
276448,클래식 감상에도 룰이 있다…캐스터가 해설하는 클래식 공연
276449,류현진 전 에이전트 광고모델료 가로채 고소…재판 중
276450,남자배구 호주·인도·카타르와 도쿄올림픽 예선 한조
276451,판문점선언 이행委 5월 중순 안에 남북 고위급 회담 열기로
276452,EU 美 자동차 관세에 보복 준비 중…제록스 등 거론
276453,제주도 남쪽 먼바다 태풍경보…육상 강풍주의보
276454,10년 만에 코스피 산 개미 매수상위 10종목 중 6개 하락
276455,OANA 총회 오찬
276456,이란이 공격했다는 노르웨이 유조선 정상운항…첫 목적지 이란
276457,독일 첫 컨페드컵 우승 이끈 명장 뢰브 감독
276458,조명균 남북관계 개선·비핵화 계기 처음 마음 새기며 회담종합
276459,한글에서 워드 자유롭게 편집한다…한컴오피스 네오 출시
276460,재독시인 허수경 별세…향년 54세
276461,LG G6 예약판매 개시…액정 무상 수리 등 45만원 혜택
276462,장현수 병역특례 봉사확인서 조작 시인…11월 A매치 제외...
276463,中 대만정책 선거결과에 따라 바뀌지 않을 것
276464,브라질 언론 호세프 대통령 탄핵 가능성 더 커져
276465,국제유가 美고용악화 속 약세…WTI 1.0%↓
276466,원자력 안전에서 안심으로 나아가겠다
276467,트럼프가 불 지핀 러시아 G8 복귀…佛 우크라 해결하면 지지종합
276468,미래에셋대우증권 창업추진위 첫 회의
276469,KBO 퓨처스리그 로봇기사 생산 사업자 공개 입찰
276470,다루스만 유엔 북한인권 특별보고관 18∼22일 일본 방문
276471,이총리 지난 몇 개월의 모든 상상 뛰어넘어
276472,울산경찰 시내버스 사고 유발한 승용차 운전자 긴급체포
276473,수석ㆍ보좌관회의 참석한 조국 민정수석
276474,신도시 대토보상권 전매제한 강화…신탁거래 금지·형사처벌도
276475,美아프간 특사 탈레반과의 평화협정 협상 타결 문턱까지 와
276476,한강 문학은 영원할 것…책에 대한 책 쓰고 싶어
276477,北 주체위성 방해책동 박차고 솟구칠 것…우주개발국 담화2보
276478,朴대통령 노동개혁 경제 전반에 큰 도움될 거라 믿어
276479,與 엘시티 의혹 엄정수사…野 수사는 안받고 공작 몰두하나종합
276480,미국 100대 기업 CEO 모두 트럼프에게 등 돌렸다
276481,부산 코오롱하늘채 1순위에 13만여명 몰려
276482,금감원 금융사 챗봇 개인정보보호 미흡…보호장치 마련하라
276483,손흥민 원톱으로 74분 활약…공격포인트는 불발
276484,이탈리아 로마에서 한지 가능성 조명하는 학술 대회
276485,출판노조협의회 송인서적 부도 사태 공적자금 투입해야
276486,한화시스템한화SC 통합 법인 한화시스템 출범
276487,KT 파트너스 데이…협력사 기술 국산화에 200억원 투입
276488,美제외 이란 핵합의 서명국 회동…합의 준수 의견일치
276489,필리핀 피플파워 30주년…아키노 마르코스 잔재 청산해야
276490,자메이카관광청 공식 한국어 웹사이트 오픈
276491,송파구 한 건물 옥상 화재...인명피해 없어
276492,중견 5개국 국회의장들 북핵 규탄 공동성명서 채택종합
276493,페이스북 VR 지식재산권 소송 패소…5억달러 배상해야
276494,한상혁 방통위원장 KBS 재난방송 대응 체계 점검
276495,미 핵심 안보동맹 이스라엘까지 진출한 중 투자에 불안감
276496,신간 당신의 별이 사라지던 밤ㆍ화월송도
276497,무릎 십자인대 파열 즐라탄 미국서 수술받는다
276498,포스트 조국 사퇴 검찰개혁 향방은…MBC 100분 토론
276499,하이투자 증권업종 1분기 수익성 개선…비중확대
276500,갤럭시S10 공식 이미지 등장…화이트·그린·블랙 색상
276501,두산인프라코어 두산밥캣 주식 2천323만주 양도 결정
276502,위기의 클리블랜드 이번엔 OKC에 24점 차 대패 굴욕
276503,문대통령 조명래 환경장관 임명 강행…보수野 국민 우롱 반발종합
276504,아마존 일자리 창출 앞장…직원 1년새 24만명 늘어 54만명
276505,20일 사직 KIA롯데 시범경기 오후 5시 시작
276506,상아2차 아파트 676가구로 재건축…35층 높이
276507,문화재소식 국립문화재연구소 한국고고학저널 발간
276508,성남 재개발 1만여가구 이주…주변 부동산 들썩
276509,방통위 중장기 방송제도 개선 의견수렴·논의 개시
276510,김연철 국회 자주 찾아 설명하겠다…한국당은 면담 거부
276511,영상 유승민 변혁 1막 끝났다…새 대표에 오신환
276512,베트남 북부 영상10도 한파에 인력거꾼 동사
276513,문대통령 제주 예멘 난민수용 문제 현황 파악 지시
276514,막판 집중력 승리 대한항공 우리카드 꺾고 결승 진출
276515,톈궁 1호 9시16분 남태평양 추락…과기부 위기경보 해제
276516,일본인 타자 쓰쓰고 MLB 탬파베이 입단 합의…최지만과 경쟁
276517,그리즈만 아틀레티코 잔류 맨유행 곧 결정
276518,그래픽 태풍 타파 예상 경로
276519,사물인터넷 사업 쑥쑥…기업 총매출 7조2천억 23% 급증
276520,모토로라 motoZ2
276521,그래픽 FIFA U20 월드컵 코리아 대진표28일 현재
276522,다우디 25득점 현대캐피탈 대한항공 8연승 저지
276523,당정청 오늘 국가교육위원회 설치 방안 협의
276524,김학용 與 조명래 환경장관 후보 사퇴요구에 동참해야
276525,르포 러시아 극동 최대 향토박물관 얼굴은 고구려 후예 발해
276526,구글 인터넷 풍선 띄운다…AI 바람 예측으로 두둥실
276527,세월호 유족·백남기 대책위 秋면담 후 더민주 당사 농성 해제
276528,2분기 전국 아파트값 5년만에 최대폭 하락…서울은 올라
276529,2017 미국 최고 호텔 시카고 도심 강변 더 랭햄
276530,중성자별 충돌 입증·신종 오랑우탄…올해 최고 과학성과
276531,오해 불러일으키는 포털 연관검색어 삭제된다
276532,中진출 한국기업들 무역전쟁 영향 우려…대비 서둘러
276533,그리스 조만간 10년물 국고채 발행…구제금융 이후 처음
276534,MLB 다저스 7년 연속 내셔널리그 서부지구 우승종합
276535,靑 방북 요청에…민주 평화위해 동참 vs 한국 오만하고 무례
276536,예스24 올해의 책 선정 독자 투표…다음달 7일 시상
276537,日외무상 中에 견제구…핵보유국에 핵탄두수 공개 요구하겠다
276538,마스크 챙기세요…서해안 황사영향 미세먼지 나쁨
276539,PSG 이적설 네이마르 두바이 거쳐 바르셀로나 복귀
276540,인제 빙어축제마저도…얼지 않는 강 탓에 축제 연기
276541,김한길 창조적 파괴 외치며 두 번째 탈당 승부수
276542,민주콩고 수도 킨샤사서 폭우로 36명 사망종합
276543,한은 지난해 RP금리 변동성 크게 확대…자금수급 불균형 영향
276544,연말까지 캐나다 국립공원별 무료 개방 이벤트
276545,영국 언론 웨스트햄 기성용 영입 희망
276546,기름 훔치려다 멕시코 송유관 폭발…사망자 73명까지 늘어
276547,노르망디 상륙작전 75주년 맞아 각국 정상 한자리에종합
276548,한진해운 600억 규모 항로 운영권 ㈜한진에 매각종합
276549,여자배구 거포 김연경 VNL 대표팀 합류 위해 31일 출국
276550,브라질서 교도소 수감자 또 집단탈옥…폭동·방화 틈타 도주
276551,최지만 시즌 첫 3루타…종아리 통증으로 교체종합
276552,문 대통령 국정지지도 67%…지난주보다 6%p 하락갤럽
276553,월드컵 손흥민 스카이스포츠 선정 슈퍼스타 20명 포함
276554,이주열 금리인하 효과 높이려면 적극재정·구조개혁 필요
276555,문 대통령 송영무 국방부 장관과
276556,일본 국가자격증 신설해 사이버안보 강화한다
276557,강연하는 프랑스 소설가 미셸 뷔시
276558,프로농구 SK 개막전서 DB 꺾고 2년 연속 우승 시동...
276559,시진핑 콩고 대통령에 지원 약속…아프리카 공들이기
276560,與 장차관 10여명 총선차출 검토…법무장관 추미애說 급부상종합
276561,미리 만나는 갤럭시 노트10 시리즈
276562,신간 나무 다시 보기를 권함
276563,미얀마 군최고사령관 헌법 개정은 5년 후에
276564,GS칼텍스 돌풍 예고 우승후보 흥국생명 완파종합
276565,실적 부진 LG전자 휴대폰 사업부문 수장 교체
276566,법원 이태원 살인사건 부실수사 인정
276567,월드컵 추정 몸값 577억원…스웨덴 에이스 포르스베리...
276568,질문 듣는 정명훈 지휘자
276569,에스앤씨엔진그룹 작년 영업익 432억원…35%↑
276570,中 한정 부총리 홍콩 인근 선전서 시위 대처 논의
276571,국민의당 실손보험료 낮추겠다…총선 복지공약
276572,드론·홀로그램 체험하러 오세요…과학창의축전 개막
276573,그래픽 금융민원 현황
276574,거래소 한국토지신탁 불성실 공시법인 미지정
276575,이대성 22점 현대모비스 KCC 꺾고 5연승 질주
276576,거리 예술의 향연 고양 호수예술축제 49만명 다녀가
276577,나이지리아 경찰 이슬람 재활시설서 학대받던 259명 구출
276578,게시판 부산 청소년복합문화센터 이름 공모
276579,영국 저수지 댐 붕괴 우려에 비상…주민 6천500명 긴급 대피
276580,병역논란에 머리 숙인 정운찬 KBO 총재…해법은 오락가락
276581,아이폰 작년 4분기 국내시장 점유율 28% 사상 최고
276582,젊은 과학자와의 간담회 참석한 최기영 장관
276583,카카오톡으로 예약하고 주문하고…수익형 플랫폼 변신
276584,SKT 미래 고객 잡는다
276585,최순실 국정조사 특위 동행명령 불응…청문회 끝내 불참
276586,이란 사우디 석유시설 공격 안했다 美에 공식 전문
276587,부도 송인서적 매각 전제로 법정관리 신청한다
276588,SK텔레콤 5G 조기 상용화 박차
276589,몸 싸움 바라보는 안철수
276590,연합이매진 라농 미얀마로 통하는 국경 마을
276591,연좌 농성하는 학교비정규직연대회의
276592,속수무책 류현진…연속 안타에 멈출 수가 없었다
276593,프로야구전망대 위기의 LG 아시안게임 휴식기 보약 효...
276594,서해 상 짙은 안개…인천 여객선 8개 항로 통제
276595,5G요금제 이번주 인가…최저 5만5천원·8GB 추정
276596,대우증권 국내 코코본드 안정성 문제없어
276597,文 국민은 촛불로 국회는 탄핵으로 朴 정권 퇴진시켜야
276598,터키 에르도안 쿠르드 민병대 완전히 철수 안 해
276599,대림산업 2조2천억원 규모 이란 정유시설 공사계약 해지
276600,미중 대화 기류에 원달러 환율 하락…한때 1210원 하회
276601,UAE 원전 1기 맞먹는 사막 태양광 발전소 상업가동
276602,일거리 찾아 이스탄불 몰려든 난민 1만6천명 당국에 적발
276603,이탈리아 포퓰리즘 정권 유럽의회 선거 앞두고 프랑스 때리기
276604,100승 투수 니퍼트 KBO리그와 결별 유력
276605,신한카드 알뜰소비 여성 겨냥한 신용카드 출시
276606,현대차 지배구조 개편서 또다시 주목되는 국민연금
276607,총선 D10 여수사위 安 여러분 믿는다…호남 석권 목표
276608,리 오스카의 감미로운 연주
276609,농성장 강제철거 후 서울시청 찾아온 노량진 상인들
276610,페이스북 라이브에 올인…원하는 이들에게만 개인방송도 가능종합
276611,울산 작년 주택 인허가 7대 도시 중 유일 감소
276612,北 5월 개정한 당규약에 김씨 3부자 호칭 정리종합
276613,20대국회 공간배치도 여소야대…與 70평 野에 넘겨야
276614,VR현장 청소년을 위한 서울시립과학관 개관
276615,전주한옥마을의 매력은 뭘까？…숨은 비결을 공개합니다
276616,첫 승리의 영광을 위해 부산 곳곳에 월드컵 단체응원전
276617,강원FC 조태룡 대표 비위행위 해명…납득할 수 없는 결정
276618,민간업체 보다 20시간 늦은 기상청의 황사예보
276619,KTB증권 저가 항공사 일본 지진에 타격 불가피
276620,게시판 U골프 오리지널 콘텐츠 처음부터 풀스윙 공개
276621,美 IS선전요원 출신 美여성 입국 거부…미국민 아니다
276622,부산 버스 파업 초읽기…악수는 하지만
276623,제주 산간 대설주의보…남쪽 먼바다 풍랑주의보
276624,78세 샌더스도 건강 문제없다 진단서 공개
276625,카카오미니C 스피커 음질 향상 업데이트
276626,교황 사상 첫 아라비아반도 방문…대규모 미사로 종교화해 도모종합
276627,류현진만 믿는 다저스…팀 동료 터너는 태극기 모자 쓰고 인터뷰
276628,김종인 내일 전패 광주 방문…텃밭 되찾기 시동
276629,명성티엔에스 공모가 2만원 확정…희망가 상단 초과
276630,나경복 펄펄 우리카드 가빈 앞세운 한전 꺾고 첫 승
276631,날씨 내일 출근길 꽈당 조심…서울 7도 강추위
276632,언론자유조형물건립추진위원회 업무협약식
276633,美 공화당 거물들 트럼프 대선후보 확정 전당대회 대거 불참
276634,중국 이민청 신설 추진…외국인 인재 영입 목적
276635,사법개혁특위 여야 공수처·검찰 중립성 충돌…파행 거듭종합
276636,NHN엔터 우리은행·KB국민카드와 포인트 전환 제휴
276637,묻지마 보장 과장광고 홈쇼핑 보험 사전심의한다
276638,사실상 증오범죄…뉴질랜드 테러영상 유포 사업가에 21개월형
276639,대북 전문가 한국 핵무장하면 10가지 편익
276640,흐르는 땀에 뒤척뒤척…부산 19일부터 열대야 주춤
276641,홍콩 입법회점거 후 첫 주말집회 긴장…주최측 평화시위할것
276642,쌍용차 티볼리 에어 외관 이미지 공개
276643,롯데 토종 에이스 박세웅 팔꿈치 뼛조각 제거 수술
276644,루트로닉 3분기 영업손실 46억원…적자지속
276645,최지만 대타로 나와 뜬공…타율 0.255
276646,평창군민 송어낚시대회 15일 개최…고수 기량 선보인다
276647,야간 미용실 예약도 24시간 ARS로…KT 부가서비스 출시
276648,LG G5 사용자 안드로이드 누가 미리 맛본다
276649,MLB시선은 트라우트에게…하퍼 3천709억원이면 트라우트는...
276650,朴대통령 긴급의제로 국회열어 테러방지법 통과시켜야종합
276651,남북통일농구 대표단 배웅나온 북한 원길우
276652,국가안보전략에 군비통제 의지 강조…남북군사공동위서 협의
276653,국민의 단합과 국회의 단일된 힘 호소…국론분열 경계
276654,날씨 서울 영하 6도…3·1절도 꽃샘추위 계속1일
276655,푸틴 방러 시진핑 주석과 회담…한반도 문제 등 논의 예정
276656,페루 북부 아마존 지역 국립공원 새로 지정
276657,한선교 나전칠기 장인의 작업일지를 들고
276658,구례 천은사 통행료 폐지의 주역들
276659,국립현대미술관 청각장애인 위한 전시 수어통역 서비스
276660,미일 北 도발·중국의 남중국해 진출 공동 대응
276661,K리그2 꼴찌 안양 광주 꺾고 12경기 만에 시즌 첫 승
276662,獨정부 올해 경제성장률 전망 대폭 하향조정…1%→0.5%
276663,북극 한파에 양식장·축사·농작물 관리 비상…피해 주의보
276664,STC 178억원 배열회수보일러 공급계약
276665,행정안전부 폭염 대처 현장관계자 간담회 개최
276666,북한 중장거리 탄도로켓 화성10 시험발사 성공 선언3보
276667,국내 첫 애플스토어 27일 가로수길에 개장
276668,업무 편의 봐주고 중고차 받은 구청 공무원 집행유예
276669,이란 페르시아만 공세에 대처…美 호르무즈 호위연합 경고
276670,페이스북코리아 신임대표에 정기현
276671,태블릿PC 조작설 보수 논객 변희재 1심 징역 2년
276672,러 극동 지역서도 대규모 산불…7곳 1천만평 이상 불 타
276673,文싱크탱크 재벌개혁 표현 안 할것…패러다임 바꿔야
276674,올해 프로배구 FA 최고액은 신영석 6억…정지석은 5억8천만원
276675,NBA 휴스턴 쾌조의 17연승 행진…이번 시즌 최다 연승
276676,말리서 유엔평화유지군 피습…10명 사망 최소 25명 부상종합
276677,NH농협은행 캄보디아 법인 공식 출범…인도지점 설립도 박차
276678,미국 얼리어댑터 리뷰 갤럭시S8 시중 스마트폰 중 최고
276679,아시안게임 금빛 마무리에도…야구대표팀 선수선발 방식 등 과제
276680,피부로 지카 감염 경로 확인해주는 실험 쥐 개발
276681,KT 기가인터넷 가입자 120만 돌파…기념 판촉행사
276682,소상공인연합 국회 제로페이 소득공제율 재논의해야
276683,태국 경찰 만취 사망사고 낸 운전자에 살인 혐의 적용
276684,대유그룹 동부대우전자 인수…가전업계 3위로 발돋움
276685,모바일내비 T맵 독주 속 카카오·KT·네이버 2위 다툼
276686,웹 브라우저·백신 최신 버전으로 바꾸세요
276687,방심위 호우·태풍 등 재난방송 중점 모니터링
276688,제주도 동부 호우주의보…폭우에 차량 고립 신고도
276689,풍계리 핵실험장 폐쇄 소식에 원달러 환율 소폭 하락
276690,한국과학기술연구원 창립 50주년 기념식종합
276691,김영철 김정은폼페이오 면담 불참 까닭…北 美반감 고려한듯
276692,서울시 원룸 200가구 추가 매입해 공공임대주택 확대
276693,YTN 최남수 불신임 투표 55%로 과반 넘어
276694,한류 거점 5개국 중 터키가 한국 방송 가장 많이 본다
276695,스페인 정부 구성 실패로 6개월 만에 26일 재총선
276696,북미정상회담 문대통령 회담결과 공표 직후 입장문 발표
276697,연휴 이틀째 비오고 쌀쌀한 날씨…도심 평소보다 한산
276698,정 의장 멕시코 상원의장 접견
276699,기아차 소상공인·자영업자 대상 최대 158만원 할인
276700,735일 北억류 케네스 배 북한·세계 잇는 다리역할 할것종합
276701,101세 별세 日나카소네는 누구…야스쿠니 첫 참배 보수 원조
276702,5위 전쟁은 계속…쫓기는 KIA 기사회생 롯데 기적 남...
276703,더민주 계속된 與강공에 규탄 의총 맞불…출구도 고민
276704,中기업들 NBA와 잇단 협력중단 선언…홍콩시위 지지 파문 확산종합2보
276705,2018 마포아트마켓
276706,주말 N 여행 영남권 통영 굴 입에 넣고 툭 터트리면…바다 느낌이 좋다
276707,문재인 임금체불 사상최대…정부의 비상한 대책 주문
276708,맏언니 임영희 23득점 우리은행 KEB하나은행 꺾고 5연승
276709,공무원 국외 출장 관리 강화해도 보고서는 느긋하게
276710,가방 메고 돌아다니면 3D 지도가 척척…국내 기술개발
276711,시진핑 하반기 경제기조 안정 속 진전 내걸어종합
276712,한국 남자농구 세계랭킹 31위로 4계단 상승
276713,미세먼지 걷혀도 밤부터 황사 영향 우려
276714,유커 떠난 부산에 동남아·내국인 관광객 채운다
276715,높아진 세율…KBO 외국인 선수 몸값 상승 불가피
276716,文 남탓담화 아닌 국정기조 전면적 변화 선언해야
276717,6회 2사 후 6득점으로 역전…LG 삼성 꺾고 8연패 탈출
276718,CJ헬로비전SKB 합병 무효 소송 잇따라…LGU＋ 법적 대응
276719,그래픽 대 일본 수입의존도 90% 이상 품목
276720,해수부 이란과 연내 해운협정 체결 추진한다
276721,프로농구전망대 외인에 울고 웃은 전자랜드·kt 2위 ...
276722,민주화운동 보상받으면 국가배상 안 돼…헌재와 반대 판결
276723,프랑스 노동법 개정 반대 시위 8일째…원전 노조 파업 동참종합
276724,인터뷰 고은 시인 블랙리스트 슬퍼…촛불집회 하나의 예술
276725,충북 가끔 비…17일까지 10∼50㎜ 내릴 듯
276726,U20월드컵 유럽 vs 남미 우승 다툼 개봉박두
276727,이탈리아 전 집권당 민주당 3일 당대표 선거로 재건 시동
276728,베트남·괌에서도 국내요금 음성통화…KT 로밍ON 확대
276729,위기에 강한 제임스 46점 포효… 클리블랜드 또 벼랑끝 탈출
276730,배구 남녀대표팀 18일 미디어데이…올림픽 예선 출격 각오 밝혀
276731,KT 할인 혜택 2배 더블할인 멤버십 시즌제 도입
276732,내년 대선 앞둔 美정치권 英총선이 몰고올 파장에 안테나
276733,이란 휘발유 가격 50% 인상에 곳곳 항의 시위
276734,서울시 우리공화당 광화문 천막 막아달라 법원에 가처분신청
276735,트럼프 IS 포로 800명 데려가라 요구에 유럽국들 고민되네
276736,연천 영하 13.3도…새해 첫 출근길 맹추위
276737,프로축구 FC서울 브라질 공격수 안델손 영입
276738,로하니 이란 대통령 재임 중 첫 이라크 방문종합
276739,프로농구 6강 PO 12년 만에 하위팀의 반란 가능할까
276740,리프트 우버 제치고 차량호출 1호 나스닥 상장할 듯
276741,체니·게이츠·라이스 등 美공화 거물들이 틸러슨 국무장관 천거
276742,2호골 실패 손흥민 평점 7.0…팀내 2번째로 낮아
276743,공포심리에 추락하는 증시…섣부른 매매보다 관망종합
276744,무료 데이터에 여행 지원까지…SKT 1020세대에 6종 서비스종합
276745,삼성전자 갤럭시S8 인도 출시…프리미엄 시장 1위 탈환 나서
276746,SK텔레콤 5G 디바이스 테스트 랩 개소
276747,홍영표 탄력근로제 이달말까지 미합의시 여야가 2월초 처리종합
276748,파죽의 3연승 트럼프 마침내 첫 현역의원 지지 확보
276749,KT 5G 기지국 6만개 개통…85개시 동 단위까지 서비스
276750,김정은 남북통일농구 첫날 경기 불참…내일 참석 가능성
276751,20% 할인고객도 유심기변 허용…SKT 1일부터 시행종합
276752,신기한 양서·파충류 여기 다 있네…과천과학관 특별전 개최
276753,아이폰X 오늘부터 예약판매…지원금 최고 12만2천원 찔끔
276754,탈레반 분열 조짐…美와 협상에 반발한 강경파 IS로 눈돌려
276755,KT 국제 트래픽 중계시간 지연 1천분의 1초로 줄였다
276756,북한에서 첫 국제인도주의 법 관련 회의
276757,농업 공약 설명하는 유승민
276758,휴대전화 불빛으로 수놓은 폐회식장
276759,부진 깊어지는 디펜딩 챔피언…SK 7년 만에 8연패 수렁
276760,1948년 건국론은 임시정부 부정·친일행위 정당화 논리
276761,축구 국가대표 출정식 경기 흥행 예고…입장권 판매 호조
276762,납북자단체 민변에 납북자 인신보호 구제청구 위임
276763,5대 마카오 행정장관에 친중파 호얏셍 단독 후보
276764,홍콩 시위대경찰 또 격렬 충돌…시위대 中 오성홍기 불태워종합
276765,한국형 인공태양 실험 결과 미국 슈퍼컴퓨터로 본다
276766,문대통령 김정은 위원장 답방 시 한라산 구경시켜줄 수 있다
276767,맞춤형 펀드 추천 등 혁신금융서비스 6건 시범운영
276768,25% 요금할인 어렵다 이통 3사 의견서 9일 제출
276769,이란 석유장관 美 셰일오일 수출하려 이란 제재
276770,英중앙은행 해킹돼…기자회견 내용 업자에 사전 유출
276771,윤호중 민생예산 확보가 추경 성과…여소야대 입증
276772,4연승 흥국생명 매직넘버 1…이르면 3일 우승 샴페인종...
276773,날씨 처서 23일 전국에 비…남부지방 막바지 폭염
276774,카카오톡으로 KT 모바일 가입한다
276775,그래픽 부산해남 최장 걷기여행길 남파랑길
276776,서울 FA컵 16강 전초전서 제주 30 완파…연패 탈출
276777,남아공 집권당 ANC 총선 승리…득표율은 1994년 이후 최저 수준
276778,평창동계올림픽 G1년…세계 시선 평창 집중
276779,제물로 바쳐진 어린이 227명…페루 유적지서 유해 발굴
276780,서유구 사상의 특징은 인간과 자연 관계에 대한 통찰
276781,미원상사 보통주 90% 감자 결정
276782,K리그 기록의 사나이 이동국 500경기·ACL 우승...
276783,일반 가전도 음성·스마트폰으로 제어…U AI리모컨 출시
276784,2030 부산 등록엑스포 국가 사업화 여부 내달 결정
276785,공정위 하도급법위반 GS건설 공공공사 입찰 제한종합
276786,정성훈 KIA서 16년 만의 홈런…두산 이용찬 6년 만...
276787,새해 첫 회견 아베 참의원선거 과반 확보해 개헌 추진한다종합
276788,언론노조 서른이지만 스태프 과로사인지 밝혀야
276789,삼성 2016년형 지펠 푸드쇼케이스 신제품 출시
276790,UAE 12년만에 방문한 푸틴 트럼프급 환대…경제분야 밀착
276791,유럽 뒤흔드는 극우 정당 바람…유럽의회 선거 돌풍 예고
276792,다양한 춤의 향연…서울무용제 대학로서 개막
276793,여야 필리버스터 대결 2라운드 돌입…공수처법안 찬반 격론종합
276794,KBO 넥센 성폭행 의혹 박동원·조상우 참가활동정지 조처...
276795,리비아 지중해 난민선에서 난민 5천600여명 구조…최소 9명 사망종합
276796,트럼프 탄핵조사 거부에 맞서 美민주 찬반표결 카드 만지작
276797,롯데 부산지역 고교에 피칭머신 후원
276798,해결 실마리 안보이는 리비아 사태…안보리 앞두고 주요국 분열
276799,신한금투 11월 코스피 1900∼2150 예상…최악은 1850
276800,그래픽 우리나라 스마트폰 자급제 비율 세계 하위권
276801,샌즈 결승 투런포…넥센 인천서 PO 끝장 보자종합
276802,폼페이오 메이 총리에 화웨이 참여 거듭 경고할 듯
276803,프로야구선수협회 두산 이영하 용기 있는 행동
276804,독일 언론 메르켈 내달 취임후 처음으로 아우슈비츠 방문
276805,증시풍향계 미중 무역분쟁 완화 여부 주목
276806,차기 여신금융협회장 선정절차 개시…후보자 20여명 거론종합
276807,민주 확장재정 불가피…당국엔 증시 추가대책도 촉구
276808,김문수 朴정부 성공에 동참…김부겸 대구 변화 위한 선택
276809,올여름은 해변에서…청정 해수욕장 20곳 선정
276810,우크라 스캔들 휘말린 美에너지장관 연말에 사임키로
276811,中 과학자들 돌연변이 우려 없는 유전자 편집 기술 연구 중
276812,양양 서피비치에서 5G 액티비티 체험해요
276813,한전 배구단 수원 잔류 광주 각계 비판…항의 집회종합
276814,대통령 이름 사용 허용…민주 전남지사 경선 후보들 희비
276815,심상정 야권연대는 민심을 제대로 받드는 길종합
276816,역사가 될 류현진 올스타전도 괴물 투구 부탁해
276817,성도이엔지 114억원 규모 공장 신축공사 수주
276818,기재위 조세소위
276819,美 당국 中 비자 신청자 소셜미디어 활동까지 조사
276820,조원태 배구연맹 총재 명승부 펼친 모든 선수에 감사
276821,코스피 美금리상승 우려에 하락…2460대로 밀려종합
276822,한낮에도 13∼19도 쌀쌀…낮부터 수도권 제외 전국에 비
276823,위키리크스 창립자 어산지 영국 경찰에 체포2보
276824,블랙록 아시아 증시 내년 추가 상승 여력 있어
276825,슬픈초·우는여…바다 속 다양한 지명에 얽힌 사연
276826,월드컵 100일 전…신태용 머릿속 35명은 이미 구상 완료
276827,아프리카 르완다 광산 붕괴사고로 14명 숨져
276828,국외독립유공자 후손 97명 임정 100주년 기념 한국 방문종합
276829,英의회 투표 앞두고 EU·英 브렉시트 합의문 입장차 조율 시작
276830,바이오특별위 범부처 바이오경제 가속화 지원방안 논의
276831,LGU 골프 앱 한 달간 타사에 개방…IPTV·아이폰용 출시
276832,사우디예멘반군 오만서 예멘 내전 해결 물밑 간접 대화
276833,문화계 블랙리스트 예술인 우리가 소녀상 지킨다
276834,게시판 2019 데이터저널리즘코리아 콘퍼런스 개최
276835,제주시 앞바다서 30대 여성 시신 발견돼 해경 수사
276836,미디어에 다양한 색을 아이들에게 다양한 삶을
276837,北신문 홍수피해 50여개 농촌에 통신·방송망 복구
276838,네이버 앱 개발·콘텐츠 플랫폼 업체 OGQ에 75억원 투자
276839,꿀 품고 돌아온 해태제과 27일부터 공모주 청약
276840,게시판 대신증권 영업점 금융상품 가입 경품 이벤트
276841,전문가 북핵 해법 중국 역할에 큰 기대 말아야
276842,대통령 18일 조사 靑에 최후통첩한 검찰 어떤 길 가나
276843,이란 대통령 협상이라는 이름 아래 굴복하지 않겠다
276844,유엔 보고관 카슈끄지 살해 사우디 왕세자 연루 정황종합
276845,마크롱 시리아·러시아군의 반군지역 공습 규탄
276846,탄핵안 발의 초읽기…새누리 찬성 40명 넘는 것으로 파악종합
276847,경기 전역 하루 만에 초미세먼지 주의보 해제종합
276848,연임 앞둔 남아공 라마포사 대통령…실업·부패는 난제
276849,이란 반미 우방 베네수엘라 마두로 지지 확인
276850,이총리 유은혜 논란에 국민우려 이해…미안하게 생각
276851,朴대통령·여야대표 오후 2시 회동…靑 엄중한 안보상황 논의종합
276852,오색 물든 월성계곡
276853,여자농구 KB국민은행 20182019 시즌권 11일부터 판매
276854,한민구 北 도발 계속하면 완전고립·자멸 이를 것속보
276855,금감원 서울 등 5개 도시에서 외부감사제도 설명회
276856,배틀그라운드 가입자 200만·동시접속 10만 돌파
276857,박경미 조윤선 딸 자격미달에도 YG·현대캐피탈 인턴채용종합
276858,베트남 국영 라디오 VOV K팝 경연대회 개최
276859,화웨이 런정페이 구글 없이도 세계 1위 될 수 있다
276860,공항철도 단전 3시간 만에 복구…강풍으로 주의 운전종합2보
276861,주말 N 여행 강원권 원조 겨울축제의 귀환…3년만에 부활한 인제 빙어축제
276862,검찰 울산경찰청 지능범죄수사대 압수수색
276863,반격 나선 중국…미국산 돼지고기 3천247t 구매 취소
276864,근대문화·섬 탐방…군산시 5월 6일부터 주말 탐방 버스 운행
276865,中 대미 보복관세 이의 신청 받기로…산업 피해 최소화
276866,쿠쿠홀딩스 주당 4천100원 현금배당 결정
276867,한국당 법사위원들 송인배는 1심 유죄…양정철은 수사안해
276868,영천 32.5도…전국 곳곳 관측이래 4월 최고 무더위종합
276869,부산서 사살된 멧돼지
276870,롯데 이대호 KBO리그 2호 5년 연속 100타점 달성
276871,열차 운행 지연에 격분 오스트리아 관광객이 伊 기관사 폭행
276872,리비아 군사충돌 우려에 美·유럽 주요국 자제 촉구
276873,美 INF 탈퇴…獨메르켈 앞으로 6개월 대화위해 모든 조처
276874,5.18망언 규탄 구호 외치는 홍영표와 여야4당 청년학생들
276875,샤오미 홍미노트5 국내 출시…착한 가격에 플래그십 성능
276876,이란 내년 원유 수출액 68% 감소…하루 100만배럴 수출
276877,KT스카이라이프 7월 VOD 이용자 작년보다 6배↑
276878,위메이드 1분기 연결 영업익 5억원…흑자전환
276879,메시 바르사에서 27번째 프리킥골…구단 신기록종합
276880,남자프로배구 샐러리캡 최대 41억5천만원으로 늘린다
276881,광주총선 사령탑 천정배·이용섭 벼랑끝 승부 승자는
276882,뷸러 역투·폴록 3점포 다저스 6연패 뒤 4연승
276883,지갑 못여는 한국 고령층…평균소비성향 미국의 ⅔수준
276884,카드뉴스 피하고 싶은 캠핑 이웃 10선
276885,시민단체 이통3사에 아이폰 성능저하 관련 공개질의
276886,내년 2월부터 감정원 통해 주택청약…새 청약시스템 가동 대기
276887,같은 날 추미애 박지원 안희정 손학규 발길에 광주 들썩
276888,세계 스마트워치 판매량 5년내 1억대 돌파 전망
276889,문 대통령 김기식 금감원장 사표 수리
276890,폭염·열대야 비켜가는 간절곶…포켓몬 고 피서 딱이네종합
276891,朴대통령 北핵실험에 조기 귀국…대응조치 본격착수
276892,LH 공공주택지구내 기업인 재정착 지원 나선다
276893,방중 日경제계 중국서 청산 어렵다…日기업 철수 준비
276894,저커버그 한국 기업에 잇단 러브콜…이번엔 SKT
276895,주말 N 여행 수도권 포근한 봄밤…꽃과 함께 하는 야시장·야간축제 즐겨요
276896,KB국민은행장 디지털화 박차…외부 인재도 필요
276897,UAE 두바이 모든 택시에 운전사 서비스 감시 카메라 장착
276898,지중해 난민 47명 구조 2주만에 伊상륙…표류사태 일단락
276899,최재성 사드 문제 미온적 대응은 野 역할 방기
276900,하나금투 디스플레이 소재업체 내년 상반기 호실적
276901,카드사 내년 이익 소폭 증가 예상…장기적 하락세는 불가피
276902,인터뷰 차이콥스키 콩쿠르 성악 2위 김기훈
276903,메르켈 이란이 이스라엘 위협…이스라엘 공습 옹호
276904,폐쇄된 공간에서 펼쳐지는 작가와 독자의 두뇌게임
276905,美 대학들 속속 화웨이·ZTE와 결별…MIT도 관계 끊어
276906,시원하게 쪽배축제 즐기세요
276907,KBS이사회 고대영 사장 해임제청…노조 파업 141일째2보
276908,피치 포스코 신용등급 BBB로 한 단계 올려
276909,그래픽 아파트 매매가격지수 변동률
276910,시리아서 태어난 벨기에 지하디스트 아이들 첫 벨기에 귀환
276911,증권사 1분기 호실적 잇따라…2분기도 호조세종합
276912,뉴욕증시 부진에 원달러 환율 상승
276913,멸종한 네안데르탈인…아들 못 낳았을 것
276914,날씨 낮기온 뚝 쌀쌀…영동·경북·제주 비23일
276915,포스코엠텍 포스코와 147억 규모 공장 위탁운영 계약
276916,황태자없는 벤투호 실리 축구는 성공할 수 있을까
276917,佛 마크롱 EU 브렉시트에 계속 인질로 잡혀있을 순 없어
276918,美 동남부 4개 州 최강 허리케인 매슈 대비 비상사태 선포
276919,프로농구 DB 14일 홈 개막전에 소녀시대 윤아 시구
276920,이주열 경기하방압력 커보여…실물경기 감안해서 금리 결정
276921,아이서울유 브랜드 인지도 상승…시민 10명 중 9명 알아
276922,佛대혁명기념일 니스 축제서 트럭테러…73명 사망·100명 부상종합
276923,최순실 블랙홀에 재깍대던 野 대선시계도 일단 멈춤
276924,중국 부실채권 출자전환 시동…시노스틸부터
276925,베트남 정부 동남아 축구사 새로 쓴 박항서 감독에 훈장
276926,日외교청서 대북 압력 표현 삭제…납치문제 해결 목적
276927,대한건설협회 건설 70주년 비전 2030 선포
276928,갤럭시S8 5천만대 팔릴 것…삼성 시장 점유율 회복
276929,與 41 패스트트랙 협상 가속…한국당 위한 좌석 남아있다
276930,카카오 1분기 영업익 104억원…작년동기비 73% 감소종합
276931,청주불교방송 내년부터 충북 북부도 송출
276932,신간 이해하거나 오해하거나·지금 여기 프랑스
276933,5·18 진실을 목격했던 렌즈
276934,일제강점기 사람들은 무슨 책을 읽었을까
276935,文대통령 오후 김상곤 교육·김은경 환경장관에 임명장 수여
276936,경북 내륙 곳곳 안개…내일은 흐리고 비
276937,대신증권 파월 발언 다소 매파적…변동성 지속
276938,강원 대설특보 모두 해제…눈길 교통사고 주의
276939,日언론 닛산 곤 前회장 추방하려 대형로펌에 협력 요청
276940,청와대 B컷 공개 깜짝 지하철
276941,메시 라리가 35개 팀 상대 득점 금자탑…라울과 타이
276942,삼성전자·SK하이닉스 투톱 질주…코스피 2490선 회복종합
276943,LG 트롬건조기 호주 소비자매거진 추천제품 선정
276944,검찰 직무유기 발언 일파만파
276945,신간 재즈선언
276946,북적이는 마라도 선착장
276947,伊 극우정당 정치인 관광 진흥위해 매춘 합법화해야 발언 논란
276948,美 아시아재균형 정책 큰 진전…두테르테發 악영향 일축
276949,문재인 국민의당 與의석 늘려줘…호남서 전략적 선택해달라
276950,한국 복귀 노리는 프로배구 가빈·산체스 그리웠다
276951,홍콩 언론 영국 총영사관 직원 중국서 돌아오다 실종종합
276952,KT SAT 몽골 위성방송 회사에 위성 중계기 임대
276953,지하철과 환승편의 효과 톡톡…인천 검암역 KTX 이용객 급증
276954,통일농구 선수단 평양도착…北원길우 체육성 부상이 마중
276955,주말 N 여행 제주권 옛 사랑의 추억을 팝니다 이색 경매
276956,이승엽의 예상 홈런왕 후보는 최정·로맥·박병호·초이스
276957,中 동북3성 도시 수축 심각…인구유출에 집세 무료 등장
276958,토끼간 빵·호랑이 사과…특산품에 스토리를 입혀라
276959,그래픽 한미FTA 사실상 타결…대미 통상 관련 주요 일지
276960,북한 개성공단 남측인원 오후 5시30분까지 추방3보
276961,한국노총 휴일연장근로 판결촉구
276962,선서문 제출하는 김동연 부총리
276963,거미손 윤영글 A매치 무실점의 기운 WK리그까지 쭉
276964,軍 北 동해상 중·단거리미사일 발사징후 아직 없다
276965,제임스 43점 맹폭…클리블랜드 토론토 상대로 원정 2연승
276966,봄꽃으로 곱게 물든 태안 안면도 꽃지해변
276967,靑참모진 20대 국회 데뷔전서 돌발악재에 진땀
276968,갤노트8 열풍은 남의 집 잔치…속 타는 알뜰폰
276969,KB손보 OK저축 완파 2연승…IBK 인삼공사 꺾고 선...
276970,도화엔지니어링 316억원 규모 GTXA 설계용역 계약
276971,터키 하루 만에 불법 이주민 900명 검거
276972,安 민생지역경제미래가 키워드 劉 먹고사는 문제 해결
276973,MLB 작년 수입 11조 5천억원 신기록…관중↓·중계권료↑
276974,여자배구 강소휘 올림픽 예선 불참 아쉬워…챔프전 진출 목표
276975,현대글로비스메쉬코리아 추석선물 배송 MOU
276976,9분만에 완판 AI스피커 카카오미니 28일 판매 재개
276977,물 마시는 양승동 KBS사장 후보자
276978,KT·LGU＋ 내비 연합군 결성…SKT T맵에 도전장
276979,한국거래소 초단타 시장교란 창구 메릴린치 제재 추진
276980,SK텔레콤 태국 사물인터넷 전용망 구축
276981,평양정상회담 공연 펼치는 무용수들
276982,브뤼셀테러 주범 아브리니 순교자 되기 원한다 메모 남겨
276983,게시판 CBS TV 프로그램 기획 아이디어 공모
276984,사이테크 플러스 토성 고리들 형성 시기는 1억∼1천만년 전
276985,임도헌 배구 남자 국가대표팀 전임 감독으로 사실상 결정
276986,터키서 親쿠르드 성향 야당 민선시장 또 체포
276987,리니지M 파워…엔씨소프트 1분기 영업익 570% 증가종합2보
276988,방심위 텀블러와 성인물 공동규제 추진
276989,지방선거 20대 당선인 31명…4년 전의 3.4배 껑충
276990,세종텔레콤 제4 이동통신 사업 재도전하겠다
276991,금융당국 LTV·DTI 관망중…콘트롤타워 없어 속만 끙끙
276992,英총리 EU에 브렉시트 안전장치 재협상 제안 서한
276993,손흥민 리그컵 앞두고 우리가 얼마나 우승을 갈망하는지…
276994,토트넘 세계 최초 접이식 천연잔디구장 내년 개장
276995,美 터키 러 S400 도입시 F35 사업 배제·경제제재 경고
276996,답답한 호날두 시즌 첫 출전 침묵…레알 01 패배
276997,춘천레저대회 기간 세계댄스연맹 총회·월드댄스컵 열린다
276998,위기의 해운업계 머리 맞댄다…사장단 연찬회 개최
276999,올림픽 문화올림픽 잔칫날 3일 개막…세계인 화합 한마당
277000,투표현장 권영진 대구시장 신명여중서 투표
277001,시계보는 정동영 대표
277002,워싱턴 코빈 숨진 스캑스 등번호 달고 7이닝 1실점 역투...
277003,YTN 신임 사장에 정찬형 임명
277004,현대캐피탈 적지에서 먼저 2승…우승까지 1승 남았다
277005,터키 테러 이튿날 대대적 IS 검거작전…68명 체포종합
277006,연극 굴레방다리의 소극 9일부터 두산아트센터 공연
277007,국회 김영란법 개정엔 신중…우선 시행령 기준 완화로
277008,홍영표 탄력근로제 단위기간 확대 정기국회서 논의종합2보
277009,현대캐피탈 맞수 삼성화재에 역전승…정규리그 우승 굳히기
277010,갈팡질팡 태풍 노루 주말 제주 영향권…피서객 주의
277011,게시판 제3차 디지털콘텐츠 해외진출 정책포럼
277012,원숭이 머리이식 성공 아니다…신경연결이 관건
277013,완전히 회복한 기성용 두 경기 연속 풀타임 출전
277014,월드컵 스웨덴과 한판 대결 교도소에서도 대한민국∼
277015,전문가 핵실험 감추고자 신년사에 핵 언급 피해
277016,이재용 삼성물산 구내식당서 점심
277017,대산문화재단 한국문학 번역·연구·출판지원 공모
277018,伊언론 북한 마식령 스키장 케이블카 오스트리아서 도입
277019,가입비 폐지·항공마일리지…알뜰폰 서비스경쟁 개막
277020,김정은 시진핑에 아베 북일대화 추진 유의하고 있다 말해
277021,민주평화당 충북도당 개편대회 참석한 정동영
277022,류현진 15일 메츠전 선발 복귀…디그롬과 맞대결
277023,朴대통령 손정의 첫 접견…한국 신산업 투자 확대해달라
277024,메르켈 총리 EU 아시아 대응 새 산업전략 마련해야
277025,SKT 1분기 급여 CJ헬로비전의 3.6배…고용승계 부담될까
277026,올해 처음 중국 제외한 외국인 관광객 1천만명 넘을 것
277027,재벌 총수일가 지주사 체제 밖에서 170개 계열사 지배
277028,英 해운회의소 회장 이란의 유조선 나포는 국제법 위반
277029,한국 스마트폰 평균 도매가 60만원 육박…세계 2번째
277030,메시 바르사와 2021년까지 재계약…바이아웃 금액 9천억원
277031,착한 사람들의 아름다운 세상…과연 진실입니까
277032,지난달 일본인 관광객 3년 6개월만에 늘었다
277033,쉽고 가벼운 에세이 열풍…작년보다 1.7배 더 팔려
277034,최지만 오클랜드전 2점포…시즌 7호 홈런 작렬
277035,네이버 사용자 36 대한민국 축구대표팀 16강 진출
277036,삼성전자 갤럭시탭S3에 中ATL 배터리 탑재
277037,존 레전드 내년 3월 15일 내한 공연
277038,문대통령 성장 과정서 공정 잃어…대기업집단에 결과물 집중1보
277039,독일전 끝나는 순간 분당 20만건 트윗…조현우 최다 언급
277040,DB 최고참 윤호영 후배들 적극적으로 자신있게 하길
277041,박철우 V리그 최초로 후위 공격 득점 1천500개 달성종합
277042,정부 北 외교안보 공무원 해킹에 안보위협 엄중도발
277043,프로농구 개막 ① 반갑다 농구야…정규리그 13일 개막...
277044,오빠 감독 문경은·이상민 크리스마스에 3점 슛 대결
277045,한국 필리핀 꺾고 2회 연속 女월드컵 본선 진출 성공
277046,평양정상회담 문대통령 백화원에 모감주나무 심어…나무 말은 번영
277047,아시아나항공 인천∼삿포로 노선 주 7회 신규 취항
277048,삼성SDS 1분기 연결 영업익 1천245억원…5%↓
277049,11월에 해태제과식품 등 2억181만주 보호예수 풀려
277050,한국건설산업연구원 이상호 원장 재신임
277051,MBC 신임 보도국장에 박성제씨 내정…임명동의제 도입종합
277052,날씨 내일 전국 대체로 맑아…낮밤 기온차 13∼15도
277053,거래소 총수익지수 산출 대상 24일부터 확대
277054,페이스북 팁 통 도입 설문…온라인 모금·개인에 수익배분
277055,LG유플러스 골드번호 5천개 추첨행사
277056,靑 北 간부 탈북 보도에 크게 주목한다
277057,전훈 떠나기 전 메시지 남긴 신태용 감독 희생정신 보겠다
277058,대전소식 한국언론정보학회장에 충남대 손병우 교수
277059,척추 임플란트 개발 엘앤케이바이오메드 30일 코스닥 입성
277060,朴대통령 입에 쏠리는 시선…단합ㆍ정쟁중단 호소할듯
277061,네이버 수장 교체 주주총회 열어
277062,통일부 北 인권상황 돌아보고 개선 위해 노력해야
277063,네이버 베트남인을 위한 한국어 사전 서비스 출시
277064,장마전선 영향 오후부터 빗방울…30∼80㎜
277065,정부 관계자 다섯번째 무수단 150㎞가량 비행…공중폭발한듯
277066,KB증권 모바일 스탁론 서비스 개설
277067,美 FOMC 앞두고 인하 사이클 기대감 약화…원달러 환율 상승
277068,민주 5·18 모독 한국당 초강력 규탄…헌정질서 파괴 시도종합
277069,비 그치자 다시 찜통더위…울산·대구·부산·강릉 폭염경보
277070,LG유플러스 반려동물 IoT 바이럴영상 1천만뷰 돌파
277071,北 홍수피해 한 달…김정은 언제 현장방문하나
277072,경기소식 경기방송몽골 국영방송 교류증진 MOU 체결
277073,세계적 영향력 연구자 6천명 중 국내 53명 선정
277074,소설가 박상륭 기리는 문학상 제정
277075,이것이 4번 타자다…2홈런 이대호 타구가 잘 떴다
277076,日 북미정상회담서 납치문제 거론 촉각…주시·기대종합
277077,LG유플러스 드론사업 진출…클라우드 관제시스템 상용화종합
277078,홍대 찾은 유승민
277079,V리그 최초 9천 디그 김해란 리베로의 숙명 견뎌야...
277080,얘기 나누는 문 대통령과 도종환 장관
277081,에콰도르 강진 피해 복구에 3조9천억 필요
277082,경북 상주 등 6개 시·군 폭염 경보→주의보
277083,수조원대 재산 의혹받는 최순실…있으면 국가 헌납
277084,디지털스토리 우리집 어린 아이들 스마트폰 없으면 울고 떼써요
277085,인천 전역 26일 밤 강풍 예비특보…서해 5도 포함
277086,금통위서 또 나온 인상 소수의견…연내 금리 인상론 아직 유효종합
277087,中 세일즈 외교 방문 메르켈의 인권행보…인권변호사 면담
277088,이라크 원유 감산확대 논의할 것…유가 회복세종합
277089,SKB·도미노피자 피자 도착시간 확인 IoT서비스 제공
277090,탈세 의혹 팔카오 스페인 세무당국에 106억원 납부
277091,김문수 세월호 죽음의 굿판 발언에 비판·사과요구 잇따라
277092,따뜻한 남쪽으로 토트넘 바르셀로나서 시즌 중 전지훈련
277093,적외선까지 흡수하는 고효율 태양전지 개발
277094,아부다비 조각공원에 노준 조각 설치…아시아 작가로 최초
277095,문체부 대학생기자단 10주년 단행본 발간
277096,FC바르셀로나 쿠티뉴도 디 마리아도 영입 실패
277097,애플코리아 작년 배터리 교체 고객에 6만6천원 환불
277098,리비아 휴전 유엔 결의안 진통…미국·러시아 반대
277099,5G 가입자 2024년 전 세계 15억명…10명중 4명꼴
277100,남북 정상회담 앞두고 원달러 환율 6일만에 하락
277101,국민의당 녹색돌풍 동력은 교차투표…전국적 지지
277102,삼성중공업 18일 채권단에 자구계획 제출
277103,중화기·제공권 앞세운 터키 시리아 내 쿠르드 요충지 점령
277104,리비아 통합정부 공습 참사 난민시설 폐쇄 검토
277105,주상복합 아파트도 중소형이 대세…상반기 물량 80% 차지
277106,아시안게임 여자농구 단일팀 대만 꺾고 결승진출…중국과...
277107,푸틴 방러 네타냐후 총리와 회담…시리아 사태 등 논의
277108,메시 빠진 아르헨티나 월드컵예선서 볼리비아에 02 패배...
277109,美 시카고 컵스 방송공룡 싱클레어와 자체 방송사 설립
277110,SKT 24세이하 전용 0플랜 가입자 두 달 만에 30만 돌파
277111,SKT 한국서비스품질지수 이동통신 부문 1위
277112,코스피 2480대 순항…미국발 훈풍·외국인 사자종합
277113,치고 빠지는 떴다방식 보조금 영업에 이동통신시장 혼란
277114,네이버 PC 메인 페이지 개편…PC판에서도 주제판 도입
277115,방통위 제11기 시청자권익보호위원회 위원 9명 위촉
277116,신세계백화점 전통 골프 대전
277117,아우슈비츠 배경으로 브렉시트 풍자…이탈리아 작가 비판 도마
277118,복원 논란 국내 최초 호텔 대불호텔 전시관 탈바꿈
277119,폰으로 찍은 영상을 TV로 공유…KT 우리집 톡톡 채널 서비스
277120,與 한반도평화 논의 기회 한국당 한미동맹 복원기회 삼아야
277121,꽉 막힌 귀성길
277122,벨린저 41호포 다저스 소로카 앞세운 애틀랜타에 역전승
277123,中매체 미중 정상통화 대대적 보도…양국 협력은 서로 이익
277124,입주자 미달한 임대주택의 30%는 신혼부부에 우선공급
277125,신간 소설가의 사물
277126,KT DS 보안관제 전문업체 자격 취득…사업 본격화
277127,KAIST AI 월드컵 우승한 전북대 팀
277128,네이버 부동산 모바일도 공략…단순 중개 vs 주력 서비스
277129,그래픽 2018러시아월드컵 F조 한국 전력 분석
277130,카잔의 기적 일군 태극전사들 주말 K리그에 뜬다
277131,프로야구 kt 내달 9∼10일 강백호 데이 행사
277132,北 김정은 뿔테안경 쓰고 담담한 표정으로 신년사 낭독
277133,주말 N 여행 호남권 만날 수 없어 애절한…사랑의 꽃 상사화 불갑사 축제
277134,SK옥수수 새 방송기술로 골프중계 시연
277135,국회에 울려퍼질 창작판소리 백범 김구…옛이야기 아냐
277136,與 정조위 역할 본격화…국정과제 기틀 함께 잡는다
277137,게시판 GS홈쇼핑 글로벌 홈쇼핑 스타 협력사 선정
277138,허찔린 더민주 국회의장은 여당 아닌 1당이 맡아야 반격
277139,아르헨 올림픽 축구대표팀 멕시코서 금품 도난당해
277140,카드뉴스 아델이 화났다…콘서트장 관람 매너 논란
277141,유럽축구연맹 맨시티는 FFP 위반 조사대상 아니야
277142,이란 美 드론의 영공 침범 부인할 수 없는 증거 있어종합
277143,유안타증권 강원랜드 영업시간 단축…목표가↓
277144,홈런왕 최정 몰아치기 시동…시즌 2·3·4호 홈런 연속...
277145,교육생들 격려하는 조종묵 청장
277146,갤노트8V30 정식 출시 앞두고 마케팅 전쟁 돌입
277147,당정 사회정책 토론회…사람중심 사회로 패러다임 전환
277148,제주소식 중문골프장서 16일 달빛걷기 행사
277149,美법무 특검보고서 핵심 누락 보고 의혹…NYT 특검팀 불만
277150,익명화한 개인정보 본인 동의 없이 활용 가능해진다
277151,신년담화·회견국민 38회·경제 34회…국회 이야기엔 한숨
277152,한국GM 연구법인 분리 급물살 타나…연내 설립 주총 가능성도
277153,연승 재개한 NBA 휴스턴 갈길 바쁜 샌안토니오 발목
277154,봉사활동 서류조작 장현수 11월 A매치 제외…본인 요청
277155,민주당 큰손 스테이어 대선 출마 선언할 듯
277156,카드뉴스 새해맞이 나들이 숲속의 전남 어떨까요
277157,이란 저농축 우라늄 저장한도 초과…핵합의 최대 위기종합
277158,2위 한화 승률 0.584로 전반기 마감…6위 KIA...
277159,부천 자동차공업소서 불…소방당국 대응 1단계 발령
277160,맨유 에버턴 이적 루니에게 홍보대사 맡아달라고 요청
277161,평창올림픽 G1년…KT 5G 기반으로 플랫폼 사업자 변신종합
277162,이란 최고지도자 원유수익 국부펀드 할당 30→20% 지시
277163,이베이코리아 스마일카드 출시 1년만에 회원수 42만명 돌파
277164,종이책 매출 줄고 온라인서점·전자책유통사 매출 늘어종합
277165,필리핀에 불법 수출된 캐나다산 쓰레기도 되돌아간다
277166,네이버 보안 취약점 신고 포상제 독자 운영
277167,태풍 차바 제주 어선 2척 전복 요트 1척 침몰종합
277168,그래픽 중국 스마트폰 평균 가격 삼성폰과 비슷
277169,트럼프·에르도안 G20서도 러 S400 미사일 놓고 씨름종합
277170,朴대통령 北 심각한 균열…체제동요 가능성 커져종합2보
277171,3월26일부터 DSR 대출심사…수치 높으면 한도 줄거나 거절종합
277172,FIFA 2021년부터 클럽월드컵 24개팀으로 확대 추진
277173,신간 아름답고 신비한 산사 답사기
277174,이통 유통점 개인정보 부정이용 신고하면 30만원 포상
277175,日 소니 관계자 한국의 일본 제품 불매 우려 있다
277176,프로배구 최하위 한국전력 우리카드에 고춧가루…32 역전승
277177,9·13FAQ 주담대 있는 임대사업자 개·보수 목적 대출은 가능
277178,게시판 KT스카이라이프 취약계층 아동 방송견학
277179,비위 드러난 조태룡 강원FC 대표는 즉각 거취 표명하라
277180,니제르 군 이슬람 무장대원 공격에 군인 71명 사망종합
277181,4·13 격전지 野독식 저지냐 지속이냐…제주시갑
277182,눈부시도록 하얀 연꽃
277183,그래픽 국민 절반 이상 여름 휴가 간다
277184,아이디어가 현실로…인류 기후문제·화성착륙도 모두 이룰 것
277185,朴대통령 중국팬 한중관계 잠시 어렵지만 나날이 좋아질 것
277186,헝가리 아우디 공장 파업 종료…임금인상 합의
277187,김광현 한화전 5이닝 무실점 통산 110승째…SK 2...
277188,팀 최다 연패 중인 KB…권순찬 감독 선수들에게 힘주고 ...
277189,경기북부 일부지역 한파주의보 풀려…낮부터 평년기온 회복
277190,시진핑 일본으로 출발…G20서 트럼프와 무역전쟁 향배 놓고 담판종합
277191,최경환 무소속 찍는 것은 야당 찍는 것과 같다
277192,거래소 3개 증권사와 시장조성계약 체결
277193,당정청 추석물가 선제 대응…소상공인 자금지원 6조 확대속보
277194,재활용 플라스틱 가격 올라 플라스틱 줄이기 전쟁에 차질
277195,살아난 포스터 25점…DB 3쿼터 대역전극으로 SK 제압
277196,방송스태프노조 MBC 항의방문 턴키계약 중단하라
277197,스웨덴 대북제재 이행보고서 제출…북한인 거주자 0명
277198,伊법원 난민구조선 입항 허용…극우 부총리 절대 안돼 반발종합
277199,가짜뉴스법 시행 싱가포르 요구에 페북 정정공고 게시종합
277200,시무식 참석한 정의선 수석부회장
277201,공개 열흘 앞둔 갤럭시S8…사실과 루머 총정리
277202,유영민 미래부장관 개혁 드라이브 예고…환골탈태 다짐
277203,전북 구름 많다가 차차 맑음…낮 기온 뚝
277204,송영무 국방장관 리드 美 상원의원 면담…북핵공조 논의
277205,권창훈 니스전 선발 출전 64분 활약…팀은 01 패배
277206,네이버 제2데이터센터 후보지 10곳 선정
277207,美 허리케인의 계절…플로리다ㆍ하와이 비상
277208,갤S8 개통 열흘…이통3사 가입자 쟁탈전 승패는
277209,그래픽 정전협정 이후 남북 주요 일지
277210,통신·방송 1위들의 만남…SKT·헬로비전 합병 추진 일지
277211,경찰 시설공사 명목 보조금 가로챈 어린이집 수사
277212,대북소식통 北 해군사령관 김명식으로 교체 가능성
277213,여자농구 삼성생명 OK저축은행 꺾고 홈 개막전 승리
277214,걸어서 항구의 정취를 목포 골목길 탐방 뜬다
277215,특징주 핸즈코퍼레이션 상장 첫날 급락…공모가 하회
277216,청량리농수산물시장서 화재
277217,차이잉원 지지 깃발 흔드는 가오슝 시민들
277218,선거구 획정 기준 위헌…경남 1석 늘려야
277219,부활한 다르빗슈에 고무된 日 언론 사이영상 기대
277220,민주당 새 미사일 방어전략에 냉전 군비경쟁 부활 비판
277221,책은 인간의 DNA…故박맹호 반발짝 앞선 단행본의 아버지종합
277222,강원도 국내외 관광객 4년째 1억명 넘어…체험 위주 패턴 변화
277223,엘시티 비리 연루 전 국제신문 사장 2심서 집행유예로 석방
277224,케냐 대통령 한국산 자동차 몰고 한국산 TV 매일 본다
277225,해변 휴양 즐기세요…삼척 해수욕장 7월 14일 개장
277226,민주 평화 드라이브로 악재 돌파…북미 실질적 성과 낼 것
277227,日아베 2차 북미정상회담 전에 트럼프와 통화하고 싶다
277228,애플퀄컴 특허료 소송에 폭스콘도 휘말려
277229,국방부 北 SLBM 1∼3년내 전력화 가능…美 본토까지 위협
277230,동남아 최강자 박항서호 아시안컵 담금질 시작
277231,마스크 사용 여부를 눈으로 알 수 있게
277232,구글이 공식서류에 숨긴 수학 농담을 아시나요
277233,장한 고대언론인상 받는 조성부 연합뉴스 사장
277234,카카오내비 2차 업데이트…이용자 불만 잠재울까
277235,대북소식통 베이징 주재 北 대표부 간부 탈북종합2보
277236,靑 북미정상회담 판문점 개최 여부 연락받은 바 없다
277237,여성들이 만든 이야기 익산여성영화제 4월 5일 개막
277238,트럼프 캠프 최고 실세 된 베테랑 선거전략가 매나포트
277239,추신수 2경기 연속 안타…개인 통산 1천502개
277240,신간 그래도 우리의 나날
277241,NHK 北동해안서도 탄도 미사일 발사 준비 움직임
277242,네타냐후 정착촌 합병선언 총선 승리 위한 막판 노림수
277243,사망설 두테르테 페이스북 영상서 건재 과시
277244,與 인재공약 투트랙 발표…설 밥상민심 잡기 선제전략
277245,국민의당 수도권 출정식…연대불가·독자노선 결의
277246,폭염엔 역시 얼음
277247,어산지 英 법원 출석 미국 송환요구에 맞서 싸울 것
277248,LG유플러스 주행 차량에서 5G 송수신 테스트 성공
277249,NHN엔터 근로시간 단축 정착 위한 딥 워크 캠페인
277250,남북 탁구 선수들 밝은 미소
277251,게시판 한컴한국디지털미디어고 뉴미디어 산학협력 협약 체결
277252,LGU 8월까지 로밍 이용객에 여행자 보험 제공
277253,카톡방 URL 검색 노출 카카오 조사…감청 여부도 쟁점
277254,미 상원 트럼프 행정부 사우디 핵기술 이전 제동
277255,달의 뒤태가 드러나다…창어4호 360도 파노라마 사진 전송
277256,위클리 스마트 USB 메모리 다 썼으면 그냥 뽑아도 됩니다
277257,美 지난주 실업수당 20만9천건…8천건 감소
277258,북에서 온 평양남북정상회담 선물 풍산개
277259,전국 대체로 맑음…일교차 크고 미세먼지 좋음∼보통
277260,네이버 기사배열 공론화…실검 알고리즘 검증위 만든다
277261,러시아 가구 65% 예금 한 푼도 없어…소득 적어 저축못해
277262,삼성 갤노트 8 키워드는 Do bigger things…티저영상 공개
277263,4연패 다저스 마에다 레드삭스는 구장 모양이 문제
277264,현장 서울시장은 나야 나…박원순·김문수·안철수 첫 유세 장소는
277265,남북 통일농구 대표단 평양 도착
277266,연극 무대에도 오르는 그대를 사랑합니다
277267,봄꽃 만발한 산사로 기차 타고 떠나요
277268,주말 N 여행 호남권 노랑·빨강·하양 100만 송이 활짝…신안 튤립축제
277269,물로 덮인 워터월드 행성에도 생명체 존재 가능
277270,유인택 예술의전당 사장 제작극장 역량 강화하겠다
277271,미국·유럽 예상밖 금리인하에 파생상품 원금 전액손실 위기
277272,中 정부선박·어선 센카쿠 동시 접근…日 영해침입 강력 반발
277273,EU 대북 외교교류 보류 가능성 RFA
277274,얘기 나누는 법무장관과 민정수석
277275,美대선 앞둔 방미…세 원내대표가 진단한 한미관계 과제는
277276,문의장·여야 원내대표 회동…시작부터 말폭탄 신경전
277277,부산시티투어 유럽산 2층버스 도입
277278,문 대통령 드루킹 사건 특검과 함께
277279,봄꽃 보러 한국 오세요…동남아·중동 관광객 유치
277280,180억원대 해상용 면세유 빼돌려 유통한 일당 검거
277281,호주 정부 동물해방 채식주의자 과격 시위 엄단 방침
277282,문 대통령 여건되면 남북정상회담…관계개선·북핵해결은 함께종합
277283,남태희 무릎 전방 십자인대 파열…아시안컵 출전 불발종합
277284,새 디자인·카메라에 매료…이통3사 갤럭시S10 개통
277285,北당대회 北 대회前 5차 핵실험 자제…中 의식했나
277286,박정림 KB증권 사장 제로금리 시대 투자 더 공격적으로
277287,정부통신3사 5G 중저가요금제 이견…향후 치열한 신경전 예고
277288,갤노트10 고객 유치전 시작…LGU 얼리버드 프로모션
277289,뛰는 대출금리 기는 예금금리…예대금리차 3년3개월 만에 최대
277290,필리버스터에 예산부수법안 처리 비상…與 26일 처리 시도
277291,특징주 인크로스 4분기 실적 기대감에 강세
277292,LG이노텍 연구원들 어린이 과학캠프서 재능기부
277293,지방선거 이긴 日자민당…참의원 선거 앞두고 고지 선점
277294,경기도 8개 시 15시 오존주의보 해제
277295,이란 유엔에 美 드론의 영공침범 항의 제기
277296,칠레전 나서는 황의조 골 욕심 있다…손흥민과 힘 합칠 것
277297,대기업 CEO가 꼽은 명품…제네시스·갤럭시폰·신세계백화점
277298,서울에서 만난 태국불교
277299,KTB투자증권 골든브릿지증권 인수 검토한 바 없어
277300,러 체육장관 도핑스캔들 공격 많겠지만 월드컵준비 차질없다
277301,피 토하는 심정으로 투쟁
277302,KISTIT여성기업인협회 기업 성장지원 업무 협약
277303,날개 펼친 김정호 서버 아닌 레프트로 나와서 좋아요
277304,추신수 2타수 무안타…볼넷으로 2차례 출루
277305,기업은행 글로벌 모바일 홈페이지 열어…12개 언어 지원
277306,손흥민 20·21호골 펑·펑…차범근·박지성 모두 넘었다.
277307,네이버·소프트뱅크벤처스 결성 펀드 500억 증액…AI 투자
277308,1천748일 만의 4연승…프로농구 kt DB 잡고 단...
277309,남자배구 아시아선수권서 인도네시아에 30 완승…예선 3연승
277310,아시안게임 김호철 감독 우리 배구 가능성 확인했다
277311,신간 암치료의 혁신 면역항암제가 온다
277312,평양정상회담 문 대통령 연설에 환호
277313,檢 최순실·정유라 특혜지원 의혹 삼성전자 압수수색종합
277314,갤럭시S8 배터리 추정 사진 유출…노트7보다 용량 15％ 작아
277315,국토위 태풍상륙날 국감장 떠난 이강래 행적 놓고 여야 공방종합
277316,40차례 청문회 경험 박영선 첫 검증 공수 전환
277317,경영위기 부른 현대重 플랜트본부 과거 성공에 안주했다
277318,이집트 터키 에르도안 비난…무르시 사망 관련 무책임한 발언
277319,유방암·조현병 영향 단백질 제한 방법 발견
277320,KT 와이브로 9월 종료…가입자 5만명 LTE 전환 지원종합
277321,레진엔터 웹툰·독립영화로 부산영화제 참가
277322,쿠바 거포 산체스 6일 조기 입국…KOV0컵 출격 준비
277323,불가리아 공항·언론매체에 폭파 협박 이메일
277324,신간 프랑스어의 실종·당신이 남긴 증오
277325,솔릭 예상경로 계속 남하…영광에 상륙해 충청 관통할 듯
277326,브리핑룸 들어오는 이효성 위원장
277327,태안 가을 대하의 참맛 즐겨보세요
277328,부상 공백 깨고 돌아온 즐라탄 사자는 인간과 다르니까
277329,속초 낮 최고 29.3도…동해안은 벌써 초여름
277330,고민 커진 서남원 감독 디우프 원래 설렁설렁한다
277331,인터넷 포털은 언론사…뉴스 유통 창구로 자리 굳혀
277332,KB증권 하나금융 4분기 호실적…목표주가↑
277333,삼성전자 스마트폰사업 영업익 4조 돌파 어닝서프라이즈종합
277334,한일 국방장관 北미사일 대응 전화통화…공조 강화
277335,게시판 SK텔링크 갤노트4·아이폰6 중고폰 특가판매
277336,신간 좋은 일자리의 힘·폭풍 전의 폭풍
277337,한해 2천400억 전파사용료 어디 쓰는지 알 수 없다
277338,격추된 美무인기 이란 영공 경계 아슬아슬 비행한듯
277339,제2의 윤창호 비극 막는다…금주구역 신설·술광고 강력규제
277340,서울올림픽 문화적 자취를 찾다…화합과 전진 展
277341,볼턴 시리아서 美 철군 조건은 IS 퇴치·쿠르드 안전종합2보
277342,CJ헬로비전 LTE 최저가 유심요금제 출시
277343,KT 데이터 공유 앱 Y데이터박스 가입자 10만 돌파
277344,신간 가출
277345,모리뉴 맨유 감독 루니 중국행은 본인 결정에 달린 것
277346,그래픽 남북정상 백두산 장군봉까지 이동 예상 경로
277347,미 항공모함·전략폭격기 중동 속속 도착…미이란 긴장 고조
277348,화력발전소 배출 미세먼지 잡는 친환경 설비 개발…효율 10배↑
277349,김기식 금융감독원장 관련 문 대통령의 서면 메시지
277350,삼성전자 갓스물 고객에 스피커·삼성뮤직 이용권
277351,국내법원에 아이폰 집단소송 첫 제기…1인당 220만원 청구
277352,靑 사이버안보비서관에 이재성 前기무사 2부장 내정
277353,이탈리아판 적과의 동침…새 연정 탄생했지만 생명력은 글쎄
277354,부르키나파소서 군차량 피습…군인 1명 숨지고 2명 부상
277355,SKT 최대 36GB 무료 클라우드 출시…타사 이용자에도 개방
277356,튀니지 해상서 이주민 탄 배 침몰…약 80명 사망 추정
277357,김현미 국토부 장관 현충원 참배…DJ 묘역도 들러
277358,여자배구 만리장성에 막혔다…월드컵 중국전서 03 완패
277359,신개념 반도체 소자 개발에 10년간 2천400억 투자
277360,인도 시장서 맞붙는 삼성 갤S8과 샤오미 미6…승자는
277361,영혼 자살한 상태서 거짓자백…20년 수감 재일 한국인의 절규
277362,농협은행장 현장경영…전국 지점 순회 시작
277363,LGU 전국 점자도서관에 U스마트홈 스피커 350대 지원
277364,신간 유럽 맥주 여행
277365,윤후명의 시 300편 집대성 새는 산과 바다를 이끌고
277366,김부겸 이정현선출에 보수 참무섭다…상황대응 우리보다 절박
277367,토트넘 손흥민 2017년 마지막 경기서 1골·2어시스트 ...
277368,英 재무부 브렉시트 땐 2년간 일자리 50만개 사라져종합
277369,대한민국 만화대상에 조석 마음의 소리
277370,구글·네이버 설전…세금 낸다 vs 매출 공개해라종합
277371,경기 25개 시·군 호우예비특보…오후 들어 또다시 비
277372,구자철 분데스리가 개막전 풀타임…아우크스는 01 패배
277373,네이버 이미지 검색기능 모든 모바일 사용자에 개방
277374,TV조선 손석희 폭행사건 배후설 김어준 고소…경찰 수사
277375,환노위 탄력근로·최저임금 합의불발…5일 본회의처리 빨간불종합
277376,민주 반일 과열 분위기 우려…조금 더 신중하게
277377,코스피 외인·기관 매도에 하락…장중 2070대 후퇴종합
277378,광주·전남 4∼6월 강수량 평년대비 44%…장마전선 7월초 북상종합
277379,伊 연정 협상 살얼음판…나흘째 구체적 합의 소식 없어
277380,확대간부회의 참석하는 양정철 민주연구원장
277381,LGU＋ 작년 유무선 매출 증가…영업익 6천323억종합2보
277382,신한카드 우버와 전략적 파트너십 체결
277383,브렉시트 후폭풍에 한국 금융시장 다시 살얼음판
277384,폴란드 광산서 지진으로 16명 부상
277385,디자이너 안상수 글자는 디자인의 핵심…홀려야 작품 나온다
277386,슈퍼신인 한동희 만루포…롯데 3연승·NC 5연패
277387,누리과정 예산편성 감사 착수…서울 등 7개 교육청 대상
277388,충북 5∼10㎜ 소나기…폭염 지속
277389,일본인·무슬림 관광객 늘리고 국내여행 활성화한다
277390,이란 전국 3주째 봄 홍수…70명 사망·주민 대피령
277391,로마 판테온 옆에 알루미늄 굴뚝이…맥도날드 경관 훼손 논란
277392,한반도 영세중립 선언하고 동북아공동체 이끌어야
277393,현행 헌법과 다른 점은 ①5·18 전문에 명기기본권 대폭 개선
277394,YTN노조 사장 퇴진하지 않으면 2월1일부터 파업
277395,日 방문한 스틸웰 美 차관보
277396,하나투어 다문화·유소년 농구대회 20일 아산서 개막
277397,터키군 시리아 진격…에르도안 평화의 샘 작전 개시 선언종합
277398,우리카드 펠리페 영입…시즌 시작 전 두 번째 외국인 교체
277399,베스트셀러 다시 상승세 탄 언어의 온도 2주 연속 1위
277400,건설사 비호 의혹 캐나다 트뤼도 총리 지지도 야당에 뒤져
277401,월드컵 한국스웨덴전 실시간 시청률 60.47％
277402,문대통령 빠른 종전선언 바람직하다는 데 대체로 공감대
277403,3·1운동 실질적 기둥…용성 스님 재조명
277404,탈북단체 대표 개성공단 北근로자 절반 이상 타지역 이주
277405,5·18민주묘지 참배하는 정동영
277406,한국 전 세계 디도스 공격 발원 국가 8위
277407,코스피 4분기 실적 먹구름…75% 기업 이익 전망치 하향
277408,29년 재임 하야투 아프리카축구연맹 회장 8선 실패
277409,여자프로배구 구단도 샐러리캡 현실화에 공감…5월 중 추가 협의
277410,뇌 단백질에 당 많이 붙으면 인지기능 저하
277411,국방부 北 미사일 발사 준비 상당히 진척됐을 가능성
277412,사랑·배신·복수…봄에 펼쳐지는 오페라 열전
277413,중진공 해외기술교류 상담회 참여 기업 모집
277414,대만 동성결혼 특별법 통과…아시아 최초
277415,주말 N 여행 가을이네요∼…코스모스 내음 물씬 풍기는 철도 여행
277416,삼성자산운용 한국형TDF 수탁고 3천억원 돌파
277417,정몽규 회장 대표팀 브라질 월드컵보다 잘 준비
277418,햇볕에 옹기종기
277419,이란핵합의 와해 우려…최후보루 유럽마저 해지절차 고심하나
277420,17개 부처가 함께 사용…연구비 통합관리시스템 개통
277421,LG화학 전기차 배터리 수주 36조…2020년 매출 7조
277422,올해 남북관계 전망 엇갈려…北김정은 신년사 전문가 진단종합
277423,노벨상의 달 10월…수상자 5명 코엑스에서 만난다
277424,더민주·국민의당 차기 광주시당 위원장 누가 맡나
277425,서울국제무용콩쿠르 개최…27일 월드갈라
277426,이스라엘 아프리카 차드와 47년 만에 외교관계 복원
277427,KBO 취소 5경기 8월 16일 개최
277428,장하성 고용지표 악화 이유 종합적으로 분석해야
277429,길따라 멋따라 갯벌 품은 바다마을…화성 백미리
277430,상반기 수사기관에 제공한 통신자료 318만건…7.5% 감소
277431,北 유엔 안보리 제재 이행점검 토론회 비난
277432,추워도 너무 춥다…동장군 기세에 잔뜩 움츠린 출근길
277433,소니 바닷물 방수되는 블루투스 이어폰 출시
277434,한화 홈런 1위 SK 앞에서 홈런쇼…2위 탈환
277435,10년 묵은 與 계파정치…친박·비박 간판 언제 내려질까
277436,정의당 공동선대위원장 나경채 공동대표
277437,게시판 방통위 2018 해외 우수 공동제작 대상 공모
277438,미국 통신업체 ATT TV스트리밍 서비스로 코드커터 공략
277439,SBS 인공지능 통한 클립 영상 생성 기술 개발
277440,영상 안타깝다 류현진…100번째 등판서 부상 재발
277441,이동통신3사 e스포츠 LCK 멀티뷰 생중계
277442,포르투갈 총선 종료…집권 사회당 제1당 확실시
277443,한국 남녀 배구 도쿄올림픽 출전권 확보에 러시아 변수
277444,사이테크 플러스 암흑물질 후보 WIMP 발견 20년 논란 해결 실마리 찾았다
277445,시리아는 매일 참사…반군점령지 7개월새 1천300명 사망
277446,홍콩 경찰 성당 안까지 진입해 체포…11살 어린이까지 잡아가종합
277447,앞으로 가는 대한항공 7연승…뒤로 가는 KB손보 10연패
277448,제주 산지 오후 대설주의보…풍랑·강풍주의보도 발효
277449,올림픽파크 KT홍보관 5G커넥티드 방문한 최민정
277450,朴대통령 비상시국에 농림장관 해임건의안 통과 유감
277451,北인권법 다음달 시행…정권주민 분리전략 본격화하나
277452,도종환 병영도서관 장서∙인력 기준 미달 심각
277453,JTBC 시사 프로 시사토크 세대공감 론칭
277454,날씨 전국 구름 많아…낮 최고기온 2∼9도15일
277455,아시안게임 우즈베크 형님들한테 맡겨…손흥민·황의조 ...
277456,워싱턴 셔저 통산 6번째 MLB 이달의 투수
277457,고위 당정청 北SLBM 등 대비 국방무기체계 확보계획 조기 시행속보
277458,신간 100장면으로 읽는 조경의 역사
277459,中유니온페이 신용카드 돈세탁 기승…방지책 계속 강화
277460,朴대통령 귀국 직후 8시30분께 안보상황점검회의 소집
277461,북미정상회담 드레스코드 눈길…김정은 인민복과 트럼프 정장
277462,시트로엥 2018 파리모터쇼 참가
277463,이란 석유장관 이란 원유수출 완전 차단은 허황한 꿈
277464,조국 민정수석과 박상기 법무장관 무슨 얘기
277465,엠비드 42점 필라델피아 연장 혈투 끝에 샬럿 꺾고 2연승
277466,남북연락사무소 北소장에 전종수…개소 당일에야 공개종합
277467,여행소식 비엣젯항공 최저 7만 원 특가 프로모션
277468,삼성·화웨이 스마트폰 매출 격차 좁혀져…올해 역전 가능성
277469,문대통령 김정은 트럼프와 비핵화 조속히 끝내고 싶다고 밝혀종합
277470,北 김정은 제염소 시찰…소금은 식량 못지않게 중요종합
277471,北 70일 전투 종료 한달도 안됐는데 200일 전투
277472,5경기 연속 풀세트…접전이 일상화된 남자 프로배구
277473,한국미술 해외에 알린다…국립현대미술관 출판사업 강화
277474,국내 스마트폰 클라우드 저장소는 구글·네이버 양강 체제
277475,美법원 대통령은 왕이 아니다…트럼프 前고문 증언 명령종합
277476,방통위 방송·통신 OTT 사업자와 간담회
277477,독립서점·소형출판사 한자리에…변신한 서울국제도서전
277478,김병준 유치원·어린이집 자율정화체계 강화해야
277479,때 이른 상어 습격…미국 동·서 해안서 2명 부상
277480,신간 북한 체제의 기원·상상된 공동체
277481,獨극우당 의원 3인조 복면괴한에 폭행당해 의식잃어
277482,미국재대만협회 2005년부터 해병대원 근무 첫 인정
277483,전국 흐리고 비…경상남북·강원에 호우 특보
277484,현대미술 열어젖힌 야수파·입체파 걸작 내달 서울 온다
277485,KBO 정규리그 4위 팀 4년 연속 준PO 진출
277486,기업대출 꾸준히 증가…작년 11월 통화량 6.8% 늘어
277487,광주시의회 후반기 의장 선거 3파전 압축
277488,바이오 지식재산 제도개선 방향 검토…바이오 IP특위 출범
277489,손 치켜든 홍준표 대표
277490,5G폰 1인 데이터 사용량 26GB…고화질 영화 13편 용량
277491,이재용 삼성생명공익재단 이사장 연임…그룹승계 재확인
277492,LG전자 스마트폰사업 9분기 연속 영업손실…매출도 21% 급감
277493,간편결제 앱 1위는 모바일결제ISP…삼성페이 2위
277494,화천쪽배축제 7월 27일 개막…피서철 레포츠 다채
277495,아시안게임 한국 여자배구 베트남 꺾고 8강 조기 확정
277496,한류다큐 해외진출 본격화 영국서 기획안 소개 행사
277497,朴대통령 안보리α 제재…한미일 공조로 北압박 극대화
277498,SeMA하나 미디어아트 어워드에 안건형 작가
277499,삼성화재 외국인 선수 산탄젤로 발목 부상으로 KOVO컵 결장
277500,화이트 그래핀 반도체 나올까…대면적 합성 성공
277501,신한은행 소상공인시장진흥공단과 업무협약
277502,특검 위증과의 전쟁 선포…문형표 시범 케이스
277503,28일부터 16일동안 봄 여행 떠나요…770개 업체 할인 풍성종합
277504,2000년 이후 北 주민 서해상 귀순 일지
277505,러 日과 영토분쟁 쿠릴열도서 군사훈련…일본 항의
277506,화웨이 창업자 런정페이 우리는 죽지 않아…승리할 것종합
277507,게시판 외국인 관광객 위한 관광불편신고사이트 개설
277508,女배구 올림픽 亞예선서 카자흐 등과 한조…우승팀만 본선 진출
277509,북한단신 박봉주 총리 국가과학원 석탄가스화연구소 등 시찰
277510,류현진 옛 동료 그란달 화이트삭스 왔으면…다시 공 잡고 싶다
277511,포털 다음 27분간 로그인 장애…네트워크장비 오류 탓
277512,온라인서 예술품 감상·구매…네이버 아트윈도 오픈
277513,새누리 분당 앞두고 부산 당원도 대거 탈당 조짐
277514,오스트리아 사상 첫 여성 총리 탄생…비어라인 헌재소장
277515,세계문화예술교육 주간 24일 개막…전국서 문화예술 행사
277516,종합 디지털 경쟁력 가장 좋은 국가는 영국
277517,자연재해처럼 테러도 경보 프랑스 스마트폰 앱 배포
277518,청소년 신간 내 몸에 흐르는 뜨거운 피
277519,경주 월성 전담해설사 운영·문화예술위 문학활성화 캠페인
277520,SC제일은행 1분기 순익 760억…12.5% 감소
277521,게시판 LG유플러스여기어때 고객센터 고도화 MOU
277522,北김정은 평양에 제2의 미래과학자거리 건설 지시종합
277523,가평 관광업계 中금한령 대책 마련…개인관광객 유치 집중
277524,남북 꿈나무 U15 축구대회 춘천·원주·강릉 분산개최
277525,이집트 카이로서 차량 연쇄충돌 후 폭발로 최소 19명 사망
277526,KT홍보관 5G커넥티드 체험하는 최민정
277527,사드배치 北미사일 방어 효과 vs 검증되지 않은 무기
277528,SNS돋보기 한국인 위안부 영상 첫 공개…들끓는 슬픔과 분노
277529,정동근·김정호 활약…KB손보 범실 남발 상무 완파
277530,日 탄도미사일 탐지 위성 보유 검토…내년 센서 탑재 실험
277531,알프스 인근 건조한 날씨 지속…산불 주의보
277532,벌써 4홈런 LG 포수 유강남 올해 목표는 18홈런
277533,경기도 17시 성남안산안양권 미세먼지 주의보 해제
277534,스팸차단앱 후후 출시 5년간 8천643만건 스팸 신고
277535,한국4호스팩 의료기기업체 비올 합병
277536,광주 북부소방서 119 출동 유도선 2차 시공
277537,100호골 작렬한 메시 10명이 싸운 바르사 구했다
277538,대한골프협회 경기위원이 쓴 달라진 골프 규칙 안내서 출간
277539,ICC 반인도적 범죄 혐의 前 코트디부아르 대통령 무죄 선고
277540,실시간 텍스트 번역을 무료로 플리토 앱 업데이트
277541,2020년부터 농어촌도 초고속인터넷 서비스 의무화
277542,트럼프 쿠르드 침공 터키 제재 착수…행정명령 서명
277543,중동의 중재자 오만 외무 이란 방문…이란 英 성토종합
277544,현대·기아차 수해차량 무상점검 등 특별지원
277545,카카오 차별화 실패 서비스들 잇따라 종료
277546,작년 국내 출시 중국 모바일 게임 136개…2천억원 벌어가
277547,LGU 알뜰폰 고객유치 돕는다…편의점 전용매대 설치
277548,EU 英 스크리팔 독살미수 혐의 러시아 요원 등 제재
277549,SK텔레콤 에릭슨·노키아·삼성 5G장비 연동 성공
277550,지성준 역전 끝내기 스리런…한화 롯데 꺾고 4연승
277551,두바이에 축구장 80개 면적 중국 마켓 조성
277552,벌랜더에 막힌 추신수 4타수 무안타…MLB 휴스턴 99승째
277553,역대급 미세먼지에 갇힌 도심
277554,두바이유 가격 반등…배럴당 44.65달러
277555,특권귀족노조 대책 세미나 참석하는 황교안
277556,올림픽 문화올림픽 합동 세배 등 행사 다채…세계인 눈길
277557,4분기 세계 스마트폰 경쟁서 애플이 1위 삼성 제칠 것
277558,카메라 평가기관 갤노트9 셀피 최신폰 중 가장 우수
277559,LGU 부산 해운대서 골목상권 상생 프로젝트 U로드
277560,언젠가 아마도 누군가를 만나리라 김연수 여행산문집
277561,靑 남북정상 오늘 합의로 실질적 종전을 선언속보
277562,원장님 언제 오시나…과학계 정부출연 기관장 빈곳 수두룩
277563,정상회담 D1 초유의 외교사령탑 총출동…비핵화 논의 주목
277564,공개 앞둔 갤럭시A80…6.7인치 화면에 회전카메라 탑재
277565,류현진 30일 애리조나전에서 전 SK 켈리와 선발 맞대결
277566,朴대통령 내일 광복절 메시지…자긍심 국민단합 강조 전망
277567,경희궁 옛 사진부터 100년전 놀이판까지 민속박물관 기획전
277568,與 공천심사 계속…유승민·윤상현 결과 주목
277569,1인 출판사가 독립군처럼 묘사되길 원치 않아요
277570,올데이 그램 진짜 24시간 작동하네…LG전자 동영상 공개
277571,추신수 세인트루이스전 무안타 1볼넷
277572,英축구협회 러시아월드컵에서 공용 와이파이 쓰지마…해킹위험
277573,대선정국 조기 점화시킨 회고록 파문…안보·北이슈 급부상
277574,아프리카 가나서 버스 정면충돌 60여명 사망
277575,좋은사람들 예스 광복절 기념 태극기 달기 동참
277576,에르도안 시리아 안전지대 터키가 통제해야…서방 계획에 반기종합
277577,제임스 LA 홈 데뷔전도 패배…양팀 선수들 경기 도중 난투극
277578,자주 가는 길 찾는 뇌 부위는 따로 있다
277579,英여왕 브렉시트 논란속 정치인들 통치력 없어 이례적 비판
277580,北 김정은 정상회담서 한미훈련 중단 요구…트럼프 이해속보
277581,헌재에 朴대통령 관련 헌법소원 5건…탄핵심판 가늠자 되나
277582,CNN 美항모 급파 이란의 탄도미사일 이동 가능성 첩보 때문
277583,한국 아프간 꺾고 2연승…AFC U16 챔피언십 사실상...
277584,파파고 총괄 AI 번역 7년 뒤 일반인 수준 넘는다
277585,대전세종충남 적신 반가운 비…홍성 20.5㎜
277586,美 억만장자 미성년 성범죄 사건 떠들썩…이번엔 철퇴 맞을까
277587,삼성전자 오렌지·시스코와 5G FWA 시범 서비스
277588,얘기 나누는 임종석 비서실장과 송인배 정무비서관
277589,류현진 연장 끝내기 찬스서 대타로 땅볼…다저스 패배종합
277590,정의당 세월호 진실 아직 인양되지 않았다…정부가 밝혀야
277591,건물 안 노후화된 통신망 신호 왜곡 위치 잡아낸다
277592,게시판 한은 알기쉬운 경제이야기 UCC 공모전 수상작 선정
277593,거래소 홍콩·싱가포르서 한국 상장기업 알린다
277594,홍용표 北개성공단 달러 당에 상납…핵·미사일 개발에 사용
277595,프로배구 KB손해보험 한국전력 잡고 중위권 발판마련
277596,지자체의 무분별한 앱 개발…예산만 낭비
277597,이란 호르무즈해협 정찰영상 공개…美 무인기 파괴 주장 거짓
277598,신간 기린은 왜 목이 길까·마지막 의식
277599,美올랜도사태 초비상…법무 中서 급거귀국국토안보 中방문 취소
277600,지하철역 예술작품 AR로 본다…LGU 공덕 U5G 갤러리 개관종합
277601,대신증권 SPC삼립 실적 단기 부진 예상…목표가↓
277602,北여자 아이스하키 5명 출전 요구…南 3명으로 제한
277603,신간 국가와 주체·폭력 앞에 선 철학자들
277604,국감현장 행안위서 조국 장관 호칭 놓고 여야 신경전
277605,돌아온 오타니…디트로이트전 지명타자 출전
277606,미·중 국방장관 싱가포르 샹그릴라 대화서 별도로 만난다
277607,OK저축은행 김호철 대표팀 감독 영입 시도에 사과
277608,귀성길 마스크 쓰세요…경기 중부권 미세먼지 주의보
277609,김정은 신년사서 북핵 왜 빠졌나…평화협정 주장은 여전
277610,내일 동해안·남부지방 비…전국 흐리다 토요일 낮부터 맑아져
277611,야권 세력재편 급물살…더민주安신당 장군멍군
277612,차기 대선 세대교체 변수될까…50대 기수론 솔솔
277613,KIA 윤석민 2군 복귀전 5⅔이닝 1실점…72구 투구종합
277614,구글플레이 여덟번째 개발자와의 대화
277615,현대차LG화학 손잡고 친환경차 보급 확대 나선다
277616,LNG 발전사업자들 발전 원가 보장해달라
277617,朴대통령 청문회 국회법 숙고…이틀 일정 비우고 순방 준비
277618,감사원 롯데홈쇼핑 재승인에 하자…적절한 조치 요구종합
277619,심상정 대표 촛불 간담회 발언
277620,신간 68혁명 상상력이 빚은 저항의 역사
277621,용서로 완벽한 복수를…국립국악원 처용 내달 개막
277622,터키의 몰디브 살다 호수…환경오염 우려에 개발금지령
277623,이집트 정국혼란 수단에 대표단 파견…과도군사위 지지
277624,2020년 대한민국 유네스코 가입 70주년 기념사업 계획 발표
277625,농업도 4차 산업혁명 ③ 감귤 상품성↑ 소득도 덩달아↑
277626,ICC 이라크·아프간 내 영국군 전쟁범죄 은폐 수사 검토
277627,브렉시트 대비 한·영 FTA 논의
277628,귀경 전쟁 고속도로 양방향 정체…부산→서울 7시간 40분
277629,맨유 첼시전 집단항의로 벌금 2천800만원
277630,넥센전 트라우마 한화 샘슨 전반기 10승 달성 실패
277631,LG페이 30일부터 전 카드사 지원…기념 이벤트 풍성
277632,EBS 박치형 부사장 해임
277633,문 대통령 불합리한 보호무역 조치에 당당하고 결연히 대응
277634,이란 핵합의 제한 농도 넘겨 우라늄 농축 개시
277635,KB손해보험 배구단 의정부시에 500만원 상당 배구용품 전달
277636,가상화폐 중소거래소 부글부글…총회서 가상계좌 논의해야
277637,나노융합 2020사업에 올해 202억 지원
277638,갤S8 정식 출시일 차분…사전개통에 따른 신풍속도
277639,권익위 보훈심사 목격자 증언사고전후 상황 고려해야
277640,남태희 아시안컵 출전 불발…누가 공백 메울까
277641,몰디브 반얀트리 무료 요가 체험하세요
277642,나경원 원내대표 정양석·김현아와 국회 정상화 협상 논의
277643,우리은행 위성우 감독 오늘은 오늘로 끝…새로운 긴장감으로
277644,시중은행 기업대출 중 부동산담보가 절반 넘었다
277645,DMS 576억원 규모 디스플레이 패널 제조 장비 공급 계약
277646,이스라엘 가자지구 하마스 추가 공습…휴전 합의 안돼
277647,北김영철 정의용에 미국과 대화할 용의 여러차례 밝혔다속보
277648,초중고 축구리그 터무니없는 미세먼지 규정 고친다
277649,시리아 정부·러시아군 공격으로 시리아 북서부서 21명 사망
277650,프로배구 대한항공 삼성화재에 32 역전승…2위로 도약
277651,미 금리인상 속도 늦춰질까…FOMC 앞두고 원달러 환율 하락
277652,與 현직 장·차관 10여명 총선차출 검토…전직도 출격 준비
277653,전국 소·돼지 가축시장 폐쇄기간 23일까지 연장
277654,알라딘 20년 누적판매 1위에 혜민 멈추면 비로소…
277655,증시신상품 한투증권 4개월 단위 조기상환 ELS 모집
277656,경전철·가스·발전 등 8조원 印尼 인프라 참여 추진
277657,폭염특보 경기 19개 시 오후 2시 오존주의보
277658,시진핑 낙후지역서 민생행보…2020년까지 5천만명 빈곤 해소
277659,軍 확성기 방송에 김정은 체제·핵실험 비판내용 포함종합
277660,미국 흑인시위 동조 백인시위대 출근시간 고속도로 점거
277661,시중은행 중도금 대출 올스톱…건설사 돈 빌릴 데가 없다
277662,세기의 대국세계 인공지능 산업 현주소는
277663,류현진 메이저리그 데뷔 이래 첫 홈런 쾅종합
277664,프로농구전망대 헤인즈 복귀 SK 상위권 도약 시동 걸까
277665,프로농구 현대모비스 3점슛 13개로 SK 격파…3위 보인다
277666,이스라엘 네타냐후 13년 장기집권 막 내리나…정치 인생 기로
277667,리옹토리노 고속철 사업 놓고 伊 연정 내분 격화…결별 수순종합
277668,여자배구 대표팀 VNL 참가 위해 소집…이소영은 2주 후 합류
277669,佛법원 불법이민자 색출 극우단체 공무집행방해로 실형
277670,실종 말레이기 파편 3번째 확인…모리셔스 발견 날개부분
277671,여야 오늘 노동 5법 담판 시도…불발시 임시국회 소집
277672,속보 홍콩정부 시위대 마스크 금지하는 복면금지법 시행
277673,한인도네시아 확대정상회담
277674,하이투자 코스피 내년 2200 전망…기업 이익 증가
277675,여야 3당 원내대표 민생·경제법안 우선처리 합의문 전문
277676,게시판 카카오페이지 창비와 내년 1월까지 문학 작품 공모전
277677,이통 3사 모처럼 동시에 본업 살았다…하반기 전망은 먹구름
277678,남자농구 김상식 감독 세계의 벽 넘으려면 높이·힘 향상해야
277679,윤상현 핵무장론 현실성 없어…핵잠·B52 배치해야
277680,신간 강원도의 맛
277681,미국서 열흘 구금 이란 국영방송 앵커 귀국
277682,작년 4분기 상가 83개 분양…전분기比 48%↑
277683,하나금투 LG전자 올해 영업익 3조1천648억원 전망
277684,올해 공공임대주택 11만7천가구 입주자 모집
277685,터키 IS 합류한 네덜란드 여성 2명 본국 송환
277686,靑 참모진 개편에 더민주 민의와 거리 국민의당 깊은 우려
277687,총선 D13 야권 분열에 탈당파도 부진…새누리 충북서 초반 강세
277688,지상파 붕괴와 더불어 초래된 미디어 전쟁
277689,국제 기후변화 예측에 국산 기술 투입
277690,은행 연체율 두 달 연속 상승…가계·기업 동반 악화
277691,정성훈 KIA 소속으로 5천645일만의 홈런…삼성 제압 ...
277692,섀너핸 美국방장관 대행 내달초 한국·일본 방문 추진종합
277693,BBC 北 ICBM 개발목표에 더 다가서…핵탄두 소형화 성공
277694,NBA 17일 개막…골든스테이트 3연패 도전 막을 자 누구냐
277695,전국 사찰 39곳서 설맞이 템플스테이
277696,프로축구 수원 GK 신화용 수원팬이 뽑은 5월 MVP
277697,최지만 휴스턴 게릿 콜 상대로 시즌 12호 홈런 쾅종합
277698,CJ오쇼핑 CJ EM 흡수합병…융복합 미디어 커머스 기업 탄생종합
277699,벤츠 10세대 E클래스 한국서 3년만에 10만대 판매
277700,삼성 갤럭시탭S4 29일 출시…LTE 모델 88만원부터
277701,安 미래 22번 언급하며 덩샤오핑 롤모델로…대안세력 부각
277702,노르망디 상륙작전 75주년 맞아 각국 정상 한자리에
277703,中 관영매체 사드 보도와 더민주 방중 관련 靑 입장 전문
277704,박지성 오는 6월 맨유 유니폼 입고 올드트래퍼드에서 뛴다...
277705,장마 소강 전국 폭염특보 찜통더위 기승…일부 열대야
277706,부마민주항쟁을 국가기념일로
277707,K리그 화제의 판정 영상콘텐츠로 자세히 본다
277708,트럼프 무능 英대사 문건 일파만파…경질론에 유출자 색출도
277709,北예술단 1주일간 베이징 머물며 북중 전략적 밀월 다져
277710,벌써 3승 장민재 제가 막으면 타자들이 점수 내주더...
277711,카카오메일 시범 서비스 개시…카톡 여러 기능과 연계종합
277712,패널업계 TV 시장 침체 해법 커브드에서 찾는다
277713,휘발유값 서울보다 100원 이상 싼 대구…비결은
277714,보훈처 김일성 친인척 서훈 빠른 시일내 취소2보
277715,전경련 올해 일자리 창출·4차 산업혁명 주도
277716,중국 미국의 대만 무기판매 계획 맹비난…즉각 취소하라종합
277717,英 총리 브뤼셀 사건에 충격 받아…최대한 지원
277718,왕웨이중 4이닝 1실점 NC kt와 마지막 평가전 승리
277719,신간 위기관리 시스템 혁명·신사업 신제품 오디세이
277720,아스널 벵거 감독과 6개월 전 2년 계약 합의
277721,SKT 천재 해커 CEO 영입…인공지능 연구 누구나 설립
277722,나노스 작년 영업손실 164억원…적자전환
277723,업계 3위 대우건설 호반건설 품에 안기나종합
277724,LG V30 OLED 풀비전 적용…스마트폰중 화질 세계 최고
277725,화천쪽배축제 폐막…16일간 8만1천명 찾아
277726,LG전자 두번째 초프리미엄폰 시그니처에디션 출시
277727,문 대통령에 북일대화 카드 꺼낸 아베…평양선언 거론
277728,푸이그의 미신 배트 핥기·코치 뽀뽀 올해도 계속된다
277729,댓글조작 드루킹 징역 3년6개월 실형…온라인 여론 훼손종합
277730,방송독립시민행동 공영방송 이사 선임 공개검증해야
277731,올해 이탈리아 유입 이주민·난민 수 급감…작년의 절반 수준
277732,선거구 무효 혼란 법적분쟁 사태로…선거연기 주장까지
277733,상지카일룸 사업부지 480억원에 양도 결정
277734,공관병 갑질 논란 박찬주 전 육군대장 한국당 입당
277735,아프리카 보츠와나 야당 총선 불복 소송 제기
277736,평양정상회담북한 노동당 간부들과 인사하는 문 대통령
277737,인턴액티브 10대에도 퍼지는 가짜뉴스…미디어교육 확대해야
277738,선거구획정·테러방지법 2월내 처리 결국 무산
277739,손흥민 영국 진출 후 첫 해트트릭…시즌 14호골종합2보
277740,홈런 순간 관중 표정도 본다…SKT 5GX 프로야구 서비스 개시
277741,북한날씨 대체로 흐림…북부지방 비 또는 눈
277742,맨유 선덜랜드에 30 완승…5위로 껑충
277743,12㎏ 덜어내고 성적 얻은 SK 이재원 더 높은 곳 바라본다
277744,대산문화재단 외국문학 번역지원 공모
277745,문학교수들이 뽑은 올해의 문제소설 12편
277746,日법원 또 조선학교 고교무상화 제외 문제 없다 판결
277747,故 이기택 마지막 유묵…새 역사를 창조하라
277748,DJ 3남 홍걸 어머니 安 지지발언 사실 아냐…정정요청
277749,NH투자 두산인프라코어 두산밥캣 상장하면 1조원 현금 유입
277750,볼턴 美 이란 핵 관련 제재 유예 90일 연장할 것
277751,리비아 내전사태 한달…국제사회 분열에 해법 안갯속
277752,노벨상 케일린 교수 과학은 공학과 달라…응용 강조는 압박
277753,민주당 자유 누락 개헌브리핑 정정 해프닝 놓고 여야 공방
277754,게시판 미래부 제3회 데이터 진흥주간
277755,美 빠르면 2주내 美기업과 화웨이 거래 허용할 듯
277756,신한카드 봄 관련 업종 결제고객에 경품 행사
277757,유엔 인권대표 베네수 인권 탄압·美 제재 모두 비판
277758,세기의 대국 비록 패했지만…인공지능에 맞선 이세돌 드라마
277759,류현진 평균자책점 1위 지켜준 강정호 소로카에게 멀티출루
277760,기조발언 하는 김동연 부총리
277761,KTX 차량 공급 대폭 늘려야…5년 뒤 여객 60% 증가
277762,대법 조달계약물품보다 고품질이어도 임의로 바꾸면 부정행위
277763,제4신평사 허용 유보…계열사 지원 배제 자체신용제 도입
277764,이집트 고대 지하묘지 복구 프로젝트 완료
277765,성동조선 법정관리 STX조선 LNG·LPG 수주로 사업재편종합
277766,한국 개인정보보호관리체계 국제표준으로 승인
277767,게시판 2018 블록체인 진흥주간 26일 개막
277768,선서하는 조대엽 고용노동부 장관 후보자
277769,미래부 국립중앙과학관장 공개 모집
277770,2018바이오 혁신성장대전 개막…바이오 성과·비전 공유
277771,중국 미국의 홍콩 관련법 추진에 주권 지킬 것 발끈종합
277772,인터뷰 허들 감독 강정호 여전히 우리에게 중요한 선수
277773,신간 버려서 얻은 단 하나의 자유
277774,신간 임정 거절당한 정부·정의의 아이디어
277775,PO 3차전은 잠수함 전쟁…SK 박종훈 vs 넥센 한현희 맞대결
277776,伊 남부서 2차대전 폭탄 해체 작업…5만4천여명 대피
277777,英 총선 개표 완료…보수당 365석 확보하며 압승 확정종합
277778,스마트워치 등 전자파 등급 없어 유해성 알기 어렵다
277779,신분증 무단복사 안돼 이통사 판매점에 스캐너 도입
277780,한국기자협회 창립 54주년…언론자유 노력에 박차
277781,미래에셋운용 국내 최초 미국 부동산 공모펀드 출시
277782,광주시교육청 올해의 스승상 폐지 교육부에 건의
277783,K리그 1·2부 평정한 말컹 나 자신 이기기 위한 노력의...
277784,LG유플러스 G6 사면 100GB 클라우드 무료
277785,홍콩 대학 교정서 학생경찰 충돌…전쟁터와 흡사종합2보
277786,프랑스 하원 테러범 국적박탈·국가비상사태 개헌안 통과종합
277787,두산 장원준 NC전 4⅓이닝 5실점 강판
277788,SKT 콘텐츠펀드 조성…독립제작사 전문채널 활성화종합
277789,암 성장·전이 차단 단백질 역할 규명…항암치료 새 전략 제시
277790,KBS교향악단·UBC 등 예술의전당 예술대상서 최우수상
277791,양양공항 20개 노선 운항…공항 활성화 탄력
277792,원스토어 1천억원 투자 유치…3년내 게임매출 2배로 키울 것
277793,터키 에르도안 뉴질랜드 총격 테러를 지방선거 유세에 이용
277794,스타 피아니스트 얀 리치에츠키 내달 첫 내한공연
277795,3월 대설내린 대구 111년만에 가장 더운 4월 신기록
277796,금호타이어 광주공장 이전설…회사측 사실무근
277797,공천장 날인 거부에 후보들 발 동동…내일 단체행동
277798,터키 신문·도서 등 출판물에 부가세 면제 추진
277799,2018아시안게임 선수단과 함께한 이낙연 총리
277800,갈비뼈 드러낸 채 학대당한 스리랑카 축제 코끼리 결국 숨져
277801,문 대통령 신년기자회견 격한 댓글 문답 SNS서 논란
277802,또 40도 넘은 수은주…경북 의성 40.3도 역대 네번째 최고기온
277803,천안함 묘역 참배하는 이낙연 총리YONHAP NO5261
277804,코스타리카 감독대행 월드컵서 독일 꺾은 한국 빠르고 강해
277805,연속안타 행진 중단 유강남 후련합니다
277806,투스크 EU 의장 브렉시트 연기가 합리적
277807,NBA 만년 하위 덴버 개막 후 승률 90…괴물센터 요...
277808,폼페이오 사우디 석유시설 이란이 공격…전쟁행위 주장
277809,조울증 일으키는 단백질 원리 밝혀
277810,인니 작년 경제성장률 5.17%…전년보다 다소 개선
277811,동해안 일부지역에 비…낮 기온 어제보다 포근
277812,이주열 2기 한은 기준금리 연 1.50%로 또 동결종합
277813,인도 명품시장이 커진다…올해에만 25% 성장 전망
277814,위클리 스마트 인류에게 모습 드러낸 블랙홀 내년에도 볼 수 있을까
277815,루니 에버턴 메디컬테스트 완료…13년 만에 친정팀 복귀
277816,朴대통령측 파면 정당화할 위법없다…탄핵은 연좌제 금지위배
277817,월드컵 박주호 남은 조별리그 경기 못 뛴다…햄스트링 ...
277818,프로축구 수원 서정원 후임에 이임생 감독 확정…곧 발표
277819,하나금투 BGF리테일 골프장 인수 부담 제한적
277820,U17 여자축구팀 월드컵 출격…15일 스페인과 첫 대결
277821,멕시코서 열대성폭풍 집중호우에 곳곳 산사태…최소 38명 숨져종합
277822,부산신항 래싱업체 작업복귀…한진 선박들 오후에 접안1보
277823,과기부산업부 RD 협력방안 상반기 수립…정책협의회 개최
277824,유공자 포상하는 문 대통령
277825,특징주 엔씨소프트 호실적 전망에 강세
277826,한반도평화 심포지엄 참석한 조정식 정책위의장
277827,OK저축은행 선두 선봉 송명근 남자 배구 1라운드 MVP
277828,살인미수 사건 조사중인 핀란드 경찰 2명 총 맞아 부상
277829,LG전자 베를린 시내서 리얼 8K 올레드 TV 광고
277830,이 그림 뭐죠…네이버 지식인 봇 사진 질문도 답한다
277831,이범호 만루포…KIA 삼성·LG·롯데 제치고 5위 유리한 고지
277832,美 금리인상 中인민은행 자금시장 금리 0.1%포인트 인상
277833,수단 전 독재자 바시르 거액 보관 밀실에 혼자서만 드나들어
277834,담철곤 오리온 회장 전직 임원들과 소송전
277835,패스트트랙 성사에 개혁 신호탄vs좌파독재 트랙 엇갈린 반응
277836,朴대통령 국정 스타일 달라지나…경제·안보 소통제안 예상밖
277837,SKT T렌탈 인기…고객 4명 중 1명 할부구매 대신 선택
277838,수면상태서 깨자 붙잡고 안락사 강행…네덜란드 의사 첫 법정행
277839,기조연설하는 반기문
277840,중국 이적설 최강희 감독 나로 인해 팀 정체되는 것 ...
277841,46세 이치로 MLB 시애틀과 마이너리그 계약
277842,날씨 완연한 봄 주말…낮 최고 10∼20도19일
277843,사우디 석유장관 유가 변동성 줄여야…합의 이상으로 감산종합
277844,애플 세계 스마트폰 영업익 83% 독차지…삼성은 13% 그쳐
277845,프로야구 경기조작 혐의 문우람 KBO서 영구 실격
277846,日 건물 해체·보수 시 석면 유무 보고 의무화
277847,4월 한 달간 이스탄불 튤립 축제 개최
277848,신한카드 대출 고객에게 대출 안심보험 무료 제공
277849,강정호·최지만 4일 MLB 시범경기 맞대결 가능성↑
277850,임창용 한·미·일 통산 1천 경기 출장 시상식
277851,라이언킹 이동국 40대에 그라운드 뛴다…전북과 재계약
277852,프로배구 삼성화재 외국인선수 교체…이탈리아 산탄젤로 영입...
277853,영화감독 같은 지휘자 판타지 영화 같은 말러 교향곡
277854,캄보디아 연말까지만 온라인 도박 허용…中 겨냥
277855,이승우 감사합니다 바르셀로나…SNS에 작별 인사
277856,유엔총장 시리아 휴전 환영…유효한 해법은 긴 여정
277857,단독정부 北기항 제3국 선박 국내입항 금지 검토
277858,문 대통령 오늘 수석보좌관회의는
277859,대북제재에 직격탄 맞은 중국기업…일부는 법정관리 돌입
277860,특징주 이노션 블록딜 여파로 약세
277861,北소행 추정 재외공관 촬영 포착…전 공관에 주의 지시
277862,프로축구 경남 말컹 근육 미세 부상…2주 휴식 필요
277863,손흥민 골닷컴·BBC 선정 EPL 주간 베스트 11
277864,오신환 홍남기 부총리에게 추경안 심의 빨리 하도록 노력
277865,10돌 트위터…곤파스부터 MAMA까지 국내이슈 중심에
277866,이정현號에 친박은 기대감 비박은 당혹속 우려
277867,이통3사 3분기 선방…4분기 노트7 한파에 대비책 고심종합
277868,트럼프 돌연 베트남 무역 거론…中보다 더 美 이용
277869,印간디 2차대전 발발 당일 유대인에 평화기원 손편지
277870,북한 휴대전화 해외통화 차단...걸리면 강제수용소 간다종합
277871,이인제 국회 세종시 분원 설치는 기존 여당 공약
277872,선서하는 양승동 KBS사장 후보자
277873,화물차 고속도로 진입시 중량측정 안 하면 고발한다
277874,경주 지진도 김정은 탓… 정우택 핵실험 여파 아니냐
277875,넥센 직구 평균 시속 148㎞ 신인 안우진 선발로 쓸까
277876,모바일게임 음양사 출시 열흘만에 매출액이 계약금 넘어
277877,김영철 방한 반대하는 자유한국당 의원들
277878,영국 시리아에 남겨진 자국 출신 IS 조직원 자녀들 송환 착수
277879,방심위 미투 자극적 보도 라디오·종편 행정지도
277880,게시판 K뱅크 한국감정원과 담보가치 정보공유 업무협약
277881,네이버 라인 상장 미정…日 수혜주들 동반 폭락종합
277882,일곱 번의 침략으로 정리한 3천년 로마사
277883,NBA 동부 1·2위 보스턴·토론토 나란히 연승 질주
277884,김동연 일자리중심 예산 편성…법정시한 내 처리 중요
277885,A.마드리드 그리즈만 맨유행 가능성 60
277886,中 매체 홍콩 시위 지지 연예인·상점 보이콧 운동 일어나
277887,예·적금도 보험도 중도 해지 급증…경기 부진 영향
277888,전준범 25점…남자농구 대표팀 대만 B팀 꺾고 존스컵 4연승
277889,원달러 환율 7거래일 장중 연고점 경신…1200원 눈앞서 마감
277890,득점 기회 날린 손흥민 팀내 선발선수 중 최하 평점
277891,여자배구 태국전 앞둔 김연경 흥미진진…기다려진다
277892,2026년 민간 우주개발시대 연다…달착륙은 2030년 목표종합
277893,시스코 사이버 공격 실전 훈련 플랫폼 국내 도입
277894,카카오·네이버 광고 플랫폼…창과 방패의 대결
277895,사우디 에너지장관 국영석유회사 아람코 2년 내 상장 재확인
277896,기업은행 오텍 전환사채 주식 140만주로 전환
277897,中 소수민족 반체제 작가·교수 가족들도 삼엄한 감시
277898,신영철 우리카드 감독 아가메즈노재욱 조합 선발 투입 계획
277899,그래픽 윤석열 신임 검찰총장 임명
277900,朴대통령 北엘리트 무너진다…공포통치 체제동요 진단
277901,화산 분화 伊스트롬볼리섬서 탈출 행렬…관광객 1천명 피신
277902,대학들 보유 기술 사업화 쉬워질 듯
277903,통일농구 南이 넣어도 北이 넣어도 만원관중 와
277904,국가재정전략회의 문 대통령과 김동연 부총리
277905,SK텔레콤 설 연휴 통신 품질 관리에 만전
277906,신간 세계 진보정당 운동사
277907,MLB 부상자명단 최소등재기간 10일→15일 논의…류현진...
277908,폼페이오 자유사회 중요성 강조하며 한국 언급
277909,사우디 사막의 다보스 개최…언론인 살해 굴레 벗어나나
277910,세기의 대국 승부는 졌지만 1승이라도…이세돌의 새로운 도전
277911,한국 대 남북단일팀 승리는
277912,美민주 전대러브스토리로 호소한 빌 클린턴…힐러리 변화만드는 사람종합
277913,평양정상회담 함께 이동하는 남북 정상
277914,한국당 조국 사퇴·파면 대여총공세…文정권과 큰 싸움 시작종합
277915,키움증권 야구단 히어로즈와 스폰서십 계약 추진종합2보
277916,당대회 앞둔 北 70층 아파트 거리 공사도 속도전
277917,판매점서 아이폰X 완납처리 사기행각…고객 760명 피해
277918,MBC 3차 명예퇴직 내일부터 접수
277919,박해민 싹쓸이 3루타…삼성 거침없이 5연승
277920,강정호 대수비로 나와 1타수 무안타…피츠버그 7연패
277921,주파수 경매 이통3사 흐뭇…정부는 세수확보 차질종합
277922,공영방송 이사회 정파성 최소화 중립지대 이사 포함해야
277923,한미 금리역전에도…3월 외국인자금 11억3천만달러 유입종합
277924,소설로 돈 버는것 뿌듯하지만 죄송…재밌는 소설로 보답할것
277925,美백악관 잇단 무단침입에 4m 넘는 튼튼한 담장 검토
277926,알레나 복귀했지만…KGC인삼공사 10연패 늪
277927,한컴 상반기 中기업과 AI기술 접목 고속 통·번역기 출시
277928,가상현실 체험 올해 MWC서도 히트…관람객 인산인해
277929,포항북 새누리당 시·도의원 12명 김정재 예비후보 지지
277930,한미 금리역전 자금 유출 우려 과도 vs 현실화하면 영향 파괴적
277931,인천국제공항 2019 인천공항 스카이 페스티벌 개최
277932,ECB 차기 수장 라가르드 완화적 정책 유지 필요종합
277933,캐나다 수도 오타와 중심가서 대형 싱크홀 소동
277934,유네스코 언론인 닷새에 한 명꼴로 근무 중 피살
277935,전주특례시 지정 서명운동 출정식
277936,골프존 스크린골프 프랜차이즈 전환 시범 운영매장 모집
277937,LG 3분기 스마트폰 적자 절반 줄였다…베트남 이전 효과
277938,1980년대 민중미술가들이 그려낸 시대유감
277939,伊총리 디지털세 도입은 주권 사항…통상 압력 美 우회 비판
277940,朴대통령 대북정책 대전환…北정권 변화 체제붕괴까지 언급
277941,서울 아름다운 단풍길 소개합니다
277942,국내 VR·AR 시장 급속 팽창…2020년 6조원 예상 5배↑
277943,美뉴햄프셔 경선 깜짝 2위 케이식은 누구
277944,터키 시리아 쿠르드족 공격 강행…평화의 샘 작전 개시종합3보
277945,눈에는 눈…정의 이루려면 분노 내려놓으세요
277946,미디어 속 노동자의 삶
277947,코미디언 출신 대통령 당선 도운 망명 우크라이나 재벌 귀국종합
277948,일왕 생전퇴위 의사 표명 일본 열도 강타
277949,朴대통령 어린이 꿈 이뤄질 때 우리나라도 밝은 미래 기약종합
277950,北 고속도로 통행료 징수…평양∼원산 왕복 8유로
277951,홍콩시위 반중 정서 최고조…중국계 은행·점포 집중 공격받아
277952,평양정상회담 평양의 출근길
277953,음악 페스티벌에 나타난 5G 열기구
277954,대구 수성구 폭탄전화로 불법 광고물 근절한다
277955,피츠버그 강정호 컵스전 2타수 무안타…4경기 연속 침묵
277956,존폐 위기 아산 연맹 방침 따르겠다…이사회서 결정
277957,과르디올라 챔스리그 승리 구속된 카탈루냐 활동가에 바친다
277958,조성환 제주 감독 마지막 경기라는 생각으로 임하겠다
277959,부동산 가격도 심리따라 움직여…정책 일관성 필요
277960,카슈끄지 약혼녀 미국의 가치가 살해당한 것…美에 조사촉구
277961,히트곡 비밀부터 작곡 기술까지…만화로 보는 대중음악 만들기
277962,쩍 갈라지고 큰 바위 쿵…곳곳에 해빙기 안전사고 주의보
277963,한투증권 연 3% 금리 발행어음 출시에 증권가 설왕설래
277964,자동차 인증대체부품 활성화 협약식
277965,신간 소피아 로렌의 시간·오래
277966,홍콩 쇼핑몰서 中 보따리상 반대 주말집회종합
277967,대체로 맑고 강원·경북에 비…제주 동·남해안 강한 바람
277968,북한인권법 다음 달 4일 발효…시행령 국무회의 의결
277969,ASEM 오늘 폐막…朴대통령 북핵해결·통일 호소
277970,英장관 3명 공개 반기…브렉시트 합의 없으면 연기 지지
277971,성차별 발언·학생 폭행 의혹 인천대 교수…수업서 배제종합
277972,MLB 에릭 테임즈 FA자격 획득…밀워키 옵션 포기
277973,청년갤러리로 변신한 SKT 전주지점
277974,AS모나코 회장 음바페 이적 막지 않겠다
277975,STC 599억원 규모 플랜트 기자재 공급 계약
277976,ECJ 폴란드 사법개혁 EU법 위반 공식 판결
277977,LA시장 지진경보 모바일 앱 발표…美 최초 공공경보 가동
277978,美 日관련 유조선 공격범 이란 지목하자 日정부 당황
277979,연구실 안전 사각지대 줄인다…권역별 클러스터 3곳 지정
277980,에콰도르서 체포된 소프트웨어 전문가는 어산지 열혈 지지자
277981,캐나다 총리 관계 손상 위협한 중국에 물러서지 않을 것
277982,브렉시트는 국가위기…연기하라 英 전직대사들 총리에 서한
277983,MLB 휴스턴도 파울 안전망 확대…2살 아이 사고 발생 2...
277984,정진석 공짜평화 없다…北도발 초기타격 태세 필요종합
277985,관훈클럽 위기의 언론 새 길을 찾는다 발간
277986,러시아 시리아에 첨단 미사일 요격체계 배치
277987,KT 전국 78개 이마트 매장서 홈 IoT 체험 공간 마련
277988,나이스정보통신 PG사업 물적분할 결정
277989,코스맥스 1분기 영업익 104억원…10.6% 증가
277990,음악 전공생은 지원 불가…아마추어 협연 콩쿠르 첫 개최
277991,최종구 시총·자기자본 등 코스닥 단독 상장요건 신설
277992,中 미국의 화웨이 기소에 강력 반발…강한 정치적 의도종합
277993,수단 전 독재자 바시르에 다르푸르 학살 책임 묻는다
277994,압도적인 크기의 대동여지도
277995,캄보디아서 일본인 2명 택시 강도살인 혐의로 체포
277996,부시 전 대통령과 인사하는 김정숙 여사
277997,삼성증권 CJ EM 연이은 흥행…조정때 매수
277998,5선 위기 이스라엘 네타냐후 총리 총선 2주 앞두고 미국행
277999,내 아이 발음 분석까지…KT 기가지니 영어 교육서비스
278000,통일硏 北 2014년부터 첫 탈북시도에도 노동교화형
278001,문화예술 선배 35명의 진로개척…문화예술청년 VOL.3 출간
278002,과학기술 경제발전 수단 아니다…과총 헌법개정 요구
278003,유소년야구 대표팀 대만과 교류전
278004,갓 태어난 별들의 충돌 우주 불꽃놀이 흔적 관측
278005,카드뉴스 마라도나의 신의 손 영원히 사라질까
278006,쇼핑 공룡 네이버 오픈마켓 수수료율 공개 꺼리는 이유는
278007,삼성화재 세터 황동일과 결별…우리카드는 4명 웨이버 공시
278008,식전 가수 공연 펼쳐지는 AG 폐회식
278009,장애인·노약자 등에 열린관광지 매년 20곳 늘린다
278010,먼지 걷혔다 경기도 미세먼지 주의보 모두 해제종합
278011,날씨 포근한 주말…낮 최고 7∼14도2일
278012,쇼핑에 한국의 맛 더하다…17일부터 코리아그랜드세일
278013,음식 맛과 냄새…느끼기만 해도 수명이 줄어든다
278014,부동산캘린더 추석 연휴 맞아 쉬어가는 분양시장
278015,과기정통부 RD 예산권 확보 사실상 실패
278016,올해 서울서 거래된 전월세 임대 절반 이상이 월세
278017,KT금호고속 고속버스 VR 서비스 사업 추진
278018,베트남종전 41년만에…미국 對베트남 살상무기 수출 허용종합
278019,김종민 도로공사 패기 경계 vs 차상현 GS칼텍스 즐기자
278020,게시판 언론재단서울건강가정지원센터 미디어교육 협약
278021,디종 권창훈 24분 출전…슈팅 3개 기록
278022,미래에셋 한화손해보험 펀더멘털 개선세 지속
278023,홈런 1위 최정 5월 첫날 시즌 14호 아치 폭발
278024,갤럭시S10 출시 첫 주 미국서 S9보다 16% 많이 팔려
278025,한국 대통령 우리 축구대표팀 만났다 베트남 언론 관심
278026,용병 거포 우승 청부사 될까…여자배구 판도 변화 관심
278027,이베스트증권 현대홈쇼핑 경쟁사 대비 실적 양호
278028,삼성엔지니어링 구주주청약 99.9%…유상증자 성공종합
278029,중국내 북한식당 종업원 줄여 긴축경영 RFA
278030,중국 미국의 화웨이 CFO 인도 요청에 즉각 철회하라
278031,경기 성남일반산단에 산단재생 마중물 상상허브 조성
278032,화이트해커 고용하고 인터넷망 분리하고...서울지하철 보안강화
278033,5월의 작가 피천득 인연·시집 개정판 출간
278034,KT 5G 캠페인 하이 파이브 KT 5G 개시
278035,김광규 시인 쉽게 읽히지만 쉽게 쓴 적은 한 번도 없죠
278036,헝가리 야권 저항의 해 선언…주말 대규모 집회
278037,아이폰 사용자 삼성폰 사용자보다 포켓몬고 즐겨
278038,구혜선 20대 때 겪은 실제 연애담 소설에 담았죠
278039,마에다 7이닝 무실점…MLB 다저스 애리조나 완파
278040,대구·경북 새누리 국회의원 11명 사드 배치 촉구
278041,신간 오롯한 당신
278042,美텍사스 월마트 총기참사로 20명 사망…증오범죄 가능성종합3보
278043,삼성 갤노트9 가격 유출…인도네시아서 128GB 105만원
278044,긱스 레스터시티ㆍ에버턴 감독직 관심있다
278045,아름다움으로 관객 유인해 복잡한 대화로 이끄는 것이 목표
278046,KIST 태양전지 효율 높이는 신소재 개발
278047,택시에 신생아 깜박 놓고 내린 獨부모…기사도 몰라
278048,與 전대 주자들 원외 당협위원장 모임서 합동토론
278049,갤럭시 최초 트리플 카메라 탑재한 갤럭시A7 다음달 출시
278050,국회 외통위 오늘 北 6차핵실험 관련 긴급 현안보고
278051,美특검 트럼프 비선참모 로저 스톤 기소…민주당 해킹 연루의혹종합2보
278052,한솔피엔에스 자사주 70만주 처분 결정
278053,제대로 입소문 난 갤럭시S8…티저영상 세계적 인기
278054,삼성 에이스 윤성환 타구에 팔꿈치 맞고 교체
278055,야구장 암표팔다 적발 기초수급자 타인 인적사항 도용
278056,경남 말컹의 뜨거운 여름 7월에만 5골 집중
278057,탈북단체 北에 소형PC 라즈베리 파이 밀반입시켜 변화유도
278058,충청권 당정협의에서 인사하는 이해찬 대표
278059,과기부 5G 플러스 전략 수립 위한 순회 현장간담회
278060,미중 무역회담 취소 우려에 원달러 환율 상승세
278061,리우올림픽 출전 선수 격려하는 조양호 회장
278062,베네수엘라 억류 관타나모 출신 시리아인 우루과이로 송환
278063,베트남 中·아세안에 남중국해 군사기지화 자제해야
278064,프로농구 인삼공사 KCC에 연장 혈투 승리…컬페퍼 27점...
278065,크로아 대선 내달 5일 결선…전직총리현직대통령 맞대결종합2보
278066,STX 불법드론 잡는 안티드론 실증사업 진출
278067,여야 예결위 소위서 검찰 예산 독립 공방
278068,인도 미국 해상작전 헬기 24대 도입…2조9천억원 규모
278069,MLB 다저스 불펜 불쇼에 울다가 비티 3점 포에 웃다가
278070,美 상·하원 외교위원장 北 미사일 발사 규탄
278071,정책의총 참석하는 원유철
278072,北매체 SLBM으로 美 워싱턴 공격하는 동영상 공개
278073,로스앤젤레스관광청 12∼26일 레스토랑 위크 개최
278074,승용차 개소세 인하 연말까지 또 연장…총 1년6개월 역대 최장
278075,축사하는 바른미래당 오신환 원내대표
278076,푸틴에르도안 통화…에르도안 시리아 이들립 공격 중단해야
278077,류현진 이달의 투수상 수상…박찬호 이어 두번째종합
278078,아시안게임 남자농구 허재號 대만 꺾고 동메달 유종의 미
278079,오늘 날씨에 어울리는 고전 시 감상하세요
278080,특징주 롯데제과 인도 회사 인수에 상승
278081,기쿠치 MLB 시애틀행 유력…협상마감 앞두고 구단 방문
278082,LG스럽지가 않네…달라진 G6 써보니
278083,靑 송민순 회고록 사실이라면 매우 충격적인 일종합
278084,대전시하나금융 프로축구 대전시티즌 매각 고용승계 등 이견
278085,아이폰11 첫날 개통량 13만∼14만대…전작보다 30% ↑
278086,불공정 혐의 단골 기업 공정위 본부 직접 조사받는다
278087,15일부터 봄배구 시작…여자부 PO는 라이벌 열전
278088,FOMC 깜짝쇼크 없을 것…한은 7월 인상 전망 커져
278089,서울의 비밀정원 성락원
278090,특징주 멜파스 중국 사업 기대감에 급등
278091,일본에서 16세기 조선 산수도 발견
278092,지배권력과 지식인 연대 깨야…지금은 지적 시민의 시대
278093,KT안랩 통합TI·정보보안 서비스 개발 업무협약 체결
278094,네이버·카카오 첫 제휴…웹툰 원작 게임 공동 마케팅
278095,대신증권 내년 1월 코스피 2100∼2230 등락 전망
278096,우간다서 폭우로 18명 사망…희생자 대부분 어린이
278097,에이전트 음바페 바르셀로나 가고 싶어 했다
278098,KT파워텔 중국 하이테라와 아·태 LTE 무전통신 시장 진출
278099,그래픽 2018 한국경제 성장률 전망
278100,세계 과학영재 부산에 모인다…한국과학영재학교 개최
278101,靑 북러 정상회담에 촉각…남북·한러 정상회담도 추동하나
278102,맨시티 19연승 도전 실패…C.팰리스와 00 무승부
278103,부패혐의 말레이 前총리 뮤직비디오까지 찍어 정치보복 주장
278104,폼페이오 프란치스코 교황 예방…종교 자유 증진해야
278105,사우디 아람코 주식거래 이틀째도 상한가…시총 2조달러 돌파
278106,두산 톱타자 고민 끝 허경민 첫 타석부터 강하게 보여야
278107,러 화재 참사 여객기와 같은 기종서 잇따라 기술적 문제종합
278108,홍채인증 얼마나 안전…해킹할 수 없는 곳에 보관
278109,하반기경제 알뜰폰 요금 더 내릴 전망
278110,라이다 기반 3차원 영상 허상 제거 기술 개발
278111,홍용표 北 5차 핵실험 할지도 모르는 엄중한 시점
278112,靑 정부 예산정보 무단열람 의혹 심재철에 자숙해 달라
278113,밀양 규모 3.5 지진에 울산서도 흔들림 느꼈다 신고 12건
278114,10년간 가장 많이 팔린 日소설 나미야 잡화점의 기적
278115,여름 최대전력 첫 8천만㎾ 돌파예상…예비율은 충분
278116,이마트 2분기 영업손실 299억원…창사 후 첫 적자종합
278117,SK텔레콤 에버랜드에 5G 어드벤처 두 달간 운영
278118,러시아서 하루 사이 산불 46건 진압…157건 진행 중
278119,美이란특별대표 협상테이블에 이란 앉히는 것이 목표
278120,갤노트7 28일부터 사용 못 한다…충전율 0％로 제한
278121,니스 테러 스페인 佛국경 통제·주요 시설 경비 강화
278122,이스라엘 연정협상 막판까지 진통…1년새 3차례 총선
278123,악수하는 조성부 대표VNA 응웬 드억 러이 사장
278124,무용 배우는 북한 학생들
278125,친사우디 매체 걸프국가 이란 위협 억지 미군 배치 승인
278126,게시판 한·미 공학한림원 공동 협력 사업 간담회
278127,文 지역정서 기댄 분열 무도한 朴정권 도와주는 일
278128,국회 오늘 오후 2시 추경안 총리 시정연설 청취
278129,춥고 미끄러운 겨울산행 주의…오후 4시 전 하산해야
278130,김학범 감독 AG 우승 자신있다…변수 없는한 손흥민 선발...
278131,포스코ICT 직원 아이디어 발굴 전담조직 운영
278132,美증시 쇼크에 코스피 2% 코스닥 4% 급락 출발종합
278133,게시판 CJ헬로 농어촌 지역서 제2회 꿈마을 과학캠프 개최
278134,LG VR HMD 체험해보니…실감나는 VR 편하게 볼 수 있어
278135,AT마드리드 승부차기로 리버풀 꺾고 아우디컵 우승
278136,성공한 대통령이 되려면 말을 줄여라 그리고 통치하라
278137,금감원 대기업 및 조선·해운업 등 회계감독 강화
278138,게시판 KT엠하우스 개인정보보호 관리체계 고도화로 ISMSP 인증
278139,춘천국제레저대회 안전 최우선…댄스월드컵 23일 개막
278140,리용호 북한 외무상 내달 중순 러시아 방문 예정종합
278141,KT 평창에 지역활력센터 개소…5G로 지역활성화
278142,EU·美 이란의 IAEA 사찰요원 방문허가 취소에 깊은 우려
278143,NH투자 동양생명 저금리에 수익 악화 불가피…목표가↓
278144,中 연구진 8월 중 암환자에 크리스퍼 가위 적용 예정
278145,신간 언어와 탱크를 응시하며·자본주의 리얼리즘
278146,백미리 마을 감투섬
278147,그래픽 대학입학가능자원 전망
278148,11년만에 민노총위원장 만나는 문 대통령…한국노총은 별도 오찬종합
278149,구독료 인상·주5일 발행…신문들도 주52시간 대응
278150,김부겸 4·3사건 희생자 배·보상 불가피 정부 입장
278151,미국이 기술냉전 시작했다…중국 핵심기술 자립 총력전
278152,日 2개월 만에 경기판단 하향…수출·생산 약함 계속
278153,靑 설 당일도 비상근무체제…北추가도발 대비태세종합
278154,제주 남쪽 먼바다·제주 동부 풍랑·강풍경보 대치
278155,靑사찰 의혹 폭로 들은 대법원장 어떻게 이런 일이…종합
278156,윤석헌 금감원장 베트남 중앙은행서 핀테크 세미나 참석
278157,김일성 가면 억측 해당언론 사과에도…정치권은 색깔공방
278158,프로농구 SK 개막전서 DB 꺾고 2년 연속 우승 시동
278159,친환경 미래에너지 원천기술 3개 과제에 372억원 투입
278160,연합뉴스·연합뉴스TV·경기일보 포괄적 협력 MOU
278161,베트남축구 AG 첫 8강…기적의 박항서 베트남을 꿈꾸게...
278162,푸틴 北 안보리결의 받아들이고 도발적 행동 중단해야
278163,일본 남동부 미야자키·가고시마 인근 규모 6.4 지진
278164,유료방송 합산규제 내달 폐기…케이블TV업계 시름
278165,이란 하메네이 최고지도자 제재는 외교의 길 폐쇄 반발
278166,펜타카메라로 더 쉽고 재밌게…LG V40 씽큐 공개
278167,KB증권 미중 무역분쟁 여파 내년 1분기 극대화
278168,한국·KB금융 현대증권 인수전 뛰어든다종합2보
278169,류현진 복귀전서 SK 출신 켈리와 맞대결
278170,SNS돋보기 문화예술계에 잇단 미투…이 기회에 다 털고 가야
278171,이해찬 대표 제임스 최 주한호주대사와 환담
278172,프로농구 올스타전 이정현드림팀이 승리…MVP는 버튼
278173,미리보는 北 7차 당대회…김정은 사업총화 보고에 시선집중
278174,강정호 3타수 무안타…피츠버그애틀랜타 벤치클리어링종합
278175,EU 수석대표 노딜 브렉시트 위험 어느 때보다 커졌다
278176,화려한 빛의 향연 에버랜드 겨울축제 오픈
278177,해변 대신 도심에서…대구세계여자비치발리볼 11일 개막
278178,갤럭시 지문인식 실리콘케이스에 뚫렸다…SW패치 발행계획종합
278179,네이버랩스퀄컴테크놀로지 로보틱스 등에 기술협력
278180,갤럭시S10 5G 인기…LGU 초기 물량 완판종합
278181,서훈 국정원장 국회의장에 안보브리핑…文대통령 지시 따라
278182,잊을만 하면 나오는 한국당 核무장론…당내서도 신중해야 지적
278183,남북미회담 성사될까…靑 북미 뉴욕 담판에 촉각
278184,KT 갤럭시J7 10만대 판매 돌파…전용폰 최강자
278185,신간 식물의 힘·아직 불행하지 않습니다
278186,김동연 5년간 세수 작년 예상보다 60조↑…내년 재정 적극역할종합
278187,문대통령 김정은 서울답방 북미정상회담 고려 일정 조율종합2보
278188,올림픽 평화를 선물한 다섯 아이 남북 입장 때 막 싸울까 불안했어요
278189,삼화페인트공업 작년 영업익 316억원…30.8%↓
278190,주말 N 여행 영남권 노는 물이 다른 산행 겸한 봄철 여행지 고른다면…
278191,장기하와얼굴들 12월 해체 전 마지막 콘서트 연다
278192,하이투자 한전 2분기부터 실적 개선 전망…목표주가↑
278193,이탈리아독일 대통령 회담…두나라 가깝고 특별한 관계
278194,알제리 의회 벤살라 상원의장 임시대통령에 지명
278195,김태종 남자배구대표팀 신임 코치로 선임
278196,日 야구천재 오타니 5월 지명타자로 복귀
278197,기업지배구조원 선정 지배구조 최고 기업에 KTG
278198,갤노트9 공시지원금 최고 23만7천원…예약판매 개시
278199,中언론 한중일 정상회의 청두 개최 대대적 보도
278200,당정 오늘 공정거래법 전면개정안 논의
278201,말레이 변협회장 김정남 살해 여성에 다른 처우 이유 밝혀야
278202,서울시당 창당대회 입장하는 조배숙
278203,레진코믹스 첫 제작 영화 밤치기 부산영화제 2개상 수상
278204,파인텍 삼성디스플레이톈진과 29억원 제조장비 공급계약
278205,푸른 해안 걸어요 제주올레 15B코스 22일 개장
278206,후랭코프 18이닝 연속 무실점 마감…KIA전 6이닝 2실점
278207,김민재 탈락·김진수 조건부 승선…수비전술 고심 또 고심
278208,LG Q스타일러스로 펜 달린 폰 재도전…다음달 국내 출시
278209,오신환 평화당 탈당파와 통합하면 호남 자민련
278210,롯데 자이언츠 부산지역 소외계층에 쌀 5천400㎏ 전달
278211,일본서 괴한이 경찰관 권총 탈취 도주
278212,이통 서비스 계약 안내서 보여줘요…방통위 집중 점검
278213,대우건설 신임 사장 후보에 김형 전 포스코건설 부사장
278214,카드뉴스 나 혼자 쐰다 1인 냉방 용품 열풍
278215,김영록 장관 무허가 축사 적법화 추가유예안 마련
278216,대전 205명·충남 503명…중등교사 임용후보자 시험계획 공고
278217,방심위 3기 위원 임기 다음 달 만료…업무 공백 발생하나
278218,경전으로 본 세계종교 7종 완간
278219,프랑스관광청 올여름 피서여행지로 파리 추천합니다
278220,北매체 홍수피해 현장 공개…마을 하나가 쑥대밭
278221,첼리스트 송영훈이 해설자로…렉처 콘서트 낭만에 대하여
278222,한국 의원들 독도 방문에 일본 정부 극히 유감 항의
278223,올해 1∼9월 일베 불법게시물 1천417건 삭제…작년의 2.1배
278224,3년 만에 1부리그 뛴다…경남FC 승리 다짐 출정식종합
278225,유전자 교정 연구 다시 윤리 논란에 휩싸여
278226,주말 N 여행 호남권 눈꽃 세상 덕유산·무등산…주말 또 20㎝ 폭설
278227,꽃피는 4월 꽃축제 만개…제주에서 여의도까지 전국이 들썩
278228,해리포터 덕후들 다 모여라…필름 콘서트 11월 개막
278229,화약고 호르무즈 해협 인근서 상선 4척 사보타주 피해
278230,배틀그라운드 모바일 북미·동남아 서비스…한국은 추후 출시
278231,이란 핵시설 입장불허 IAEA요원 폭발성물질 양성반응종합
278232,뇌의 경험 기억에 관여하는 유전자 발견
278233,스페이스X 美·佛 합작 기후위성 발사…로켓 회수는 실패
278234,평균구속 162㎞…힉스 채프먼 제치고 MLB 최강 파이...
278235,청와대 방명록 쓰는 폼페이오 미 국무장관
278236,갤노트9 유럽·미국 매체서 호평…최고의 안드로이드폰
278237,현대건설 양효진 수술로 9일 흥국생명전 못 뛴다
278238,제18차 한·중·일 IT 국장 회의
278239,올해 전시공간 201곳 늘어…서울에 71곳
278240,트럼프측 뮬러 특검 러시아 스캔들 수사에 더는 답변안해
278241,파나마 로펌 부패 알고서도 알아사드 사촌과 거래
278242,특징주 증권주 증시 상승 흐름 재개에 동반 강세
278243,美터키 러 미사일 갈등 해결…에르도안 10일내 첫 인수
278244,프로농구 kt 로건 부상으로 사실상 시즌 아웃
278245,안철수 반통합파 창당하려면 나가서 하라…기강 세울 것
278246,특징주 롯데쇼핑 중국 롯데마트 매각 기대에 강세
278247,DJI 5년간 드론으로 최소 59명 목숨 살렸다
278248,이란 신형 원심분리기 20기 설치…핵합의 범위 내
278249,키움증권 SK하이닉스 3분기 영업익 1조원으로 올라설 것
278250,네이버 점유율 71.5%…이용자 23% 다음·구글로 바꿀 것
278251,나의 문화유산답사기 중국판 소개하는 유홍준
278252,니퍼트 kt 품으로…100만 달러에 계약 합의
278253,영하권 가을 추위…전북 기온 하강에 바람도 쌩쌩
278254,인터파크 서적도매상 송인서적 인수 추진
278255,터키 침몰 직전 난민 보트서 15명 구조
278256,코스피 美증시 호조에 상승 출발…장중 2030선 회복1보
278257,갤노트10 고객 잡아라 이통사들 5G 가입자 유치전 다시 가열
278258,국가 RD 지원 단기 손익 따지기보다 비전 중시한다
278259,홍콩 대만 사법공조 요청 거부…갈등 재연
278260,출근길 안개 주의…전북 낮 기온 최고 30도 늦더위
278261,볼턴 트럼프와 불화설 보도에 개가 짖어도 행렬은 간다
278262,북한날씨 흐리고 곳에 따라 눈
278263,특징주 신일제약 中파스시장 성장수혜 기대에 강세
278264,VR 게임 봇물 곧 터진다…지스타서 美·日 업체들 안간힘
278265,수림문학상 공모 20일 마감…상금 5천만원
278266,엄동설한 뚫고 GO…포켓몬고 이틀째 이용자 384만명
278267,보스턴 PO 1차전서 클리블랜드 25점차 대파…제임스 1...
278268,양제츠 중국 정치국위원 방한 발표
278269,청와대 B컷 공개 일정 논의
278270,물 마시는 정종섭
278271,바다에 발묶인 한진해운 선박…연료 고갈도 문제
278272,사우디 美서 자국장교 총격에 당황…국왕 트럼프에 전화
278273,문 대통령 환영 UAE 공식오찬에 우리 기업인 14명 동석
278274,게시판 인터넷진흥원 블록체인 국민참여평가단 발대식
278275,고위 당정청 추경안 이달내 국회 본회의 통과해야
278276,대만 지진 사망 18명…매몰 152명 구조 손길 기다려
278277,美텍사스 쇼핑몰서 총격 4명 부상…용의자들 달아나
278278,U프로야구 농아인 야구 기부 캠페인 참가자 50만 돌파
278279,다른 은행 돈도 빼 오시라더니…DLF에 노후자금 날려
278280,대한 추위 계속…서울 낮 1도·한강 결빙 전망
278281,가정집 데스크톱 사라진다…보유율 5년새 81→61% 뚝
278282,여행신간 수능 대신 세계 일주 떠난 청춘
278283,신간 나의 인도·숲속에 잠든 물고기
278284,토론회 참석자들과 인사하는 심재철
278285,평화와 정의 선거연대도 가능할까…양당 온도차
278286,KAIST 딥러닝용 AI 반도체 개발…세계 최고 성능
278287,헌팅턴씨병 원인 헌팅틴 단백질 구조 풀었다
278288,러시아 베네수엘라 마두로 정부 군사지원 요청한 바 없어
278289,금감원 공공기관 지정 피했다…5년내 상위직 35%로 감축종합2보
278290,與 공천관리위 실무형 vs 외부인사 중심 막판 조율
278291,한동민 역대 5번째 한 경기 홈런 4방 대폭발…SK 6...
278292,이통사 구형폰 공시지원금 줄줄이 축소종합
278293,메츠 신더가드 자신의 홈런으로 10 완봉승…36년 만의...
278294,이라크 의회 총리 사임 가결…반정부시위 두달만에 퇴진
278295,코스피 하락 출발…외인·개인 매도에 장중 2050선 내줘종합2보
278296,게시판 뉴스 비교 앱 마녀사냥 출시
278297,LG전자 세계적 명품 오디오 뱅앤올룹슨과 손잡았다
278298,英과 유조선 맞교환…이란대통령 긴장완화 차원 가능성 시사
278299,야심작 G7씽큐 부진에…LG폰 2분기 적자 1천800억원대로 심화
278300,오페라계 비욘세 드 니스 모든 별명이 맘에 들어요
278301,히어로즈 떠나는 해커의 SNS 인사…준비되어 있다
278302,MLB 다저스 셔저 당겨 쓴 워싱턴에 24 패배…1승 ...
278303,세기의 대국 인공지능 미래 성장동력 육성 시급
278304,서울 유명 식당 냉면값 성수기 앞두고 잇따라 1천원씩 인상
278305,게시판 KB증권 퇴직연금 저축은행 정기예금 판매
278306,맛집·에어비앤비에 주민 소외…지구촌 젠트리피케이션 몸살
278307,입주할 방송사 있나요…329억짜리 인천 방송시설 1년째 방치
278308,오리온 생크림으로 속 채운 생크림파이 선보여
278309,北기관들 앞다퉈 대남위협…김정은 의식한 충성경쟁
278310,추신수 37세 생일 축포…휴스턴 상대로 1회 선두타자 홈런
278311,수출입은행장에 방문규 전 기재부 2차관 임명종합
278312,홍콩 정부 강공…우산혁명 주역 조슈아 웡 등 3명 체포종합2보
278313,북한 朴대통령 향해 또 막말…동족대결광 폭언
278314,KB금융 6천억원 회사채 발행…현대증권 인수자금 조달
278315,차범근과 손흥민을 관통하는 공통점…25와 8 그리고 아홉수
278316,작년 언론 피해 조정신청 3건 중 2건은 인터넷매체 대상
278317,러 베네수엘라 사태 개입 서방 비난…마두로 지지
278318,中 시진핑 北 김정은에 전통적 친선협조관계 발전 축전
278319,바른미래 포털은 여론조작 공장…포털 재정립 TF 구성종합
278320,문 대통령 세종서 부처 업무보고 시작
278321,최양희 미래장관 빈틈없는 보안태세 갖춰달라
278322,김동철 靑 정책기획委 대통령이 제왕되려는 것…백지화해야
278323,부산으로 겨울여행 오세요 5가지 특별프로그램
278324,KPX생명과학 작년 영업손실 20억원…적자전환
278325,오신환 대통령 최저임금 동결 선언해야…노동개혁특위 제안
278326,집안 어디서든 TV 시청…LGU 무선 IPTV Utv프리 출시
278327,독일하원 인권위서 북한 인권참상 규탄 공동성명 채택
278328,점검·대책에도 잇따르는 어선 사고…안전의식 미흡
278329,월드컵 몸 던진 태극전사…파울 47개로 출전국 중 최다
278330,아우베스 유벤투스 떠나 맨체스터시티 합류 임박
278331,대통령 탄핵 모바일 데이터 사용량 2배로 급증
278332,남자배구 대표팀 내주부터 전술훈련…프로팀과 5∼6회 연습경기
278333,스페셜올림픽 장애선수 김민호의 꿈 배구 잘해서 엄마 ...
278334,靑 우병우 거취 문제에 달라진게 전혀 없다
278335,남북정상회담 식수·산책·영상감상·만찬…두 정상 냉전 허물기
278336,전국 창조경제센터 구축 1주년…큰 성과 낼 차례
278337,SK텔레콤 2017년형 갤럭시 A7 출시
278338,아마존 뉴욕 제2 본사 백지화하나… WP 지역반발 탓 재검토
278339,블록버스터 영화처럼 흥미진진한 교향곡
278340,평양정상회담 평양 시민들 환영받는 문 대통령 내외
278341,프로배구 현대·삼성·OK·한전 21∼24일 부산서 친선경기
278342,남자대표팀 사령탑 후보 임도헌 라바리니식 공격배구 인상적
278343,KTB투자 대웅제약 대미 신약 수출 증가 예상…목표가↑
278344,바이든 출마 선언도 하기 전에 시험대에
278345,보편요금제는 이통 요금개편 태풍의 눈…파급력 엄청
278346,EBS 저소득층 위한 무상 고교 교재 집으로 배송
278347,아시아 금융시장 브렉시트 혼돈…日·中 증시 3% 이상 폭락종합
278348,이란·이라크 철도연결 등 경제협력 양해각서
278349,북한 주민 최신 유행은 경비행기 관광…석달간 4천 명 이용
278350,자책하는 홈런왕 박병호 더 정신 차려서 경기하겠다
278351,게시판 한국작가회의 전국 고교생백일장
278352,120년 전 고종이 꿈꾼 나라…대한제국의 역사를 만나다
278353,北 미국·남한이 전쟁위기 조장…제2 8월사태 예고 위협
278354,정부 유료방송 합산규제 개선안 모색…연구반 가동
278355,美공화 전대 트럼프 미국이 우선…온힘 합쳐 나가자
278356,2022년까지 기초과학 연구비 2조5천억으로 2배 늘린다
278357,국제앰네스티 예멘서 친사우디 무장조직 아동 성폭력 범행
278358,트럼프 멕시코협상 재탕 논란에 발끈…합의 내용 더 있어
278359,한국거래소 FIU 자금세탁방지 교육과정 개설
278360,코스피 상승 출발…장중 2130선 회복1보
278361,美민주 전대 힐러리 대통령시 남편 빌은 퍼스트래디 퍼스트젠틀맨
278362,날씨 말복 찜통더위 계속…전국 곳곳 소나기16일
278363,무더위속 피서객 몰린 제주 여름전력수요 연일 사상 최대
278364,내일날씨 아침 최저 서울 7도·세종 9도…낮부터 동장군 후퇴
278365,프로배구 세터 황동일 현대캐피탈과 계약…5번째 팀종합
278366,삼성 갤럭시 폴드 출시 연기…갤노트7 사태 재연 우려했나
278367,특검 쉽지 않을 것 같다…헌재 수사기록 요구에 일단 난색
278368,회의 입장하는 남북정상회담 준비위원들
278369,국회의원 재보선 투표율 오후 3시 현재 50.6%속보
278370,현대캐피탈 파다르 허리 염좌…챔프전은 출격 대기
278371,코오롱글로벌 773억원 도로 건설 공사 수주
278372,낮 최고 28도 초여름 더위 계속…오존·자외선 나쁨
278373,나와 우리를 넘어 타자로…서울국제문학포럼 개막
278374,문대통령 오늘 과학기술자문회의 주재…혁신성장 박차
278375,文대통령 오늘 수석보좌관회의…對국회·檢개혁 메시지 주목
278376,재집권 모디 印총리 취임…2기 내각도 새롭게 구성
278377,세종시 견본주택 오픈 끝 없는 줄
278378,구글·버라이즌 야후 인터넷 사업 인수에 눈독
278379,지각 입장한 남북 선수단 그 사연은
278380,1930년대 재즈클럽으로 변한 공연장
278381,미국·인도 논의 12년만에 군수지원협정 체결…중국견제 목적
278382,코엑스여기어때 마이스 방문객 대상 숙박 인프라 제휴
278383,문대통령 ASEM 기간 한영 정상회담…대북제재 완화 논의할 듯종합
278384,에스티큐브 최대주주 변경 수반 주식담보 계약
278385,푸틴아베 러시아서 양자 정상회담
278386,채용하면 1∼2년내 관두는 사람이 80%…중소기업사장 한숨
278387,北 강경태도에 靑긴장 상승…북미대화 상황악화 막고 재개 주력
278388,靑 윤상현 막말 파문에 입장 언급할 사안 아니다
278389,이동통신 3사 수장 CES 총출동…미래 먹거리 찾는다종합
278390,고대영 전 KBS 사장 해임 불복 소송냈지만 패소
278391,아시안피스컵 배구대회 폐막…남북 화합에 만족
278392,정지석 25점·성공률 84 대한항공 현대캐피탈에 역전승
278393,日 레이더 조사 한국측에 재발방지 강하게 요구했다종합
278394,작년 4분기 세계 대규모 디도스 공격 2.4배로 늘어
278395,베네수엘라 국경서 구호품 반입 충돌…4명사망·300여명부상종합2보
278396,한미글로벌 화재 관리책임 손배 소송 1심 승소
278397,화웨이 삼성 안방서 대규모 출시행사…강한 자신감
278398,심재철 5·18 보상금 수령 인정…이해찬 등 일괄보상종합
278399,서해안 대설주의보…광주·전남 한파 절정
278400,그래픽 은행권 전자금융결제수단별 비율
278401,금감원 올해 비조치의견서 단 7건 발급…책임문제로 소극적
278402,VR이 온다 가상현실도 UCC 시대…페북·구글·소니 플랫폼 경쟁
278403,이란 격추한 美 드론 파편 공개…영해서 수거
278404,하이투자 두산밥캣 공모가 매력적
278405,월드컵 태극전사 입맛 살리는 대표팀의 셰프 듀오
278406,경기 남·북부권 13개 시·군 오후 2시 오존주의보
278407,김동연 외환시장 개입내역 공개 다음주 IMF총재와 협의
278408,오스트리아 직업교육 중인 망명신청자 추방 않기로
278409,특징주 니켈 가격 급등에 니켈 ETN 강세종합
278410,安신당 기득권포기…현역도 경선참여…첫 의총은 연기종합2보
278411,필리핀 중북부 태풍에 정전·항공기 운항 취소…38만명 대피
278412,봄 산책
278413,北 김정은 SLBM 발사 성공에 온갖 수사 동원해 찬사
278414,朴대통령 어느 지역도 테러에 안전 안해…예방에 만전속보
278415,루지 VR 체험하는 스페인 국왕
278416,㈜라닉스 코스닥시장 신규상장 기념식
278417,이재갑 장관 마포 전통시장 방문
278418,EU 美의 징벌적 관세에 맞대응 예고…협상 기대감도 표시종합
278419,경북도 동해안권 발전계획 축소…7조7천억원 투자키로
278420,KBS사장 인사청문…한국 땡문뉴스 비판·민주 균형보도 주문
278421,이총리 국민이 가장 존경·신뢰하는 직업 1위가 소방관
278422,삼성 AI 빅스비 보이스 전 세계 200여개국으로 확대
278423,불펜서도 부진한 두산 장원준 올해 3번째 1군 말소
278424,류현진 커브로 바꿔도…홈런 2방 옐리치 칭찬해야
278425,한국 신흥시장 31개국 중 국가리스크 두 번째로 낮아
278426,게시판 KIST 프랑스 LETI와 반도체 연구개발 MOU
278427,신형 아이폰 SKT 오늘 도착 서비스로 받아보세요
278428,안철수 바른미래당 인재영입위원장 확정…한달만에 복귀종합
278429,원격으로 자동차 운전한다…LGU 5G 체험관 오픈
278430,한국당 국회 정개특위 간사에 장제원 의원 선임
278431,北 200일전투 독려 가속…평양시 사상일꾼회의
278432,최종구 승자가 패자 이끌어야…이재웅 혁신에 승패 없다종합
278433,카드뉴스 더워요 vs 추워요…여름철 실내온도 전쟁이 시작됐다
278434,KBS 성평등센터 개소 축사하는 진선미 장관
278435,전기차 매진 선언한 VW 7천명 감원키로
278436,한글과컴퓨터 구름 플랫폼 생태계 활성화 협의체 구성
278437,김환기 무제 오는 26일 홍콩 경매 출품
278438,삼성 중국 공장 철수하자 지역경제에 한파 닥쳤다
278439,강은경 서울시향 대표 음악감독 후보군 압축…추천위 발족
278440,NBA 미네소타 앓던 이 버틀러 보내고 5연패 탈출
278441,SF소설 낸 장강명 나는 수련 중인 소설가종합
278442,中보복 관광업 불씨 살린다…재산세 감면·고용지원금 추진
278443,네패스 1분기 영업익 100억원…286.57% 증가
278444,마야 33점…최하위 현대건설 도로공사 제물로 시즌 2...
278445,특이경력 라바리니 감독 배구 선수 한 번도 안 해
278446,CJ EMKT스카이라이프 광고시청률 전수조사 MOU
278447,프로농구 DB SK 상대로 전반 19점 뒤지다 극적인 역전승
278448,제주 해녀와 겨울 바다
278449,이재성 득점 못해 아쉬워…김신욱과 호흡 잘 맞는 건 대화 덕
278450,트럼프가 이스라엘 주권 주장한 골란고원은 어떤 곳
278451,네이버 개인정보 유출 수습하며 읽은 메일까지 일괄 삭제
278452,시민이 뽑은 서울 새 명소 1위는 덕수궁 돌담길
278453,이스라엘 네타냐후 총리 중도정당 청백당에 대연정 제안
278454,축구대표팀 주세종 미세근육염좌…아시안컵엔 문제없이 출전
278455,보유세 인상 추진에 관망세 짙어진 서울 아파트 시장
278456,올림픽 예선 출전권 확보 남자배구 대표팀 안정감 찾았다
278457,출협 출판 저작권신탁단체 새로 설립할 것
278458,V10 도전 우리은행 국민은행 꺾고 챔프전 먼저 1승...
278459,5세트 공격점유율 68 찍은 가빈…한국전력 나눠야 산다
278460,국방부 5년간 이월·불용 예산 8.5조원
278461,靑 어떤 결정하든 여야가 합의해서 결정한 사안은 수용
278462,연설하는 최태원 SK그룹 회장
278463,김정숙 여사 사회복지공동모금회 기부자들과 함께
278464,실책 통감 총리 발표에도 이라크 반정부 시위 유혈사태 지속
278465,이스라엘 가자지구 폭격 종료…민간인 피해 조사
278466,그래픽 주요 스마트폰 제조사별 영업이익
278467,경기민요 선보이는 이춘희 명창
278468,맘스터치 강남역 상륙…서울 지역 100호점 돌파
278469,시리아內 군사작전 정당 터키 주장에 시리아 철군 먼저
278470,애플페이 중국서 하루만에 3천만명 등록…대박 조짐
278471,시니낫 태국 국왕 배우자 3개월 만에 지위 박탈
278472,게시판 KTBNF 게임즈 스트리밍 게임 콜드워 출시
278473,이정현 우병우 거취 검찰 조사 끝나고 결정해야
278474,美 항모·폭격기에 패트리엇까지 중동으로…이란위협 대응
278475,한일정상 강력하고 실효적인 안보리결의 신속채택키로
278476,이총리 히말라야원정대 시신 운구·장례 등에 소홀함없이 지원
278477,삼성화재 송희채 아쉬운 시즌…유종의 미 거두겠다
278478,한라IMS 주당 100원 현금배당 결정
278479,특징주 부산주공 자사주 처분 소식에 약세
278480,더민주 전략기획위원장에 정세균계 재선 이원욱종합
278481,국내 주식형펀드 14일 연속 자금 순유입
278482,우리금융지주 회장은행장 겸직…새 회장에 손태승 행장 내정종합3보
278483,이집트 엘시시 새해 첫날 미 트럼프와 통화…중동현안 논의
278484,스페인 국왕 아바나 설립 500주년에 쿠바 첫 국빈방문
278485,中매체 中은 넓은 시장 보유…미일 플라자합의 전철 안 밟는다
278486,서울 낮 최고기온 30도…무더위 속 나들이 인파 북적
278487,KBS 전주방송총국 개국 80주년 기념식 개최
278488,與 현장최고위 정례화 7개월째…민생 키워드 찾기 전방위 행보
278489,청소부터 교육까지…2020년 서비스 로봇 판매량 2배로
278490,트위터 140자→280자로 공식 확장…한중일은 제외종합
278491,시진핑 6월 방일 확인…日여당 간사장 아베 친서 전달
278492,동해안 피서객 3천만 명 유치 올해는 가능한가
278493,자영업자 경영컨설팅 연계 지원체계 MOU
278494,농구국가대표 전준범 상무 불합격…인·적성 검사 밀려 쓴...
278495,文정부 경제정책 4차산업혁명이 답이다…신산업 육성에 총력
278496,대한항공 세터 한선수 손가락 미세 골절…3∼4주 이탈 예상
278497,中국방부 美 예산철에 타국 위협 과장해 실리 얻으려 해
278498,LG전자 스마트폰 사업 또 적자…2분기 영업손실 더 커져
278499,원화 값 초강세 외국인 바이 코리아 발목 잡나종합
278500,오바마 71년만의 역사적 히로시마 방문…핵무기없는 세계로종합
278501,코스피 IT 대형주 강세에 강보합 마감…코스닥 1%대 반등
278502,카드 부가서비스 변경심사 권한 협회로 얼마나 넘어가나
278503,윤영찬 靑 국민소통수석 성남시장 선거 출마 안한다
278504,올림픽 강릉 미디어촌 활판인쇄 체험전시
278505,시계 제로 이탈리아 연정 위기…총선이냐 새 연정이냐 갈림길
278506,짐바브웨 전 독재자 무가베 4월부터 싱가포르서 입원
278507,네이버 기술·글로벌·소상공인 방점…5년간 5천억 투자
278508,악수하는 베트남 외교장관과 리용호 북한 외무상
278509,아프리카 수단 권력이양 협상 난항…시위대 총파업 예고
278510,게시판 인터넷서점 예스24 자체 간편결제 시스템 도입
278511,獨 대연정 지속 열쇠 쥔 사민 당대표 선거 결선투표행
278512,LG CNS 지능형 영상분석 솔루션 인터넷진흥원 인증 획득
278513,검찰 광주 민간공원 사업자 의혹 압수수색
278514,이청준 문학의 발화점들 10주기 문학실험실 포럼
278515,그래픽 9.13대책 전후 서울 아파트 실거래 평균가 비교
278516,4·3 국회의원 보선 투표율 51.2%…투표 열기 뜨거웠다종합
278517,아쉬운 4회 한화 박주홍 3⅔이닝 3실점 2자책 역투
278518,남북정상회담 평화 합의 환영…북미회담 징검다리
278519,경북도 태풍 다나스로 인명피해 우려 지역 긴급점검
278520,프로야구선수協 10월 1일 FA 상한액·등급제 관련 ...
278521,美법원 기자 고의 살해 시리아 정권에 3천400억원 배상 판결
278522,부녀 성추행 사건의 진실을 찾는 연극 부정
278523,美 항모 이어 패트리엇·상륙함까지 중동으로…이란위협 대응종합
278524,美국무부 트럼프 시간싸움 않겠다 발언에 목표는 FFVD 달성
278525,몰타 아프리카 난민 40명 태운 독일 구조선 입항 허가
278526,과학기술연구회 신임 이사장 공모 시작…내달 1일까지 접수
278527,트럼프 파월·연준 또 실패…배짱도 비전도 없어 비난
278528,러·중·남아공 첫 해군연합훈련…阿에 러 입김 세지나
278529,朴대통령 우병우 논란 거리두고 민심청취 국정다잡기
278530,휴간 위기 샘터 살아났다…성원 힘입어 계속 발행
278531,류현진 나도 빨리 계약하고 싶죠…콜과 스트라스버그 부러워
278532,미·필리핀 해군 남중국해 합동훈련…中 겨냥 공조과시
278533,신간 위기 경영 이야기·사막의 축제
278534,12·16 대책 임대사업자 혜택 축소·자금조달계획서 대상 확대
278535,신간 밥 똥 일·누가 창의력을 죽이는가
278536,100번째 등판 류현진 개막 3연승 골디에 달렸다
278537,SNS돋보기 우도 렌터카 금지 추진…늦었지만 올바른 조처
278538,조원진 공무원연금공단 올해 주식투자로 735억원 손실
278539,시애틀 팀 베컴 금지약물 적발…80경기 출장 정지
278540,작전 실패무리한 불펜 기용 신바람 내던 한화의 아쉬운 패배
278541,경찰 두산 이영하에 승부조작 제의한 브로커 수사 착수
278542,대한항공 최하위 한국전력에 32 진땀승…한 달 만에 선...
278543,게시판 SK텔레콤 서울과학고에서 정보통신기술 강연
278544,강정호 결장…피츠버그는 세인트루이스에 한 점 차 승리
278545,완벽 수비 두산 롯데 완파하고 60승 고지 선착
278546,DLF 금융소비자원 이달안에 소송…불완전판매 명확한 사례부터
278547,수도권 아파트 이사수요 줄면서 전세가 상승폭 둔화
278548,일본 80대 고령운전자 사고로 2명 사망
278549,SNS돋보기 북 개성공단 인원추방·자산동결에 도둑질
278550,박지수 WNBA 시범경기 2차전서 4점·5리바운드·3블록슛
278551,언론재단 KPF 저널리즘 콘퍼런스
278552,새 결국 박근혜…민 손학규 SOS…국 안철수 간판
278553,KT 웹툰 작가 상시 발굴한다…케이툰 리그 운영
278554,중국 국경절 연휴 끝…유커 25만명 한국 다녀갔다
278555,美대선 3차 TV토론 이틀 앞으로…트럼프 기사회생 가능할까
278556,화이트 시즌 최다 41점…프로농구 SK 2위 경쟁 안 끝났어
278557,WNBA 박지수 LA 스파크스 상대로 2득점 2리바운드
278558,야마구치도 토론토와 계약 완료…2년 최대 915만달러
278559,일부 GPS 오작동… Y2K 버그 해수부 공문
278560,와일드카드 손흥민 기다리는 김학범의 미소 말이 필요 없어
278561,FC바르셀로나 캄프 누 19일 재개장 올림피아코스와 격돌
278562,동우크라이나 친러 반군지역 탄광 폭발 사망자 17명으로 늘어종합
278563,윈도 10이 4천원대…갑작스런 베네수엘라 헐값 직구 소동
278564,INF 대치 속 나토 사무총장·러 외무 금주 뮌헨서 회동
278565,구글 G메일 통한 크롬 자동 로그인 기능 수정
278566,라틀리프 34점 20리바운드…삼성 현대모비스 꺾고 6강...
278567,평양정상회담 南 대동여지도 선물로…北은 두 정상 담은 유화
278568,소비자원 냉장고 설치장소 온도 따라 소비전력 2배 차이 나
278569,날씨 내일 아침 영하권 뚝…외투·목도리 챙기세요
278570,페이스북 판교 이노베이션랩 기술교육에 3천400명 참가
278571,농협은행 퇴직연금 로보어드바이저 출시
278572,美 전문가들 中 침공 막기 위해 대만 군사력 강화해야
278573,방통위 MBN 차명 의심 주주명부 제출 행위 검찰 수사의뢰
278574,별들의 전쟁…오페라무대 호령하는 소프라노 3人 내한
278575,스마트폰 평균 메모리 中 비보가 삼성의 2배종합
278576,복귀전 승리 전남 유상철 감독 첫 단추 잘 끼웠다
278577,NH투자 기업은행 자산건전성 개선 지속…목표가↑
278578,염동열 의원은 사개특위 위원 사임해야
278579,한국당 오후 긴급의총…선거제 개혁 등 논의 예정
278580,게시판 KIST 중남미 공무원·연구자 대상 연수프로그램 개최
278581,내일날씨 찬바람 쌩쌩 겨울추위…서울 아침 영하 4도
278582,트럼프 사위 특검이 더 해악 vs 힐러리 대통령 아니면 기소종합
278583,게시판 KT 기가지니로 무연고 어린이 지원
278584,가계대출 급증 4년 후에 채무상환 부담 가장 크다
278585,현대증권 매각 우선협상대상자 29일 발표종합
278586,게시판 KBS 방송사 최초 성평등센터 신설
278587,뉴질랜드 테러 작년 2월 이민자 조준사격 이탈리아 청년 모방종합
278588,상반기 상장사 53곳 상호변경…작년보다 8.6% 감소
278589,시민단체 애플 팀 쿡 대표 사기 혐의로 형사고발
278590,경찰 축구단 해체 2년 유예해야…청와대 앞에 모인 축구인들
278591,문민정부 첫 과기처장관 김시중 과총 명예회장 별세
278592,재직기념패에 미소짓는 유영민 전 과기정통 장관
278593,페미니즘 시선집 남자들은 모른다 17년만에 재출간
278594,셔저 7이닝 무실점 11K에 도루까지…류현진과 사이영상 경쟁
278595,北 SLBM 최종목표는 美…3천t급 잠수함ㆍ사거리 2천㎞ 노린다
278596,이스라엘 중동정책 변화 생길까…중도파 집권땐 강경책 완화될듯
278597,올림픽 입항하는 만경봉호
278598,지난해 주식 반대매매 2.3조원…7년 만의 최대
278599,뉴욕타임스 日 언론통제 실태 조명…독재국가 같다
278600,강정호 4타수 무안타…피츠버그신시내티 벤치클리어링 5명 퇴장
278601,휴대전화 요금할인 확대·보편요금제 추진…기본료 폐지는 난관종합
278602,KBO 사무총장 선동열과 긴급 회동…신뢰 변함없다
278603,KBS 2010년 파업으로 정직 노조간부 구제 확정…부당징계
278604,아이폰8 9월 12일 공개 유력…갤노트8과 빅매치 성사
278605,비핵화 언급하며 북한 방향 급선회 배경은…제재·압박효과
278606,미래부 연구실 안전문화 공모전 진행
278607,과기정통부 30일 광화문서 국민체감 성장동력 오픈톡 행사
278608,최고위원회의 참석하는 박범계와 김태년
278609,핀테크 산업 규제 우선은 자율기구 활용이 효율적
278610,대통령 개헌안에 수도·토지공개념 명시…경제민주화 강화
278611,신한금투 스튜디오드래곤 中수출 기대…목표가↑
278612,피피아이 등 6개사 KOTC 시장 거래종목 신규지정
278613,은행 변동형 주택대출 금리 줄줄이 올라…최고 4.8% 육박
278614,법원 송인서적 회생계획안 인가…인터파크가 50억원에 인수
278615,SNS돋보기 美 NBC 일본 식민지 망언…참을 수준 넘어서
278616,리비아서 구금 피해 도망치던 이주민 총에 맞아 사망
278617,재일동포 할머니들 문집 출간
278618,그래픽 2018러시아월드컵 조별리그 3경기 한국팀 유니폼
278619,벤투 감독 5일 손흥민·장현수 빠진 3기 호주 원정 명...
278620,유강남 대타 역전 만루홈런…LG 넥센전 8연승 질주
278621,친환경농산물 시장 5년내 2조5천억원대로 키운다
278622,호날두 경고 알고도 유니폼 벗은 까닭은…메시에게 복수
278623,SBS 아리스포츠컵 국제유소년축구대회 남북전 생중계
278624,과기정통부 57∼66㎓ 대역 무선백홀 활성화 추진
278625,오바마 외국에서 트럼프 비난은 무분별한 짓
278626,러시아 스캔들 특검수사 신뢰도 트럼프↑ vs 뮬러↓
278627,두바이 여객기 추락 사고 조종간 동결이 원인일 수도
278628,봄 배구 향한 불꽃 레이스…프로배구 후반기 24일 재개
278629,현대엘리베이터 주총서 현정은 사내이사 재선임안 가결
278630,아프리카중동한인총연합회장에 임도재 씨…3번째 연임
278631,러 미사일 도입 에르도안 이젠 핵무기 일부만 보유 수용 못해
278632,호날두 또 해트트릭 UCL 4강 마드리드 더비 원맨쇼
278633,올해 文대통령 국정지지도 71.6%로 출발해 최저인 45.9%로 마감
278634,동네서점에서만 파는 무진기행 인간실격 특별판
278635,단말기 자급제 논란 ① 30년째 이통사가 장악한 유통망…부작용 속출
278636,이총리 책임총리 60점…천거 장관 3명 검증에서 탈락종합
278637,검색광고도 시장 경계구분 가능…포털규제 불가론 반박
278638,화천산천어축제 17∼18일 시설아동 초청 천사의 날
278639,신간 동학에서 미래를 배운다
278640,탬파베이 최지만 올 시즌 첫 2안타…타율 0.250
278641,게시판 한벨기에 원자력연구기관 협력세미나
278642,서울전 멀티골 주니오 K리그1 26라운드 MVP
278643,靑 특검법 통과에 朴대통령 수용 의사 이미 밝혀
278644,패럴림픽 입장하는 태극기
278645,헝가리 여당 지지율 부다페스트 등 대도시서 약세
278646,檢 朴대통령 조사 주말엔 어려울 듯…18일 카드 강조종합
278647,전북기자협회 27일 가짜뉴스와 사이비 언론 토론회
278648,朴대통령 북핵 실질대비책 마련…北정권자멸 응징종합
278649,손님 가장 함정수사에 걸린 성매매 알선…항소심서 무죄
278650,90년 전 우리 문화재 담은 미공개 흑백사진 첫선
278651,신세계아이앤씨 청소년 대상 해커톤 대회 개최
278652,모바일 간편결제 서비스 삼성페이입니다
278653,중기부 규제자유특구기획단 신설 등 조직개편
278654,北 판문점도끼사건은 美 조작 억지 비난
278655,나경원 조국 감싸는 이유는… 노영민 대통령 폄훼 말라
278656,국제구조위 예멘 휴전합의 붕괴 직전…반군 수감자 첫 석방
278657,英 브렉시트 이후 적극적 군사개입 노선 천명할 듯
278658,콜롬비아 정부 제2 반군과도 평화협상 개시
278659,트럼프 라이언 나약·공화 의리없어 성토…美언론 내전 방불종합
278660,벨라루스 외교관 규모 제한 해제 등 미국에 접근 나서
278661,단상으로 향하는 정의용 국가안보실장
278662,KT 3GPP 5G 표준 완성으로 5G 상용화 준비
278663,프랑스서 폭죽 사고로 2명 손가락 절단 부상
278664,한국성장금융 올해 8천억 출자…3조7천억 펀드 조성종합
278665,축구대표팀 유럽원정 마치고 귀국…선수들 소속팀 복귀
278666,래싱업체 등 한진 선박 작업거부 철회…항만공사가 대신 지급
278667,中 백두산에 방사능감측지휘부 설치…대북 시위 성격도
278668,LGU 영화 소개프로 도입에 VOD 영화 시청 2배↑
278669,선거법 공전 장기화 조짐…연내 본회의 개의 전망 불투명종합
278670,포스트 4·13 정치지형 들썩…헤쳐모여식 정계개편론까지
278671,화천토마토축제로 오세요
278672,축구협회 미세먼지 규정 도입…초등부는 주의보에 경기 취소
278673,게시판 농협캐피탈 NICE평가정보와 신용분석모형개발 MOU
278674,KT 5G 데이터 완전무제한 요금제 출시…5G 1등 되겠다
278675,솔직한 막말 후보가 거짓말 후보를 이긴다
278676,검찰 개혁 공수처법 처리 하루 앞으로…절정 치닫는 여야 대치종합
278677,코스피 하락 출발 후 반등…장중 2210선 회복종합2보
278678,크루셜텍 생체 이미지 판독장치 특허 취득
278679,SK 산체스 가을야구에서 다시 히트 조짐
278680,고성능 외벽단열시스템은 어떻게 생겼나
278681,장정석 넥센 감독 다음주까지 운명의 8경기에 올인
278682,황교안 닷새째 청와대 앞 단식…체력 급격히 떨어져
278683,지브롤터 억류 이란 유조선 40여일 만에 방면 결정종합
278684,심판 원스트라이크아웃제 시행…KBO 클린베이스볼 계획 발표
278685,마다가스카르 국립대학에 코리아코너 개관
278686,청년 일자리 3조8천317억 추경 국회 통과…제출 45일만종합
278687,SK텔레콤 네트워크 가상화 어워즈서 2개 부문 수상
278688,홍용표 北 태영호 범죄자 취급은 체제영향 줄이려는 것
278689,日언론 G20 의장국 일본 한국과 각세우는 것 바람직하지 않아
278690,추위 잊은 사냥 열기…포켓몬고 일 사용자 400만명 돌파종합
278691,환율 뛰자 기업들 달러 매도…7월 외화예금 석달 만에 감소
278692,유영민 미래부 장관 후보자 통신비 인하 공약 실천할 것종합
278693,KOVO 흥국생명도로공사전 오심 심판에 3경기 제외 징계
278694,SKT·KT MWC 상하이 참가… IoT·5G 리더십 경쟁
278695,美하원 대만 보증법 가결…대만 무기판매 정례화 기대
278696,금감원 빅데이터 기반 성장률 예측모형 구축
278697,폭설 제주국제공항 활주로 잠정 폐쇄…79편 결항·지연종합
278698,깊어가는 가을…부산서 볼만한 전시·문학제
278699,국립극단 연극계 성폭력 사태 책임 통감…제도 보완
278700,메가스터디 주당 2주 무상증자 결정
278701,즉위 의식 치르는 나루히토 일왕
278702,이인영 법대로라면 게임 종료 나경원 증인 나오면 청문 가능
278703,아시안컵 수문장 각축전…벤투호 3경기 김승규도 안심 못 해
278704,무세베니 우간다 대통령 朴대통령 경호는 내가 맡겠다
278705,시진핑 핵테러리즘 근본을 없애야…신형 국제관계 강조
278706,세기의 대국 구글 알파고 약점 대국 봐야 알 수 있어
278707,LG전자 스마트폰 수장 1년만에 교체…사업 강화에 방점
278708,여야 지도부 4·19 기념식 집결해 희생자 추모
278709,부상·비난 여론에 시달렸던 이재영 상처 딛고 MVP 우뚝
278710,기성용 첫 도움 스완지 선덜랜드 20 제압…잔류 가능성↑
278711,與내부 핵무장론 탄력…사드 배치도 다시 공론화
278712,창조경제타운·혁신센터 창업멘토 22명 표창
278713,신영석·메디 프로배구 V리그 4라운드 MVP
278714,국회 정개·사개특위 활동 기한 8월 말까지 두 달 연장
278715,제주 호우주의보 해제…한라산 영실 138.5㎜
278716,딜라이브 인수금융 채무조정협상 금주 타결 어려울 듯
278717,여자농구 MVP 박혜진 4회 수상이냐…최연소 박지수냐
278718,스완지전 결승골 손흥민 끝까지 집중한게 승리 요인
278719,선동열 다 읽지 못한 사퇴문…야구인 AG 金 명예 지키...
278720,LG디스플레이 3분기 영업익 5천860억…전분기 대비 27%↓
278721,프랑스문학 거장들이 들려주는 세상과 음악 이야기
278722,與비박계 내일 집단탈당…개혁보수신당 창당추진위 회동
278723,승부처에 강한 대한항공 우리카드 꺾고 2위 탈환종합
278724,대우조선 노조 파업 가결…곧바로 파업 돌입 안해2보
278725,中 항모 랴오닝함에 전자식 사출장치 장착 검토
278726,박주선 정부 공무원 배치계획 따라 예비비 동의여부 결정
278727,SK텔레콤 포켓몬고 데이터 무료 내년 3월까지 연장
278728,中 견제 美 중심 새 정보동맹 파이브 아이즈3 출범
278729,드라마·예능 나오니 뜨네…서점가 미디어셀러 강세
278730,NH농협금융지주 직원 11명 청년이사로 위촉
278731,원시 화성의 온화한 기후 비밀은 메탄가스 온실효과
278732,LG전자 신제품 출시 앞두고 기존폰 SW 업데이트
278733,이상범 DB 감독 버튼네 집에 가서 재계약하자고 드러누울 것
278734,KT 5G 체험
278735,홀 디스플레이 스마트폰 내년 노치 폰보다 많아진다
278736,프랑스관광청 인스타그램 활용 홍보 캠페인
278737,인스타그램으로도 생방송…라이브 스토리 기능 출시
278738,與 평화 분당에 신중모드…물밑선 총선 겨냥 새판짜기 주시
278739,NBA 보스턴·토론토 나란히 승리…치열한 1위 싸움
278740,고예림 26점 현대건설 컵대회 5연승으로 5년 만에 ...
278741,현대차 고성능 레이싱 대회 벨로스터 N 컵 개최
278742,게시판 카카오페이지 어벤져스 신작 개봉 사전 행사
278743,바흐부터 쇼스타코비치까지…교향곡 82곡 한 권에 총망라
278744,한은 기준금리 인하에도 10월 국내 채권금리 급등
278745,도종환 장관 남북정상회담 메인프레스센터 방문
278746,회계사 올 하반기 경기 상반기보다 부정적
278747,레알 소시에다드 31 제압…73경기 연속골 타이종합
278748,KT 5G 오픈랩 개소…5G 생태계 활성화해 첫 상용화 성공
278749,법제처장 대통령 뜻 헤아려 법률 심사 결론 내리지 않아
278750,피츠버그 강정호 없이 세인트루이스에 106 대승
278751,출판진흥원 출판산업 콘퍼런스 내일 개최
278752,삼성 갤럭시S8 내일 중국서 공개…신뢰회복이 흥행 관건
278753,日정부 엔고 지속시 경우 따라 필요 조치할 것
278754,목에 담 증세 오승환 불펜 피칭으로 컨디션 점검
278755,삼성증권 아트라스BX 상폐 지주사 타이어월드에 긍정적
278756,노벨화학상 분자기계…화학의 예술적 특성 실현
278757,FA 원톱 양효진 7시즌 연속 연봉퀸 확정…연봉 3억...
278758,파나마 확장 신 운하 첫 통과 선박은 中 컨테이너선
278759,호날두의 레알 마드리드 UCL 사상 첫 2연패도 성큼
278760,폭스브레인홀딩스 유테크 지분 5.89% 취득
278761,지난달 국내 웹사이트 통해 유포된 랜섬웨어 역대 최다
278762,이란 美제재 예외국도 이란산 원유 수입 꺼려
278763,어나이 톰시아에 판정승…IBK기업은행 흥국생명 완파
278764,최강한파에 중무장한 시민들…칼바람에 절로 아 추워
278765,트럼프 당선 IT업계 보호무역 직격탄 우려
278766,영국계 투자펀드 STX조선·STX프랑스 패키지 인수 의향
278767,역대 최악 줄부상…신태용호 새로 쓴 월드컵 부상 잔혹사
278768,김무성 지지자들과 단합대회…대권 무대 오르나
278769,탬파베이 최지만 최고의 날…9회말 끝내기 역전 적시타종합
278770,세월호 4주기…與 진상규명 먼저 野 文정부 안전체계 문제
278771,골키퍼 김병지 생명나눔 공익광고 출연…K리그 경기장서 본다
278772,MWC 2018 방문한 권영수 LG유플러스 부회장
278773,4차 산업혁명 인재 DGIST에서 기대하세요
278774,그래픽 국내은행 당기순이익 현황
278775,미러 외교수장 통화…INF탈퇴·대러 제재·베네수엘라 사태 충돌종합
278776,풍랑주의보 전남 4개 항로 뱃길 통제…귀경객 불편
278777,추신수 전반기 마지막 경기서 4출루…발목 통증으로 교체종합
278778,중국 차세대 운반로켓 창정5호 발사
278779,브라질 소두증 의심사례 4천건 넘어…신생아 12명 사망종합
278780,서민 울리는 브레이크 없는 지역주택조합
278781,코스피 엿새 만에 올라 2460선 회복…코스닥 이틀째 상승
278782,이동통신3사 설 연휴 네트워크 비상체제 돌입
278783,그래픽 국가부채 1천550조 돌파
278784,이스라엘군 또 가자지구 공습…풍선폭탄에 대응
278785,신간 인도이야기
278786,캠시스 초소형 전기차 양산형 모델 CEVOC 공개
278787,여전히 쓸만해 스마트폰 교체주기 계속 늦어진다
278788,회의 참석하는 이낙연 국무총리
278789,이탈리아 밀라노 말펜사 공항 드론으로 한때 운항 차질
278790,SK네트웍스 AJ렌터카 지분 42% 3천억원에 취득 결정종합
278791,오스트리아 대선 결선서 녹색당 지지받은 무소속 당선1보
278792,LG 프리미엄 정수기·냉장고 등 주방가전 신제품 공개
278793,브라질 좌파정권 지지기반 흔들…집권당 소속 시장 20% 이탈
278794,아시안게임 4년 전 남녀 동반우승 농구 인천 영광 다...
278795,日 이란이 유조선 공격 단정하지 않는 3가지 이유는
278796,문재인 전 대표 강원도 방문
278797,백악관 시리아 철군 후에도 미군 200명 잔류…평화유지 목적
278798,수단 군부 연좌농성 시위대에 발포…최소 35명 사망
278799,아픔을 함께 진상규명도 함께
278800,인터넷진흥원 해외 진출 보안기업에 자금 지원
278801,문재인 영입인사들과 오찬…내주부터 양산생활
278802,윤호근 국립오페라단장 눈물…오페라계 열정페이에 자정노력종합
278803,SKT 청구서 앱에 취약계층 사용 편의 우수 마크
278804,기약없는 선거구 획정…3월로 가면 총선연기론 부상
278805,靑 北에 상당한 압박…이란측도 로하니 강력대응에 놀라
278806,주말 N 여행 충청권 눈 모자 쓴 속리산…8개의 봉우리 환상적 자태
278807,예멘 정부반군 공해상서 선상 회담…휴전합의 이행 논의
278808,신간 자크 데리다를 읽는 시간·포퓰리즘과 민주주의
278809,40주년 한양대박물관 한양이 낳은 건축인 이해성 조명
278810,북한 오늘 오후부터 판문점 연락 채널 개통
278811,30대 38만명 살펴보니…걸을 때도 버스 탈 때도 스마트폰
278812,스마트 경기장·가상현실 코치…IT스포츠 산업 육성
278813,中 강경파 홍콩 경찰 총수 임명…시위 진압 가속
278814,한국인 스마트폰 많이 쓰지만 정보활용역량은 낮아
278815,SKT 5G AR·VR 서비스 3종 출시
278816,이란 대통령 보좌관 볼턴 경질은 대이란 최대압박 실패 징후
278817,유영민 사람중심 4차산업혁명 구현 총력…규제 해결은 큰 과제종합
278818,팔레스타인 미성년자에 발포 이스라엘 병사에 징역 1개월형
278819,하이원 워터월드 7월 개장…강원랜드 복합리조트 완성
278820,광화문광장에 다시 천막 설치한 우리공화당
278821,울산과기원 세포 속 단백질 위치 쉽게 찾는 기술 개발
278822,朴대통령 김해 신공항론으로 공약파기 논란 정면돌파종합
278823,싱가포르 매체 김정은 오늘 밤 짧은 시내 투어 계획
278824,대화하는 조성진 LG전자 부회장과 록하이머 구글 부사장
278825,신간 강인욱의 고고학 여행·세계사를 바꾼 12가지 신소재
278826,구매 1년후 중고폰 가격 애플 51% 삼성 33% LG 20%
278827,원내대책회의 발언하는 홍영표 원내대표
278828,에스엔텍 45억원 규모 2차전지 제조장비 공급계약
278829,대만 여배우 대만독립 관련 SNS게시물에 좋아요 눌렀다 사과
278830,나상호 K리그2 가장 빛난 별…MVP·득점왕·베스트11 ...
278831,KBS 사장후보자 정책발표회 첫 공개…시민자문단 평가 반영
278832,LG전자 SW업그레이드센터에 고객 초청…사후지원 강화
278833,카카오톡 치즈 움직이는 사진으로 채팅 기능 추가
278834,朴대통령 핵미사일 한발이라도 발사하면 北정권 끝장낼 각오
278835,프로축구 전남 기업 구단 최초 2부 자동 강등 수모
278836,유튜버에 당한 獨집권당 대표 온라인 의견제한 주장해 논란
278837,LG유플러스 데이터 선물·충전·관리 한 곳에서
278838,프로농구 DB 패배를 잊었다…KCC 꺾고 13연승 질주
278839,돌아온 최룡해 연일 공식활동…활동 모습도 공개
278840,朴대통령 내주 순방 경제·안보적 현실 타개 기회
278841,오바마 2016년 대선 앞두고 바이든 출마 말렸다
278842,01X 번호 100만명선 붕괴…늦어도 2024년엔 소멸
278843,이란 외무 볼턴·네타냐후가 핵합의 죽이려 트럼프 현혹
278844,중저가폰 페이 탑재 삼성은 줄이고 LG는 늘리고
278845,아이폰8·갤노트8…프리미엄 스마트폰 100만원대 시대
278846,TCL 블랙베리 키원 SKT서 연내 출시 검토
278847,농협하나로마트 간편식 PB 판매액 100억 돌파
278848,NC 선수단 대거 정리…올해 들어 7명 웨이버 공시
278849,아시안게임 단일팀 이름 위 홍콩 국기·박지수 키는 16...
278850,우승하러 왔죠…전광인 우승 한 풀고 MVP까지
278851,유엔 사무총장 다보스서 베네수엘라 사태 대화 해결 촉구
278852,안호상 국립극장장 문체부에 사직서 제출
278853,코스피 상승 출발…2170대 강세1보
278854,강릉 승용차 추락 사고…신원파악 한때 혼선
278855,트럼프 앙숙 女앵커에 사과…화기애애 인터뷰
278856,베스트셀러 SNS·블로그 스타 저자 인기몰이
278857,프로배구 외국인 거포들 8월 초 입국…KOVO컵 출격할 듯
278858,아이폰X 사전예약 인기에 추가공급…SKT 내일 4차 예판
278859,그라운드 떠난 이승엽 KBO 홍보대사로 뛴다
278860,美공화 전대 트럼프 후보확정은 사실상 장남이…아버지 축하합니다
278861,SKT 중저가폰 갤럭시 와이드 하루 2천대 판매 불티
278862,네이버 유료 오디오북 서비스 개시
278863,지방선거 후보등록 첫날…오후 4시 현재 2천522명 신청
278864,영상 올 가을여행은 어디로…단풍·축제 나들이 명소 추천
278865,EU 독자 대북제재 대상 갱신 발표…개인 57명 기관 9곳종합2보
278866,아르헨 대선 유력후보 IMF와 부채 상환조건 재협상 추진
278867,세계증시 닷새동안 5천조원 날아가…2011년 8월이후 최악
278868,비관세장벽 수출선도 기업엔 기회…시장 지위 더욱 강화
278869,KIA 임창용 18일 대구서 한·미·일 통산 1천 경기 출장
278870,문화소식 국립중앙박물관 에트루리아전 무료 관람
278871,구자철·지동원 후반 교체출전…아우크스부르크 5경기 만에 승
278872,100만 태국내 미얀마 이주노동자 수치 방문에 인권개선 기대
278873,호주 청소년 교도소서 죄수 폭동…경찰과 대치 상황
278874,與 개각서 총선 차출 최소화 전망…청문 리스크 우려
278875,판문점선언 기념 통일시집 도보다리에서 울다 웃다
278876,카터 前대통령 미중 수교 양국·전 세계에 도움
278877,레바논 당국 곤 닛산 전 회장 합법적으로 입국
278878,집배원 노조 우정사업본부 조합 사무실 차별 없이 제공하라
278879,프로농구전망대 현대모비스 라건아 등 국가대표 차출 변수
278880,아프리카에 공들이는 중국…연구소 만들고 시진핑 축전
278881,박철우 V리그 최초로 후위 공격 득점 1천500개 달성
278882,알뜰폰 헬로모바일 청소년 요금 반값 할인
278883,소프트뱅크 손정의 AI 기업 투자 100조원 새 펀드 설립
278884,솔로몬제도 이르면 금주 대만단교 및 중국수교 제안 제출
278885,중국 스위스와 일대일로 협력 양해각서 체결키로
278886,아프리카 말라위서 홍수로 23명 사망…국가재난사태 선포
278887,득점 1위 타이스 트라이아웃 불참…2년간 V리그 못 뛴다
278888,방통위 음란·도박 등 악성 1인방송 즉각 퇴출 요청
278889,朴대통령 공공기관 개혁 강력히 추진할 때…더 미룰 수 없어
278890,LG 박용택 200홈런300도루 오래 하니 여기까지 ...
278891,호르무즈 호위연합 추진 美 외교단에 수송로 보호계획 설명
278892,문 대통령 슈타인마이어 독일 대통령 에게 백자 선물
278893,전쟁·탄압 딛고 축구로 새 희망…난민 출신 축구스타들
278894,호주 아널드 감독 아시안컵이 코앞…한국전 친선경기 아냐
278895,美 무역전쟁만으론 中 견제 못 해…동맹국과 협력해야
278896,국내 부동산 대체투자 활기…공모펀드·리츠 봄바람
278897,오바마 미사일방어능력 향상위해 한국과 최초로 협의중종합
278898,피아노 4대로 꾸미는 손열음 음악편지 세 번째 무대
278899,철도착공식 南김현미·조명균 참석…北은 리선권·방강수1보
278900,추석맞이 한우 직거래 장터
278901,만지고 쓰다듬는 일은 왜 중요한가…터칭의 세계
278902,국제축구평의회 디렉터 K리그 심판대상 비디오판독 교육
278903,차세대 통신 5G 전송량 LTE의 5배 속도는 4050배 빨라
278904,미래부→과학기술정보통신부…9년만에 정보통신 표현 부활종합
278905,DJ 생가 전격방문 문재인 전 대표 뭘 노렸나
278906,국고채 금리 소폭 올라…3년물 연 2.185%
278907,그래픽 글로벌 100대 기업 상위 10위
278908,찜통더위에 서점으로
278909,㎏ 기준 130년만에 바뀐다…내년 5월 20일부터 사용
278910,이산가족 76% 전면적 생사확인 가장 시급히 추진돼야종합
278911,김치 유산균으로 아토피피부염 잡는다
278912,리비아 동부군벌 병력 리비아 서부서 이탈리아 드론 격추
278913,朴대통령 아프리카 데이에 출국…阿3개국·프랑스 순방종합
278914,與 비공개 최고위 개최…추경처리 방향 논의
278915,고침 정치국회의원 79% 지난해 재산 늘어…
278916,찬 바람 부는 아침…일부 지역 체감온도 5도 안팎
278917,스털링 극장골 맨시티 사우샘프턴 21 제압…12연승 질주
278918,마리오 보타를 만나기 위해 극장을 찾은 사람들
278919,9일째 지중해 떠도는 스페인 난민구조선 39명 또 구조
278920,세종텔레콤 중국 ZTE 광통신 장비로 고속회선 구축
278921,유채꽃 나들이
278922,제임스 최 호주대사 8일 잠실 NC두산전 시구
278923,北당대회 김정은 최고수위 새 직위로 추대되나
278924,호주 시드니서 K문화축제 열려…오페라·뮤지컬 명장면 공연
278925,최강 전력 전북의 위용…네가 아니면 내가 넣는다
278926,드론으로 미세먼지 배출 단속…환경부 지자체와 함께 총력대응
278927,신간 헤밍웨이 20세기 최초의 코즈모폴리탄 작가
278928,IPTV·케이블TV 지상파 VOD 월정액 내달 최대 60% 인상
278929,정보공개 청구 후 광고비 받은 주간지 대표 공갈 혐의 무죄
278930,트럼프 오바마와 정권인수 첫 협의…몇몇 어려운 일 논의종합2보
278931,농협 허식 부회장 여성 농업인 단체장과 필승코리아 펀드 가입
278932,LGU 아이폰7 할부금 지원 H 클럽 15만명 돌파
278933,UAE 이란 국제사회와 핵·탄도미사일 새로 협상해야
278934,맨유 즐라탄 7개 클럽에서 UCL 경험한 첫 선수
278935,세네갈 현직 대통령측 재선 성공…야권 결선투표해야 반박
278936,등돌린 투톱 사흘만에 회동…유승민 복당파문 수습 국면
278937,BC카드 빨간 날 휴일엔 1＋1 혜택
278938,北신문 F35A 출고식 비난…반민족적 범죄행위 걷어치워야
278939,KAIST AI 월드컵 결승
278940,미세먼지의 습격
278941,범SBS 비상대책위원회 결의대회 열려
278942,역사·문화가 통하는 전라감영길 조성 첫 삽
278943,NH투자증권 신세계 과도 하락으로 매수 기회
278944,네이마르 PSG와 계약 완료…총액 5천억 가장 비싼 선수 등극
278945,포체티노 토트넘 감독 주전들에 자극 줄 선수 필요
278946,송민순 회고록 놓고 與 국기 문란…野 정치 공세
278947,국립여성사전시관 여성독립운동가 사진을 찾습니다
278948,돈되는 신사업에 힘 싣는다…통신3사 5G·AI 조직 확대
278949,정부 개성공단 출입 필요최소인력으로 추가제한속보
278950,게시판 방송통신심의위원회 신규직원 채용
278951,서울 아파트값 8개월 만에 상승…전세도 36주 만에 올라
278952,내년 가상화폐·클라우드 노린 사이버 공격 주의보
278953,성장과 죽음이 반복되는 꿈…배수아 소설집 뱀과 물
278954,스페인 자국 NGO가 구조한 난민 일부 수용 의사 표명
278955,KBS 심야 뉴스라인 폐지…9시 뉴스도 심층 개편
278956,특징주 남북경협주 북·중 한반도 비핵화 의지에 후끈종합
278957,김한정 靑 마약성 의약품 1천110정 구매해 836정 소비
278958,2017 부동산전망 쏟아지는 악재…주택시장 위축될 듯
278959,與 차기 당권 명운 가를 5대 변수는
278960,박철우·송희채 맹활약 삼성화재 2연패 탈출종합
278961,노동자상 기습철거 항의 부산시청 로비서 밤샘 농성
278962,신한금투 한국항공우주 납품 불확실성 해소
278963,한·러 정상의 환담
278964,방통위원장 인터넷업계 상생 공론화 기구 참여해달라
278965,그래픽 2019년 예산 분야별 국회 증감 규모
278966,폼페이오 이란 정권교체 위한 무력 개입 반대
278967,7월 7일 70만원 미만…갤럭시노트FE 출시 확정종합
278968,EU 이르면 내주 초 집행위원단 발표…위원장 포함 27명
278969,탬파베이 최지만 시즌 8호 홈런 작렬…대타 출전해 맹활약...
278970,IFA 삼성 부스에 전시된 갤럭시 폴드
278971,여름휴가는 강원도에서…강원농협 서울서 캠페인 벌여
278972,내년 G7 트럼프 골프리조트 개최 추진 논란…돈벌려는 것 아냐종합
278973,유커 빠져나간 월미도…썰렁
278974,트럼프 IT 인재 수혈 숨통 틔우나…비자 발급요건 완화 시사
278975,올림픽 기록 확인하는 북한 최명광
278976,부적격 청약자의 분양권 최종 매수자 국토부 항의 방문
278977,현대차증권 롯데케미칼 2분기 실적 부진…목표가↓
278978,한미 FTA 정상 공동성명 서명 후 악수하는 한미 정상
278979,작곡가 박영희 독일작곡가협회 FEMNadel상 수상
278980,부상병동 보스턴 PO 1차전서 라이벌 필라델피아에 완승
278981,백악관 경내에 수상한 물체 투척소동…여성 1명 체포종합
278982,서아프리카 라이베리아서 학교 화재로 어린이 27명 사망종합
278983,대구·경북 흐리고 남부에 빗방울…낮기온 15∼19도
278984,입대 앞둔 배구 거포 서재덕 광인이 우승·MVP 부러웠다
278985,北 유엔 회원국 자격있나 윤병세 비판에 언어도단
278986,미국 수도 워싱턴 전차 54년만에 운행 재개
278987,삼성페이 대항마 LG페이 국내 출시…G6로 바로 이용
278988,직통령 펭수 UAR로 만난다…3D 영상·입체 스티커 나와
278989,그리스 해군 헬기 에게해서 추락…3명 사망 추정
278990,베로나 이승우 AC밀란전에 선발출전…첫 골 사냥은 실패
278991,문 대통령 청년일자리 특단대책 위해 추경…초과세수로 가능
278992,러일 4월 도쿄서 외무장관 회담…아베 방러 조율종합
278993,배구 공동 연봉퀸 박정아 활약 인정받은 것 같아 기쁘다
278994,내일날씨 맑고 포근해요…서울 낮 11도까지 올라
278995,SK 최정 두산 후랭코프 제물로 18호 홈런 쾅
278996,인공지능 로봇이 잘못 저지르면 누구 책임…법무부 연구
278997,러시아 항공사도 보잉 737 맥스 여객기 잠정 운항 중단
278998,삼성 갤노트9 국내 100만대 돌파…중고폰 최대 2배 보상종합
278999,日 돗토리현 해안서 北미사일 파편 추정 물체 발견돼
279000,SOil 1조3천억원 규모 경유·납사 공급 계약
279001,장동현 SKT 사장 사물인터넷 꽃봉오리 터질 단계
279002,아시안게임 가시밭 김학범호·꽃길 박항서호…준결승...
279003,남북정상회담 4월 말 개최 합의…북 비핵화 의지 분명히 밝혀
279004,與초선 공동성명 더민주 사드 방중 초선 6명 중징계해야
279005,장정석 넥센 감독 돌아온 박병호 더 성숙하고 의젓해
279006,잠 못이루는 밤…대구·포항 5일 연속 열대야
279007,게시판 한길사 11월14일 평화학교 개강
279008,최지만 2루타 2개시즌 11호 홈런…장타만 3개 폭발종합
279009,트럼프 중국 관세 보복 말라…상황 더 악화할 것 경고종합
279010,백낙청 시민참여형 통일과 남북연합 진행 중
279011,롯데 신동빈 영장기각에 안도…하루빨리 경영정상화종합
279012,북한 선수 22명 평창올림픽 참가…올림픽 첫 단일팀 확정종합
279013,공지영 도가니 이후 10년
279014,내년 인터넷은 인공지능·핀테크로 혁신과 진화
279015,황총리 사회간접자본 확충해 경제활력 회복하겠다
279016,시총 100위권 기업 평균연봉 7천347만원…4년 새 20% 늘었다
279017,지소미아 종료 中매체들 美의 아시아판 나토 계획 차질종합
279018,美이란 제재해제 직전 수감자 맞교환…美기자 포함종합
279019,KT 아이폰 11 모델 3종 사전예약 실시
279020,경기도 16시 의정부남양주권 미세먼지 주의보
279021,손석희 음해가 식은 죽 먹기 된 세상…합의나 선처 없다종합
279022,2024서 뒤집기 대한항공 현대캐피탈 완파…1위 탈환
279023,전북 대부분 폭염특보 해제…최고 50㎜ 소나기 예상
279024,전해철 법무장관說에 해야 할 역할이라면 어떻게 피하겠나
279025,갤S9 자급제 전용패키지 나온다…5천대 한정 100만원
279026,아시안게임 서재덕 활약 남자배구 천신만고 끝에 대...
279027,알뜰폰협회 이동통신 기본료 폐지 시 시장 퇴출 우려
279028,이르면 내주 개각발표…총리 김진표·법무장관 추미애 낙점종합
279029,미국 뉴욕주 의회에서 채택된 3·1 운동의 날 결의안 선언문
279030,6강 PO 첫판 미친 선수는 전성현…주축 되니 더 욕...
279031,靑 국가안보실 사칭 이메일 발송 의혹 경찰에 수사 의뢰
279032,안트로젠 희귀질환 치료제 임상 1상 美FDA 승인
279033,한국 웹툰도 라틴 한류에 한몫…중남미 최대 만화축제 참가
279034,집 밖에서 전자기기 켜고 끈다…KT 레지던스에 IoT 도입
279035,이총리 문정인에 자유인 기간 좀 길었구나 발언 해프닝
279036,靑 김병준에 막강한 모든 권한…2선후퇴 법적용어는 없어
279037,컨페드컵 8개국 확정…카메룬은 호주와 한 조
279038,북미회담 D3 평양떠난 김정은…북미중재 문대통령 기대 속 주시
279039,키움증권 인터넷은행 재도전 여부 미정…내부 논의 중
279040,게시판 NH투자증권 100세시대 행복리포트 51호 발간
279041,경기·충북·강원 우박 폭탄…돌풍에 강한 비 동반종합
279042,올해 외국인 관광객 23％ 감소 예상…막바지 유치 활동
279043,KIST 코오롱생명과학에 노화개선 물질 기술이전
279044,KT 인공지능 분야에 3천억원 투자…AI 전문인력 1천명 육성
279045,美 지난주 실업수당 20만8천건…2천건↑
279046,朴대통령이정현 당정청은 하나…덕담·웃음의 1시간50분종합2보
279047,대선 불복 인니 야권 지지자들 화염병 던지며 경찰과 밤새 대치
279048,한국 5G 통신 중심국 부상…글로벌 IT기업들 몰려온다
279049,이통사 업셀링 정책 먹혔다…고가요금제로 실적 선방
279050,이란 대통령 원유 계속 수출…사우디 이란 공백 대체
279051,KBO리그 올스타 팬투표 6월 4일 시작…7월 2일 베스...
279052,축제 아니라 장례식같은 엄숙함…펠로시 상복 탄핵패션도 눈길
279053,KT 군부대·전방지역 무선 품질 대도시 수준으로 높인다
279054,알렉스 법무부 특별귀화 심의 통과…한국 국적 취득 초읽기
279055,남자프로배구 외국인 선수로 냉가슴…우리카드는 2번째 교체
279056,갤노트10 출격 전 갤탭S6 공개…S펜 에어액션 첫 지원
279057,인천으로 향하는 장정석 감독 4차전서 끝났으니 해볼 만하다
279058,LG이노텍 차량용 5G 통신모듈 개발
279059,금융위 금융권 자본규제 개편 태스크포스 회의 개최
279060,귀스타브 도레의 판화성서 출간 간담회
279061,팔레스타인 아랍국가에 반이란 폴란드회의 보이콧 호소
279062,그래픽 작년 수출 5천739억달러 사상최대
279063,이란군 시리아 계속 군사지원…이스라엘에 경고
279064,창·제작 지원 파라다이스 아트랩에 10개 작품 선정
279065,진영 장관 산불피해지 방문
279066,맨유 첼시에 20 설욕…22경기 무패 행진
279067,조원진 유승민 제 역할했는지 아쉬움 있어
279068,추석 연휴 데이터 사용량 11%↑…이통 3사 특별 근무
279069,월드컵 유니폼 입어본 선수들 가볍고 편하다
279070,아시안게임 한국 말레이시아에 덜미…충격의 12 완패
279071,피자헛 어드민피 완전 폐지…가맹점과 상생협약 체결
279072,KIA 선수단·팬 함께하는 호랑이 가족 한마당 개최
279073,SKT AI 누구 영역 확대…스마트 조명·T맵 버튼 출시종합
279074,바이든 잇단 말실수…지지자들 이래서 트럼프 이길까 걱정
279075,민주 국회의장단·정당대표 방북 평화의 길에 큰 힘
279076,김학의 전 차관 기다리는 진상조사단 관계자
279077,신입생 들어왔는데 공부할 교실 없는 단원고
279078,美중부사령관 걸프 해역 항행의 자유를 위해 공격적으로 노력
279079,김동연 STX 한 달 내 노사확약 없으면 법정관리
279080,美공화당 트럼프 탄핵정국 주요 쟁점서 엇갈린 목소리
279081,北 협력합의 무효선언으로 남북갈등 심화 불가피
279082,LG유플러스 아이폰7 할부금 지원 H 클럽 15만명 돌파
279083,제천 화재 유가족 발언 듣는 안철수
279084,2017년 KT 그룹 신입사원 입문교육 수료식
279085,프로축구 2부 광주 성남에 31 역전승…3위로 도약
279086,언론노조 부산일보 공정성 훼손 안병길 사장 사퇴해야
279087,삼바축구 완벽한 부활…대표팀 감독 국민영웅으로 떠올라
279088,김동연 최저임금 인상 속도조절 방안 당·청과 협의종합
279089,피에스케이 불성실공시법인 지정
279090,오바마 공화반발 속 새 대법관에 중도성향 백인 갈랜드 지명종합2보
279091,새연정 성사시킨 伊 오성운동에 악재…당 창립자 아들 강간 피소
279092,성남 윤영선 강원 이적 없던 일로… 양 구단 2천만원 징계
279093,민주 일자리 비상 추경은 불가피…철벽 엄호
279094,靑 NSC 상임위 개최…고위급회담 조속 개최 北과 협의
279095,트럼프가 말한 판문점 대표성·중요성·영속성 의미는
279096,한글과컴퓨터 291억원 규모 종속회사 주식 처분
279097,황교안 오늘 세월호 일반인 희생자 5주기 추모제 참석
279098,중국인 관광객 급하다고 매장구석에 아이 소변 누이네요종합
279099,북한 김정은 지시에 화장품 개발도 속도전
279100,北 산림복구 강조…푸른숲 우거지게 경쟁열풍 일으켜야
279101,입장하는 문 대통령과 김동연 경제부총리
279102,관훈클럽 창립기념식
279103,김동훈 제47대 한국기자협회장 당선자
279104,발등 부상 전자랜드 할로웨이 이르면 26일 kt전 복귀
279105,FBI 브라질서 뇌물·담합 GE·필립스 등 4개 다국적기업 수사
279106,北매체 함경북도 수해복구서 전화위복 승리 거둬종합
279107,황교안 내일 봉하마을 방문…권양숙 여사 예방종합
279108,나전칠기 작가 김영준 서울·강릉서 동시 전시
279109,16년 만에 만나는 NDT1
279110,우원식 지방분권개헌국민회의 간담회
279111,김정은 수해현장엔 안가고 복구 공로자에게 감사만종합
279112,MLB 다나카 둘째 딸 태어나 등판 일정 변경
279113,캣대디 백화점 CEO의 반려동물 사랑 이야기
279114,4분 출전한 손흥민 평점 6…토트넘 골키퍼 요리스 최고점
279115,SK증권 이마트 1분기 부진힌 실적…목표가↓
279116,얼굴 만지는 선동열 감독
279117,美 지난해 4분기 2.6% 성장…연간 성장률 2.9%
279118,올림픽 슬로프 내려오는 북한 최명광
279119,메이저리그 FA 3억 달러 시대…44년 만에 돌파
279120,금리 인하에 국내 금값 사상 최고…금·은 ETN도 강세종합
279121,최대어 디우프 KGC인삼공사 품에…앳킨슨은 도로공사로
279122,한국관광공사 제21회 관광기념품 공모전 개최
279123,MWC 2018 LG AI 브랜드 씽큐 적용한 V30S 공개…내달 9일 출시
279124,과기부 5G망 구축용 무선설비 기술기준 세계 첫 마련
279125,백승호 햄스트링 부상…아시안게임 참가는 문제없어
279126,朴대통령 경주 재난지역 지시…제로베이스서 지진대책종합
279127,아스널 EPL 개막전서 레스터시티에 43 승리
279128,여행신간 전문가가 알려주는 여행작가 되는 비결
279129,과천과학관 기초과학관 12월 과학탐구관으로 재개관
279130,주말 N 여행 충청권 황금 고추를 찾아라…성큼 다가온 가을 괴산고추축제
279131,아이오닉 2018 출시…일렉트릭 주행거리 200㎞로 늘어
279132,9회 지킨 두산 이영하 데뷔 첫 세이브 얻지 못한 이유는
279133,방통위 외주제작 가이드라인 제정 TF 구성
279134,사라지는 트럼프 간판…뉴욕 초호화 레지던스서도 퇴출
279135,위력적인 강풍 부러지며 보행로 덮친 나무
279136,베스트셀러 상위권 면면 거의 변동 없어
279137,문 대통령 허익범 특검과 기념촬영
279138,아힘 프라이어 반지 4부작 한국제작 초연 기자회견
279139,공정위 SK에 1년 내 SK증권 주식 전량 팔아라
279140,케네스 배 北 억류 美대학생 웜비어 석방에 노력해야
279141,보유세 개편 앞두고 숨죽인 부동산 시장
279142,투기자본감시센터 론스타 사건 범죄인 인도청구·재수사하라
279143,장대비 서울·부천에 호우경보…곳곳 시간당 40㎜ 이상
279144,튀니지 해상서 난민선 침몰…최소 50명 사망
279145,한전KPS 3분기 영업익 162억원…49.7% 감소
279146,NH투자 두산 밥캣상장이 효자…최선호 지주회사
279147,신간 제국신도의 형성·이성의 진화
279148,與 지도부부터 초선까지 정의화 의장 전방위 압박
279149,시리아 정부군 북서부 반군 마을 점령…15명 사망
279150,어디서든 LoL경기장으로 점프…SKT e스포츠 팬 겨냥 5G서비스
279151,오스테오닉 22일 코스닥 상장
279152,잉글랜드 축구감독 평균 임기 1.16년…벵거는 20여 년 ...
279153,PSG 리옹 자책골 2개로 20 완승…6연승 프랑스리그...
279154,SKTCJ헬로비전 인수합병 둘러싸고 치열한 공방
279155,현대미포조선 2천억원 석유화학제품 운반선 6척 수주종합
279156,청소년과 이야기 나누는 정현백 장관
279157,미국 작년 12월 물가상승률 1.4%로 높아져…개인소비지출은 정체
279158,윤덕여호 알가르베컵 러시아전서 31로 짜릿한 역전승
279159,행안부 국지성 집중호우 대비 관련 영상회의 개최
279160,美 지방정부들 넷플릭스稅 도입 앞다퉈 추진
279161,가짜뉴스 인공지능이 콕 집어낸다…10대 유망기술 선정
279162,호날두 5경기 출전정지 징계 확정…법원도 기각종합
279163,레바논 정부 장관 월급 삭감 등 개혁안 발표…시위대 달래기종합
279164,황교안 누구와도 악연 없어…댓글수사에 부당한 압력 없었다
279165,충북 맑고 더워…미세먼지 나쁨
279166,터키 시리아 탈 아브야드서 차량 폭탄 테러…8명 사망
279167,세월호 희생 아이들 맘편히 놀고 있을 거예요
279168,NH투자 아스트 올해 영업익 30% 성장 전망
279169,독일서 비번인 소방관 10대에 폭행당해 숨져…용의자 2명 체포
279170,MBC기자회 취재진 폭행한 이영훈 교수 언론자유 위협
279171,새누리 김해시의회 의장단 시장후보 빨리 경선하라
279172,유로존 21개국으로 확대…불가리아 이어 크로아티아 가입 신청
279173,트럼프 내 납세내역 상관마라…버티기 작전
279174,KB 박지수 일주일만에 또 트리플더블…하나은행 완파
279175,게시판 그라운드X 블록체인 개발 경연 클레이튼 해커톤 개최
279176,IBK증권 KB손보 실적 개선…업종 최선호주
279177,랜섬웨어 피해 신고 기업 4곳…국내 IP 4천여개 감염
279178,2주간 5경기 수원 서정원 감독 일정이 너무해종합
279179,매년 16%씩 커지는 여행자보험시장…보장·설명의무 강화해야
279180,朴대통령 경제는 정치공방 대상 아니다…속도감있게 추경추진
279181,시리아 반군 정부군 전투기 격추…조종사는 포로로 잡혀종합
279182,우리금융 이사회서 국제자산신탁 인수 결의
279183,원혜영 개헌 靑 기류 달라져…친박 개헌 필요성 역설
279184,행자부유엔 유엔거버넌스센터 확대개편 협정에 서명
279185,악수하는 이인영과 김관영
279186,아마존 벌집 모양의 드론 이착륙 센터 특허 출원
279187,청 김의겸 신임 대변인 내정
279188,게시판 한국거래소 MA 매도기업 설명회
279189,靑 손혜원 前보좌관 문대통령 사저 매입 의혹 대응 가치 없어
279190,마블 부사장 마블 유니버스서 한국인 히어로 더 많아질 것
279191,백남준 알렉산더 대왕 홍콩 경매 출품
279192,SKT 20만원대 폴더형 스마트폰 갤럭시 폴더2 출시
279193,모두 이란이 배후…美·사우디 군사행동 명분 쌓나
279194,NBA 미네소타덴버 정규리그 최종일인 12일서 PO행 ...
279195,中 트럼프 화웨이도 협상 의제 거론에 어떤 의미인지 몰라
279196,류현진 연속타자 홈런 허용하며 5⅔이닝 4실점…패전 위기
279197,달라진 프로배구 OK저축은행 수비 보강에 힘썼어요
279198,두테르테 필리핀 대통령 트럼프 美 대통령 방미 초청 거절
279199,신한금투 삼성전자 이슈로 연말 랠리 기대 낮춰야
279200,아베 오바마에 이어 히로시마서 소감 발표
279201,옐리치 세인트루이스전 대폭발…8홈런에 OPS 2.357
279202,이집트 대통령 사형집행 비판에 유럽은 우리 가르칠 수 없어
279203,KT AI사업 기자간담회
279204,LS니꼬동제련 작년 영업익 1천239억원…41.3%↓종합
279205,SKT·정보통신기술協 IoT 전용망 기술 표준화 추진
279206,천은사 입장료 폐지 환영하는 김영록 전남지사
279207,음식에서 시작된 삶의 먹먹한 이야기들…소설집 파인 다이닝
279208,사우디 홍해상 폭발 이란 유조선 조력 시도…이란은 부인종합
279209,주말 N 여행 강원권 머슴 떡 먹고 장도 보고…머슴축제 아시나요
279210,신한금투 대원 베트남 사업 준비 순항…목표가↑
279211,이야기하는 이인영과 이원욱
279212,한 자리에 모인 독일 동포 2세들
279213,호화생활 중국인 유학생 캐나다에서 괴한에 납치돼
279214,한경연 저출산 해법 소득에 따른 차등 보육지원 필요
279215,의약품에 방사성동위원소 붙이면 식도암 치료 효과↑
279216,아시안게임 금메달 책임지고 날개 단 이승우·황희찬...
279217,후반 추가시간 2골…광주 대전에 21 역전승
279218,이낙연 총리 박천규 환경부 차관에게 임명장
279219,유엔 시리아 북서부 반군지역서 100일간 민간인 500여명 사망
279220,게시판 코엑스서 1315일 대학입학정보박람회 진행
279221,SK텔레콤 아이폰7·아이폰7플러스 레드 판매
279222,대신증권 한국콜마 CJ헬스케어 인수로 시너지…투자의견↑
279223,홍남기 우리경제 어려운 상황…2분기·하반기에 더 나아질 것속보
279224,朴대통령 미세먼지 특단대책…마스크쓴 국민에 제가슴도 답답
279225,브라질 프로축구 1부 리그도 비디오 판독 도입
279226,美 제재 유예 불허에 한이란 원화결제계좌도 존폐 위기
279227,KEB하나은행율촌 업무협약 체결
279228,작년 EU 망명신청자 58만명…난민위기 이전 수준으로 감소
279229,北통신 리용호 ARF 참석 출발 보도…싱가포르·이란 공식방문
279230,삼성디스플레이 사장 교체…권오현 부회장이 겸직종합2보
279231,주택금융공사 부사장에 김민호 전 한은 부총재보
279232,사우디 국무장관 베이조스 불륜 보도와 우린 무관
279233,농식품부 직원들과 사진찍는 문 대통령
279234,日지자체장 갓 스물 여성들에 출산장려 메시지 논란
279235,남중국해 영유권 중국 입장 지지 국가는 주로 아프리카 국가
279236,LG V50S 씽큐 11일 출시…전작 흥행 잇는다
279237,남북통일농구대회에 北리선권·최휘 참석…김정은은 아직종합
279238,데얀 멀티골 수원 AFC 챔스리그 개막전서 시드니 제압
279239,헝가리 축구장 500개 크기 청정에너지 마을 조성
279240,프랑스 남부 공장지대서 2차대전 미군 불발탄 발견…해체작업
279241,北 올해 국가예산지출 5.6% 증액…국방비 15.8% 차지종합
279242,소말리아서 출근길 폭탄 테러…사망자 100명 육박종합2보
279243,문 대통령 이승엽 선수 등 각계인사 13명과 신년 통화
279244,케리 미 국무 우크라 동부지역 주민 위해 260억원 추가 지원
279245,네타냐후 연임은 이스라엘과 중동평화에 재앙
279246,공감격차가 노동자들의 고통을 보이지 않게 한다
279247,그래픽 새 장·차관급 내정자 프로필
279248,그래픽 버스·지하철서 휴대전화 얼마나 사용하나
279249,영상과 조명으로 승부한 감각적 무대 돈 조반니
279250,美연준 금리인하·위안화 강세에…원달러 환율 1163원대 마감
279251,정몽준 CAS 결정으로 FIFA 자격정지 징계 해제
279252,韓 자선단체가 식료품 나눠준 캄보디아 학교서 140명 식중독
279253,그래픽 서울 마지막 달동네 백사마을 재개발 다시 추진
279254,한국IDC 작년 한국 소프트웨어 시장규모 4조원 첫 돌파
279255,평창올림픽 응원하러 KT 라이브사이트로
279256,황총리 부담·규제 최소화해 창의·도전적 연구환경 조성
279257,올림픽 날씨 쇼트트랙 女1500m·男1000m 결승…강릉 9∼3도
279258,5·18 39주년 민주기사의 날 개최…차량시위 재현
279259,베트남서 사상 첫 광복절 기념행사 개최
279260,문 대통령 이제 시작일뿐… 판문점선언 이행 가속종합
279261,스승의 은혜에 보답하는 삼행시
279262,베스트셀러 日 여행책 인기 뚝
279263,北 아프리카서 담배농사 외화벌이 RFA
279264,게시판 신문윤리위 충청·전라지역 신문 윤리교육 세미나
279265,WK리그 1강 현대제철 개막전서 한수원과 무승부종합
279266,유럽은 30대 정치인 시대…변화 목마른 젊은이들 몰표
279267,한국 노린 랜섬웨어 기승…지난해 피해 신고 4배↑
279268,브라질 파라과이 격파…월드컵 남미예선 선두 질주
279269,朴대통령 내일 출국…與지도부 일정상 배웅행사 불참종합
279270,한국당 박찬주 영입 배제 가닥…영입 강행 분위기 아니다종합2보
279271,유엔 사무총장 수도 진격 리비아 군벌 사령관 면담
279272,LGU 신규 U사장님패키지 출시…에스원 보안서비스 결합
279273,에스에프에이 617억원 규모 디스플레이 장비 공급계약
279274,우산 챙기세요…전국 구름 많고 소나기
279275,중국의 선택 한미일 협력에 中 유화적 대북정책 반작용 우려
279276,DB 이상범 감독 윌리엄스 합류 제공권에 큰 도움 됐다
279277,유엔 중소기업의 날 행사서 K뷰티 열풍 조명
279278,그래픽 모바일 광고 보는 비용 연간 16만원
279279,탬파베이 최지만 시범경기 1호 홈런 폭발…타율 0.333
279280,제5차 국토종합계획 대전·세종·충청권 공청회
279281,손학규 한국당 전대 反민주…황교안 극우 입맛 맞는 발언
279282,선수가 인정한 모범선수 이영하 당연한 일 했을 뿐인데
279283,최지만 5타수 1안타…탬파베이는 연장 13회 10 승리
279284,사이언스 전문가들 북 수소탄 실험에 회의적
279285,박찬경 26일부터 국립현대미술관 개인전 모임
279286,WHO 시리아 북동부 캠프서 두달간 어린이들 29명 동사
279287,장하성 주중대사 베이징 외교가 데뷔
279288,평양정상회담 평화와 번영
279289,바이오 인공장기 기술 파급효과 시민이 평가한다
279290,與 집권 3년차 징크스 전조일까…탈원전·입당불허 파열음
279291,인터넷 잘 되는 지역은 통신 커버리지 맵 공개
279292,강정호 대수비 출전해 삼진…전반기 타율 0.170
279293,아베 참의원 선거 이겨야…개헌 발판만들기 연일 의욕
279294,국민 71.7% 공영방송 이사 정당 아닌 국민이 추천해야
279295,조응천 朴대통령 추석선물 못받은 사연은
279296,CJ EM 다이아티비 창작지원 시스템 에코넥션 개발
279297,전국 맑고 밤부터 구름…큰 일교차 주의
279298,에르도안 시리아 북부서 평화의 샘 작전 개시
279299,코리아둘레길 민간추진협의회 25일 출범식
279300,한UAE 전면·포괄적 관계 격상…文대통령 이른시일내 UAE 방문종합2보
279301,국기에 경례하는 안철수
279302,한컴 갤럭시S9 북미 제품에 한컴오피스 탑재
279303,평창 폭설에 눈 치우는 시민들
279304,나경원 檢 수사 핵심 빠져…조국 본인 압수수색 없어
279305,유엔의 북한 농업총조사 北 거부로 무산될 듯
279306,아시안게임 박항서 매직 맞서는 김학범호 황의조 원...
279307,인기 웹툰 신과함께 게임으로 만난다…사전 예약받아
279308,미 인권보고서 골란고원 이스라엘 점령 표현 삭제
279309,그래픽 문대통령 국정지지도 58%…취임 후 첫 60%밑 최저치리얼미터
279310,네이버 밴드·카페 담당 조직 사내 독립기업 된다
279311,이대은 계약금 0원… kt 2019년 신인 계약 완료
279312,T전화 가입자 1천만 돌파…엄마 치킨 검색 많아
279313,그래픽 외국인 증권투자자금 규모
279314,아스널팬들 벵거 감독 퇴진 운동에 광고 트럭 동원
279315,괌서 성폭행 혐의 상무 축구선수 현지 법원서 귀국 허가
279316,MLB 컵스휴스턴전서 파울볼 어린이 강타…안전 논란 재점화
279317,우리은행 뱅크샐러드와 데이터경제 활성화 협약 체결
279318,미디어에 뿔난 트럼프 대선 후 트럼프 TV 설립 추진
279319,부산항만공사 일본서 배후단지 투자유치 마케팅
279320,이란 국방 혁명수비대 유조선 공격설은 새빨간 거짓
279321,꿀잼여행 제주권 드라마·영화 속 스타들 다녀간 그곳으로 봄나들이
279322,2018 자랑스러운 한양언론인상 수상자 4명 선정
279323,朴대통령 한미일 대북압박 강화…北도발시 더 강력제재종합
279324,자영업자 경영컨설팅 연계 지원 체계 구축 관련 MOU 체결
279325,위클리 스마트 연말연시 공짜폰 봇물…혜택 꼼꼼히 따져야
279326,포체티노 감독 해리 케인 부상…손흥민 쓰겠다
279327,스위스 최근 3년간 테러 용의자 331명 입국 금지
279328,대신증권 4분기 실적부담 제한적…비중확대 기회로
279329,월마트 직원들 총기판매 규제 요구하며 동맹파업 조짐
279330,태국 차기 총리 5일 선출…쁘라윳 총리 재집권 유력
279331,날씨 내일 기온 더 올라…늦은 오후부터 중부 비나 눈18일
279332,갤럭시S9 이달 28일 국내 예약판매 시작…가격은 미정
279333,프로축구 수원 서정원 감독 16강 가는 길에 방심은 없다
279334,100년 된 2·8독립선언 한일 젊은이 반성·화해 계기 되길
279335,여자농구 하나은행 6연패 탈출…KDB생명은 14연패
279336,예멘 내전 비판 속 사우디·UAE 수조원대 무기 계약
279337,무차입 공매도 골드만삭스에 과태료 75억원…사상최대
279338,산학연 뭉쳐 연구성과 사업화 추진…미래부 협력체계 구축
279339,신산업분야 先허용後규제 행정규제기본법 모레부터 시행
279340,프로농구 SK 삼성 꺾고 하루 만에 공동 3위종합
279341,서울대 총장 선출 사상 첫 학생 참여…학생복지 공약 대방출
279342,SKT비스텔 메타트론 그랜드뷰 출시
279343,왕웨이중 6이닝 6피안타 4실점…NC 5연패 위기
279344,배를 포기한 선장 김호철 감독 1년 자격정지 의미는
279345,트럼프 터키·쿠르드 아이에 비유…싸우게 했다가 말렸다
279346,하남 음식점 화재로 2층 건물 전소…인명피해 없어
279347,유엔 남수단에서 작년 평화협정 이후 교전 급감
279348,가을 향기로 두근거리는 울산여행…관광객 초대
279349,10번째 개인전 씨킴 변했단 얘기 듣는다…예술의 불로소득
279350,우리시대 여전히 유효한 그시대의 비정상들…내가 사랑한 캔디
279351,강정호 경쟁자 모란 보스턴전 2타수 1안타
279352,내년 주목할 ICT 기술 1위 인공지능…2위는 자율주행
279353,전쟁과 가난 속에서도 무형유산 계승한 인간문화재 이야기
279354,제주도 산지 대설주의보 해제…한라산 윗세오름 17㎝
279355,배구연맹 경기구 촌극 심판진에 23경기 출장정지 징계
279356,임종석 일자리 상황 매우 엄중…양과 질 개선 대책에 전력
279357,우병우 최순실 몰라…최순실 게이트 관련설 전면 부인
279358,아시안게임 김학범호 인도네시아 도착 금빛 사냥 출발
279359,SNS돋보기 통영 바다서 낚싯배 좌초…조심 또 조심
279360,한국 선수단 환영 합니다
279361,박항서 매직 베트남 진출 은행도 화색…고객 늘고 호감도↑
279362,KBO 초록우산 어린이재단과 손잡고 무연고 아동 지원
279363,원내대책회의 참석하는 이인영
279364,특징주 한국전력 이틀째 사상 최고가 행진
279365,제주 4·3 70주년 기리는 시집·그림책들종합
279366,다저스 NL 시즌 홈런 신기록…류현진 걱정은 커져
279367,토마스 트리플더블…삼성생명 국민은행 12연승 막고 시즌 마감
279368,150살 일러스트까지…이상한 나라의 앨리스 초판본 한자리에
279369,전국 찬바람에 반짝 추위…마른 날씨 이어져 산불 조심
279370,헝가리 철의 장막 붕괴 후 30년만에 첫 총파업 사태 맞나
279371,울산 곳곳 대보름 행사…달 보기는 어려울 듯
279372,이번엔 월드컵…지상파 화려한 해설진으로 경쟁
279373,랜섬웨어 국내 피해 접수 5건…안심하기는 일러
279374,프로농구 SK FIBA 아시아 챔피언스컵 출전
279375,돈 잘버는 아마존 밋밋한 매출에도 최대 순익
279376,이집트 카이로에서 한국음식 홍보행사 열려
279377,마산 저도 연륙교 바다 위를 걷는다…관광객 10만명 돌파
279378,셧다운에 뚫린 美공항…총기 소지자가 국제선 여객기 탑승
279379,통합 MVP 이재영 최고의 선수 되려면 더 배워야 해...
279380,靑 김위원장 문대통령에 백두산 방문 제안…文 수용속보
279381,이통시장 태풍의 눈 단말 자급제 수면 위로…업계 예의주시
279382,패스트트랙 수사 검찰 국회 운영위 등 압색
279383,3대3농구연맹 리그 참가 구단 모집
279384,펄펄 끓은 찜통 입추…전국 계곡·바다에 피서 인파
279385,홍콩시위 장기화에 관광객 급감…새해맞이 불꽃놀이 취소
279386,中 상하이 인구쇼크…4년뒤 피부양 인구가 더 많아져
279387,황총리 동북3성 잠재력 보유…미래지향적 경제협력 선도
279388,황총리 국가안보는 생존의 문제…호국보훈 안보행보
279389,코스피 기관 매수에 2220대 진입…넉달여 만의 최고2보
279390,프로배구 거포 가빈 입국…아가메즈 등과 대결 자신 있다
279391,동장군 물러난 포근한 일요일…미세먼지 주의
279392,멕시코 새 대통령 재산신고…연봉 7천306만원…부동산 없어
279393,지구촌 레저축제 D16 춘천레저대회 어떻게 열리나
279394,춘천 남이섬서 중국 광동성의 날…21일부터 10일간
279395,대전에도 강제징용 노동자상 건립
279396,청와대 경호차장 파견 부사관 성희롱사건 다시 한 번 송구
279397,안랩 MDS 미국 국가정보보증협회 인증 획득
279398,게시판 SK텔레콤 폭설 제주공항에 무료 충전소 설치
279399,심상치않은 이라크…곳곳서 반정부 시위로 사상자 속출종합
279400,강정호 4타수 1안타…그레인키 3루타 폭발
279401,카카오 이모티콘 6주년…총 구매자 1천700만명 넘어
279402,김종문 NC 단장 양의지는 압도적인 선수
279403,댐 붕괴 브라질 광산서 이틀 만에 또 붕괴 경보
279404,LS LS오토모티브 사업 등 KKR 측에 양도종합
279405,대정부질문 마지막날…미르·K스포츠 경주강진 도마
279406,중국 일대일로 세 키웠지만…부채의 덫 비판은 숙제
279407,잘 치던 추신수 휴식…텍사스 시애틀 꺾고 3연승
279408,신간 일의 기본
279409,北 금연연구보급기지 설립…금연운동 본격화하나
279410,KT 국내 최초 4K 무선 VR 서비스 KT 슈퍼VR 출시
279411,또 불법보조금…갤럭시S9 일부 매장서 49만원
279412,아힘 프라이어 반지 4부작 한국제작 초연
279413,검찰 몰카사범 엄단…촬영물 속 피해자 식별되면 구속
279414,한국인 여행객 작년 노르웨이 숙박일수 증가율 1위
279415,총선 D100…천정배 박주선 박준영 호남 신당 속도낸다
279416,환경론자가 된 철학자 한병철 땅을 보호하는 것은 의무
279417,北 핵무기 소형화·ICBM 능력 어떻게 입증할까종합
279418,그리스 에비아섬 대형산불로 비상…휴가 간 총리도 급히 복귀
279419,람보 슈터 문경은 감독 이상민 감독과 3점슛 대결 완승
279420,美법원 동성결혼반대 정치인에 협박메시지 남긴건 유죄
279421,대북제재 국면서 北해외식당 종업원 13명 집단 탈출해 입국종합3보
279422,伊중앙은행 총재 재정지출 확대 경제 문제 해결책 아냐
279423,게시판 카카오 김비서가 왜 그럴까 방영 이벤트
279424,남북 정상 회담 당일 평화·번영 기원 공동식수
279425,넥센 샌즈 개인 첫 KBO리그 연타석 홈런
279426,印 모디 30일 집권 2기 총리 취임…파키스탄 총리 초청 제외
279427,8의 기적 대한항공 삼성화재 꺾고 2년 연속 챔프전 진출
279428,같은날 맞붙는 갤노트8·V30…9월 21일 공식출시 확정
279429,거국중립내각·책임총리로 간다면…총리감 누가 거론되나종합
279430,北 한미훈련에 연일 비난전…공공연한 선전포고
279431,최근 5년 방송광고 법규위반 668건…과태료 70억원
279432,네이버 작년 4분기 영업익 2천133억원…전년 대비 26.7%↓
279433,김종인 선거구호 잊으면 안돼…집권 경제플랜 제대로 짜야
279434,인스타그램 국내에도 쇼핑 기능 도입
279435,한은 별관신축 기술협의 완료…2022년 완공 목표
279436,靑 특별감찰반이 지방정부·의회 직접 감찰할 계획 없다
279437,러 우랄 아파트 붕괴사고 현장서 11개월 아이 기적적 구조종합
279438,美수사당국 3년전 텍사스 비료공장 폭발 의도적 방화의 결과
279439,제25회 대산문학상에 시인 서효인·소설가 손보미
279440,은성수 조선 기자재 업체 적극 지원…경쟁력 제고 돕겠다
279441,안보리 제재 中 광물수입 제한 초강경 카드 받은 이유는
279442,남북정상회담 준비 첫 출발
279443,정부 북한 중거리 탄도미사일 발사 강력 규탄
279444,맥주 먼저 와인 먼저…숙취 줄이는 음주 순서는
279445,러 스캔들 연루 前트럼프캠프 고문 하원 보궐선거 도전
279446,신간 투명에 대하여 외·숨·손가락이 간질간질
279447,朴대통령 자유무역 과실이 보다 많은 사람에게 돌아가야
279448,금감원 이르면 3월 종합검사 착수…첫 타깃 삼성생명 유력
279449,北 사이버 공작 대비 사이버계엄령 발동 근거 필요
279450,법정 향하는 양승태 전 대법원장
279451,여야 운영위서 강원랜드 채용비리 수사 놓고 공방
279452,카메라뉴스 야경 8경에 탄성이 절로…단양 가을 관광 인기
279453,남자배구 구단들 올림픽 준비 국가대표팀 조기 소집에 난색
279454,자막영상 주말까지 많은 비…남부 최고 150㎜ 이상
279455,영국 장애·비장애 통합극단 하이징스 대표 초청 강연
279456,게시판 하나투어 18일부터 3주간 겨울 여행박람회
279457,민주 국회혁신특별위원회 설치…위원장에 박주민
279458,미시시피 버닝 범인 단죄한 미국 판사 84세로 별세
279459,부산 사하을 새누리당원 조경태 입당은 당원 농락행위
279460,SI 전문가 7명 중 4명 다저스 WS 우승 전망
279461,브라질 프로축구 경기장서 관중 난동…4명 총격 사상
279462,현대캐피탈 파다르 5세트 맹폭에 OK저축은행 5연패 수렁
279463,여자프로농구 WKBL 위탁운영팀 네이밍 스폰서에 OK저축은행
279464,아트바젤 홍콩 닷새간 8만8천명 다녀가…역대 최다
279465,크리스토퍼 힐 트럼프 행정부 매우 강력한 대북정책 취할 것
279466,朴대통령 사드로 자다가도 벌떡…선영있는 성주는 아끼는 곳
279467,신간 인도 4차 산업혁명 세계를 움직이다
279468,제16회 태화강 국제마라톤대회 개막
279469,홍용표 어느 때보다 굳은 의지로 北변화 압박해야
279470,누리호 엔진시험발사체 부품 이상 발견…25일 발사 연기종합
279471,MLB 홈런 선두 알론소 시즌 49호 대포 쾅
279472,게시판인터넷신문위원회 사이버커뮤니케이션학회와 업무협약
279473,인판티노 FIFA 비판에 가짜 뉴스·FIFA 때리기
279474,MWC 2018 화웨이 메이트북X프로·미디어패드 M5 발표
279475,아시안게임 손화연 해트트릭…여자축구 몰디브 대파하고 ...
279476,판도라TV 미디어브릿지와 동영상 제작 협력 협약
279477,공지영 맞고 있는 여자 구하려 한 행동…후회 없어종합
279478,세 가지 색상의 갤럭시S8
279479,강정호 3타수 무안타 1타점…MLB 시범경기 타율 0.179
279480,쇼트트랙 헬멧 쓴 문 대통령
279481,귀순 北 태영호 55세 베테랑 외교관…금수저출신 서유럽통종합
279482,트럼프가 찾은 뜻밖의 파트너…척 슈머 민주당 상원 원내대표
279483,청명한 가을 하늘…제주·강원영동 오후에 약한 비
279484,폭탄테러로 흑인소녀 4명 죽인 78세 KKK 전 단원에 가석방 불허
279485,SNS돋보기 구글 지도반출 요청 추가 심의…돈보다 안보가 우선
279486,특징주 인사 잡음 신한지주 52주 신저가종합
279487,삼성 23일 갤노트10 70개국 출시…9월 130개국으로 확대
279488,갤노트8 사전예약 20여개국서 일제 시작…64GB 100만원 넘어
279489,충남소식 예산군 CCTV 통합관제센터 개소
279490,남북정상 오후 3시30분부터 첫회담…같은 차로 함께 이동하기도종합
279491,개방형 토종 클라우드 플랫폼 파스타 2.0 공개
279492,국정원 러시아 단계적 核폐기 북한 입장 이해
279493,국제유가 산유국 정정불안 속 강세…WTI 0.5%↑
279494,톤즈를 웃게 한 사람…동료 신부가 기록한 이태석 신부
279495,연합뉴스TV 3·1운동 100주년 특집 다큐 방송
279496,장맛비에도 충북 유명산·유원지 피서객 북적
279497,문대통령 靑 벙커 방문…북측의 GP철수 검증 실시간영상 시청종합
279498,문대통령 한미동맹이 北 대화로 이끌어…남북·북미 함께 발전
279499,스리랑카 싱가포르·오만서 4조4천억 정유시설 투자 유치
279500,유럽 증시 美 금리인상 먹구름에 하락 출발
279501,경기광주시 도시계획조례 개정 반대 집회
279502,LG G6 삼성 갤S8 제치고 바이럴 영상 1위종합
279503,LG전자 V40로 담은 페루 여행영상 100만뷰 돌파
279504,소수이사 목소리 억압 KBS 이사회운영규정 철회
279505,월드컵 한국 01 멕시코전반 26분 PK 벨라
279506,北매체 이명박 전 대통령 구속 보도
279507,2ｍ 거포 디우프·햄슨 잡아라…8명은 트라이아웃 불참
279508,주말 갤노트8 시장과열…방통위 1개 이통사에 구두경고
279509,꿈의 소재 고품질 대면적 그래핀 더 쉽게 만든다
279510,한미 공군 특수부대 적지침투훈련…대북 군사적 경고
279511,그래픽 20162017 UEFA 챔피언스리그 결승 대진
279512,美무인기 격추 이란 부대 사령관 미국 감히 침략 못해
279513,공자와 소크라테스가 함께 전하는 삶의 지혜
279514,슈퍼스타 에드 시런 내년 4월 내한공연
279515,호텔롯데 MA·롯데케미칼 비자금 정조준…증거가 관건종합
279516,정부 조선업 구조조정자금 조달방안 내일 발표종합
279517,선우예권 글로벌 매니지먼트사 키노트와 전속계약
279518,특검 최순실 국정농단 김종 前차관 사흘 연속 소환종합
279519,호날두 퇴장조치 후 심판과 신체적 접촉 논란
279520,KBS공영노조 직원메일 불법열람 vs KBS 사실무근
279521,4강 진출 추승균 감독 SK 헤인즈 있을 때가 더 까다로워
279522,삼성전자SBS 차세대 지상파 UHD 실험 방송 성공
279523,구시대 표준 공식 깨뜨린 무명들의 성공 방식
279524,중국서 구류됐던 주홍콩 英총영사관 직원 석방돼
279525,프로배구 현대캐피탈 OK저축은행에 30 완승…1위 탈환
279526,한은 음식숙박 등 서비스소비 경기보단 구조·정책 영향 커
279527,김주성 선수 시절 팬들께 퍼포먼스 못 보여드린 게 아쉬워요
279528,태권도 시범공연 관람하는 평양시민
279529,전남도KBS광주 재난정보 신속 제공 협약
279530,LG유플러스 데이터 2배 무약정 프로그램 출시
279531,월드컵 김영권의 다짐 새로 생긴 목표…욕먹지 말자
279532,北 평양공항에 정비단지 조성…전투기 정비도
279533,방심위 네이버·구글 등에 성범죄정보 규제 참여 요청
279534,1천500년 전 고대 마한 가족 재탄생…홀로그램 기술로 복원
279535,NC 출신 테임즈 SK 출신 켈리 상대로 18호 홈런
279536,손흥민·황의조·황희찬 벤투호 우루과이전 공격 선봉
279537,이란 최고지도자 핵폭탄 만들 수 있지만 종교적으로 금지
279538,朴대통령 서산 버드랜드 찾아 관광산업 육성 당부
279539,김정남 살해 베트남 여성 촬영제안 남성 金을 배우로 설명
279540,구글 검색알고리즘 책임자에 인공지능 전문가 지명
279541,北 태영호는 범죄자…南 반공화국 선전 주장2보
279542,구자철·이근호 북아일랜드전 결장할 듯…최종훈련 불참
279543,실리콘밸리 엔젤투자 90%는 실패 그래도 계속한다
279544,베를루스코니 전 이탈리아 총리 신장 질환으로 병원 이송
279545,北 조평통도 남북군사회담 촉구…포괄협의 가능종합
279546,유엔 헝가리에 국경지대 난민 학대 조사 촉구
279547,신흥 물류시장 개척…현대글로비스 해외조사단 파견
279548,갤S8 무약정폰 국내 103만원 vs 미국 보상판매가 53만원
279549,KT·SKT 5G 통신 국제 표준 규격 개발 주도종합
279550,언제 끝날지 모르는 지옥…군함도에 끌려간 조선인들
279551,찜통더위 절정 대전·충남·세종 전역 폭염경보
279552,신태용호 통쾌한 반란 꿈꾸며 월드컵 향해 출항종합
279553,청문대전 예열모드 돌입…與 정책 검증 vs 野 조국에 화력
279554,국감현장 여야 과학기술 출연연 방만 운영 한목소리 질타종합
279555,인스타그램 계정 해킹당해도 재빨리 복구할 수 있다
279556,K리그 4룡 올해 아시아 챔피언스리그서 명예회복 나선다
279557,더민주 靑 朴대통령 생일 축하난 사양…유감
279558,전세계 TV 5대중 2대 48인치 이상 중대형
279559,주택시장 꺾이니 아파트 경매 열기도 주춤
279560,삼성전자 KBIS 2018서 셰프컬렉션 선보여
279561,아시안게임 첫 경기부터 막강 존재감 라틀리프 우리...
279562,프로야구전망대 가을야구 갈림길에 선 KIA 운명의 1주일
279563,수단 시위대에 판사들까지 가세…문민정부 구성 지지
279564,숨진 수사관 휴대폰 놓고 검·경 대치…警 돌려달라 압수영장종합
279565,전월세 보증금 등 금융기관 보관…안심거래 상품 나온다
279566,강정호 3타수 무안타 침묵…시범경기 타율 0.300
279567,게시판 다방 LH 행복주택 입주자 모집 정보 제공
279568,교황청 프란치스코 교황푸틴 내달 4일 바티칸서 면담
279569,뉴욕에서 北정보통제 고발…정보유입을 가장 큰 범죄로 다뤄
279570,KT 5G 무선백홀 기술 개발…기업회선 서비스 중단없이 제공
279571,서해 기상악화…인천∼백령 등 8개 항로 여객선 통제
279572,KBL 공식 웹사이트 및 애플리케이션 새 단장
279573,CGV영등포에 만화카페 오픈
279574,한국전 참전 미군 유해 실종 65년 만에 고향 뉴욕으로 송환
279575,기성용 대표팀 은퇴 여전히 고려…아시안컵까지는 함께
279576,오리온 지난달 중국 법인 영업익 245% 성장
279577,LG전자 겨울 여행객에 V30 알리기…청량리역에 체험존
279578,글로벌 비즈니스 지원센터 개소…스타트업 해외진출 돕는다
279579,프로농구전망대 헤인즈 이번 주에는 복귀…윌리엄스는 DB로
279580,이마트24 모바일 앱 개편…고객 편의 강화
279581,中해커 군사용 해양기술 빼내려 세계 27개 대학 사이버공격
279582,최양희 미래장관 유령 연구소기업 실태 살펴볼 것
279583,한국당 정무위원들 보훈처 손혜원 부친 자료 미제출 시 고발종합
279584,공학한림원 신임 정회원 28명 선정
279585,한투증권 웹보드게임 규제 유지…NHN엔터 목표가↓
279586,공공도서관서 가장 많이 빌린 직장 관련 도서는
279587,평양정상회담 가까이 더 가까이 남북정상 이틀 내내 밀착 행보
279588,유엔 대북수해지원금 추가 편성…총액 48억원
279589,평화 워크숍서 당 진로 두고 난상토론…통합 논의 화두로
279590,메시 개인전세기 타고 일본 방문…특별대우
279591,예탁원 엔화·유로화·日국채도 적격담보 인정
279592,與 결말의 때 왔다…본회의 강행태세속 한국당에 협상여지
279593,이야기꾼 편혜영의 새 소설집 소년이로
279594,KT엠모바일 3G 스카이 폴더폰 출시…13만2천원
279595,SK 이웃사랑 성금 사회복지공동모금회에 기부
279596,일자리 10곳 중 3곳 자동화 대체 가능성 70% 넘어
279597,남북 DMZ 내 GP 각각 11개 시범철수속보
279598,대북 관련 기업 대상 사이버 공격 발생
279599,교수·전문직 등 800명 통일교육위원 위촉
279600,게시판 서울시 어린이 야구교실 내달 8일 개강
279601,최적 촬영 추천에 쇼핑 도우미까지…LG V30 똑똑해진다종합
279602,모리뉴 감독 이적시장 통제안돼…오래 못 갈 것
279603,게시판 미래부 헝가리·슬로바키아와 과학기술 협력 추진
279604,한국여자배구 아시아선수권 8강…올림픽 대륙 예선 출전권 ...
279605,이해진 8월 공정위 방문은 실무미팅…내가 참석했을뿐
279606,현대차 i30 N 라인 시승 이벤트 마련
279607,다저스 로버츠 감독 선발 로테이션 결정…공개하진 않겠다
279608,트럼프 새 모자 멕시코도 다시 위대하게에 누리꾼 풍자 만발
279609,13년 3억3천만 달러 하퍼 필라델피아 내가 뿌리 ...
279610,가을야구 윤곽 드러나는 KBO리그 결국 용병하기 나름
279611,해외미디어 日일간지 IT기업과 AI 활용 기사 요약 SW 개발
279612,세계기자대회 참가자 광주 5·18민주묘지 방문
279613,반도체 소재·부품·장비 핵심기술지정…글로벌업체 육성해야
279614,오바마 트럼프 대통령 안될것…리얼리티쇼 아냐종합
279615,추신수 2타수 무안타 1볼넷 1타점…오승환 결장종합
279616,손흥민 토트넘을 구했다…외신들도 특급 칭찬
279617,웅진에너지 98억원 규모 유상증자 결정
279618,청와대 양제츠 방한 발표
279619,따뜻한 봄 날씨…충북 곳곳 상춘객 북적거려
279620,FC바르셀로나 역사상 최고는 메시… 발롱도르 호날두에 ...
279621,신중국70년 ④한반도 차이나 리스크…입김 세진 중국
279622,北 33년만에 민주여성동맹 대회 11월 중순 개최
279623,소프트뱅크 요미우리 누르고 일본시리즈 3년 연속 제패
279624,임종석 세계여성의 날 맞아 靑 여직원들에게 장미 선물
279625,그래픽 2019년 추경 여야 잠정 확정안
279626,장병완 선거제 개혁 골든타임…판문점선언 비준해야
279627,월드컵 장도 오르는 신태용 감독 16강 이상 오르겠다
279628,英 전 재무장관의 경고 노 딜 브렉시트는 국민투표결과 배반
279629,5번째 만나는 김정은·시진핑 평양서 대미 공조 논의
279630,경기북부 낮에도 영하권…빙판길 조심하세요
279631,美 사드 주한미군 배치 최대한 빨리 이뤄져야2보
279632,FIFA 베스트11 후보 55명 공개…레알 마드리드 12명 배출
279633,올림픽 김정숙 여사 평창올림픽 성공 기원을 위해
279634,바사리 르네상스 미술가 평전 복간본 완간
279635,소설 국수 6권 낸 김성동 기가 막힌 역사 썼다
279636,삼성전자 스마트폰 3분기 국내 점유율 71%…2위는 LG
279637,프로축구 서울부산 승강 P0서 1부 잔류승격 대결
279638,특검보고서 공개 갈등 트럼프내들러 80년대부터 오랜 악연
279639,카카오 몰테일·팟빵 등 운영 코리아센터 인수 추진
279640,사이테크 플러스 자성물질 없이 구동되는 스핀트랜지스터 개발
279641,신간 교육사상가 체 게바라
279642,SK텔레콤 5월 갤S8 구매 혜택 풍성
279643,미중 무역갈등 속 멍완저우 화웨이 힘내자 결속 촉구
279644,홍콩 시민들 송환법 반대 시위 정당성 본토인에 알린다
279645,영상 광장 최인훈 작가 암 말기…많이 위중한 상태
279646,문 대통령 지방분권·기본권 확대 개헌은 당연속보
279647,KT 기가지니 교양 서비스 확충
279648,MWC 결산 ② 완성되는 5G 통신…무엇을 담을지 고민
279649,텍사스 추신수 시애틀전서 5타수 2안타…눈부신 주루플레이
279650,삼성전자 전략 스마트폰 갤럭시 S8
279651,사진 정리에서 질병 진단까지…구글 AI 기술 무한 확산
279652,북극서 펼쳐진 美中 힘겨루기…그린란드 신공항 中참여 없던일로
279653,문대통령·김위원장 내일 함께 백두산 방문2보
279654,경찰·도로공사 과태료 체납 및 대포차 일제단속
279655,美 화웨이 제재로 LGU 5G망 구축 차질 빚을까종합
279656,잔액기준 코픽스 6개월 연속 상승…내일부터 변동형 대출 금리↑
279657,전국 흐리고 곳곳에 비…제주도는 모레까지 최대 60mm
279658,4골 헌납 수원 서정원 감독 수비라인 부상 공백 아쉽다
279659,유대교회당 테러현장 찾은 獨대통령 극단주의 폭력에 맞서야
279660,개인사업자대출 연 11% 증가…자영업자 총부채 파악해야
279661,美국무부 터키 자폭테러 용납할 수 없는 악의적 공격
279662,터키 미국이 제재하면 우리 공군기지 못쓰게 할 것
279663,네이버연세대 언어연구교육원 한국어교육 콘텐츠 MOU
279664,한파 오후부터 조금씩 풀려…서울 낮 최고기온 3도
279665,어디로 갔나…北 리설주 7개월째 공개활동 안해
279666,외국계 금융사들과 만난 윤석헌 금감원장
279667,충북경찰 전국동시조합장선거 앞두고 위법행위 집중 단속
279668,한글도메인 점유율 한자릿수로 뚝…이용률은 0.3% 불과
279669,주택도시보증공사 개포주공3단지 분양보증 발급 않기로
279670,프로배구 OK저축은행 최홍석 영입…한국전력과 2대 1 트레이드
279671,EBS 방송 공영성 훼손 논란에 감사 청구
279672,러시아행 좌절 미국축구대표 감독 사퇴 변명할 여지 없다
279673,서울시향 수석객원지휘자로 취임한 마르쿠스 슈텐츠
279674,김현종 통상본부장 신고재산 56억원…10년 새 46억 늘어
279675,日 아베 참의원 선거 통해 강한 신임 받은 것
279676,소프트웨어업계 SW산업진흥법 개정안 조속히 통과돼야
279677,中 식품안전문제 심각…작년 1만명 사망 8천500억원 피해
279678,이매방 춤 저작권 논란…공공재 예술 vs 개인 창작물
279679,국내 여름 휴가지 중 만족도 1위는 제주도
279680,中허난성서 화물열차 탈선해 주택 덮쳐…6명 실종
279681,전문가 北 리수용 김정은 방중 가능성 타진했을 것
279682,한미정상회담 초읽기…문대통령 중재 핵심은 북미에 확신 심기
279683,서울 초미세먼지 민감군주의보…실외활동 자제
279684,이춘재 자백 14건의 살인사건 퍼즐조각이 맞춰졌다
279685,구글의 하드웨어 침공…픽셀폰·AI스피커 등 대공개
279686,포근한 11월 마지막 날…유명산·바닷가 등서 초겨울 정취 만끽
279687,삼성전자 배당 대폭 확대…내년부터 3년간 29조원 배당종합2보
279688,朴대통령 덴마크 총리와 정상회담…협력확대방안 논의
279689,KT 빠르고 안전한 기업전용 LTE 서비스 시작
279690,여야 상임위원장 윤곽…16일 본회의 전 교통정리 완료 예정
279691,폐업위기서 수출로 활로찾은 신발업체…무역의 날 기업인 포상
279692,키이스트 11억원 3자배정 증자 결정
279693,인사청문 2라운드…與 적극 엄호·野 의원불패 없다
279694,삼성 미국서 아이폰 10년 역사 디스하는 광고 내놔
279695,황교안 양과 질 모두 부실한 한미정상회담…내달 방미 추진
279696,고효율 메탄가스 분해촉매 개발…화학산업 원료 혁신 기대
279697,KT 데이터온 출시 1주일만에 가입자 16만명 돌파
279698,한은 성장 흐름 4월 전망경로와 대체로 부합 예상속보
279699,여름·겨울 휴가에만…국내여행 연중 활성화 기류
279700,어린이 동반 호캉스족 맞는 호텔들…키즈테인먼트 봇물
279701,시리아 국경 인근 터키군 탄약고서 연쇄 폭발
279702,北 오늘 최고인민회의…대외관계 대응방향 나올까
279703,美국민 절반 이상 오바마 정권서 흑백갈등 더 심화
279704,친이란 예멘 반군 후티 사우디·UAE 내 민감 시설 타격 위협
279705,이통 3사 5G 선점 기싸움…이달 말 이벤트 추진
279706,무산위기 말레이 일대일로 철도사업 中과 재개 합의종합
279707,A매치 3경기 무득점 폴란드 한국전 실험·승리 모두...
279708,수도권 투기과열지구 2년 거주해야 청약 1순위 자격
279709,라우리·더로전 앞세운 토론토 샌안토니오 제압하고 2연승종합
279710,KCGI 한진칼 경영권 장악 나서나…우호 지분이 관건
279711,여자 아이스하키단일팀 엔트리 35명…北 선수 12명 합류
279712,전북 김민재 한 시즌 최다 베스트 11 기록 넘본다
279713,모바일게임 음양사 출시 3주만에 200만 다운로드
279714,오승환 콜로라도에서 방출…삼성 복귀 거취 관심
279715,국제적십자위원회 北 주택복구 비용 50만 달러 지원
279716,브라질 교도소서 잇따른 폭동…이틀 새 30여명 사망
279717,靑 반기문 대망론에 거리둔 채 북핵·국정챙기기 주력
279718,檢 안종범 포켓수첩 17권·정호성 녹음파일 236개 확보
279719,단독 정부 나진하산 프로젝트도 무기한 보류 방침
279720,美의회 탄핵·대선 의식했나 예산안 통과…셧다운 모면
279721,류중탁 경기력향상위원장 배구대표팀 전임감독 공모하겠다
279722,아베정권 규탄 위해 구 일본대사관 앞 찾은 심상정 대표
279723,유영민 통신공사업체 임금인상·정규직화 필요…업계 난색
279724,한국 단색화 거목을 만나다
279725,美퇴역장교 바닷속 1만928ｍ 잠수 신기록…쓰레기도 발견
279726,北 노동당 초급당위원장대회 월말 평양서 개최
279727,호날두 이적설 부인 내 입으로 팀 떠난다고 한 적 없어
279728,길거리에서 꽃피는 문화예술…청춘마이크 160개 공연팀 공모
279729,카카오의 첫 소셜 임팩트 기업…카카오메이커스 출범
279730,추석 연휴 단양 관광지 북적…56만여명 방문
279731,신간 코리아는 다시 뜬다
279732,페이스북에 벚꽃 사진 올리면 선물 드려요
279733,앞으로 6년간 국내 모바일 트래픽 10배 급증 예상
279734,KT 28GHz 기업전용 5G 네트워크 개발 성공
279735,오늘의 투자전략 글로벌 증시 위험자산 선호 강화
279736,울산해경 장생포서 침몰 위험 선박 안전조치
279737,금감원 보험 국제기준 워크숍…감독체계 개편안 소개
279738,서울스프링실내악축제·롯데콘서트홀 요가 클래스
279739,朴대통령 北 외화벌이 근로자 이탈로 어려움 못견디는 상황
279740,이낙연 총리 김종석 기상청장에게 임명장
279741,기조연설하는 김윤 SKT AI센터장
279742,박지원 국회법 20대 국회 재의…3당 공조해 모든 대응
279743,벤투호 승선 이진현 31라운드 MVP 겹경사
279744,KT·SKT 와이브로 서비스 이달 종료
279745,네이버 도미노피자 챗봇으로 간편하게 주문하세요
279746,한국당 차 떼고 포 뗀 한미연합훈련…우려가 현실로
279747,캠코 수협중앙회와 부실채권 인수를 위한 업무협약 체결
279748,정론관 들어서는 김기현 전 울산시장
279749,伊 총리 토리노∼리옹 고속열차 건설 지지…오성운동 타격
279750,與 연찬회 반성·혁신 외치며 계파청산 선언종합
279751,터키 에게해서 조난한 난민 보트 구조
279752,가족 아니라 범죄자들 고발하는 성폭력 생존기 코끼리 가면
279753,유럽 무대 한국 축구사 새로 쓴 손흥민의 20162017시즌
279754,또렷한 LTE 통화 세계 진출 첫 걸음
279755,산케이 문희상 의장 일본에 특사 파견 의향 전해
279756,與 황교안 단식 명분 없어…패스트트랙 법안 통과 진력 다짐종합
279757,강원 8개 시군 강풍주의보 11시 해제…산불 조심
279758,4차 산업시대 농업이 희망이고 대안입니다
279759,김경수 필요시 특검 응하겠다 입장에도 靑 고려하지 않아종합
279760,이스라엘 팔레스타인 가자지구 어업구역 확대
279761,마치 인양을 예견한 듯…세월호 3주기 추모 전시 잇달아
279762,호텔도 추석 선물세트 판매…전통장류·호텔용품까지 다양
279763,게시판 딜라이브 부산에 OTT박스 전문매장 오픈
279764,美 와인·치즈 등 9조원 규모 EU 제품에 보복관세 부과종합
279765,브뤼셀서 압데슬람 체포 후 IS 보복 나섰나…아랍어 외침
279766,국내 연구진 폐섬유 이용해 전극소재용 탄소직물 제작
279767,요르단 국경 재개방 이후 시리아 난민 15만3천명 귀국
279768,펠리페 23점 우리카드 외국인 선수 빠진 삼성화재 완파
279769,추경 4천654억원 사업 변경…출연·출자 삭감 교육·의료 증액
279770,카카오페이 2분기 거래액 4천600억…가입자 1천680만명
279771,대우조선 비리 남상태 금품수수 포착…檢 협력사 대표 영장종합
279772,관광명소 美뉴욕현대미술관 올여름 넉달간 문닫는다…확장공사
279773,최순실 靑문서 누설은 처벌 어려워…다른 혐의 많다종합
279774,아베 일본 경제위해 마리오처럼 싸우겠다 뉴욕서 투자 호소
279775,카카오페이 QR코드 송금 도입…오프라인 영향력 강화종합
279776,평양정상회담 손 흔드는 남북 정상
279777,평양정상회담 환호하는 평양시민
279778,美 이란 최고지도자 대테러 제재…이란 백악관 정신 장애종합3보
279779,미중 무역분쟁 빅뉴스 기대감에 원달러 환율 하락
279780,지옥에서 돌아온 고동진 갤럭시S8 대박에 활짝
279781,kt 대범한 신인 김민 준비 많이 하고 왔으니까요
279782,아르헨 인권단체 지도자 공금횡령 재판증언 거부해 체포영장
279783,죽지 않고 일할 수 있게 청계천 밝힌 전태일 49주기 촛불
279784,靑 北 위성발사 계획 통보에 필요한 조치 등 대비중
279785,獨정보부의 오스트리아 염탐 활동 수사 잠정 중단
279786,MWC19 박정호 SKT사장 모바일 넘어 초超 ICT 리더 될 것
279787,삼성전자 이탈리아서 갤럭시 A9 공개
279788,시집을 편의점에서…문학독자를 사로잡는 방법
279789,가을 무대 주인공은 SK…7개월간 독주한 두산은 마지막...
279790,손흥민 등 AG 축구 金 태극전사에 포상금…1천500만원 이상
279791,소련 김일성을 임시 지도자로 임명했을 수도
279792,레바논 반정부·반부패 시위 나흘째…내각 총사퇴 요구
279793,포털 다음 개인 취향 콘텐츠 모은 추천 공간 만든다
279794,광고보이콧 비상 구글 AI에 미묘한 뉘앙스 가르친다종합
279795,평양정상회담 백두산 장군봉에서 기념촬영하는 문 대통령 내외
279796,공개된 보물 제1206호 마곡사 괘불
279797,2016년 대선서 트럼프에 진 힐러리 트럼프 탄핵 지지한다
279798,현대중공업그룹 로봇사업 분할 현대로보틱스 신규 설립
279799,KT 아현국사 화재피해 소상공인 1만1천명 보상…85% 완료
279800,잘나가던 수입차 악재로 삐꺽…올해 25만대 판매 불투명
279801,한강 첫 소설집 여수의 사랑 특별판 출간
279802,카카오 AI 맞춤형 광고서비스 공개 테스트 진행
279803,문 대통령 여건 갖춰진다면 남북 정상회담 언제든지 응할 생각
279804,SK텔레콤 설 연휴 통화품질 관리 만전
279805,캠프모바일 동영상 앱 스노우 가입자 3천만명 돌파
279806,망분할기술 망중립성 규제 예외 무산되나…5G 주도권 위협 우려
279807,SNS돋보기 北 수소탄 핵실험 전격 실시에 누리꾼 비난
279808,유엔 보고관 카슈끄지 살해 사우디 왕세자 등 연루 정황
279809,文 이희호권양숙 잇단 예방…하나였을 때 이겼다종합
279810,삼성증권 KB금융 현대증권 인수 긍정적…매수
279811,제주공항 활주로 폭설로 한때 다시 폐쇄…야간 체류객 4천명
279812,인터불스 최대주주 차이나블루로 변경
279813,오바마 사드는 순수한 방어체계…北위협 대응 위한 것속보
279814,충북 매서운 추위…제천 영하 13도
279815,신간 아인슈타인의 우주적 종교와 불교
279816,신간 둘의 힘
279817,새해 해맞이·축제 인파로 전국이 북적…곳곳 정체종합
279818,최기영 과기장관 후보자 참여 연구 부실의심 학회 발표 의혹
279819,상반기 22억원 받은 한투 직원…오너보다 9억원 더 많아
279820,민주 GM 대책 태스크포스 구성…수습책 마련 나선다
279821,인천 대부분 지역 호우경보…내일까지 50∼150mm 더 내려
279822,춘천시 의암호 일대…관광명소로 탈바꿈
279823,손병두 신임 금융위 부위원장…정통 금융정책통
279824,이란 혁명수비대 신형 미사일 최근 시험 발사
279825,스위스 대북지원 분유 北 남포항에 도착
279826,朴대통령 서민금융 3대 혁신…패자부활 성공드라마 기원종합
279827,동시 압수수색 당한 대우조선과 산은…38년 질긴 인연
279828,류현진 SF전서 4승 도전…투수 같지 않은 타자 범가너...
279829,여행 많이 다닐수록 삶의 만족도 높아진다
279830,암스테르담 130만원 넘는 현금거래 신고 의무화 추진
279831,심해저 노다지 망간단괴 상용화 길 열렸다
279832,신흥국 주식 펀드 달러 강세·금리 인상에 화들짝
279833,MLB 악동 푸이그 일본서 스모 훈련
279834,카자흐스탄 교민 키르기스스탄에서 시신으로 발견
279835,프로축구 경남 개막 5연승 도전…말컹 또 득점포 가동
279836,손흥민 BBC 선정 맨 오브 더 매치…정상급 선수
279837,美 국무부 올해도 북한 테러지원국서 제외…8년째2보
279838,작곡가 진은숙 12년만에 서울시향 떠난다…여러 사정종합2보
279839,이런건 건축이 아니라고요 이게 진짜 공간이죠
279840,미국행 이민 줄이자…멕시코 온두라스 일자리 창출 지원 확대
279841,추신수 2010년대 텍사스 선수 중 7위…건강할 땐 제 몫
279842,스캘리아 美대법관 장례식 엄수 수천명 애도…오바마 불참 논란
279843,野 35명 사드 국회 비준동의 촉구 회견…더민주 28명 참여
279844,대기업집단 계열사 한 달간 18개 증가…총 1천759개사
279845,이해찬 대표 취임 축하 난 앞에 놓고 인사말
279846,부산의 멋과 흥 만끽…무형문화재 한마당축제
279847,11월 개인 외화예금 늘려…달러화예금 개인비중 최고치 경신
279848,내년 6월 5G주파수 경매…지하철 WiFi도 100배 빨라질듯
279849,MLB 시애틀 기쿠치 돌아가신 아버지에게 첫 승리를
279850,北공안 건설자금 조달 위해 과도한 교통단속 RFA
279851,사우디 석유시설 피격 조사에 유엔·국제전문가 초청
279852,함정 나포 러우크라 긴장 속 美해군 상륙함 흑해 진입
279853,박지수 23리바운드 KB 우리은행에 시즌 첫 승리…공...
279854,프로농구 kt 사령탑에 서동철 전 고려대 감독
279855,아시안게임 김학범호 실전 경기장 잔디 못 밟고 바레인...
279856,아시안게임 최악의 대회 운영…3대3 농구 경기 전날 ...
279857,김정태 하나금융 회장 2년 반 만에 자사주 매입
279858,김연경 이란전 완승 우리 목표 따로 있어
279859,NH투자 증권업 수익성 개선…최선호주는 한국금융지주
279860,WNBA 박지수 미네소타 상대로 리바운드스틸블록슛 1개씩
279861,美기준금리 0.25%p 인상→0.50%∼0.75%…내년 3차례 인상 시사종합2보
279862,美 우방 안심시키기…폼페이오 예루살렘서 네타냐후와 회담
279863,리버풀 쿠티뉴 지켰다…바르사의 1억유로 제안 거절
279864,동정 이효성 방통위원장 PP업계 대표자 간담회
279865,트럼프 이란 혁명 40주년에 이란 정권 실패만 양산 비난
279866,남북정상 오전 군사분계선 첫만남…김정은 오찬때 잠시 北으로종합
279867,한영 언론세미나 디지털시대 저널리즘의 미래
279868,국방부 北 무수단 미사일 추가 발사 가능성 있다종합
279869,충북 포근한 휴일…내일 오전 비 조금
279870,NBA 토론토 르브론 제임스의 클리블랜드에 34점 차 대승
279871,특징주 인바디 증권사의 고성장 전망에 강세
279872,항공기 소재 탄소섬유 강도 50% 높이는 기술 개발
279873,강풍에 전광판 쓰러져 프로야구 2군 경기 취소
279874,정부 소식통 北발사 탄도미사일 노동미사일 추정…1천㎞ 비행
279875,러시아 시리아서 S500 발사했나…러 국방부는 부인
279876,올해 3월의 광란 이변 속출…14년 만에 톱 시드 2개...
279877,LG전자 V40 씽큐 이동통신 3사 예약판매 시작
279878,얘기 나누는 조명균 통일장관과 홍남기 국무조정실장
279879,LGU 5G 대용량 DU 상용망 적용…기존 트래픽 2배 이상 처리
279880,하나금융 ICC중재서 완승…판정부 론스타가 법률비용 내라종합2보
279881,2연패 이도희 감독 어떻게 말할지 모를 정도로 충격적
279882,이라크 북부서 폭탄 테러로 터키군 2명 사망
279883,靑 EU 입장 CVID…한국정부의 완전한 비핵화와 다르지 않아
279884,中 올해 추석연휴 국내 관광객 전년比 7.6%↑…8조원 소비
279885,그리스 부패 정치인 단죄 가능토록 헌법 일부 개정
279886,작년 한러 교역 248억 달러…전년보다 31% 증가
279887,추신수 세인트루이스전 1회말 선두타자 홈런…200홈런 ...
279888,UCL 8강 대진 발표…레알 마드리드뮌헨 맞대결
279889,1주일 지연 나이지리아 대선 폭력 얼룩…최소 39명 사망
279890,집중호우에 씻겨 내려간 미세먼지…서울 최근 한달새 최저치
279891,힐러리 북한의 가학적 독재자 美 향한 핵미사일 개발 위협종합
279892,겨울에 핀 부산 개나리
279893,추신수 3타수 무안타…볼넷으로 1차례 출루
279894,北 김일성광장서 청년학생 횃불행진 시작2보
279895,마음 사는 외교 본격화…공공외교법 시행령 의결
279896,일문일답 임종석 이재용 방북단 포함에 재판은 재판 일은 일
279897,KT 5G 네트워크 기반 자율주행 시장 진출
279898,낚시 등산 제치고 국민 취미생활 1위 등극
279899,G7 외무장관들 리비아 군벌사령관에 수도 진격 즉각 중단 촉구
279900,월드컵 이승우 본선 데뷔 초읽기…출전하면 최연소 4위 기록
279901,최양희 SKTCJ헬로비전 합병 심사 생각보다 지연종합
279902,삼성폰 영업익 1조원대로 떨어져…노트10 전작 넘을 것종합
279903,현대중공업 1분기 영업손실 1천238억원…적자전환
279904,기린은 단일종 아니라 4종…250년 통설 깨졌다
279905,비판 듣겠다…경북도지사 만든 쓴소리 방 소통 효과 있을까
279906,유영민 과기 과기혁신본부장 인선 좁혀져…곧 발표될 것
279907,알뜰폰 공짜라더니… 노인 울리는 공짜폰 주의보
279908,그래픽 NL 사이영상 유력후보 류현진 vs 맥스셔저
279909,베네수엘라 부통령 이번주 방러…정국위기 타개 논의할 듯
279910,헝가리 외무 차기 EU 집행위원장 이주민 정책에 불만
279911,신년담화·회견 ⑤ 경제 걱정할 게 아니라 할 일 빨리 해야
279912,국제갤러리 부산 F1963에 첫 분점 연다
279913,통일부 北고위급대표단 구체 일정은 계속 협의중
279914,특징주 삼성전기 업황 호조에 나흘째 신고가종합
279915,홍콩 18세 남학생 시위 중 경찰 쏜 실탄에 가슴 맞아 중상
279916,자외선 피하세요 낮최고 33도…서울 폭염주의보
279917,김종인 광주 희망없어 분열…희망정당으로 태어날 것
279918,국토부·산하기관 노조 국토부 장관 임명 동의 촉구 성명
279919,수원 서정원·서울 황선홍 감독의 데얀 선택과 결별 이유는
279920,2019 화천토마토축제 개막
279921,SK텔레콤 1004 7777 등 골드번호 1만개 추첨
279922,연광철의 바그너부터 백제까지…6色 오페라 향연
279923,류현진 최종전서 7이닝 무실점…아시아 투수 최초 ERA 1...
279924,朴대통령 마지막 5분 소회…국정 중심 잡아달라 눈물의 작별종합
279925,트럼프 유엔총회 때 이란 대통령과 만날 가능성 거듭 시사
279926,블랙리스트 시인들 1천만 촛불 행렬에 응답하다
279927,신간 아담과 이브의 모든 것·설탕을 고발한다
279928,게시판 대한수학회 산업수학 육성 정책토론회 개최
279929,전북 대체로 구름 많고 선선한 바람…일부 지역에 강풍
279930,이승엽장학재단 출범…유소년이 야구장 주인공 되길
279931,은행 직원평가시 고객수익률 배점 높이고 위험상품 관리강화
279932,영국 현대 무용계를 이끄는 안무가 웨인 맥그리거
279933,20여년 전 성폭행 부인한 트럼프에 美작가 명예훼손 고소
279934,김부겸 대구서 대통령 동정여론 커져…민주당 오만 안돼
279935,추위도 이긴 분양열기
279936,이스라엘 외무부 시리아 쿠르드족 인도적으로 돕고 있다
279937,베이징 교민단체들 아베 정권 수출 제한 철회하라
279938,8월부터 6자리 우편번호 쓰면 추가요금 주의
279939,흑인 그저 무사히 돌려보냈을 뿐…美 백인 경관에 쏟아진 찬사
279940,1발에 3천500만원…폭죽값 인상에 부산불꽃축제 울상
279941,은행원 수백명씩 짐싼다…주요 은행 희망퇴직 연달아
279942,못믿을 얼굴인식 기술…美캘리포니아 주의원 26명 범죄자로 지목
279943,아프리카돼지열병 파동에 中 돼지고기 수입량 76% 급증종합
279944,남자배구 대표팀 15일 아시아선수권 소집…임동혁·진성태 합류
279945,안양시 걷고 싶은 가로수길 조성
279946,中 트럼프 무역전쟁 피해 美농민 지원에 우리도 안타까워
279947,朴대통령 모레 국회 연설 확정…여야 회동서 일정조정
279948,中 미얀마에 형제·동포 공들여…美견제·이익보호 다각포석종합
279949,충북 포근하고 청명한 가을…큰 일교차 주의
279950,박선희 코리안심포니오케스트라 신임 대표이사 임명식
279951,朴대통령 내일 광복절 메시지…자긍심 국민단합 강조 전망종합
279952,류현진 이달의 투수상이 보인다…5월 평균자책점 0.28
279953,식욕 조절하는 뉴로텐신 알고 보니 비만도 유도
279954,체험부터 AS까지 LG유플러스 분당 플래그십 매장 오픈
279955,대·중소기업 상생…기보만도 협력사 보증 협약
279956,朴대통령 안보에 여야 따로없어…내부분열 않는게 정치책무
279957,도드람 20192020 V리그 1라운드 여자부 MVP ...
279958,갤럭시S8 열기 벌써 후끈…유통점 고객 유치전 돌입종합
279959,41 돌파구 찾을까…석패율 수용·연동형 캡 축소案 급부상종합
279960,조국 검·경이 특감반원 비위 신속히 조사해달라
279961,카카오 영업이익 급감했지만 모바일 성장성 기대종합
279962,국민권익위언론진흥재단 민원·뉴스 빅데이터 연계 활용 업무협약
279963,태국 쿠데타 이후 최대 반정부 집회…野 탄압 역풍 부나
279964,토트넘 라멜라 여전히 재활치료…미국 투어 제외
279965,부시 이민은 美에 축복…정치공방 그만하고 이민법 현대화해야
279966,과이도 유럽 마두로 정권 대상 금융제재 강화해야
279967,특징주 조이시티 작년 실적 부진에 하락
279968,한국출판문화산업진흥원장에 김수영 씨
279969,융합연구 아이디어 상시 공모…일반인 참여 가능
279970,박막례 할머니 유튜브 CEO까지 만났다
279971,메이저리그 홈런 풍년…2014년 전체 홈런보다 많이 쳐
279972,류중일 LG 감독 500승 기념구 품고 대구로…기분 좋네
279973,트럼프 이스라엘 총선서 또 네타냐후 구하기 나서나
279974,한자리서 즐기는 아시아 전통예술…인류무형유산 초청 공연
279975,초등생 2명 사망 인천 축구클럽 승합차 운전자 구속
279976,민주 혁신기술 벤처기업 차등의결권 도입 적극 검토
279977,삼성 스마트워치 갤럭시워치로 재탄생…건강관리 기능 강화
279978,1만번 써도 수명 그대로 리튬이온 배터리 소재 개발
279979,野 퇴진운동 발진 vs 靑·친박 정면돌파…결국 탄핵으로
279980,터키를 어찌해야 하나…골머리 앓는 나토
279981,삼성그룹 시총 전자·바이오 동시 추락에 56조원 증발
279982,문 대통령 시민참여형 정부혁신 추진방안 논의종합
279983,김정은 핵포기 안해 태영호 발언에 美 핵보유국 인정안해
279984,김철수 한국전력 감독 최홍석 자신감 붙었다…믿고 있어
279985,한화투자 현대일렉트릭 실적개선은 내년부터…목표가↓
279986,한화 정우람 벌써 개인 최다타이 30세이브…팀 신기록도 가시권
279987,소말리아 수도서 차량폭탄 테러로 최소 17명 사망
279988,덥다 더워…충북 낮 최고기온 33도
279989,두바이유 3달러 넘게 하락…배럴당 26달러대
279990,게시판 KT e내비게이션 콘퍼런스서 해상통신망 전시
279991,2018시즌 KBO 경기구 수시검사 통과
279992,사우디 국방차관 예멘반군 휴전제안 긍정적…단 이란 제외
279993,홍콩경찰 벽돌맞은 70대 사망 충돌현장 시위대 검거
279994,7월 맹타 강정호 워낙 못했으니 이제 잘할 때가 됐죠
279995,가을여행 떠나요…10월 21일부터 16일간 가을여행주간
279996,광복절 연휴 마지막날 충북 유명산 피서객 붐벼
279997,신한금융·우리은행 정기주총 …금융의 사회적 책임 한목소리종합
279998,최신 구글 OS 오레오 LG V30에서 미리 체험하세요
279999,최태웅 현대캐피탈 감독 이승원 정신력 대단하다
280000,미래부 가상현실VR 콘텐츠 개발지원 사업 공모
280001,나경원 법대로 청문회 열어야…오늘 합의하면 7일부터 가능
280002,홍콩서 사상 최대 금 투자 사기…85세 노인 830억원 날리기도
280003,朴대통령 새누리 새롭게 거듭나야…반목말고 하나돼야
280004,후면 트리플캠 삼성 갤럭시A7·LG V40 하루 간격 출시
280005,北 美 대선에 큰 관심…트럼프 당선 기대
280006,완도국제해조류박람회장 앞 해상서 요트 체험
280007,고삐 풀린 엔화…달러당 105엔 깨지면 日당국 개입 전망
280008,시리아 쿠르드군 터키서 30㎞ 뒤 재배치…터키 철수 압박종합
280009,KBO 특조위 넥센 정조준…과거 트레이드건 집중 분석
280010,철도공단 궤도 유지보수용 소형다짐 장비 차량 도입
280011,2세대 랜섬웨어 대비 급한데… 사이버 방패 부족한 한국
280012,월드컵 신태용호 멕시코전 해법 찾기 비공개 전술훈련
280013,시민에 권력을…수단서 민정이양 요구 대규모 시위
280014,고양시장컵 제24회 홀트 전국 휠체어 농구대회 20일 개막
280015,외부인사 영입효과…리얼미터 文 대선지지도 1위 탈환
280016,아델만 7이닝 2실점 첫 승…289일 만에 삼성 外人 선...
280017,멍때리기는 시간낭비가 아닌 창의력의 원천
280018,제31차 4월의봄 친선예술축전 포스터
280019,인도 WFP 대북사업에 100만 달러 지원 VOA
280020,금감원 취약계층 금리부담 가중 우려…위기단계별 대응
280021,포스트 카스트로 쿠바 변화와 도전 속에 혁명 60주년 맞아
280022,특징주 경협주 美 대북 인권제재 소식에 하락종합
280023,유영민 장관 유료방송업계와 고용안정 방안 등 논의
280024,설치미술의 진수…내달 바다미술제 42개 작품 선보인다
280025,北매체 촛불시위 보도 주민에 한국민주주의 알리는 역효과
280026,목표는 V12…KIA 내달 1일부터 오키나와에서 담금질
280027,삼성페이 국내 가입자수 1천만명 돌파
280028,더민주 사드방중 논란 대대적 반격…朴대통령 정면비판
280029,오바마 올랜도 총기참사 테러 행위이자 증오 행위종합
280030,무주택자 8월2일 전 계약금 냈으면 2년 거주 적용 안 해
280031,MLB 텍사스 21안타 16득점 대승…추신수는 휴식
280032,안랩 아마존웹서비스의 우수 기술 파트너로 뽑혀
280033,박지원 당 운명 검찰 손에 안 넘겨…野에 잔혹한 잣대
280034,펠리페·듀크 V리그 6라운드 MVP 선정
280035,서브·블로킹 우위 OK저축은행 삼성화재 꺾고 5연패 탈출
280036,남자배구 대표팀 코치 공모에 1명 지원…7일까지 재공모
280037,머리 맞댄 여야 중진…대통령 힘 얼만큼 뺄거냐 인식차
280038,씨알콜렉티브 오염 작가들과 큐레이터
280039,내년 삼성 스마트폰 역성장…세계점유율 10%대 하락종합
280040,공영방송 이사 선임 시민검증단 필요
280041,기적의 리더십 최태웅 감독 나는 배구에 미친 사람
280042,크리스털팰리스 이청용 3경기 연속 출전명단 제외
280043,文 경제점검 회의·安 외교안보 강연·李 정책회견
280044,올드보이의 귀환…金배지 재도전하는 옛 중진들
280045,감정평가사협회 고위공직자 재산 시가 확인 서비스 추진
280046,18득점 박철우 세리머니 크게 했더니 온몸에 쥐났어요
280047,러·일 외교장관 영토 협상 진전 못 봐
280048,국고채 금리 일제히 하락…3년물 연 2.084%
280049,SK 4연승…홈런포 6방에 KIA 마운드 와르르
280050,문 대통령 태풍 솔릭 대비 긴급회의 입장
280051,네이버 새벽에 일시 먹통
280052,강원 영서 9개 시군 대설주의보…최대 10㎝ 눈 내릴 듯
280053,트럼프가 한사코 부인했는데…멀베이니가 우크라 대가성 인정종합
280054,이르면 올 연말 한라산의 정확한 나이 나온다
280055,시민단체 통신은 공공재 이용사업…5G 요금 인상 반대
280056,네이버 쇼핑 N페이 구매 버튼 수정…방통위 권고 반영종합
280057,전직 대법관 영장기각 항의
280058,민노총 울산본부 현대중·현대차 노조 7월 공동파업
280059,네이버 상징 녹색창에서 그린닷으로…모든 서비스 시작점종합2보
280060,강원 돌풍 동반한 비…오전부터 차차 맑아져
280061,아파트 추가 모집에 몰린 인파
280062,한부모 가족 서포터즈 지지 박수 보내는 김정숙 여사
280063,구창모·박병호·이정후 KBO 8월 MVP 후보 선정
280064,북중 ARF 계기 접촉할까…주북中대사 리용호 전송 주목종합
280065,국민은행티맥스 차세대시스템 SW 선정 갈등 장기화 조짐
280066,물 들어올 때 노 젓는 두산·SK…선발 1승에 불과한 롯데
280067,트럼프 연일 크루즈 부인 모욕…美공화 여성표 이탈 전전긍긍
280068,스마트폰 100만원 시대 오나…삼성 갤S8 100달러 인상
280069,獨 루프트한자 승무원 파업에 항공편 1천300편 취소
280070,30년 집권 바시르 수단 대통령 군부 쿠데타로 축출돼종합3보
280071,黃권한대행 미국 新행정부 출범 외교안보에 변화와 도전
280072,한중일 외교장관 베이징서 회동…3국 협력 필요 한목소리
280073,베스트셀러 언어의 온도 출간 7개월 만에 1위 올라
280074,지난해 매출 최고 톱3 앱…스포티파이·라인·넷플릭스
280075,文정부 첫 과학기술장관회의 연구자 중심 RD에 초점종합
280076,한국은행 산은 지원에 신중…정당성 검토 필요
280077,자율주행차·무선충전에도 주파수 배정…첫 전파 관리안 공개
280078,美 가족들 풋볼 관람하던 주택 뒷뜰서 또 총격 사건…4명 사망종합
280079,국가균형발전 선언15주년 기념식
280080,광주·전남 구름 사이로 추석 보름달…물결 높아 섬귀성 주의
280081,롤로웨이 원숭이 등 영장류 7종 멸종 위험 높아져
280082,장현수 올해 일본축구 소속팀 우승월드컵 출전 목표
280083,삼성 카메라 강화한 중저가폰 갤럭시On7 프라임 출시
280084,미국 북한전문사이트 38노스가 분석한 동창리 발사장
280085,朴대통령 北주민에 새 기회…北당국·주민 분리전략 관측
280086,신간 세계미래보고서 2019
280087,민주콩고서 선박 전복…최소 30명 사망 실종자 수십명
280088,靑 엘시티 수사 근거없는 의혹 혼란 막으려는 것
280089,우리금융 그룹통합 자금세탁방지 정책 도입
280090,북한산 일대로 번진 모델하우스 화재
280091,터키 野대표 순직군인 장례식서 폭행당해…집권당원 등 주도종합
280092,파키스탄 14명 사망 버스 총격 범인은 이란서 월경한 반군
280093,MS IT월드컵 한국대표 선발…세계 무대서 겨룬다종합
280094,삼성물산 KCC에 주택사업 매각 고려 안 해종합
280095,류지혁 동점포·최주환 결승타…두산 벌써 69승째
280096,獨정당 지지율 2위 녹색당 최저임금 획기적 인상안 제시
280097,74년이 지나도 과거사 추적…92세 나치수용소 前경비원 법정에
280098,제임스 43점 맹폭…클리블랜드 토론토 원정 2연승종합
280099,특검 김기춘 前 청와대 비서실장 자택 압수수색1보
280100,시진핑 朴대통령 생일 전날 축하서한…예년보다 늦어종합
280101,팟캐스트 팟빵 잡지協과 콘텐츠 발굴 제휴
280102,2017 국제 심포지엄Dance for PD 워크숍
280103,신간 저녁이 쉽게 오는 사람에게·영의 기원
280104,美경제 감속…GDP 증가율 1분기 3.1%→2분기 2.1%종합
280105,美국무부 모든 국가 北난민·망명신청자 보호에 협력해야
280106,이라크 반정부 시위 격화로 사상자 속출…사흘간 33명 사망종합3보
280107,문 대통령 고용부 장관에 이재갑
280108,사전투표 하러 온 문 대통령
280109,담백하고 편안한 베토벤…오케스트라 단원이 된 듯한 조성진
280110,강정호 3타수 무안타 침묵…시범경기 타율 0.300종합
280111,교육위 국감…나경원 딸도 의혹 vs 조국 딸 장학금 의혹종합
280112,올림픽 경기 마친 최명광
280113,고양 킨텍스 원시티 평균 5.2대 1로 청약마감
280114,국립공원 산불조심…내달 15일까지 일부 탐방로 통제
280115,SKT IoT 제품 개발 대회 개최…수상팀 아이디어 사업화 추진종합
280116,ST모티브 ST전장 흡수합병 결정
280117,오늘 20대 국회 공식 개원…朴대통령 연설
280118,바퀴 펑크난 여객기 이스라엘 공항에 무사히 착륙
280119,야지디족 IS 성폭행으로 낳은 자녀 거부…비판 고조종합
280120,임도헌호 2차전 상대 미국 올림픽 예선서 벨기에에 3...
280121,은퇴하는 이치로 MLB 도쿄돔 고별 경기서 침묵종합
280122,주민센터 행정에 불만 통장이 여성 공무원 폭행
280123,정운찬 KBO 총재 일문일답 궁극적으로 KBO.COM 만...
280124,국감현장 미인도 도마에…평론가가 작가를 넘어설 순 없다
280125,유일호 대한민국 앞날 위해 노동개혁 4법 통과돼야
280126,내일날씨 맑고 더운 날씨 이어져…서울 낮 최고 29도
280127,리드 주가 급락에 공시할 중요 정보 없어
280128,폭탄테러로 중상 입은 소말리아 모가디슈 시장 사망
280129,게시판 KB증권 종합소득세 신고대행 서비스 제공
280130,IBM 독일 뮌헨 왓슨 IoT 본부에 2억달러 투자
280131,두산 이현승 엔트리 말소…허리 통증 호소
280132,LG G7에도 씽큐 넣을듯…5월초 한·미서 동시공개 유력
280133,나경원 외교안보라인 교체해야 조명균 비핵화문제 푸는 과정
280134,美실업수당 22만3천건…3천건 감소
280135,구글 한국 지도 반출 재신청…안보시설 삭제 쟁점
280136,애플 배터리 논쟁 진화위해 성능저하 기능 차단 iOS 업데이트
280137,WSJ 미·중 내주 고위급 무역협상 재개…4월말 타결 목표
280138,디턴족 늘었다…설 연휴 국내 숙박 예약 300% 급증
280139,삼성 기어VR 세계 시장 점유율 72％…단연 1위
280140,손흥민에 기댄 AG 조직위 티켓 판매 급상승할 것
280141,금융위·금감원 국제증권감독기구 EMMoU 정회원 가입
280142,오바마 백악관서 경찰·흑인운동가와 화합 회동종합2보
280143,신소재 태양전지 내구성 향상…1천 시간 써도 효율 유지
280144,KT V50 씽큐 판매 시작
280145,中 시진핑 중동 갈등 평화적으로 해결해야
280146,쉬운 우리말을 써야 인권과 민주주의도 지킬 수 있다
280147,전자랜드 유도훈 감독의 이유 있는 김낙현 힘실어주기
280148,신작 소개하는 구병모 작가
280149,힐러리 트럼프 캠프 개편에 새로운 트럼프는 없다
280150,한미 에너지 협력 대화나누는 해리스 대사와 김학용 위원장
280151,봄 배구에 진달래·개나리 필까 남자팀 유니폼 눈길
280152,美민주 전대 D1 힐러리 유리천장 깨고 대권 고지로 비상
280153,문재인 내주초 신년 기자회견…정국 해법 제시
280154,아이폰 신제품 공개 D1…한 달 먼저 나온 갤노트9과 대결
280155,질의 듣는 조국
280156,KEB하나은행 오토바이 구입자금도 빌려준다
280157,실종 日 F35A 전투기 기체 일부 발견…추락 가능성 커
280158,한국감정원 노조 정부 공시제도 비판한 교수 명예훼손 고소
280159,손석희 협박 고소 폭행사건과 병합해 경찰이 수사
280160,실리콘밸리 벤처투자가 스타트업 女기업인 상대 갑질 성추행
280161,코스닥 급락 충격 딛고 3.85% 반등…장중 사이드카 발동
280162,네이마르에 화난 바르사 팬들 배신자를 찾습니다
280163,손흥민 풀타임케인 해트트릭 토트넘 FA컵 8강행
280164,예멘 반군 사우디·UAE 핵심표적 300곳 자료화…추가공격 경고종합
280165,스위스 정부 부르카 금지법안 마련…처벌조항 삭제
280166,통일부 남북 공동연락사무소 내주 후반 개소 협의중
280167,홍콩은 들끓는데…마카오 행정장관 中일국양제에 엄지 척
280168,의성 35.5도…대구·경북 7개 시군 폭염 경보종합
280169,게시판 롯데면세점 카카오와 마케팅 제휴·협력 협약
280170,프로 2년차 최익제 형들 제치고 올스타전 서브킹
280171,트럼프 성추행피해 여성 겨냥 나의 첫 선택이 될수없는 여자
280172,프로축구 K리그 개인상 투표 시작…MVP 경쟁서 말컹 우위
280173,코미디언 출신 우크라 대통령 가능성에 서방 우려 시선
280174,문학평론가 황현산 별세…향년 73세종합
280175,102세 최고령 호주 현역 연구원 재택근무 요청에 섭섭해
280176,OK저축은행 여자프로농구에 네이밍 스폰서로 참여종합
280177,믿었던 가스파리니에게 발등…대한항공 벼랑 끝 몰렸다
280178,농업도 4차 산업혁명 ① 고된 농업은 잊어라…스마트 팜 열풍
280179,로버트 킹 美국무부 북한인권특사 내일 방한
280180,정의당 北 무력도발 국제 고립 강화할 뿐…중단해야
280181,STL 김광현 조용히 귀국 다시 훈련 시작하겠다
280182,건강한 수면습관 형성… LGU IoT숙면알리미 출시
280183,아이폰8 다음달 3일 국내 출시…27일부터 예약판매
280184,홍콩 거리청소 나선 부대 중국 내 최강 대테러 특전부대
280185,내일날씨 전국 대부분 영하권…강한 바람에 체감온도 뚝
280186,北매체 이산상봉 종료 보도…통일의 날 만날 약속하며 작별
280187,부산 흐리고 해안가 옅은 안개…낮 최고 27도
280188,북한이주민인권 의원연맹회의 총회 서울서 개막
280189,추신수 이치로는 야구에 인생 바친 선수…흉내 낼 수 없어
280190,美주택건설 경기 둔화…2월 착공 8.7%↓
280191,박항서호 화이팅…중국 원정응원 특별기까지 띄우는 베트...
280192,추신수 2안타 3타점 폭발…MLB 통산 1천500안타 달...
280193,종교소식 도쿄서 화해·평화 한일 공동 시국기도회 外
280194,이스라엘군·하마스 또 무력 충돌…팔레스타인 5명 사망종합
280195,게시판 금투협 하반기 증시 대전망 콘서트 세미나
280196,월드컵 日 언론 한국 독일에 역사적 승리…파란
280197,구글 플레이 작년 국내 매출 4조5천억원…점유율 58%
280198,SKT·LGU 5G 무제한요금 판매 연장…KT는 공시지원금 하향
280199,스페인 구조선 난민 124명 구했지만 伊 입항거부로 표류
280200,강릉에서 KTX타고 간다…수도권과 반나절 생활권 시대 개막
280201,광동제약 70억원 규모 자사주 취득 결정
280202,악수하는 한터키 정상
280203,협치 회동 D1…靑 송곳회동 아닌 국민에 희망주는 회동되길
280204,언론에 공개된 미인도
280205,게시판 투교협 건설 부동산 분석·전망 수요강좌
280206,5G 쩐의 전쟁 막 오른다…설비 투자만 10조 이상
280207,탈북작가의 소설 낭독…제9회 단편소설 페스티벌
280208,정부 개성공단 유입 달러 70% 北 당 서기실에 상납종합
280209,이탈리아에 한국 알리는 창…제17회 피렌체 한국영화제 개막
280210,평양정상회담문대통령·김위원장 내일 함께 백두산 방문
280211,정부 北 당대회 실적 필요해 무리하게 무수단 발사
280212,한국인 ITER근무 과학자 늘린다…32명→2026년 95명 목표
280213,文대통령 북유럽 3국 순방 마치고 귀국…국정현안 점검
280214,미래부 스마트미디어 상용화 지원 59개 후보 선정
280215,의성 35.5도…대구·경북 7개 시군 폭염 경보
280216,한미일 정상 대북압박 안보협력 강화…北도발시 더 강력제재
280217,윤종원 경제수석 첫 메시지는 팀워크…엇박자 의식했나
280218,정부 촉진자 역할 더 중요해져 vs 제재완화가 중재역인가
280219,인공지능 기계가 낸 의료사고 누구 책임일까
280220,신간 조선의 퀴어·신성한 동화를 들려주시오
280221,에콰도르 정부 어산지 7년간 숨겨주는 데 74억원 들어
280222,콩순이부터 런닝맨까지…설연휴에 아이와 함께 볼만한 뮤지컬
280223,아시안게임 라건아 앞세운 허재호 NBA스타 클락슨의 ...
280224,갤럭시S8플러스 코랄 블루
280225,감독 퇴장 KIA 김주찬 결승타로 5연패 탈출…삼성에...
280226,국제적십자위 난민 급증하는 브라질 북부지역에 수용시설 확대
280227,북한 인민군 창건 70년 기념우표
280228,미술 스테디셀러 난처한 미술이야기 르네상스편 출간
280229,문 대통령 1987 관람…깜짝 방문에 객석 환호·박수종합
280230,다음·네이버로 위장해 개인정보 피싱…악성메일 주의
280231,신간 한국전쟁의 거짓말
280232,우리 몸에는 셀 수 없이 많은 시계가 있다
280233,D9헌장에 서명하는 김부겸 장관
280234,뮤지컬 영웅 제작사 광복회에 수익금 5천만원 기부
280235,주말 N 여행 제주권 취향대로 떠나자…열대야 날릴 이색 계곡·바다 축제
280236,한오스트리아 과기공동위…연구자 교류 사업 신설
280237,LGU 자율협력주행 선보여
280238,디지털 콘텐츠 사고파는 네이버 OGQ마켓 개점
280239,지와이커머스 종속회사 회생절차 개시 신청
280240,NH투자 오리온 올해도 두자릿수 이익 성장 기대
280241,그래픽 삼성 갤럭시 폴드 주요 제원
280242,아태지역 5G 최고경영자 회의
280243,SKT 미래 고객 잡는다…1020세대에 무료 데이터·제휴할인
280244,우크라이나 의회 EU·나토 가입 명문화 개헌안 승인
280245,화천산천어축제용 산천어 안전…유해물질 불검출
280246,춘분 꽃샘추위·강풍 맹위…전국 체감온도 영하권
280247,최지만 시즌 4번째 2루타…탬파베이는 5연승 질주
280248,LG 윌슨 팔꿈치 근육 손상…복귀 시점 미정
280249,北김정은 북중친선 발전 용의…시진핑에 공산당 창건 축전
280250,JP모건 한은 11월 금리 올릴 것…이후 추가 인상 가능성
280251,朴대통령 북핵위기에 3당대표 전격회동…초당적 협력 당부
280252,베스트셀러 유시민 역사의 역사 1위 등극
280253,일본에서 발견된 500년 전 조선 산수화
280254,김상균 철도공단 이사장 동아시아 철도공동체 구현 잰걸음
280255,아시안게임 3대3농구 여자대표팀 대만에 일격…8강서 탈락
280256,삼성전자·LG전자 유럽 최대 전시회 IFA에서 격돌
280257,2019 광주전남보도사진전 개막
280258,朴대통령여야 3당 원내지도부 1시간22분 靑회동종합
280259,인류 달 착륙 50년…달 우주탐사 전초기지로 거듭나
280260,맨시티 15연승 비결 뒷심…4골 중 1골 막판 15분 폭발
280261,프로야구 NC 퓨처스팀 창원에 새 둥지 튼다
280262,지난해 서울 아파트값 8% 올라…12년 만에 최대 상승
280263,장현수 문체부 조사서 병역특례 봉사활동 서류조작 인정
280264,여야 드루킹 특검 처리 시기·명칭·추천방식 대립종합
280265,힐러리 여러차례 낙태…첼시 가진 것은 정치적 성장 위해
280266,北 태양 아래 주인공 진미 김정은 화동으로 확인
280267,봄 배구 탈락팀들 사령탑 인선 관심…유임 또는 교체
280268,서울 차 없는 날 캠페인
280269,한은 종부세 개편 집값·건설투자 영향 크지 않을 듯속보
280270,남북 통일농구경기 7월4일 계기로 평양서 개최 합의
280271,밀레니얼 세대의 본보기는 부모보다 페이스북 CEO 저커버그
280272,이어폰 선 없앤 LG 톤플러스 프리 출시…23만9천원
280273,여야 박근혜 탄핵 2돌 논평 온도차…한국당은 침묵
280274,국가연구비로 부실학회 참가한 398명 출장비 14억원 회수
280275,모스크바 국제오페라 콩쿠르에서 베이스 길병민 우승
280276,이총리 北 리룡남 부총리와 아시안게임 개막식 함께 관람종합
280277,폭로전·삿대질·고성·몸싸움…막장 치닫는 바른미래당
280278,아이폰X 판매 열기…SKT 4차 예약도 7분 30초만에 마감
280279,美금리인상 원자재 수출국에 큰 영향…한국에는 충격 미미
280280,삼성증권 1분기 영업이익 1천496억원…17% 감소
280281,단독러셀 中 김정은의 무모하고 호전적 행동 용인 힘들어
280282,에이스 만세…흥국 이재영 26점·삼성 박철우 14점 승...
280283,인천공항 불법 사설주차대행 피해예방 캠페인 진행
280284,손흥민 12월에 4골 3어시스트…개인 월간 최고 성적 달성
280285,바이올리니스트 사라 장 7년 만에 전국투어 독주회
280286,文대통령 55.6%·민주 37%…지지율 동반 최저치 추락리얼미터
280287,부산 하면 고층빌딩 아이가…50층이상 27개 몰려
280288,송인서적 영업 재개
280289,6.15 남북정상회담 기념식 축사하는 이낙연 총리
280290,英 유력 싱크탱크 노 딜 브렉시트 막을 시간·방법 부족
280291,카카오 7천544억 규모 유증…로엔엔터 지분 취득
280292,39개 주요 공공기관 부채비율 2022년 156%로 낮춘다
280293,이란 유럽이 지키는 만큼 핵합의 지키겠다
280294,문의장여야 원내대표 오늘 예산안 상정 여부 결론 유예
280295,아기상어 뚜루루뚜루 MLB 강타…워싱턴 승리마다 화제
280296,게시판 연구성과실용화진흥원 기술설명회·기술이전 상담회 개최
280297,추석 연휴 부모님·아이들 바꿔줄 중저가폰 뭐가 좋을까
280298,초고령사회 日 노인 쓰레기 배출 지원 지침 만든다
280299,초프리미엄 명품폰 LG 시그니처 에디션 연말 출시
280300,朴대통령 개혁 성공위해 법질서부터 확립돼야
280301,특징주 코스닥 새내기 투자전문회사들 수직비행
280302,NL 평균자책점 2위 소로카 투구에 맞아 조기 강판
280303,경남 밀양 바이오연구지원센터 28일 첫 삽 뜬다
280304,국감현장 교문위 이대총장 증인공방 파행…증인채택 제로종합
280305,문대통령 오늘 뉴욕으로…한미정상회담서 비핵화 논의 주목
280306,신간 벼랑 끝에 선 민주주의
280307,류현진 7이닝 2실점 3승 눈앞…킹캉 강정호에 판...
280308,김학범 감독의 조언 한계가 보이면 포지션을 바꿔라
280309,애타는 류중일 LG 감독 두산전 무승 팬들께 죄송
280310,이번엔 해임 중도하차…국립오페라단 감독 잔혹사
280311,유진투자 BGF리테일 편의점 도시락 매출로 실적개선
280312,朴대통령 민심청취 스타트…국정동력 확보 나서나
280313,헝가리 유람선 참사 추모 공간
280314,알카에다 수괴 9·11 18주년 맞아 대미 공격 촉구
280315,내일날씨 선거유세 OK 전국에 구름…영동은 저녁에 비
280316,대기업 신입 채용 이제 면접 수순…역량평가에 중점
280317,이총리 추경 심사시 日보복 대응예산 추가토록 긴밀 협의
280318,삼성重 자구안에 유상증자 포함…그룹지원 가능성 열어둬종합
280319,伊의 대통령 비난·노란조끼 면담에 佛 로마대사 소환 응수종합
280320,北김정은에 각국 지도자 연하장…북한 中보다 러시아 먼저 호명
280321,4박5일 韓관광 31만원 이중 항공료 30만원…어떻게 가능할까종합
280322,SK이노베이션 中시노펙 BDO 합작사업 중단…시황 악화종합
280323,평화 선거법 합의안 추인 불발…내일 다시 논의키로
280324,한국당 민주당 당내 성추행부터 색출·단죄하라
280325,靑 대단히 중요한 순방…丁의장 사드 발언 우려
280326,靑 특감반 논란에 정면대응…조국 SNS에 맞으며 가겠다종합
280327,美 보잉 이란에 여객기 3개 기종 제안…제재해제 뒤 첫 협상
280328,요르단 주 이스라엘 대사 소환…현지 억류된 자국민 문제 논의
280329,장애인 복지 간담회 참석한 안철수
280330,광안리해수욕장 녹조 파도
280331,지난 시즌 프로농구 MVP 두경민 모교 경희대에 5천만원 기부
280332,비행기 참사 샤페코엔시 팀재건 박차…선수 3명 영입
280333,특징주 은행주 담합 의혹에 하루만에 약세
280334,금융위원장 대우조선 쟁의 정상화 노력 무산시키는 행위
280335,코스닥벤처펀드 설정액 2조4천억원 넘어…증가세는 둔화
280336,젊음의 힘 넥센 3차전 승리로 기사회생…SK 거포군...
280337,YTN 보도국장 임명 또 무산…김선중 내정자도 부결
280338,고위급회담 수석대표 南조명균北리선권…명단 확정
280339,선동열 감독님 꼭 뽑아주세요 선수가 추천한 AG 후보는
280340,프로농구 LG 괴물외인 메이스의 숙제…40대 자유투 성공률
280341,베일 벗은 V30…LG전자 스마트폰 사업 구원투수 될까
280342,언론과 유튜브가 다룬 5·18은…내달 4일 모니터링 보고회
280343,마크롱 프랑스 남부 해안 상륙작전 75주년 기념식 참석
280344,日 중국 해경선 4척 센카쿠 인근 일본영해 침입
280345,베스트셀러 봄 맞아 옷 갈아입자 잘 팔리네
280346,이제는 올림픽 이재영 김연경 언니 잘 도와야죠
280347,대통령부터 야당까지… 터키 애국집회 피날레 개최
280348,린드블럼 vs 박종훈 2018 KS 서막 여는 1차전 선발
280349,올해 이탈리아행 지중해 보트난민 17만1천명…역대 최다
280350,YTN 사장 후보에 11명 지원…2명 압축 예정
280351,대구시 중등 한국119소년단 캠프
280352,게시판 서울서 기술영향평가 공개 토론회
280353,아마존 제2 본사 유치전…북미 20대 도시 구애 치열
280354,부산서 고독사 추정 시신 주택서 잇따라 발견
280355,미중 갈등 속 시진핑 오른팔 왕치산 독일 방문한다
280356,LG전자 프리미엄급 오디오·비디오 성능 중가폰 Q8 공개
280357,프랑스 이란에 자국 학자들 즉각 석방 요구
280358,홍천 41도 넘었다…전국 사상 최고기온 또 경신속보
280359,방통위 지상파 UHD 방송 정책 방안 수립
280360,무궁화 선양…홍천군 무궁화수목원 28일 개원
280361,코바코화이인베스트먼트 100억 규모 웹콘텐츠 펀드 조성
280362,신군부 폭압 맞선 해직 기자들 명예회복돼야
280363,웨스트 브로미치 이집트 수비수 헤가지 영입
280364,갑자기 끊긴 와이브로 알고 보니 이통사가 중계기 꺼
280365,美CPSC 삼성 갤노트7 조사 긍정 평가…결과 수용 시사
280366,러 중앙선관위 총선 최종 개표 결과 발표…여당 76% 득표 압승
280367,오클랜드 우완 파이어스 MLB 역대 300번째 노히트노런
280368,삼성 폴더블폰 내년 3월 출시 목표…갤S10 조기출시 전망
280369,반부패회의 웃으며 입장하는 민정수석과 검경 수장들
280370,살아있는 동물의 뇌 관찰하고 수술도 가능
280371,SKT 통계청과 국가통계발전을 위한 업무협약
280372,코레일 추석 KTX 역 귀성 상품 판매 시작…3040% 저렴
280373,부영 이중근 회장 공군 하늘사랑 장학재단에 1억원 기부
280374,한국형 헤지펀드 시장 빅뱅 오나…증권사 속속 진출
280375,하나금투 두산 수소 연료전지 활성화 수혜…목표가↑
280376,신간중국을 움직이는 사람들·가짜뉴스 시대에서 살아남기
280377,독일서 망명신청 전년보다 상당히 감소…11월까지 13만명
280378,바레인 아랍의 봄 반정부 시위 시아파 지도자에 종신형
280379,중국서 비트코인 채굴 위해 34억원 상당 전기 훔친 일당 검거
280380,잠못 이루는 아키노 필리핀 대통령…마르코스독재 부활 막아야
280381,프랑스 EU美 TTIP협상 중단 촉구…EU 그래도 계속한다종합
280382,대선 지지 호소하는 대만 차이잉원 총통
280383,김종민 도로공사 감독 힘에 부쳤다…2차전 걱정된다
280384,핀테크 산업 규제 혁신…세계적 유니콘 키울 환경 만든다
280385,한국 남자배구 U21 세계선수권 8강서 러시아에 03 완패
280386,자신감 가득한 호날두 내가 역사상 최고의 선수
280387,격렬했던 홍콩 시위의 흔적
280388,자유한국당 초선의원들 당협위원장직 내려놓겠다
280389,류현진 영입한 MLB 토론토 블루 플루서 벗어날까
280390,中 우정저축은행 IPO 통해 7조8천억원 확보…올해 글로벌 최대어
280391,GS칼텍스 돌풍 예고 우승후보 흥국생명 완파
280392,그래픽 패스트트랙 여야 충돌 상황
280393,4월 아파트 ㎡당 분양가 278만원…전월比 1.25%↑
280394,문 대통령 국무총리비서실장과 함께
280395,러시아 골란고원 이스라엘 주권 인정 美 강력 비판종합
280396,한컴 아마존 워크독스에 문서 공동편집 기능 추가
280397,쓰레기 가져 가세요 필리핀 들끓게 한 한국산 반환 본격 논의종합
280398,국회 도쿄올림픽 경기장 욱일기 반입금지 촉구 결의안 의결종합
280399,적반하장 日 실체는…제국주의 정당화 욕망 꿈틀대
280400,타이스 46점 삼성화재 3연승 행진…한국전력 10...
280401,北 유엔제재로 수출막힌 석탄 발전에 사용…전력난 완화
280402,게시판 키움증권 글로벌 투자전략 특집방송
280403,삼성 갤S10·폴더블폰에 적용할 원 UI 베타 시작
280404,늦어지고 있는 단풍…오대산 절정
280405,베네수엘라 선관위 대통령 소환투표 1차 서명검증 본격 착수
280406,오바마 퇴임 후에도 작은딸 대학갈때까지 워싱턴DC 거주
280407,송광민 끝내기 3점포…박용택은 최다안타 기록에 2종합
280408,슈퍼루키 강백호 한 방에 후랭코프 14연승 와르르종합
280409,G6 사면 구글홈·갤S8 사면 기어VR…美시장서 격돌
280410,野지도부 대북 확성기방송 재개 놓고 강온 충돌종합
280411,트럼프가 사면한 군인에 대해 동료들 그는 악마 폭로
280412,中 검찰 선전 산사태 책임자 11명 체포
280413,우크라이나 31일 대선…포로셴코 대통령 포함 3명 각축전
280414,푸틴 이스라엘·이탈리아 총리와 통화…리비아 사태 등 논의
280415,게시판 KT 리버사이드 영화 상영회 개최
280416,MLB 올스타 선발 출전 선수 발표…휴스턴 3명으로 최다
280417,추문제조기 베를루스코니 전 伊 총리 유럽의회 선거 출마
280418,中 샤오미 소셜미디어 덕에 컸다…이색 분석
280419,삼성중공업 에너지절감장치 글로벌 선박에 속속 탑재
280420,40년 한국현대시의 역사 문학과지성 시인선 500호
280421,한자리에 모인 국민의당
280422,호주에서 야구 재기를 꿈꾼다 질롱코리아 트라이아웃 현장
280423,게시판 예보 제6회 저축은행 경영진 초청 워크숍
280424,보니야 2실점권오준 8년 만에 세이브…삼성 KIA전 4연승
280425,미·중 軍 수뇌부 남중국해 잇단 방문…갈등 고조종합
280426,바르사 쿠티뉴 영입시도 또 실패 삼고초려 소용없다
280427,뉴욕을 수놓은 한국패션…컨셉코리아 패션쇼 성황
280428,미군 中 美군함 홍콩 입항 요청에 아무 설명없이 거부
280429,쿠바 경제난 속에 전면적인 가격통제 실시
280430,에스피지 성신 흡수합병 결정
280431,터키 UN 키프로스 평화유지군 활동 연장에 반발
280432,강철서신 김영환 정보화 바람 강하면 北장벽 무너진다
280433,상하이부터 시드니까지…해외서도 임정 100주년 기념종합
280434,박지현 여자농구 아시아 U18 대회 주목할 선수에 선정돼
280435,DGB생명 고객의 소리 최우선 확인 제도 시행
280436,오스템임플란트 60억원 규모 자사주 취득 신탁계약
280437,통신업계 새해 조직문화 개선으로 5G 상용화 속도낸다
280438,브렉시트 강경론자 존슨 前 영국 외무 당대표 출마 공개선언종합
280439,프로농구 두경민 신인 빅3 중 세 번째였지만 가장 먼...
280440,FIFA 아시아 축구 개척자 차범근 조명
280441,다비드 비야 빗셀 고베 입단…이니에스타와 한솥밥
280442,北김정은 자주권 침해받지 않는한 먼저 핵무기 사용 않을것종합
280443,安 朴대통령 퇴진 커녕 탄핵소추 대비…대국민 선전포고
280444,물안개 자욱한 북한강
280445,게시판 키움증권 온라인 주식거래 고객 경품 이벤트
280446,남경필 박원순 청와대 등 세종 이전 찬성 환영
280447,게시판 인터넷자율정책기구 가짜뉴스 주제 논문 공모전
280448,도쿄서 열린 위안부 피해 할머니 추모행사
280449,월드컵 신태용호 세네갈과 비공개 평가전서 02 패배
280450,사우디 카슈끄지 살해 5명에 사형 선고…꼬리자르기 비판종합
280451,北 단거리발사체 6발 동해로 발사…유엔제재 반발종합2보
280452,회견문 살피는 홍준표 지사
280453,왕년 축구 스타들 출신고 명예 걸고 한판 대결
280454,지도부 발언 듣는 민주당 의원들
280455,문미옥 과기1차관 과학영재 연구할 수 있는 여건 만들 것
280456,카카오톡에 자체 가상화폐 지갑 클립 장착한다
280457,北 남측과 통화하는 주민 잡기 위한 매복작전 강화종합
280458,이용자보호 유료방송 자율개선 실무협의체 출범
280459,38노스 운영자 북미협상 트럼프에겐 비즈니스딜…목적은 합의
280460,두바이유 가격 다시 하락…배럴당 44.79달러
280461,연구비 부정 사용 의혹 서은경 창의재단 이사장 사의
280462,이란 찾은 아베 중동 긴장 완화 조력자 자임
280463,퇴조하는 獨 대형정당 난민·복지정책 손질로 변화 몸부림
280464,삼성전자 자유시점 영상 전송 성공
280465,카드뉴스 내 연봉 2억7천만원 아니라 2천700만원...
280466,체험공간 거듭난 울산 동굴피아 9일간 10만 명 몰려
280467,원유철 원내대표 빨리 선출해 비대위원장직 이양종합
280468,휴스턴 107승째…다저스 따돌리고 MLB 최고 승률종합
280469,신간 천관율의 줌아웃
280470,오바마 달라이 라마 만난다…중국 반발 거셀 듯
280471,김수영 신임 한국출판문화산업진흥원장 임명식
280472,朴대통령 13일 청와대서 여야 원내지도부와 회동
280473,터키군 통제하는 시리아 북동부서 테러로 민간인 3명 사망
280474,허창수 FC서울 구단주 일본 전훈 선수단 격려
280475,인재유출 비상 네이버 임직원 스톡옵션에 1천500억 쓴다
280476,SK텔레콤 본사서 5G스마트폰 전시
280477,1분기 카카오·케이뱅크 자본비율 급락…적자 탓
280478,두 번째 대결도 장병철 감독 勝…한국전력 현대캐피탈에 승리
280479,유바이오로직스 유상증자·BW 발행으로 300억원 조달종합
280480,안종범 입 주목…朴대통령최순실재단 관련성 밝혀질까
280481,토리노 동계올림픽 공동입장하는 남북
280482,민주 민생 걱정한다면 국회 복귀하라…한국 적반하장
280483,HDC현대산업개발 1천458억원 규모 뭄바이 도로공사 낙찰
280484,하나금투 8월 美FOMC 9월 금리 인상 신호 전달
280485,과학기술계 이공계 병역특례 폐지 반대 확산종합
280486,모바일 결제 LG페이 1주년…이달 고객 감사이벤트
280487,대북매체 北 일부 가정서 노인들에 극단적 선택 요구
280488,정의 조국측 소명 청취…데스노트 등재 여부 청문회후 결정
280489,日 해양안보 정보 통합관리 새 기구 만든다
280490,법정근로시간 단축…잘된 일 59% vs 잘못된 일 28% 갤럽
280491,충북 강추위 속 썰매장 북적…유원지·속리산 한산
280492,큰 일교차…포근한 낮
280493,격전지를 가다 누가 적임자인가…부산 영도구청장 3파전
280494,세터 불안 현대캐피탈 화끈함 대신 끈끈함 얻었다
280495,과기부 소재·부품·장비 분야 RD 연수자 모집
280496,국정원 지난 5년간 테러단체 관련자 51명 추방속보
280497,올 노벨물리학상은 물질현상 규명에 위상수학 개념 적용
280498,한국형 위성항법시스템 구축 시동…예비추진단 첫 회의
280499,김병욱 삼성 이산화탄소 유출 사고 때 미숙한 대처
280500,동유럽 순방 폼페이오 中 위협론 설파에 中 근거 없는 주장
280501,中 일대일로 정상포럼 26일 개최…北김정은 참석 여부 주목
280502,코스피 상승 출발…2060대 후반 강보합2보
280503,황총리 생활 체육시설 확충…맞춤형 프로그램 공급
280504,유조선 피격 美 이어 英도 이란 비난…中·EU 자제촉구
280505,포스코 주당 1천500원 분기배당 결정
280506,이동통신사 스마트폰 보험 눈속임 논란
280507,중국 35개 대학에 인공지능 학과 개설한다
280508,김종민 물러설 곳이 없다 vs 박미희 우리 것 잘하겠다
280509,장관급 국무조정실장에 이석준 미래부 1차관종합2보
280510,伊베네치아서 대형 크루즈선 관광보트 들이받아…4명 부상
280511,손흥민 첼시와 홈 개막전서 시즌 첫 골 쏜다
280512,G6 내놓은 LG전자 모바일 직원 7분기 만에 증원
280513,중국 스마트폰이 인도 시장 절반 삼켰다
280514,독일 중부서 2차대전 불발탄 발견…2천500명 일시 대피
280515,특전사 대원 장비 설명
280516,동북아재단 국경을 초월한 역사교육 학술회의
280517,NASA도 못피해가는 기후변화…해안가 위치해 침수위기
280518,카카오 김범수·네이버 이해진 국감 증인 출석 안 할듯
280519,여름 과학축제에 초대합니다…과기부 9∼12일 창의축전 개최
280520,탄핵 위기 朴대통령 이르면 내일 4차 담화 가능성
280521,靑 北 GPS 교란 국민안전 위협…즉각 중단해야종합
280522,北 김정은 제염소 시찰…소금은 식량 못지않게 중요
280523,카타르 월드컵 마지막 기회겠죠…불운 씻고 돌아온 김진수
280524,올림픽 대화하는 문 대통령과 북 고위급
280525,한국 여자농구 세계 랭킹 18위…1년 전보다 2계단 하락
280526,김문수 서울형 최저소득보장제 실시하겠다
280527,게시판 국가과학기술심의회 워크숍 개최
280528,날씨 내일 낮부터 선선…찬바람 불어 체감온도 낮아
280529,루카쿠 가세한 맨유 LA 갤럭시에 52 대승
280530,베네수엘라 대통령 소환투표 일정 발표…연내 실시 불투명
280531,위안부 피해자 김복동 할머니 별세
280532,이달의 기자상에 서울신문 간병살인 154인의 고백 등 3편
280533,작년 美 신생아 출생률 32년 만에 최저치…4년 연속 하락
280534,모스크바서 평창올림픽 성공 기원 한러 클래식의 밤
280535,프랑스 숙박공유 플랫폼 에어비앤비 규제 강화
280536,가스파리니 트리플크라운 대한항공 역전승…한국전력은 7연패
280537,연합이매진 왕이 거닐었던 속리산 세조길
280538,영상 사상 첫 실제 블랙홀 모습 공개…질량 태양의 65억배
280539,주간 화제의 뉴스 MB 구속 토지공개념 혐오 문화
280540,롯데 듀브론트 KBO리그 첫 승…두산 린드블럼은 5연승
280541,게시판 SKT 스마트로봇 코딩스쿨 ITU 어워드 수상
280542,28일 방한하는 라바리니 여자배구 대표팀 운영 계획은
280543,어보 환수는 이렇게 했어요
280544,삼성폰 동남아서도 위태…태국서 중국 오포에 1위 뺏겨
280545,상암 DMC를 VR·AR 산업 메카로…KoVAC 개소
280546,KBS 사장 후보자 내달 26일 결정…시민자문단 평가 반영
280547,섀도보팅 없어서…반복되는 정족수 미달사태
280548,헝가리 총리 입법 방해 의원 제재 강화…야당 반발
280549,PD연합회 정의로운 방송 생태계 이뤄내겠다
280550,카이저ㆍ베르캄프 해임한 아약스 새 감독에 텐 하그
280551,야3당 더불어한국당 선거제 합의 위해 시즌2로 뭉쳐달라
280552,브라질 법원 룰라 전 대통령 석방 결정
280553,17∼28일 멸종위기종 국제회의서 상아무역 허용여부 논의
280554,불 꺼진 백남준 다다익선 32년을 자료전으로 돌아보다
280555,아이폰 8도 터치 ID 센서 후면에 위치시키나
280556,여행상품 도매시장 서울국제트래블마트
280557,문재인 큰 변화 시작…당 껍데기 아닌 문화까지 바꿀 것
280558,신한금투 롯데정밀화학 올해 전 사업부 영업익 증가
280559,아프간에 도서관 지어 뭐해 트럼프 인도 모디 총리 조롱
280560,靑 우병우 수석 휴가복귀 후 정상근무
280561,대화는 없다…정부 5차 북핵실험에 전방위 압박 선언
280562,사라진 일본산 맥주·담배…대구·경북서 불매 움직임 확산
280563,軍 김정은 연평도 도발 6주기前 최전방 시찰에 감시태세 강화
280564,MLB 사인훔치기 방지 색다른 실험…투·포수 시계로 사인 교환
280565,미 대북정책 이란과 달랐다…전략적 인내가 핵실험 묵인
280566,KT 갤럭시노트8 평창에디션 단독 출시
280567,영국 법의학자가 말하는 9·11 다이애나빈 음모론
280568,SK텔레콤 ICT 협력사에 5G 입찰요청서 발송… 상용화 본격 행보
280569,KT 5G 가이드북 발간
280570,게시판 과총 한중 ICT 연구협력 방향 논의 포럼
280571,미 의회서 대만과 관계강화법 발의…中 반발 예상
280572,신한금융그룹 사회복지공동모금회에 이웃사랑 성금 전달
280573,산업기술혁신·여성과기인지원·과학관육성 5년 기본계획 확정
280574,벤투 감독 인천수원·강원상주전 본다…K리거 옥석 가리기
280575,프로축구 전훈 스타트…수원·제주·대구 3일 출발종합
280576,中매체 中 1∼3분기 성장률 작년보다 낮지만 전체적으로 안정
280577,특징주 한화테크윈 외국인 러브콜에 신고가
280578,KBS 저널리즘 토크쇼 J 이재명SBS 공방 다룬다
280579,문 대통령 올림픽 노르웨이 선전 기원…복지정책 배울 점 많아
280580,스팸 차단 성공률 SKT 87% KT는 80% LGU 75%종합
280581,日민간연구소 후쿠시마 원전사고 수습에 최대 828조원 필요
280582,김광현 8이닝 1실점…SK 한화 누르고 단독 2위 복귀
280583,시리아 美·터키 안전지대 협상에 주권 침해 반발
280584,獨외무 英의회가 합의문 거부하면 브렉시트협상 계속될 것
280585,US여자오픈 더위 경계했더니…복병 바람 등장
280586,리우올림픽 개막식에 2명의 대통령…직무정지 호세프 참석 희망
280587,프랑스 극우정치인 르펜 노란 조끼 덕에 승승장구
280588,만찬장으로 이동하는 현송월
280589,일왕 즉위식에 참석한 전직 일본 총리들
280590,朴대통령 북핵은 턱밑 비수…해결 않으면 한미에 큰 피해
280591,민주 유튜브 씀서 청년대변인 공개면접 생중계
280592,가봉 부통령·산림장관 해임…목재실종 사건과 연관된 듯
280593,롯데하이마트 아이폰 11 사전예약 실시
280594,지카 비상 대한항공·아시아나 임신부 항공권 무료 환불
280595,훈련으로 슬럼프 극복 중인 DB 포스터…농구 생각만 하려고요
280596,ESPN 가장 저평가된 축구선수는 에릭센…부풀려진 건 코치뉴
280597,정동영 광주찾아 5·18묘지 참배
280598,중앙오션 70억원 규모 전환사채 발행 결정
280599,朴대통령 신기후체제 파리협정 연내비준에 적극 노력
280600,베를린 천사에서 히틀러까지…배우 브루노 간츠 77세로 별세
280601,영국 마르크스 묘에 빈곤의 이념 붉은 페인트 낙서
280602,20년 장기집권 부테플리카 알제리 대통령 사임서 제출
280603,이총리 2년차 국정운영 본격 추진 위해 내각기강 재확립
280604,김동철 민주당의 오만과 독선이 4월 국회 발목 잡아
280605,강남아파트 평당 1억 육박…집값 안 잡히자 또 추가대책
280606,中 당국 홍콩 출판업자 불법구금 논란 확산…일부선 항의 시위
280607,北 무력사용 확대된 日자위대에 무모한 군국주의 부활
280608,택지 보상비 과도하다…보상평가 적정성 검토 79%가 부적정
280609,언론노조 KBS본부 경찰 압수수색 규탄 회견
280610,우주와 행성의 개념 바꾼 연구자 3명 올해 노벨물리학상 영예
280611,헌재 건강기능식품 광고 사전 심의는 사전검열…위헌
280612,시카고상품거래소 하나금융투자 거래중지 해제
280613,KBL 전창진 KCC 코치 등록 승인 요청 불허
280614,IS는 붕괴했지만…이라크·시리아 내 극단주의 온상 그대로
280615,여야 4대강 보 해체 공방…자연성 회복 vs 광기 어린 결정종합
280616,화천쪽배축제 열기로 폭염 날린다
280617,민주콩고서 화물기 추락…대통령실 직원 등 8명 사망 추정
280618,부동산캘린더 중도금 대출규제에도 분주한 분양시장
280619,윤호근 국립오페라단장 단체 정상화 시급…한국오페라도 개발
280620,힐만 감독 산체스 15∼16일 불펜에서 대기
280621,북한날씨 비 또는 눈 오다 오후에 그쳐
280622,구자철·지동원·장현수 연습경기서 맞대결…독일서 코리안더비
280623,2000년 이후 발생한 주요 테러 일지
280624,충북 대체로 맑음…오전엔 짙은 안개
280625,북 이른 시일내 추가 핵실험 가능성 커
280626,해군 동서남해서 동시 대규모 기동훈련…北도발시 응징 경고
280627,한달여만에 다시 만난 김정은시진핑
280628,봄소식 전하는 매화
280629,독립기념일 행사 가던 그리스 총리 헬기 터키 전투기가 위협종합
280630,공공장소에서 아내와 다툰 MLB 샌프란시스코 CEO 자격정지
280631,美대선 선거인단 투표 이변 없다…트럼프 당선 확정될듯
280632,월드컵 외국 언론 한국에 VAR 기술이 불리하게 작용했다
280633,당정 소상공인·자영업자 대출 위한 개인사업자 신평사 도입종합
280634,관객참여 연극 내일 공연인데 어떡하지 다음달 22일 수원공연
280635,고용노동부 업무보고 국기에 경례하는 문 대통령
280636,교보문고 지난해 취업수험서 판매 110만권…역대 최다
280637,대신증권 미국 현지법인 설립…대체투자 상품 발굴종합
280638,러시아 영토 분쟁 쿠릴 섬 해역서 사격훈련 예고…日 항의
280639,MWC 2018 갤럭시S9 내일 오전 2시 공개…달라진 카메라 눈길
280640,입김 불면 색 변하는 필름…위조방지에 적용종합
280641,일본 갈라지고 깨진 부위 스스로 고치는 소재 잇따라 개발
280642,2018 ICT 5G 시대 서막 활짝…4차산업혁명 시대 본격화
280643,방통위 페이스북 접속경로 변경 실태점검
280644,미국 샌디에이고에서 또 경찰 피격…1명 사망·1명 부상
280645,멕시코 새 북미무역협정 비준 절차 개시
280646,위안부 피해자 그림 선생님이 전하는 이야기
280647,KIST 급속 충전·방전 배터리 성능 저하 원인 찾았다
280648,벤투호 아시안컵 대비 12월에 대표팀 조기 소집 추진
280649,말리서 민간인 110여명 살해돼…인종청소 공격 추정종합
280650,아베 9년 집권 위한 친정체제 개각…극우 발탁 우클릭 예고
280651,홍콩 언론 영국 총영사관 직원 중국서 돌아오다 실종
280652,소말리아서 미군기지 겨냥 폭탄테러…알샤바브 배후 자처
280653,한국전력 현대캐피탈 잡고 시즌 3승…시즌 첫 셧아웃 승리
280654,정부 엄중한 정세에도 이산가족 문제 노력 지속
280655,전북 대체로 맑고 가끔 빗방울…최고기온 29도
280656,그리스 총리 프랑스·독일 등 순방…경제정책 협조 구할듯
280657,총선 D10 전주권 국민의당 후보들 친노 패권주의 맹비난
280658,KBS이사회 고대영 사장 해임제청…공정보도 훼손종합
280659,이슬람권 정상회의 폐막…美 이스라엘 편향 정책 공개 비판
280660,박정호 통합 OTT 개방 플랫폼…콘텐츠 제작자 많이 참여할 것
280661,주말 N 여행 올가을 놓치면 안 될 낭만 축제 3선
280662,OCN 팬 모여라…스릴러 하우스 내달 25일 개막
280663,출판계 송인서적 부도 사태 범대책위원회에서 논의종합
280664,한 단계 진화한 S펜 탑재…삼성 노트북 펜 S 내일 출시
280665,남이섬 외국인 관광객 1∼7월 70만명 45% 급증…그 이유는
280666,한국 2분기 구글플레이 소비자 지출 증가율 세계 1위
280667,네이버 아이디로 로그인 사용자 월 1천만명 넘어
280668,KT M모바일 상해보험 제공하는 알뜰폰 요금제 출시
280669,인스타그램 좋아요 수 숨기기 한국서도 시범 운영
280670,36년 만의 北 노동당 대회 5대 관전포인트
280671,트럼프 대권가도 초비상…레이건참모도 부시참모도 힐러리 지지종합2보
280672,김영란법 식사 등 가액기준 원안대로 3·5·10만원 확정
280673,맞대결 후 난투극 맨시티·맨유 징계는 피해
280674,대한배구협회 갤럭시아SM과 마케팅 대행 계약
280675,게시판 방통위 올해 2차 위치정보사업 허가신청 접수
280676,PS 포기 못 해 KB손해보험 3연승 행진…이선규 1천...
280677,伊 베를루스코니 前총리 마피아 범죄 연루 혐의 또 수사선상에
280678,갤노트5·아이폰6s 싸졌다…재고소진 위해 공시지원금 늘려
280679,한투증권 미중 최악 피했지만 증시 영향 제한적일 것
280680,백스테이지까지 무대로…참여형 연극 내일 공연인데 어떡하지
280681,인터넷은행 2년 혁신성 실종 지적에 대주주 심사 시험대
280682,네이버 라인 메신저 통해 글로벌 AI검색 서비스 도입종합
280683,최지만 5타수 무안타 4삼진…3경기 연속 침묵
280684,北 당대회 구시대적 국제정세 인식 드러내통일부 분석
280685,네이버 AI 검색 주력은 이미지·자연어·자동추천종합2보
280686,옥수수 실시간 채널 데이터소모 25% 줄고 화질 좋아진다
280687,MLB닷컴 기자 강정호의 두 번째 기회…주전 3루수 가능...
280688,대통령 품에 안긴 쇼트트랙 선수단
280689,IAEA 현장 조사관들 이란 우라늄 농축 상황 곧 보고
280690,국내 언론이 만든 첫 유튜브 영어뉴스 채널에 외국인 북적
280691,가을향기에 취하다…강원 축제장·유명산 북적
280692,사드 보복 탓에 우리나라 사람도 중국 안 갔다
280693,판문점 선언 문재인 대통령 발표 전문
280694,WKBL 비디오 판독 관련 신한은행 제소 기각
280695,네이버 소상공인·창작자 돕는 AI 도구 본격 출시종합
280696,홍용표 北 인권개선 행복한 통일 위해 매우 중요
280697,정부 관계자 여섯번째 무수단 미사일 성능개선…고각사격 평가
280698,터키 헌재 위키피디아 차단은 표현의 자유 침해
280699,충북경찰청 中랴오닝성 공안청과 국제범죄 공동대응 논의
280700,쌀쌀한 날씨…인천 도심 북적·유명산은 한산
280701,강릉의 겨울을 즐기자…겨울문화페스티벌 2월 개최
280702,카카오맵 버스·지하철 내려야 할 때 알려준다
280703,KCGI측 한진칼 지분 12.68%→13.47%로 확대 예정종합
280704,프랑스 마크롱 브렉시트 합의안 재협상은 없다
280705,국내 최초 국제오르간콩쿠르 생긴다…오르간 음악 진흥 목표
280706,게시판 통일교육원 통일그림동화 소리책 제작
280707,NBA 뉴올리언스 PO 2회전 진출…포틀랜드에 4연승종합
280708,MLB 에인절스·토론토·다저스…류현진 쟁탈전 여전히 진행 중
280709,KT 연말연시 맞아 네트워크 특별대책 마련
280710,정부 중국 저가 단체관광 근절 위한 합동대응팀 운영
280711,게시판 페이코 청구서 서울시 지방세 고지·납부 서비스 시작
280712,정명훈 공백 1년…슈텐츠 서울시향 안정화·국제화에 방점
280713,여자프로배구 흥국생명 2시즌 만에 정규리그 정상 탈환종합
280714,음악스트리밍 1위 스포티파이 이용자 1억명 돌파…광고사업 강화
280715,삼성SDI 2분기 영업이익 1천573억원…2.94% 증가
280716,노트북·태블릿·S펜이 하나로
280717,유니세프 자금부족에 대북 지원사업 난관 RFA
280718,美 중동평화안 겨냥 아랍권 비판 확산…팔 일방적 양보안
280719,탄핵표결 조기대선 불가피…대선 시기는 헌재에 달려
280720,황총리 모범 공무원과 오찬…자부심 갖고 최선다해달라
280721,이란군 석유 밀수 외국유조선 억류…호르무즈 긴장 고조종합
280722,러 매체 김정은 전용열차 24일 오후 6시 블라디보스토크 도착종합
280723,獨국방은 시리아 안전지대 제안 외무는 해외서 반대 파열음
280724,김정은 평양하노이 어떻게 갈까…전용기·임대·기차 분분
280725,경기남부 일부지역에 1∼3㎝ 눈…빙판길 운전 조심
280726,북한 BBC 취재진 추방…현실 왜곡날조·모략 보도했다종합2보
280727,네이버 2분기 영업익 2천852억원…4.6% 증가 그쳐종합
280728,라인 내달 美·日 동시 상장…1조원 조달종합2보
280729,트럼프라이언 오늘밤 통화…라이언 공식 지지 임박했나
280730,서울도시가스 국제종합기계 인수의향서 제출
280731,괴로운 과거사를 공개합니다…일제가 저지른 만행의 기록
280732,당혹스런 與 악재 털고 檢개혁 동력 살리기…국면전환 기대종합
280733,남도문화재단 청년작가공모전 대상에 김유정
280734,배구 남자대표팀 새 감독 이달 말까지 선임…6월초 소집 가능성
280735,불법대출 방치 금감원 규탄 기자회견
280736,민족주의·극우 반대…유럽의회 선거 앞두고 주요도시 집회종합
280737,남북정상 오전 10시께 추가 정상회담…결과발표 예정3보
280738,게시판 롯데면세점 대학생 영상 제작 공모전
280739,2.8독립선언의 산실 재일본한국YMCA회관…공생의 미래 향해
280740,삼각편대 폭발 현대건설 풀세트 끝에 GS칼텍스 격파
280741,민주 드루킹 사건 진상조사단 구성…김경수 적극 엄호
280742,KT 중국 상하이서 열리는 MWC 참가…5G기술 소개
280743,역수출 켈리 MLB 데뷔전에서 6이닝 3실점 호투
280744,여직원은 힐 신어야…노르웨이항공 복장 규정 성차별 논란
280745,美대선 TV토론 연신 코 훌쩍인 트럼프 불량 마이크 탓
280746,부동산캘린더 전국서 1만1천가구 분양…재건축 일반분양 많아
280747,피란수도 부산 1000일의 소리 최우수상 영예
280748,과기부·창의재단 코딩 경연대회 참가자 모집
280749,김동연 부총리와 심재철 의원
280750,폼페이오 우크라이나 의혹 트럼프 통화 함께 들었다
280751,美민주 다크호스 부티지지 아이오와 이어 뉴햄프셔도 선두
280752,伊 극우 연정 성사되나…극우 정당들 총선 연대 모색
280753,5년 뒤 한국관광 메카로…인천관광 청사진 확정
280754,비행기 청소노동자 파업 중 대체인력 투입은 불법
280755,베트남UAE 축구경기 심판 박탈 국민청원에 베트남팬들...
280756,클라우드 해킹 위험 커진다…방치되는 섀도데이터 증가
280757,우승하러 왔다던 박정아 이제 한 게임…빨리 됐으면
280758,사람이 아닐 수도 트럼프가 리트윗한 계정 두고 의혹 증폭
280759,최기영 과기정통부 장관 지능형반도체 팹리스 기업과 간담회
280760,삼성 3Q 애플과 스마트폰 매출·이익 점유율 격차 좁혀
280761,北 김정은 초급당위원장대회서 당일꾼 문제점 질타
280762,OCI 미국 태양광 계열사 매각
280763,랜섬웨어 국내 피해 신고 나흘간 12건…1차 위기 넘긴 듯종합2보
280764,프로농구 전자랜드 셀비 없이 현대모비스에 역전승
280765,10대 자동차생산국 1분기 생산 4.6%↓…한국 4년째 감소세
280766,하이즈항공 161억원 B78710 조립 계약
280767,美 캘리포니아 독립유공자 후손 한자리에…후손찾기 협력
280768,안드로이드의 아버지 앤디 루빈 새 스마트폰 살짝 공개
280769,그래픽 2018 아시안게임 우즈베크전 예상 베스트
280770,갤럭시 폴드 두께 17mm 무게 263g 첫 공개…출시 임박
280771,통일 농구 남북대결서 남자는 북측 여자는 남측 승리종합
280772,권영진 대구시장 직원 조회서 대구·경북 상생 거듭 강조
280773,빅터 차 북미 대화 막히면 위험…대화 일정 잡기 쉽진 않다
280774,스마트폰과 경쟁하려면 혁신해야…새로운 시장 열 것
280775,美 이란 혁명수비대 외국 테러조직으로 지정한다
280776,신간 한국괴물백과·우즈베키스탄에 꽂히다
280777,사상 최악 원전사고 체르노빌 제어실 관광객에 개방
280778,현지 언론 류현진 개막전 훌륭한 투구 이어 또 호투
280779,우리은행 3분기 영업이익 5천950억원…13.94% 감소
280780,단풍 물든 미시령 계곡 걸어요 고성군 탐방 행사
280781,신간 지식패권·내가 가는 길이 꽃길이다
280782,문체부광주 광주 100년 이야기 버스 운영
280783,주간관심주 카페24 급락장에도 최고가 행진…공모가 2.15배로
280784,美 對中관세 투트랙 조치 시사…커들로 합의되면 일부 철회
280785,올해 팟빵 최고 인기 팟캐스트는 김어준 뉴스공장
280786,홍콩 집회 장소에 세워진 민주 여신상
280787,게시판 NH농협금융 부문장 경영협약 체결
280788,마마스건 12월 내한공연…올해 3번째 한국방문
280789,박근혜 선고공판 보도 준비하는 방송사
280790,라가르드 獨 ECB 이사국중 하나일뿐…현명한 부엉이 될것종합
280791,게시판 한은 초등교사 직무연수 참가자 모집
280792,北 송민순 회고록에 南 인권결의 의견 문의한적 없어
280793,더민주 비대위원 일괄 사의표명…金사퇴 중대기로종합
280794,갤럭시 S9과 갤럭시 S9 공개에 세계 이목 집중
280795,삼성전자 1분기 중국 스마트폰 1%대 겨우 회복
280796,베스트셀러 가상화폐 열풍에 블록체인 관련 도서 관심도 커져
280797,MBC 여의도 방송센터 부지 6천억에 매각
280798,아시안게임 로숙영 32점 분전에도…여자농구 단일팀 대...
280799,문희상 국회의장과 악수하는 김동연 부총리
280800,레알 마드리드 맨유 GK 데 헤아 영입에 880억원 베팅
280801,국민의당 사드 반대 릴레이 유튜브 연설 12시간 22명 참여종합
280802,수고했다 갤S7…올해 1분기까지 총 5천500만대 판매
280803,알고리즘에 사회적 차별·편견 투영…비판적 시험 필요
280804,무인 키오스크로 요금 납부…KT 고객채널 디지털화
280805,잊히지않는 기억 홀로코스트 추모일에 反유대·극우확산 경고종합2보
280806,특징주 문재인 테마주 나란히 반등종합
280807,반기문 차기 지지도·당선 가능성 모두 1위
280808,김무성 이재오·주호영 등 비박계 낙천에 제동
280809,여자프로배구 흥국생명 12년 만에 통합우승 달성
280810,인공지능 인력 IT 기업 싹쓸이…학계 두뇌유출 심각
280811,이란 저농축 우라늄 저장한도 초과…핵합의서 발 빼
280812,프로야구 SK 12월 1일 문학구장서 팬과 함께 우승 축제
280813,신년회견 중계 ⑪ 문 대통령 개성공단·금강산관광 제재 독자해제 어려워
280814,폼페이오가 이란방송에…美·이란 배짱 설전
280815,위례신도시 신혼희망타운 분양가 4억원대…여전히 로또
280816,北 파리기후협정 가입…유엔에 가입문건 제출
280817,문대통령 내가 생각한 공감 얼마나 얕고 관념적이었는지 느껴
280818,예멘 반군 닷새간 3차례 사우디 남부 공항 공격
280819,월드컵 D30 ⑦ 월드컵 선배들의 한목소리 기죽으면...
280820,정몽규 회장 대한축구협회에 40억원 기부
280821,1억원 이상 뛴 분양·입주권 3년간 5천건 거래…매매차익 1조원
280822,과기부 10기가 인터넷 활성화 사업 공모
280823,스웨덴판 황우석 사태…사이언스 논문 철회
280824,러 당국 케르치 해협 선박 화재 희생자 20명까지 늘듯
280825,美 화웨이 제재로 LGU 5G망 구축 차질 빚을까
280826,에버랜드 해피 핼러윈호러나이츠축제 내달8일 시작
280827,작년 국내은행 해외점포 순익 8억700만 달러…23.9% 늘어
280828,프로축구 성남 광주에서 뛰던 본즈 영입
280829,美 중·러에 마두로 지원 그만 경고…베네수엘라 전방위 압박
280830,靑 美 구체조치 없이 北 안만난다 사전조건 의미하지 않아
280831,현대상선 자구안 제출…현정은 회장 사재출연
280832,날씨 전국 흐리고 남부 오전까지 비…서울 낮 30도
280833,5.5인치 풀비전 LG Q6 8월 2일 국내 출시…41만9천100원
280834,에티오피아 총리 北 무책임한 행동…우리는 한국편종합
280835,원달러 환율 하락…오후 들어 달러 매도 쏟아져
280836,프로농구 인삼공사 모비스 꺾고 4강 진출…DB나와
280837,IT의 원유 빅데이터…잘 정제하면 혁신 불꽃 피어나종합
280838,테헤란서 쿠드스의 날 대규모 반미 집회
280839,GS샵 내일TV 서비스 출시…모바일 콘텐츠 강화
280840,더민주 선거 관련 당무위 권한의 비대위 위임 의결속보
280841,스위스 알프스 산악에서 열리는 철인 3종 경기
280842,가을 정취에 취한 휴일…유명산·유원지마다 북적
280843,울주 간절곶 전국여자축구대회 개막…울산신문사 주최
280844,녹원씨아이등 4개사 불성실공시법인 지정종합
280845,거래소 ELS 상반기 상장…안정성·환금성 높인다
280846,타들어 가는 유럽…아우토반 속도제한에 휴교령까지
280847,남북정상 북미교착속 평양회담 합의할듯…종전선언 향한 큰걸음
280848,네덜란드 인터넷 아동포르노 신속 제거하지 않으면 벌금폭탄
280849,미래컴퍼니 84억원 디스플레이 제조장비 공급계약
280850,G20 개최지 오사카서 중일 인문교류행사 봇물
280851,화천산천어축제 해외에서 11만명 찾아…세계축제 확인
280852,신문법 개정을 위한 언론노조 정책토론회
280853,트럼프 민주당 대선경선 다크호스 30대 부티지지에도 견제구
280854,동대문 디자인 여행 출간·SeMA 벙커 비전 온 비전展
280855,터키 카슈끄지 살해범 판결 정의에 한참 못 미쳐
280856,靑 확인안된 의혹 부풀리기는 사회갈등 조장종합
280857,바다 유목민 바자우族 잠수 비법은 DNA였다…진화의 결과
280858,MLB 양키스보스턴 역사적인 유럽 첫 경기서 기록 양산
280859,그래픽 서울ㆍ수도권 공공택지 신규 지정 현황
280860,초대형 건물 교통영향평가 강화된다
280861,문대통령 북미중재·판문점선언 이행 투트랙 가속 질주
280862,영화 레디 플레이어 원 원작자 가상현실이 행복 줄 수 있어
280863,프로배구 현대건설 FA 황연주·고유민 잔류 확정
280864,게시판 교보문고 김훈 연필로 쓰기 전자책 출시
280865,긴 추석 연휴…서부경남 가을축제 곳곳 대박
280866,눈길 빙판길 추위에 출근길 비상
280867,작년 통신감시 건수 전년 대비 전반적 감소
280868,헤인즈 결장한 프로농구 SK 김선형 있음에…
280869,윤재옥 고위공직자 재산 허위신고 징계율 1%도 안돼
280870,골든스테이트·클리블랜드 4년 연속 NBA 챔프전서 만날까
280871,아이돌의 꿈·고민·눈물…소설 꿈의 무대 부도칸
280872,그래픽 문재인 대통령 취임 후 남북관계 주요 일지
280873,UAE 외국 투자자 6천800명에 첫 영주권 부여…33조원 유치
280874,저금리전셋값 급등 영향 아파트 거래 시가총액 증가
280875,영상 멍멍 잘 다녀오세요…마루의 특급 배웅
280876,월드컵 신 감독이 자랑하는 세트플레이…손흥민·정우영 발...
280877,한일 강제징용판결후 첫 국장급협의…레이더갈등도 논의종합
280878,북중교역 거점 단둥서 대북제재 이완 조짐…교역 급증세
280879,게시판 LGU 신규 5G 요금제 출시 기념 9월말까지 멤버십 혜택
280880,인사말하는 남궁훈 카카오 게임사업총괄 부사장
280881,추신수 휴식…텍사스 클리블랜드에 115 승리
280882,KT 갤럭시S10 5G 가입자 10만명 돌파
280883,주목받는 충청모임…충청대망론 불지피나
280884,여성독립운동가 서울전 찾은 여군들 숭고한 뜻 본받고 싶다
280885,봄이 왔어요…성남시 벚꽃길 8경 소개
280886,압수수색받는 국민연금공단 기금운용본부
280887,하반기 경제 중도금 대출 규제 분양시장 냉각 우려
280888,성범죄영상 유통 웹하드 특별수사 靑 청원 참여 20만 넘어
280889,인도 英식민통치 시기 민간인 학살 100주년 맞아…사죄 요구
280890,삼성바이오로직스 공모가 13만6천원 확정종합
280891,이통사 내년 멤버십 혜택 줄줄이 축소…가입자 분통
280892,92구 8이닝 1실점…김광현 완투는 아직 욕심내지 않...
280893,삼성증권 일본 지진 국내 항공사에 부정적 영향
280894,中 미국의 화웨이 기소에 강력 반발…강한 정치적 의도
280895,中 정보기관 이번엔 다국적기업 해킹…기업기밀 노려
280896,靑 판문점선언 100일…국민 삶에서 평화가 일상화
280897,지방선거 사전투표율 오전 11시 현재 2.92%속보
280898,한국영화와 대중가요의 만남…100년의 역사를 한눈에
280899,심판 비난 못 참아 포르투갈 축구 심판들 파업 예고
280900,불펜 싸움 승리…다저스 샌프란시스코 제압
280901,제 목소리 낸 국민연금…효성 감사위원 선출 부결
280902,이해찬 남북교류 확대 사실상 종전상태 만들자종합
280903,공인 정보보호 인증 1개로 통합한다…기업부담 줄 듯
280904,인도 북부 불법 폭죽 공장서 폭발 사고…최소 11명 사망
280905,미래부 뇌 연구 발전방향 공청회 개최
280906,삼성SDS 3분기 연결영업익 1천706억원…41.9% 증가
280907,한투·키움증권 2018년 코스닥 우수IB로 선정
280908,유료방송시장 VOD 매출 쑥…IPTV 강세 지속
280909,네이버 검색어 트렌드 기능 강화…쇼핑몰 사업자에 유용
280910,朴대통령 국회와 소통·협력하고 국정동반자로서 존중하겠다
280911,광장 50번 읽었는데…든든한 버팀목 잃어
280912,상반기 월세거래 아파트 비중 40.5%…전년比 3.6%p↑
280913,국왕 서거 태국 방문 시 지나친 음주·오락 자제
280914,朴대통령 北핵실험 관련 아베 日총리와 통화…긴밀히 협력종합
280915,라인 블록체인 전문 조인트벤처 언체인 설립
280916,미르에 빠진 국감…근거없다 vs 실체 드러나
280917,WNBA 박지수 2득점…소속팀은 공동 8위 올라 PO행 희망
280918,포근한 날씨에 충북 유원지·산 행락객 북적
280919,알서포트 주당 10원 결산배당 결정
280920,골밑 압도 여자농구 국민은행 삼성생명 꺾고 3연승
280921,류현진 2020년 FA 랭킹 36위…다저스와 재계약할 듯
280922,신간 모든 것을 제자리에
280923,2분기 해외파생상품 거래 작년보다 35% 증가
280924,이주노동자 산재사망 5년간 60% 증가…일터 옮길 자유 달라
280925,정미경 유작소설 가수는 입을 다무네 출간
280926,北 북미공동성명 채택 보도…새 북미관계 의견교환1보
280927,이란 호르무즈서 억류 英유조선 65일만에 석방 허가
280928,최양희 유령 연구소기업·단말기 할부금 폭리 의혹 점검종합
280929,갤럭시노트7 3일 뉴욕 공개…홍채인식 등 신기술 탑재
280930,김병준 대안없는 비판 안돼…총선 앞두고 잘못된 관행 고쳐야
280931,이란 美주도 反이란 회의 개최 폴란드에 강력 항의종합
280932,갈 데까지 간 바른미래…이번엔 이준석 징계 놓고 충돌
280933,MLB 다저스 올해 안에 파울 보호망 확충 추진
280934,보스턴 NBA 개막전 승리…역시 우리가 동부 최강종합
280935,朴대통령 경제걸림돌 적폐 척결해야…부패예방책 곧 발표종합
280936,與 최고위 김무성 朴대통령 탈당 요구에 분명한 반대속보
280937,약정기간 6개월 이하면서 25% 재약정 땐 위약금 유예
280938,아이씨디 117억원 규모 AMOLED 제조장비 공급 계약
280939,트럼프 미중 기념비적 무역합의 가까워져…안돼도 괜찮아
280940,김정숙 여사 사회복지공동모금회 기부자들과 인사
280941,김관영 드루킹 특검 수사기간 연장 진지하게 검토할 때
280942,당국자 쿠바특사 방북 의례적…한·쿠바 관계개선과 별개
280943,은행권 작년 사회공헌에 9천900억원 썼다…국민은행 1위
280944,인도 야권 총선 개표 앞두고 부정선거 의혹 제기
280945,청년 취업 및 청년 창업 촉진방안 보고하는 홍종학 장관
280946,전 국민 인터넷 시대…60대 이상도 2명 중 1명꼴
280947,당정청 노동 4법 1월 임시국회 처리에 총력 공조종합
280948,KCC 6강 PO 2차전서 전자랜드 제압…1승 1패 장...
280949,단독 삼성전자 애플에 스마트폰 세계 1위 빼앗겼다종합
280950,해운대해수욕장 피서객 감소 피서 용품 대여 매출 증가
280951,광화문에 언론자유 상징조형물 세운다
280952,고향 편하게 가세요…경북교통방송 설날 특별방송
280953,셀카 찍는 문 대통령
280954,폼페이오 이란 협상 테이블로 나와야…무인기 격추 재확인
280955,추상적인 그림 뒤 권력의 얼굴을 보라
280956,민주 청년정책연구소 2기체제 출범…청년 정치혐오 막겠다
280957,우리는 위안부 아닌 전쟁강간 피해자
280958,세계 최대 의결권 자문사 CJ헬로비전 M＆A에 반대
280959,오늘 밤 한미FTA 1차 개정협상…미국의 창과 우리 방패는
280960,SK브로드밴드 초등학생 대상 바른ICT 키즈교실 운영
280961,아약스 유로파리그 4강 1차전서 리옹에 41 대승
280962,북한 지뢰도발 때 음주행사 연 건설기술연구원에 경고종합
280963,페이스북 인터넷기업協 부회장사 승인…업계 협력 강화
280964,국정책임 안졌던 者는 떠나라…與 주류가 전한 靑인식
280965,내일 작별상봉만 남았다…이산가족 둘째 날 단체상봉 종료
280966,개인정보이용 하루 1천명 ICT사업자 손배 책임보험 가입 의무화
280967,1분기 외화증권 보관규모 39조원…15.6% 증가
280968,남북통일농구대회에 北리선권·최휘 참석…김정은은 아직2보
280969,강석주 장례위원으로 본 北 권력서열…최룡해 2인자 입지 굳혀
280970,인터넷신문 심의규정 위반 최다 사유는 기사 표절
280971,그래픽 박찬호·류현진 역대 MLB 개막전 선발 성적
280972,그리핀 시문학상 수상 소감 밝히는 김혜순 시인
280973,이란 시리아 북부 터키군 주둔 용납 못해
280974,충북 맑고 따뜻…청주 23도
280975,SKB 서울국제유아전서 살아있는 동화 2.0 공개
280976,오승환 팔꿈치 수술로 시즌 아웃…국내 복귀하나
280977,개최국 가봉 3무로 아프리카 네이션스컵 8강행 좌절
280978,朴대통령 강력제재로 北에 반드시 상응 대가…북핵 근본변화종합
280979,미국 힙합 뮤지션 위즈 칼리파 5월 첫 내한공연
280980,美항모에 이란은 核카드 만지작…美 합의탈퇴 1년만에 긴장고조
280981,朴대통령 新넛크랙커 직면…국가전략프로젝트·RD혁신 추진종합
280982,방송스태프노조 아스달 노동인권 침해 제작사가 책임 회피
280983,VNL 5주차 관전 포인트…한일전·일본폴란드 6위 다툼 관심
280984,어둠속 영웅들 이야기…MBC경남 부마항쟁 40주년 특집다큐 방영
280985,이란 유럽 7월 7일 응답 기한…핵합의 이행 단계적 축소
280986,특징주 현대글로비스 자동차 화물선 전도 사고에 약세
280987,다저스 터너 류현진에게 작별 인사 정말로 그리워할 거야
280988,신년사 허창수 전경련 회장 규제개혁은 생존의 문제
280989,중국서 디지털 독서 선호 60% 넘어…종이책의 1.5배
280990,현대캐피탈 용병 에르난데스 발목 골절…교체로 가닥종합
280991,코트라 올해 G2 리스크 관리·포스트 美中 개척해야
280992,산기협 창립 40주년 기념식 개최
280993,평양정상회담 인사하는 문 대통령
280994,웹사이트 방문자 63% 첫 페이지만 보고 떠난다
280995,두산 베테랑 좌완 불펜 투수 이현승 1군 복귀
280996,美하원 트럼프의 시리아 철군 규탄 결의안 추진
280997,한방글라데시 비즈니스포럼서 연설하는 이낙연 총리
280998,與 지도부 없고 野 지도부 축사한 정의화 싱크탱크 출범식
280999,게시판 DB금융투자 금융소득종합과세 등 무료 신고대행
281000,왕웨이중 완벽투 NC 시즌 5승…롯데 6연패
281001,GDP로 본 월드컵 1위는 일본…한국은 8위·F조 2위
281002,손흥민 선발로 73분 활약…리그 8호골은 다음에종합
281003,그때 그 마음 어디로…노트르담 재건 기부 약속 이행률 9%
281004,답변하는 김태훈 해외문화홍보원장
281005,내달 4일 서울 여의도서 핀테크인의 밤 행사
281006,두산건설 배열회수보일러 사업부 인수전 2파전 압축
281007,통신재난 때 타사 통신망으로 전화·인터넷 쓴다종합
281008,민주콩고 대선 패배 파율루 개표결과 소송 제기할 것
281009,태극마크 단 라틀리프 한국 사랑 메달로 보답하겠다
281010,미세먼지 경제학 공기 나쁠수록 증시↓…사회적비용 천문학적
281011,종전선언 마중물 기대하는 靑…북미 중재 신중 또 신중
281012,이집트 대통령 정적 아난 전 육군참모총장 석방
281013,국정 교과서에 사드 배치까지…李秋 본색 맞대결 예고
281014,국정원 가까운 시일 내에 남북정상회담
281015,육지는 물난리였는데…서해5도 여전히 가뭄과의 전쟁
281016,주말 N 여행 제주권 어딜 가볼까…1월엔 더 반짝인다 관광 추천 10선
281017,삼성 갤럭시S9 국내 개통 100만대 돌파…3번째 최단 기록
281018,이란 신형 순항미사일 발사 성공…사거리 1천200km종합
281019,화웨이 하드웨어 기술력·투명성 강화…보안의혹 해소 양면전략
281020,中공안 장쑤 화학공단 폭발참사 책임자들 구금
281021,NBA 서부 1위 GSW 동부 1위 보스턴에 4점차 신승...
281022,국감현장 트럼프 승인 발언 논란…주권 국가에 부적절 표현
281023,표절 찬조연설 논란 후 두문불출 트럼프 부인 멜라니아
281024,강정호 4타수 1안타…2루타 노렸다가 실패
281025,45년만에 EPL 복귀 허더즈필드 65년만에 맨유 격파
281026,朴대통령 당청화합·국정협력에 방점…형식은 관례 따를 듯
281027,오바마 국정연설에 시리아난민 초청한다
281028,표준감사시간 도입시 감사시간 평균 65% 증가
281029,KBO 정운찬 총재 류현진·추신수에 축하 서신…자랑스럽다
281030,한국당 원내대표 레이스 본격화…패스트트랙 정국 돌파 첫과제
281031,부실합병·불황 끝에 무너진 우량기업 포스코플랜텍
281032,UEFA 터키 축구대표팀 거수경례 조사에 에르도안 발끈
281033,류현진 상대 선발 바뀌나…워싱턴 감독 셔저 상태 보겠다
281034,포항KBS 구룡포 다룬 라디오 다큐 추석에 방송
281035,평화와 정의 지방선거 연대는 유보적…선의의 경쟁
281036,종이책 구입자에게 책이 보이는 오디오북 체험 제공
281037,SNS돋보기 아이폰 성능 고의 저하 논란에 누리꾼 부글부글
281038,1위 대한항공 삼성화재 완파…현대건설은 선두 등극종합
281039,전창진 전 농구감독 단순도박 혐의도 무죄…증거 부족
281040,黃 제1야당 대표로 첫 삭발 감행…조국 반대 대여투쟁 승부수종합2보
281041,女배구대표팀 월드컵 출격…올림픽 예선 해결책 찾겠다종합
281042,중국군 홍콩 개입하나…캐리 람 상황 악화 시 모든 옵션 가능
281043,잘나가는 한국도로공사의 걱정 한 가지…체력
281044,신한은행 기업여신에 점수화 기반 자동심사모형 도입
281045,신간 오늘 밤에 어울리는·산소 도둑의 일기
281046,영상 트럼프 삼성은 관세 내지 않고 애플은 내…불공평
281047,예고된 탈당 이언주…정치입문 후 7년간 우클릭 또 우클릭종합
281048,文의장여야 3당 회동 무산…오늘 본회의 개의 어려워져
281049,반도체 소재·부품·장비 핵심기술지정…글로벌업체 육성해야종합
281050,특징주 MBK 자금조달 기대감에 급등
281051,삼성 AI비서 빅스비 갤S8부터 에어컨·TV까지 적용
281052,양동근 은퇴투어 후보라는 말에 발끈 기량이 떨어져 보이나
281053,손석희 폭행 고소 김웅 프리랜서 기자 내일 경찰 출석
281054,대한항공 귀화선수 알렉스 한국 이름 진지위로 뛴다
281055,축제의 여름바다에 풍덩…부산바다축제 내일 개막
281056,전주 등 전북 11개 시·군 폭염주의보…무더위 기승
281057,정부 北 개성공단 개발 초기부터 공단 자체운영 검토
281058,황의조 아시안게임 金 포상금 성남 유소년 축구에 기부
281059,INF 조약 폐기 D2…나토 러에 조약 준수 거듭 촉구
281060,이스라엘 대통령 오늘부터 정당들과 차기 총리후보 논의
281061,게시판 중기청 대·중소기업 구매상담회 개최
281062,북한 핵실험 날 주민 2명 압록강 건너 탈북했다
281063,아동청소년 성폭력 피해 현실
281064,SNS돋보기 지난해 국민 11% 국내여행도 못 갔다…여유가 없다 보니
281065,오바마 급진적 이슬람 사용하면 IS가 미국인 덜 죽이는가종합
281066,브렉시트 난맥상…英국민 65% 잘못된 길 가고 있어
281067,게시판 네이버 클라우드 플랫폼 90일 무료체험 행사
281068,북한날씨 대체로 맑음…곳에 따라 비
281069,신한금투 5G 시대로 클라우드 게임 성장 전망
281070,美미시간서 선전한 샌더스 경선 진행할수록 승리 동력 얻어
281071,흔들리는 오승환 SF전 1이닝 3피안타 2실점종합
281072,사이클론 뒤따라 온 복병 콜레라…모잠비크 초비상
281073,삼청동 국립현대미술관서 영화·비디오아트 보세요
281074,내년 전국 집값 0.8% 전세 1.0% 하락할 것건산연
281075,코스피 또 패닉 2050대 연저점…코스닥도 2%대 급락종합
281076,국민 과반 사드 배치·개성공단 전면중단에 찬성
281077,청년 노동자 김용균 1주기 추모식
281078,배구 종별선수권 29일 제천서 개막…117개 팀 참가
281079,오은 대산문학상 시 부문 수상자
281080,中 트럼프 中이 무역합의 파기 주장에 책임 전가 반박
281081,단식 8일 김성태 호흡곤란으로 병원 이송
281082,무대로 간 요절 작가 856쪽짜리 소설…독특한 세계 담아
281083,더민주 불공정 논란 청년비례 심사 중단…제도 전면 재검토종합
281084,금감원 금융그룹 법 개정전에 그룹리스크 해소 준비해야
281085,이란 지역방송 청룽 베드신 그대로 방영했다 사장 파면
281086,러시아 국빈방문 B컷 공개 대통령과 레전설의 만남
281087,이란 대통령 핵합의 잔류 놓고 국민투표 시사
281088,프로야구 2군 감독들 대학야구 선수들을 뽑자
281089,게시판 LG유플러스 대학생 서포터즈 유대감 4기 모집
281090,중고폰 보상 프로그램 공개…11일 안내 사이트 오픈
281091,KT 데이터온 요금제 한 달 만에 가입자 50만 돌파
281092,프로배구 삼성화재 신진식 감독과 1년 계약 연장
281093,與 비주류 당 재산까지도 청산하자…제2천막당사 짓나
281094,국토부 국가균형발전지원단 출범…지역 주도 균형발전
281095,40득점 박정아 용병도 없고 주장이니 책임감 가져야
281096,임종석 정의용 서훈 조명균 송영무 강경화 남북정상회담 수행
281097,화웨이 P20프로 공개…세계 첫 트리플 카메라 장착종합
281098,내일날씨 무더위 식힐 반가운 비소식…밤부터 전국 비
281099,NBA 워싱턴 2차 연장 접전 끝에 보스턴에 역전승
281100,KB증권 삼성전기 MLCC 업황 회복 지연…목표주가↓
281101,스페인 외무 강대국 중국이 원칙 지키면 EU와 협력강화 가능
281102,증권가 한은 선제 대응 이례적…추가 금리 인하론 부상
281103,백원우 접수된 비위첩보 통상절차 따라 전달…주변에 밝혀
281104,게시판 정부 혁신 유공자 36명 훈·포장
281105,유커 잡아라 중국인에 복수비자 확대…10년 비자도 발급
281106,주인 사망했는데 거래 중인 예금계좌 7만2천개…답 못찾는 당국
281107,조직문화 및 제도개선 위원회 브리핑
281108,유승민 바른정당 대선후보로 선출…보수의 희망 되겠다종합
281109,거포 타이스·아가메즈 트라이아웃 신청…파다르는 러시아행
281110,이승우 23분 출전 베로나 아틀란타에 03 완패
281111,코스피 2%대 하락 출발…2170대로 밀려나
281112,사우디 공립초등학교서 여교사의 남학생 수업 첫 허용
281113,수단 야권 군부 진압에 따른 시위대 사망자 10명으로 늘어
281114,트럼프 월드시리즈 우승팀 초청에 투수 1명 불참…또 구설
281115,만 29세 나겔스만 감독 독일축구협회 올해의 감독상 수상...
281116,모스크바 연방보안국 청사 인근서 총격…여러 명 사상
281117,울산대 세계대학 논문 평가서 국내 5위 진입
281118,멈춰선 홍콩…지하철·버스 운행 중단에 이틀째 교통대란
281119,조기 등판하는 갤노트9 하반기 삼성폰 구원투수 될까
281120,中 부정선거 폭로자 딸 실종 재조명…당국 미온적 태도 비판
281121,춘천레저대회 한류스타 출동…KPOP 콘서트로 개막 축포
281122,홍콩 경찰·시위대 달라졌다…강대강 충돌 대신 평화적 대치
281123,SK브로드밴드 설치기사 초소형 전기차 타고 다닌다
281124,월드컵 웹드라마 공개…박지성 카메오로 깜짝 연기
281125,오보 낸 언론사 출입제한 법무부 새규정 논란
281126,답변하는 이낙연 국무총리 후보자
281127,전주고·숭의여고 춘계중고농구연맹전 고등부 정상
281128,러 태평양함대 수중전력 증강…내년 스텔스 강화 잠수함 배치
281129,아프리카 보츠와나 정부 코끼리 사냥 허용 검토
281130,10년 만의 스즈키컵 우승 박항서 매직…돈방석도 예약
281131,바르사 말라가에 02 충격패…뼈아픈 네이마르 퇴장
281132,짱기자가 간다 인간 AI에 완승…번역 대결 현장 통통영상
281133,손학규 바른미래 의원 한국당행 말도 안 되는 소리
281134,오스트리아 빈 이진현 유로파리그 데뷔…팀은 밀란에 대패
281135,김성태 자살조장 등 불법 사이트 5년 새 최대 12배↑
281136,서울시향이 70분만에 들려주는 바그너 반지 시리즈
281137,美 군축대사 이란이 계속 공격한다면 단호하게 대응
281138,SKT 갤럭시와이드3 단독 출시
281139,이란 스파이 혐의 이스라엘 전 장관 11년형 플리바겐
281140,고용부 현대重에 과태료 8억8천만원·규정위반 무더기 사법처리
281141,FA 대박 다가서는 류현진 미국 CBS 랭킹 5위 진입
281142,탈당선봉 문병호 인천 12개 모든 선거구 후보 낸다
281143,기세 오른 한파에 전국 또 꽁꽁…서울 낮 체감온도 11도
281144,北 인민군 박근혜역적패당 제거 위한 보복전 지향1보
281145,러이란 외무 모스크바 회담…이란 핵문제에 美 한목소리 비판
281146,웨어러블 기기용 플래시메모리 개발…성능·유연성 우수
281147,트럼프 힐러리는 또 하루를 쉬네…건강문제 이슈화
281148,프로야구 SK 인천 SK행복드림구장 광고 사업자 입찰
281149,존쿡 델리미트 롯데백화점에 팝업스토어 오픈
281150,朴대통령ㆍ여야대표 20대 국회 출범후 첫 만남…회동 일지
281151,미국대학스포츠 시스템 노예계약과 다름없다
281152,北 3천t급 이상 잠수함 2척 건조중…한척은 핵잠수함
281153,총선 참패 英 노동당 여성 대표부대표 후보 지도부 도전장
281154,트럼프 공공연한 여성비하 믿는구석 있다
281155,분당 위기 국민의당…安·千·金 야권 연대 극한대립
281156,2보트럼프 한국 방위비 분담금 더 늘리기 위해 협상 시작
281157,외국인 3월 주식 사자 전환…채권은 순투자 지속
281158,공개 열흘 앞둔 갤럭시S8…스펙은 다 나왔다종합
281159,4월의 신부 배유나 신혼여행은 나중에 갈 거예요
281160,갤럭시S8 맞이 분주한 유통점…벌써 구매 문의
281161,인도 이란 요청대로 7조원대 원유수입 잔금 유로화로 지급 계획
281162,반군 휴전 거부하자…시리아 정부군 공격 재개 선언종합
281163,512명 태운 크루즈 대서양서 화재…신속구조에 사망·실종 0명종합2보
281164,KB금융 계열사 대표 재정비…KB증권 대표 후보에 박정림·김성현
281165,이들을 주목하라 U20월드컵의 검증된 예비 슈퍼스타
281166,밸런타인데이 선물로 빨간 장미는 피해라
281167,총선 앞둔 인도 정치권 최대 화두는 합종연횡
281168,자살 막자 …KAIST 학생들 생체신호 수집한다
281169,JTV전주방송 아일랜드 공영방송 TG4 채널과 MOU
281170,프로축구 2부 안양 아산에 30 완승…3경기 무승 부진...
281171,삼성 포르쉐 익스피리언서 홈 시네마 솔루션 선보여
281172,가상화폐거래소 빗썸 매각 사실상 무산…잔금 납입 어렵다종합
281173,설악권 떠나는 ITX청춘 1박2일 관광열차 14일 첫 운행
281174,도로공사 거침없는 5연승으로 4위→2위 도약종합
281175,갤S8 MWC상하이서 최고 스마트폰 수상…SKT는 5G 혁신상종합
281176,김정은 벌벌떠는 美전략무기로 北 핵폭주 제동 건다
281177,트럼프 국무장관 물망 볼턴 북한 선제공격 가능성 제로종합
281178,경기교육청 미등록 건설업체 제재 감사원 통보 미이행
281179,류현진 20일 등판 확정…팀타율 최하위 신시내티 상대종합
281180,中 韓日에 미국의 새 중거리미사일 배치 말라 경고
281181,경북 북부 산간 한때 호우주의보
281182,미세먼지로 뿌연 바다 태안 해수욕장 상인들 울상
281183,특징주 에이치엘비 신약 기대감에 시총 5위 진입
281184,방정오 측 법정서 검찰과거사위 믿을 수 있나 주장
281185,安 광기 정치 멈춰야…千 비례 5선 기네스북 등재해야
281186,러시아 빙상연맹 빅토르 안 코치나 고문으로 재영입 희망
281187,시에라리온에서 홍수로 7명 사망·이재민 8천명
281188,강경화 외교장관 북 김영남과 환담
281189,현대씨앤에프 싱가포르 법인 설립
281190,美국무 트럼프의 한·일 핵무장 발언 가장 위태로운 발상
281191,새누리 위헌성 다분…논란 국회법 거부권 여론몰이
281192,누구나 인터넷 생방송…도둑·음란·폭력 방송 논란
281193,상속 그 역사와 민낯을 들여다보다
281194,프로축구2부 안산 부천에 31 역전승…7경기 무패행진
281195,눈쌓인 경복궁
281196,텍사스 추신수 휴스턴전서 4타수 무안타 1볼넷
281197,광주 아파트 청약 경쟁률 주춤
281198,시리아 반군 정부군 공세에 거점 도시에서 철수
281199,나혜석 소설 경희 발표 100주년 문학그림전
281200,서울 13개 공공기관 공공혁신 위한 업무협약
281201,작년 12월 산업생산 1.2% 증가…소비는 두 달째 감소종합2보
281202,맨유·맨시티 테러피해자에 100만 파운드 기부
281203,교체된 테헤란 옛 미 대사관 외벽 반미벽화
281204,날씨 오전 전국에 비 내리다 오후부터 그쳐10일
281205,이란 핵합의 이행 축소 2단계 발표…중수로 관련인 듯
281206,신간 방탄사고·지리는 어떻게 세상을 움직이는가
281207,靑 상시 청문회법은 행정부 마비법…즉시 개정돼야
281208,신태용호 1월 전훈 기간 몰도바·자메이카·라트비아와 평가전
281209,필리핀 아시안게임 남자농구 불참…한국에 호재 될까
281210,우병우 정운호 몰래 변론 의혹은 찌라시 수준 소설종합
281211,시리아 북서부서 정부·러시아군 공습으로 민간인 12명 사망
281212,졸업의 기쁨 육사생도들
281213,책의 해 개막…SNS·서점·도서관 1년 내내 풍성한 독서축제
281214,울산 민노총 윤종오 당선인 수사는 공안탄압
281215,4차산업혁명위 첫 회의 화두…사람 중심의 혁명이어야
281216,바이러스 검출·면역검사 오염 없이 동시에…검사 효율↑
281217,보잉 인니 추락사고 후 737맥스8 결함 경고…교육 지시
281218,문 대통령 비무장지대 내 철수 GP 남북 상호검증에 박수
281219,남북군사회담 14일·체육회담 18일·적십자회담 22일 개최종합3보
281220,한전산업 476억원 규모 검침용역 계약
281221,배틀그라운드 11월 14일 서비스 시작
281222,朴대통령 세계지식재산기구 사무총장 접견
281223,정의장 국민의 뜻 담는 개헌 위해 차근차근 준비할 것
281224,퇴장 공방 전북 제주 꺾고 신바람 6연승 행진종합
281225,SC제일은행 6개월만 가입해도 연 1.9% 금리 주는 예금 출시
281226,차기 해양경찰청장에 조현배 부산경찰청장 내정종합2보
281227,아이폰8 예약판매 주말도 지지부진…X에 발목 잡히나
281228,호텔에서 명절음식을 호텔업계 추석맞이 이색선물 출시
281229,평양정상회담 만찬장 향하는 남북정상
281230,北 장거리 미사일 발사…北 완전성공·한미 사드 공론화종합
281231,부상 권창훈 서울광장 출정식 불참…월드컵 사실상 불가능
281232,터키 법원 테러선전 혐의 국경없는기자회 대표에 무죄 선고
281233,獨 쾰른 성당서 가톨릭 교회 성평등 인간띠 시위
281234,경기 개선·北리스크 완화…원화 가치 상승률 G20 중 2위
281235,전북 단장 김민재 이적 베이징·톈진 중 신중하게 선택
281236,길따라 멋따라 눈 내린 남도 조선 고택과 근대 고택의 특별한 매력
281237,LG전자 온라인서 V50 씽큐 카메라 성능 알리는 괌 사진전
281238,2018 문화 내년 클래식 화두는 피아니스트
281239,콘텐츠 이용자 보호 우수기업 선정·경주 월성 사진전
281240,차두리 코치 월드컵 헤드셋 FIFA 워크숍 참석차 출국
281241,남수단 대통령·야권 지도자 내주 교황청 회동…신뢰구축 초점
281242,르노삼성 고속도로 휴게소 4곳서 추석연휴 무상점검
281243,인터뷰 김인식 KOICA 이사장 코리아 에이드 반드시 성공
281244,EU 이탈리아 2020년 예산안 수정 요구 계획 없어
281245,타이스 32점 폭발…삼성화재 3경기 연속 풀세트 접전서 승리
281246,WNBA 박지수 선발 출전 17분간 4점7R…데뷔 후 ...
281247,에티오피아 중부서 무장괴한 공격에 광부 5명 숨져
281248,끊이지 않는 총성…시리아 정부·반군 교전에 60명 사망
281249,백의종군 문성민 평생 에이스일 순 없어…모두에게 감사
281250,캐나다 BC주 올 한국 유학생 40명에 입학 장학금
281251,네이버 지역신문 차별 투쟁 나선 전대식 지신노협 의장
281252,개 매단 채 질주 中운전자 목욕시키고 물기 말리려고
281253,KT 어린이용 스마트워치 아키 단독 출시
281254,삼성전자 2주간 갤럭시 노트9 팬 파티 진행
281255,트럼프·힐러리 위스콘신서 열세…경선 장기화하나
281256,미이란 전운에도 계속되는 테헤란 시민의 일상
281257,호주 대도시 인구집중화 가속…시드니 인구 500만명 초읽기
281258,남북정상회담 D5 준비가 생명 남북 리허설 또 리허설
281259,태용호 올여름 임기마치고 귀국예정이었다…골프·테니스즐겨
281260,일본의 수출 규제 조치 논의 WTO 일반이사회 개막
281261,KB국민카드 모바일 채팅으로 카드발급 심사하고 한도 증액
281262,폭풍성장하는 스마트워치 시장…애플 경쟁자가 없다
281263,전자랜드 kt 5연승 도전에 찬물…2연승 행진종합
281264,범죄 줄여라…내달부터 에티오피아 수도서 오토바이 금지
281265,남북정상회담 오전 회담 마치고 다시 북으로
281266,SBS노조 지주회사 해체 요구 철야농성 돌입
281267,메이저리그 인종·성 평등 고용 평점 B
281268,프로야구 SK 2년 연속 SK 와이번스 폰 출시
281269,일률 적용 저축銀 대출 중도상환수수료 내년부터 차등화
281270,존슨 헐크처럼 강력히 브렉시트…유치한 비유 비난종합
281271,양승동 KBS사장 20만명 넘은 수신료 분리징수 청원에 송구
281272,민주 국회 보이콧 공허한 엄포 멈춰라…한국·바른미래 맹공종합
281273,北 박근혜 아니더라도 대화상대 얼마든지 있다
281274,충남 예산 농촌 고교생들 분데스리가 3부 진출종합
281275,추신수 아시아 선수 첫 빅리그 200홈런 금자탑종합2보
281276,공격용 총기 규제 美대선 쟁점될까…민주당서 지지 목소리
281277,아르헨티나 경찰 페르난데스 전 대통령 두번째 압수수색
281278,세계 흩어진 한민족 화가들 한자리에 모여 전시
281279,그래픽 남북정상회담 D1 미리보는 남북정상 만남의 순간
281280,누워서 타는 자전거로 평창동계올림픽 홍보
281281,이스라엘팔레스타인 가자지구 무력 충돌 중지 합의
281282,어제 남북회담은요...
281283,한진 사태 피해 최소화 부산 수출물류 애로신고센터 가동
281284,우간다도 대북압박 동참…朴대통령 北네트워크 허물기
281285,김연경 배구 인기 유지하기 위해서라도 도쿄올림픽 출전권 꼭
281286,아시안게임 남자축구 2연패 일군 김학범 감독 8강전 ...
281287,英 존슨 총리 스코틀랜드 농가 등 방문해 지원 계획 발표
281288,산은 회장 GM 한국법인 일방적 신설 안돼…가처분 신청종합
281289,뒤늦은 트럼프 효과 트위터 이용자 급증…분기 매출은 하락
281290,노랗게 물든 산수유 마을
281291,판문점 선언 환송공연장으로
281292,베스트셀러 고요할수록 밝아지는 것들 4주째 선두 독주
281293,통신재난 개선 TF 출범…연말까지 근본대책 마련
281294,2020예산 소재·부품·장비 경쟁력 확보…내년 국가 RD 예산 24조원
281295,英 EU 반응 기다리자…브렉시트·조기총선 논의 잠잠
281296,소니 프리미엄폰 엑스페리아 XZ1 20일 국내 출시…79만9천원
281297,복근 파열 강소휘 女배구 대표팀서 제외…올림픽 예선 ...
281298,KISA 사이버보안전문단 우수 프로젝트 3편 포상
281299,시리아 대통령 친인척 대규모 투자 약속 후 英거주권 받아
281300,국민연금 작년 4분기 자동차부품주 대거 사들였다
281301,프로배구 샐러리캡 위반 한국전력에 벌금 3억2천500만...
281302,앨러다이스 감독 사퇴…이청용 입지 변화 생길까
281303,생애 첫 라이트 출전 정지윤 재밌지만 어려웠어요
281304,게시판 한화투자증권 타사 주식 입고 시 현금 지급 이벤트
281305,김연경 13점…상하이 챔피언결정전 1차전서 톈진에 패배
281306,MLB닷컴 올스타전 예상 명단 발표…류현진은 없네
281307,내일날씨 전국에 봄비 소식…낮기온 7∼16도로 포근
281308,신간 말리와 함께한 4745일
281309,모두투어 1분기 영업익 105억원…10.31%↓
281310,OBS 6·13 지방선거 결산 토론회 다중수어 방송
281311,올림픽 개·폐회식장 철거 규모 줄여 기념관 공간 늘리자
281312,미 연준 금리인상 속도조절 시사…원달러 환율 하락 출발
281313,김무성 지난달 선친 묘 경남 함양으로 이장
281314,게시판 KT 2019 한국 에너지 대상 국무총리 표창 수상
281315,민주노총 울산 여성긴급전화 법인 즉각 수탁 철회해야
281316,25% 요금할인 신규약정 우선적용 가닥
281317,나포된 중국 어선서 선원 도주…해경 추적 중
281318,한국전력 배구단 성산일출봉 해맞이…떠오르는 해처럼
281319,철거되는 산불피해 주민의 보금자리
281320,게시판 롯데면세점·송파구 관광 활성화 협력키로
281321,동아엘텍 중국 LGD와 111억원 디스플레이 장비 공급계약
281322,세계기자대회 환영사 하는 이용섭 광주시장
281323,신간 우리는 지금 토성으로 간다·생명의 사회사
281324,대북제재 국면서 北해외식당 종업원 13명 집단 탈출해 입국종합2보
281325,한국·바른미래 김기식 금감원장 갑질…사퇴하라종합
281326,LGU 중소기업과 5G 상생…이노베이션 랩 열어종합
281327,이란 대통령 이란 원유 수출 막히면 호르무즈 위험해져
281328,아프리카TV 베트남 시장 공략…현지 엔터社와 MOU
281329,연합뉴스 네이버 모바일 채널 구독자 100만명 돌파
281330,신한금투 KB금융의 현대증권 고가매입 판단 이르다
281331,남북정상회담 D20…문 대통령김정은 첫 핫라인 통화 언제쯤
281332,北 발사한 SLBM 500여㎞ 비행…사실상 성공·남한전역 타격권
281333,SK텔레콤 갤럭시 와이드2 출시
281334,MLB 헌터 펜스의 반전 마이너 계약→올스타 선발 출전
281335,KBS 압수수색 시도 항의 방문
281336,태양 밝기 5천700억 배…역대 가장 강력한 초신성 관측
281337,한국당 오후 네이버 방문…실시간 검색 조작 극에 달해
281338,열받은 바다에 기후재앙 위기…130년치 열 18년간 흡수
281339,심상정 금융회사 계열사간 펀드 수수료 몰아주기 심각
281340,트럼프 방일·한국 때리기에도 日 아베내각 지지율 제자리
281341,태블릿PC 조작설 변희재 허위사실 아니다…영장심사종합
281342,한국여자배구 아시아선수권 8강…올림픽 대륙 예선 출전권 확보
281343,민주 6월 국회 개헌 합의는 꼼수…한국당에 맹공
281344,방문객 가장 많은 경기도 관광지는 에버랜드…외국인은 임진각
281345,노예 출신 아프리카계 미국인 첫 가톨릭 성인 되나
281346,천적 양현종 공략 성공…LG 시즌 첫 홈경기 승리
281347,경총 상법 개정안 반대…국회에 의견 전달
281348,일본 스마트폰 시장은 애플 천하
281349,젊은과학자상 수상 후보자 공모…로봇 부문 신설
281350,카바니와 페널티킥 논쟁 벌인 네이마르 팀 동료들에게 사과
281351,제9회 대한민국발레축제 간담회 열려
281352,러 美 철군계획 수정 이해 안 돼…불확실성·혼란 심해
281353,게시판 KB금융 은행·증권 복합점포 56개로 확대
281354,춘천MBC 보도 다큐 꿀벌의 죽음 휴스턴 국제영화제 특별상
281355,IS 이라크군 협박 동영상 유포…이라크 일부서 부활
281356,권창훈 개인보단 팀…분위기는 상당히 좋아
281357,증시신상품 미래에셋대우 글로벌 ELS 등 8종 판매
281358,이원종 선거법 편파 기소 지적에 靑 개입 안해
281359,리얼미터 여야 3당 지지율 동반하락…현안 해결능력 부족
281360,수산과학원 독일 연구소와 수산생물 질병 공동연구
281361,프로농구 kt 음주운전 박철호에 27경기 출전정지 징계
281362,서울 아파트 반짝 거래 늘었지만 여전히 역대 최저
281363,화천산천어축제 대표축제 선정 통 큰 이벤트
281364,음주 운전하던 50대 경찰관 시민 신고로 덜미
281365,문 대통령 국정지지율 67.6% 김기식·드루킹 악재에도 반등
281366,루키 센터 정지윤 양효진 선배는 도저히 따라잡을 수 ...
281367,봄이 오는 덕수궁
281368,소상공인 58% 현 지자체 소상공인 정책 불만족
281369,최종구 금융위원장 사의 표명…은성수 등 후임 거론종합
281370,호날두 A매치 71골…역대 최다골 9위로 껑충
281371,美전문가 협상없는 대북압박 안 통해…상호주의 필요
281372,브렉시트 지켜보는 스위스 복잡한 속내…노동시장 개방 고심
281373,평화통일 랩으로 불러볼까…진도서 19일 청소년 랩 콘테스트
281374,내일날씨 맑지만 일교차 커 감기 주의…낮 최고 0∼7도
281375,韓 조선업 中 제치고 2년 연속 수주 1위 기대…고용 11만명대
281376,전병헌 사의 표명에 착잡한 與 檢 움직임에 촉각
281377,뇌신경망 형성·유지 메커니즘 발견
281378,MWC에서 첫선 보이는 LG V30S ThinQ AI 카메라
281379,영상 5년 만의 기회…오늘 밤 맨눈으로 혜성 보세요
281380,청년 셰프와 함께하는 페스티벌
281381,내일날씨 장마 시작 밤부터 남부 강한비…늦은밤 전국 확대
281382,세밑에도 불 켜진 헌재…송朴영신 구호 속 심판 준비
281383,특징주 호텔신라 기대 이상 실적에 이틀째 올라종합
281384,게시판 과기한림원 과학기술혁신본부에 바란다 토론회
281385,네이버 8년 장수 기획 지식인의 서재 시즌 2 나온다
281386,에어포스원 동승해 유세장行…오바마힐러리 정권연장 출격
281387,제27차 대한상의 유통위원회
281388,몸값 1위 축구선수 네이마르…손흥민 780억원 50위
281389,전문 문대통령 북핵 포기 北내부서도 되돌릴 수 없을 만큼 공식화
281390,키프로스 해안경비대 시리아 난민 보트 구조
281391,민주 김성태 출산주도성장 집중포화…귀를 의심했다
281392,올 설 차례상 비용 전통시장 평균 23만∼24만원종합
281393,조선 후기부터 현대까지 자료 집대성…한국의 장기통계 출간
281394,인터뷰 류현진 같은 실수 안 하려 해…전반기 내 점수...
281395,인터넷기업協 정부 망 이용계약 가이드라인 제정 반대
281396,롯데 홈런공장 SK 홈에서 4홈런 폭발…2연승
281397,경남 전역 폭염특보…피서지마다 더위 탈출 인파종합
281398,채권 전문가 채권금리 4월에 상승할 것
281399,LGU AI 스마트홈트·AR쇼핑 출시…5G 서비스 2.0 도약종합
281400,리라화 하락 진정세…원달러 환율 3거래일 만에 하락 마감
281401,최지만 연장 18회에 적시타…탬파베이 미네소타에 승리
281402,부마항쟁단체 文 후보에 항쟁의 명예 세워달라
281403,갤럭시 폴드 美서 실물공개…외신 주름 있지만 거슬리지 않아
281404,kt 12일 두산전서 니퍼트 100승 기념행사
281405,SK브로드밴드 신학기 맞이 신규고객 대상 경품행사
281406,꽃도 보고 공연도 즐기고 연천서 30일 코스모스축제
281407,백혈병 치료제 글리벡 비만·당뇨에도 치료효과
281408,미니 슈퍼화요일 약해지는 샌더스 돌풍…뒤집기 역부족
281409,월드컵 진출하자 말그대로 들썩인 페루…지진알람까지 발동
281410,MWC 간 한국…기술경쟁보단 동반성장 벤처육성 무대 활용
281411,강등위기 레스터시티 라니에리 감독 변함없이 지지
281412,특징주 한진그룹株 한진해운 추가 지원 리스크에 약세
281413,롯데백화점 애니메이션 런닝맨 팝업스토어 선보여
281414,당 혁신 논의하는 한국당 초선의원들
281415,남양 곰팡이 발견 아동용 음료 판매중단…공식 사과
281416,게시판 서울신라호텔 3인전용 상품 출시
281417,특징주 아이씨디 작년 호실적 소식에 오름세
281418,BBC 월드컵으로 이적 가능성 생긴 10인에 조현우 포함
281419,KT 상용망에 블록체인 첫 적용…인터넷 접속 동시에 본인인증종합
281420,드론·자율주행차 등 무인이동체 개발에 400억 투자종합
281421,정의당 박근혜 정부에서 이뤄진 가장 책임 있는 결정
281422,인천 사거리서 버스 트레일러 등 8대 추돌…7명 부상
281423,노동부 재량근로제 지침 발표…일본 수출규제 대응 차원종합
281424,서병수 오거돈과 다시 격돌 가능성…이호철 어려운 상대
281425,게시판 LG유플러스 2018년 지속가능경영 보고서 발간
281426,대신증권 美 對중국 추가관세 부과 가능성…증시충격 우려
281427,양파 이어 마늘값도 최대 30% 이상 폭락
281428,반이란·반미 구호 뒤섞인 이라크 반정부 시위
281429,KTG 1월 영업이익 701억원…37% 감소종합
281430,화창한 휴일…충북 유원지·유명산 나들이객 북적
281431,국고채 금리 혼조세…3년물 연 1.149%
281432,남녘에서 올라온 봄소식…전국이 벚꽃 축제로 들썩
281433,아슬아슬 SK 박종훈 KS 5차전 5이닝 1실점
281434,中 일부 네티즌 사드 옹호…모기 잡을때도 총력전 펴는데
281435,아이폰XS 국내 10월말 출시 유력…맥스 최고 200만원 넘을 듯
281436,증권·보험사 해외 대체투자 급증…리스크도 급상승
281437,신영철 감독 아가메즈는 서브에 초점…경기감각 끌어올리겠다
281438,좌초 유람선 버리고 달아난 伊선장 과실치사 징역 16년
281439,MLB 역대급 홈런 행진…6천700개 생산 페이스
281440,사우디 제한적 술 허용 검토 보도는 허위
281441,삼성증권 삼성전기·LG이노텍 주가 부진은 사업구조 때문
281442,전시장에 펼쳐진 대동여지도
281443,中 최대 핵무기 보유국은 미·러…군축 책임 이행해야
281444,한일전 승리 지휘 라바리니 감독 우리 선수들 승리 마...
281445,바그다드 외교단지 겨냥 박격포 공격…인명피해 없어
281446,현정은 회장 현대엘리베이터 작년 연봉 27억원
281447,그래픽 한일 뱃길 승객 감소 추이
281448,국내 주식형 펀드서 엿새째 자금 순유출
281449,美에너지장관 트럼프 지시로 줄리아니와 우크라 관련 통화
281450,과학기술심의 4년 뒤 연구개발특구 기업들 매출 100조 목표
281451,與 서울시당 강용석 복당신청 만장일치 불허종합
281452,KT 태국 이어 보츠와나에 기가 솔루션 공급
281453,여야 개헌 공방 격화…대통령 개헌안 난상토론 예고종합
281454,STX중공업에 현저한 시황변동 조회공시 요구
281455,野 潘 방한에 시큰둥…제주포럼 만찬 동석 아무도 없어
281456,대만 홍콩 정부에 시위 사태 촉발한 살인범 데려가겠다
281457,영화음악 도전 에스더 유 클래식 음반과 다른 매력
281458,비열하기 짝이 없는 사건…아베 성난 오키나와 민심 달래기
281459,FC서울 6경기 만에 첫 승 신고…고요한 멀티골로 포항 제압
281460,IMF 유럽은행 3곳 중 1곳은 경기회복해도 수익성 취약
281461,비 온 뒤 땅이 굳는다…한화가 기대하는 송광민 효과
281462,올해 아이폰으로 찍은 최고 사진은
281463,경기도 5개 시 오전 11시 건조주의보
281464,28종 부동산 민원 온나라부동산포털서 한 번에 처리
281465,中축구협회 광저우ㆍ베이징 등 외인용병 영입경쟁 과열 경고
281466,미래부 연구실 안전의 날 기념행사 개최
281467,남북정상회담 세 번의 만남 세 번의 악수
281468,유엔 세계식량계획 사무총장 16일 SK두산전 시구
281469,대우조선해양에 연내 추가 증자 조회공시 요구
281470,보수논객 변희재 오늘 구속심사…태블릿PC 조작설 유포 혐의
281471,NYT 부패 정치인 국가자산 은닉해 민주질서 심하게 손상
281472,군부가 축출한 바시르 수단 전 대통령 교도소 수감
281473,국제유가 캐나다 생산차질 우려 완화로 하락…WTI 27%↓
281474,베네수엘라 정부 살인적 인플레 잡으려 조용히 시장통제 완화
281475,민주 한국당 습관적 보이콧…4월 국회 파행에 야당 맹공
281476,게시판 미래부 창의콘텐츠 크리에이터 75 발대식 개최
281477,주주들이 사외이사후보 추천해주세요…신한지주 두번째 공모
281478,LG전자 네이버와 손잡고 듀얼스크린 생태계 확장
281479,남북고위급 회담 참석한 리선권 위원장
281480,국토부 한남3구역 시공사 제안서 다수 위법…특별점검 착수종합
281481,다함께 걷자 놀자…15일 군포서 다문화한마당
281482,英가디언 모리뉴 맨유 떠나기보단 임금 대폭 인상 원해
281483,아시안게임 남자 3대3 농구 키르기스스탄 상대 첫 승
281484,5시간 40분 혈투 로버츠 류현진이 던졌는지도 까먹었다
281485,진주시 공직자 부조리 척결…익명신고시스템 도입
281486,프로 첫 승리 넥센 이승호 친정 KIA 상대라 묘한 기분
281487,축구협회 26일 2차 정책제안 간담회…유소년 육성 의견 수렴
281488,MLB 유튜브에 후반기 13경기 생중계 콘텐츠 독점 제공
281489,광주시청사에서 열린 피아노 연주회
281490,미세먼지 덕에… LG전자 新가전으로 1분기 실적 선방 기대
281491,프로농구 DB 승리의 버튼 체력 걱정 나는 이제 24살
281492,이란에 억류됐던 英유조선 두달만에 풀려나…공해로 이동중종합
281493,북마케도니아 대선 1차투표…국호변경 쟁점
281494,무료로 수상레저 즐기세요…6개지역 체험교실 운영
281495,국립현대미술관 50주년 소장품 0 옹색한 출발…亞 최대로
281496,심상정 어떻게든 선거제 개혁…이해찬 소통 부족 유감
281497,강규형 전 KBS 이사 해임 효력 중단 신청했지만 기각
281498,메이크샵 쇼핑몰 창업·운영 지원 원스톱 플랫폼 출시
281499,박병호 넥센 스프링캠프 첫 실전 경기에서 홈런포
281500,이방카 국제회의서 美국무부 대변인과 짜고친 인터뷰 구설
281501,美 재무장관 발언에 달러 약세…원달러 환율 5.2원 하락
281502,이라크 총리 다시는 다른 나라의 전쟁터 안될 것
281503,단독檢 김기춘·우병우 직권남용·직무유기 피의자 수사종합
281504,英 진출 뉴질랜드선수들 러시아월드컵 PO 때문에 지구 한...
281505,바른미래 反조국연대 동상이몽…당내 역학구도 술렁
281506,사우디 석유시설 공격 미사일 파편 공개…이란 배후 주장
281507,세월호특조위 연장 놓고 여야 대립…농해수위 전체회의 연기종합
281508,캐나다인 44% 올 경제 비관 전망…낙관은 19%에 그쳐
281509,남미순방 과이도 軍 600명 정권이탈…美 마두로측 6명 제재종합
281510,게시판 하나금융그룹 스마트 홍보대사 발대식
281511,日총무성차관 낙하산 취업 공직 선배에게 내부정보 누설
281512,여자농구 KDB생명 신한은행에 또 져 19연패
281513,北 무수단 미사일 2발 발사…1발은 400여㎞ 비행·성공 평가종합2보
281514,김경수 여야 특검 합의 직후 모든 것 걸고 싸워 이기겠다
281515,LG페이·핑거터치 탑재한 실속폰 LG X4 출시…29만7천원
281516,미인도 전시논란계속…작가명 안쓴다 vs 역시 저작권 위반
281517,아시안컵 조 추첨 5월 5일 UAE서 개최…신태용 감독 참석
281518,미국 LA 인근 블루 컷 산불 닷새 만에 진정국면…진화율 68%
281519,한은 경제성장률 작년 3.1% 추정…올해 3.0% 전망
281520,10대그룹 상장사 토지가액 73조…현대차 최고 땅부자
281521,넷플릭스 기대 이상 실적발표…3분기 357만 명 신규구독
281522,FIFA 무자격선수 출전 볼리비아 항소 기각…2경기 몰...
281523,카카오 온라인서 로이터 사진전 독점 공개
281524,현대차그룹 청소년 영화 인재 육성 지원
281525,오늘 남북 통신 실무회담…정상 간 핫라인 구축 논의
281526,英 엘리자베스 2세 여왕 남편 필립공 입원…예방조치 차원
281527,네이버 실시간 검색어 일부 개편…같은 연령대 관심사 먼저 표출
281528,키움증권 LG생활건강 1분기 실적 호조…목표주가↑
281529,삼성 갤럭시A90 5G 내일 출시…89만9천800원
281530,신간 논문이라는 창으로 본 과학
281531,네이버 기업 요청받고 총수 일가 연관검색어 삭제
281532,美터키 정상 또 통화…시리아 해법과 테러위협 제거 논의
281533,北 첫 수소탄 성공 4차 핵실험…정부 상응대가 강력대응종합4보
281534,추신수 통산 199호 홈런 작렬…아시아선수 최초 200홈...
281535,바이오경제 가속화 지원…AI 활용 신약개발에 580억원 투입
281536,이란 핵합의 이행 일부 중단에 각국 반응 엇갈려
281537,위클리 스마트 다이어트도 스마트하게
281538,다음달 공개 갤럭시노트8 주요 사양은
281539,2분기 재건축·재개발 분양물량 작년동기 대비 4.4배
281540,유엔 부족간 충돌로 민주콩고서 지난달 890명 숨져
281541,김문수 전 지사 북핵 실험 규탄 1인 시위
281542,월드컵 주장 기성용 함께 가지 못하는 선수들 몫까지 ...
281543,국방부 北 미사일·잔해 우리 영토로 낙하하면 요격
281544,4·13 총선 후보등록 마감…지역구 경쟁률 3.73대 1종합
281545,朴대통령 이철성 경찰청장 등 차관급 8명 임명장 수여
281546,국민 74.4% 통일 필요…올해 들어 7.7%P 하락
281547,U20월드컵 베네수엘라 두다멜 감독 국민의 응원 큰...
281548,구글·페이스북·아마존 독과점 해소 못 하면 미 경제 위기
281549,신간 보건의료 빅데이터로 영리를 추구하는 기업들
281550,이란 핵합의 이행 일부중단 선언…유럽 60일내 응답해야종합
281551,KTB투자 한샘 중장기 실적 성장 기대…목표주가↑
281552,거리 좁히는 中·日…내일부터 베이징서 고위급 경제대화
281553,류현진 역사적인 MLB 올스타 선발 데뷔전서 1이닝 무실점
281554,국민경제자문회의 위원들과 함께 입장하는 문 대통령
281555,또 고개든 개헌론…정파마다 주자마다 셈법 달라 험로
281556,세기의 대국 우승 트로피는 알파고의 아버지에게
281557,이총리 포용국가 3개년 계획 내년 초쯤 발표
281558,저커버그 페이스북 라이브로 첫 사용자 질의응답 가져
281559,문대통령 위안부 화해치유재단 기능 못 해…사실상 해산 시사종합
281560,SKT 5G로 한영 간 원격축구교실…손흥민 개인 지도
281561,국방부 北 풍계리 핵실험장 계속 감시중…준비는 완료돼
281562,독도경비대에 선물 전달하는 독립유공자후손
281563,한아세안 언론 포럼 열려
281564,과기단체 2021년도 수능개편안 이공계 기반 위협할 것
281565,여자축구 9일 FIFA 여자월드컵 운명의 조 추첨식
281566,카카오 여민수·조수용 공동대표 체제 출범종합
281567,천혜절경의 힘 단양팔경 불황에도 작년 관광객 150만명↑
281568,게시판 한성백제박물관 무료 겨울 음악회
281569,인삼공사 양희종의 투혼…오세근 공백 몸으로 막아냈다
281570,MLB 샌프란시스코 유망주 약물 복용해 80경기 출전 정지
281571,KTB투자 코스피 어닝 서프라이즈는 기대치 낮기 때문
281572,금감원예보 정보공유 확대…금융사 내부분석자료 제공
281573,친환경 에너지원 수소 생산 비용 획기적으로 줄인다
281574,세월호 3주기와 함께 다시 기억하는 과거의 재난참사들
281575,국민의당바른정당 통추협 오늘 출범…통합논의 본격 착수
281576,신간 엔터테인먼트 코리아·에로비디오의 사회사
281577,서아프리카 말리서 유엔평화유지군 1명 피살
281578,조국 가짜뉴스는 허위 조작 정보…처벌해야
281579,홍천 비발디파크 시즌권으로 해외 스키장 이용
281580,트럼프 사위 사우디왕세자와 카슈끄지 사건 뒤 첫 만남
281581,T맵 2시간 접속장애…SK텔레콤 3만3천명에 주유권 보상
281582,빙하시대 여행 연천서 13일 구석기 겨울축제 개막
281583,우크라 교회 독립 정교회 분열 불씨되나…러 교회 강력 반발
281584,사우디 아람코 주식거래 이틀째 시총 2조달러 눈앞종합
281585,MLB 흥행 위기…12개 구단 전년보다 관중 감소
281586,3국 외교장관회의 앞두고 中日 별도로 센카쿠문제 의견 교환종합
281587,롯데하이마트 온·오프라인 동시세일 실시
281588,남자배구 대표팀 올림픽 세계예선 참가 위해 7일 출국
281589,네이버 스포츠·연예기사 부당편집 논란 수면 위로
281590,KBO 37년만에 첫 미세먼지 취소…잠실의 숨 가빴던 ...
281591,김정은 타도제국주의동맹 90주년 맞아 화환 전달종합
281592,라이카 카메라 라이카 어워드 코리아 2018 수상자 전시 진행
281593,이란 대통령 美 핵합의 복귀하고 손해배상해야 대화
281594,KB증권 현대차 분할합병안 부결 가능성 커져
281595,아프리카TV 2018 러시아 월드컵 전 경기 생중계
281596,게시판 구글 국립공원 탐방로 파노라마 이미지 제공
281597,움베르토 에코 중세 15세기 다룬 4권으로 완간
281598,조류독감 대륙 간 전파는 야생 조류 이동 때문
281599,佛 발명가 소형 비행보드로 영국해협 횡단 성공
281600,가을 여행주간에 미개방 관광지 40여곳 공개종합
281601,맨해튼 한복판서 욱일기 반대 삼보일배 퍼포먼스
281602,블랙보리 출시 2년만에 9천만병 판매 돌파
281603,대우건설 올해 3만1천여가구 분양…7년 연속 1위
281604,이용찬 11승·김재호 3점포…두산 kt 꺾고 70승 선착
281605,롯데월드타워서 국제수직마라톤대회 스카이런 열린다
281606,케이옥션 7월 경매
281607,인스타그램 60초 동영상 서비스 선보여
281608,안익훈 요즘 안 맞아서 자신감 떨어졌는데…직구만 노렸다
281609,무역은 인간이 거부하지 못하는 원초적 본능
281610,현대차투자 금호석유 2분기 호실적…주가 우상향 전망
281611,홍콩 민주파친중파 11월 구의원 선거서 결전 예고
281612,유진테크 SK하이닉스와 114억 규모 장비 공급계약
281613,법원행정처장 정경심영장에 범죄사실·건강상태·공정성 중요
281614,검찰 기소 MBN 장대환 회장 사퇴 투명 경영하겠다종합
281615,LG유플러스 작년 영업익 6천323억…10%↑종합
281616,권창훈 2년6개월 만에 A매치 득점…손흥민 짝 나도 있다
281617,포체티노 토트넘 감독 주력 선수 여름 이적시장에서 지키겠다
281618,이라크 군경 반정부 시위대에 또 발포
281619,허창수 GS 회장 상반기 보수 53억원…작년보다 3억원 늘어
281620,이란 외무 유럽 핵합의 다 지켰다고 하나라도 내놔보라
281621,러시아 위기 베네수·쿠바 챙기기…중남미 美 뒷마당 아냐
281622,朴대통령 하루 당겨 국무회의…이정현 논란 거리두기종합
281623,일왕과 왕비의 즉위 예식
281624,위클리 스마트 그 영화 뭐였지 구글 AI 비서가 알려준다
281625,FA 이적생 고예림 현대건설 레프트 고민 지웠다
281626,문대통령 김위원장 풍계리 핵실험장 폐쇄 검증가능 입장속보
281627,정보기관 비난한 트럼프 北·이란 문제 이견없다…언론이 왜곡
281628,정부 주파수 미사용 KT에 이용기간 2년 단축 처분종합2보
281629,文정부 첫예산 국가 RD 예산 20조 육박…4차 혁명 대응 중점
281630,이해찬 대표 제임스 최 주한호주대사와 악수
281631,삼성 갤럭시S8 키워드는 스마트폰 외연 확장
281632,트럼프 자선재단 돈으로 고가 경매물품 구입 논란
281633,샤오미 쿼드캠 탑재 홍미노트 8T 국내 출시…23만9천원
281634,보험다모아서 자동차보험 비교후 바로 가입한다
281635,문대통령 NLL 피로 지켜와…피 흘리지 않고 지킨다면 더 가치
281636,윤석헌 신임 금감원장 8일 취임…삼성증권·삼바 첫 시험대종합2보
281637,강경 선회한 그리스 아테네 불법 이주민 230여명 퇴거 조치
281638,나카소네 전 총리의 별세 소식을 전하는 일본 TV
281639,맨유 프리시즌 ICC컵서 레알 마드리드에 승부차기 승종합
281640,장애인의 날 기념식 입장하는 김정숙 여사
281641,수수료 0% 배달의민족 바로결제 주문 85% 증가
281642,콜롬비아 산토스 대통령 FARC와 정전 연말까지 연장
281643,류현진 사이영상 전망 흔들…SI 셔저와 크로스 직전
281644,대만 방문 中 단체관광객 55%↓…업계 직격탄 정부 전전긍긍
281645,신상진 택시 고속버스전용차로 운행허용 법안 발의
281646,삼성의 QLED냐 LG의 올레드냐…내달 영국서 정면승부
281647,캠프 트럼프 대선결과 공정 입증될 때까지 인정하지 않을 것
281648,MLB 애리조나가 올해 흥이 날 이유…KBO 출신 투수 켈...
281649,전북 지방언론사 대표 6명 청탁금지·최저임금법 위반 기소돼
281650,영상 숲속 비닐봉지에서 신생아 발견
281651,토론회장 들어서는 안희정 지사
281652,KTX 오송역 하루 이용객 2만명 첫 돌파…올해 500만명 기대
281653,서울 은평 SeMA창고서 한불 교류전 두 동반자의 비밀
281654,北 중앙통신 대표단 뉴스통신사세계대회 참가
281655,韓 물가 높고 초미세먼지 세계 최악…관광산업에 걸림돌
281656,포켓몬 고 국내에서 40만 명 이상 설치
281657,탄핵소추위 헌재에 朴대통령 출석명령 요청
281658,이스트소프트 서초동 사옥 매각 철회
281659,민주 남북교류협력법 처리에도 속도…정상회담 성과 뒷받침
281660,산케이 WTO 판정에 문제 日 주장에 10여 개국 지지 보도
281661,지니언스 작년 4분기 영업익 27억원…15% 감소
281662,아트토이 VR 재미가 두배
281663,미중 무역협상 베이징서 재개…막판 밀당 치열 예고종합
281664,사우디 석유시설 피격 이어 최신 고속철 역에 큰불종합
281665,올해 출판계 화두는 유튜브 셀러 돌풍
281666,특징주 오성엘에스티 무상감자·유상증자 소식에 신저가종합
281667,동계올림픽기간 강원도 외국인 신용카드 지출 3배로
281668,극우 이탈리아 부총리 트럼프에 구애…유럽 최측근으로 적격
281669,코스피 사흘째 상승…기관 매수에 2090선 회복종합
281670,시리아 북서부서 러시아 공습으로 민간인 5명 사망
281671,중국 선양서 평창올림픽 홍보하는 주니어 피겨대회 열려
281672,新북방 영토 넓히는 文대통령…중앙亞서 새 성장엔진 찾는다
281673,기지국·휴대전화 전파 위해성 지속 연구 필요
281674,백정현 7⅔이닝 1실점강민호 2홈런…삼성 NC 꺾고 3연승
281675,트럼프 잇단 여성비하 발언 논란에 재미로 한 말
281676,마다가스카르서 한류 전문 TV프로그램 처음 생겨
281677,KJ프리텍에 채권자 파산 신청설 조회공시 요구
281678,흰 셔츠에 붉은 머리띠 체육관 메운 국민은행 직원들
281679,최강한파 제주 3개 초등교 개학 연기·등교시간 조정종합
281680,게시판 한국언론진흥재단 평창올림픽 보도사진 전시회
281681,류현진 FA 랭킹 7위…막판 부진으로 온갖 의문 낳아
281682,서방 언론의 푸틴 비판을 반박한다…독일기자가 쓴 푸틴 출간
281683,美 화장품 원료 기업 잉글우드랩 코스닥 상장 추진
281684,경상일보 주최 울산커플마라톤대회 열려
281685,임성순 소설 컨설턴트 20일부터 연극으로 공연
281686,만화가협회 오늘의 우리만화 5편 선정
281687,롯데렌탈 상반기 영업익 575억원…역대 최대
281688,금융데이터 표준API 2차 실무그룹 출범…신용정보법 개정 대비
281689,버스 폭발 겪은 도르트문트 감독 우리는 더욱 강해졌다
281690,朴대통령 제68주년 국군의 날 기념사 전문
281691,이세돌 5시간 접전 끝 패배…세기의 대국 1승4패로 마감종합2보
281692,연해주 고려인연합회 회장 김정은 환송오찬장서 직접 사인받아
281693,英 총리 후보 메이·레드섬 EU탈퇴 협상 싸고 견해차 뚜렷
281694,올림픽 평창올림픽 성공기원 굿뉴스코 페스티벌
281695,美 F35 몰 터키조종사 훈련중단…러 미사일 도입 제지용인듯
281696,융커 EU 집행위원장 영국과 브렉시트 합의문 재협상 없다
281697,H지수 7000 밑돌면 왝더독 가능성종합
281698,추신수 아시아 선수 첫 빅리그 통산 200홈런 금자탑종합
281699,베로나 6경기 만에 승리…이승우는 벤치 대기
281700,기세꺾인 샌더스 버틸 수 있을까…슈퍼화요일 5곳은 이겨야
281701,文대통령 인도서 기업 氣살리기…J노믹스 성과창출 포석
281702,오신환 오늘 교섭단체 대표연설…경제정책 대전환 촉구
281703,겁없는 스무살 이승우 러시아 월드컵 대표팀 깜짝 승선
281704,진화의 힘으로 신약·소재 생산 길 연 노벨화학상 수상자들
281705,탄핵가결 침통한 靑 마음 무겁다…朴대통령 TV로 시청
281706,최고령 박정진 내년에도 스프링캠프 참가해야죠
281707,강원교육청 정년연장 합의 하루 만에 뒤집어 성토
281708,존슨 英총리 스코틀랜드수반에 분리독립투표 반대
281709,영상 7전 5승 이주영 의원 되는 선거 보면 딱 압니다
281710,2012년 이후 휴대전화 명의도용 피해액 110억원
281711,최기영 과기장관 후보자 日 수출규제 대응…기술역량 확보한다
281712,게시판 투교협 수요강좌 100세 쇼크에 대비하라
281713,홍준표 좌파매체 갑질 방송…KBS 인터뷰서 설전
281714,中왕이 북미간 합의 소중히 여겨야…정치적 해결 진전돼야
281715,SNS 세상 노인·여성·아이만 당했는데 묻지마 범죄라고요
281716,워싱턴 셔저 2차전서 전격 구원 등판…3타자 연속 삼진
281717,정부 완전자급제 정책수립 착수…내년까지 자급제폰 2배↑
281718,아시안게임 평창서 남하해 자카르타에 상륙한 남북 훈풍
281719,구멍뚫린 초연결사회 ①화재 한 건에 드러난 IT강국 민낯…곳곳에 허점종합
281720,갤럭시S10 연 4천만대 넘을까…중국 예약판매 청신호종합
281721,이근호 해트트릭 U23 축구대표팀 연습경기서 60 대승
281722,청년 장병 SOS 프로젝트 보고하는 송영무 국방
281723,트럼프 흑인영웅 르브론 모독했다 인종차별 논란 역풍
281724,LGU 건물내 5G 주파수 수신용 안테나 개발
281725,건설인 신년인사회…일자리창출 선도산업 되자종합
281726,레바논서 동성애자 보컬 둔 록밴드 콘서트 취소돼
281727,섀너핸 미국 국방장관 대행 내달 초 한국·일본 방문 추진
281728,PO 5차전도 산체스 vs 안우진 시리즈 반복될까
281729,선수로는 에어 조던구단주로는 에러 조던
281730,中 농민공 이중고…소득증가 둔화·체불임금 이중고
281731,부산 도심 신발공장서 불…인근 주민 150명 대피
281732,LH 포항 블루밸리 공장 용지 첫 공급
281733,민주 성폭력 신고상담센터 3개월간 운영…19일 가동
281734,우리카드 2위 탈환 OK저축은행은 봄배구 가물가물
281735,문제 많지만 평화애호국 중국 영어랩으로 국가 홍보
281736,임종석 김동연·장하성 교체설에 근거없다고 볼 수 없다
281737,이재명 조폭유착 의혹 다룬 SBS 그알 상대 손배소 취하
281738,이주의 뉴스키워드 공동체의식 부자증세 검찰총장
281739,아시안게임 남자배구 문성민 하나가 될 수 있다고 느낀...
281740,劉 安 창당정신 동의할 것 孫측 劉 한국당과 통합하려 해
281741,뒤늦은 2승 한화 휠러 점점 자신감 살아난다
281742,LG V40 씽큐 구매하면 10만원 모바일 상품권
281743,죽음학 분야 고전 죽음의 부정 재출간
281744,美 연합군 실력 행사에도 中화웨이 생산현장은 마이웨이
281745,이세돌 끝나서 아쉽다…더 열심히 발전하겠다
281746,北 당대회 앞두고 끝내지 않은 공사도 준공식 RFA
281747,오르반 헝가리 총리 유람선 사고 철저 조사 지시
281748,올림픽 스케이트 날에 숨은 과학…얇고 길고·두껍고 짧고
281749,온실가스 이산화탄소로 전기·수소 만든다
281750,5G 시대 내달 열린다…개인고객은 내년 3월 이후 체감
281751,황교안 퇴임 교장선생님들 만나 좌파정당이 인권·평등 왜곡종합
281752,도쿄 중심가에 개관한 갤럭시 스튜디오
281753,듀랜트 26점 골든스테이트 밀워키 꺾고 선두 고수종합
281754,충북 한낮 초여름 더위…미세먼지 나쁨
281755,NBA에 뿔난 중국팬들 경기 티켓 찢고 오성홍기 들어
281756,애플의 10주년 기념 야심작 아이폰X 가격 1천달러 넘는다
281757,김동연 SOC예산 감축 후 문제 생기면 보완대책 마련
281758,윤석열 임명강행 수순에 정경두 해임안 변수…정국 긴장 고조
281759,EU 무비자 활용 합법 입국자 망명신청 급증…베네수 출신 배로
281760,체온으로 웨어러블기기 전원 공급 실마리…새 열전소자 개발
281761,여행소식 홍콩에서 즐기는 흥겨운 설 축제
281762,네이처리퍼블릭 오너 리스크에 상장 일정 발목
281763,KB국민카드 프로야구 4개 구단 입장권 할인 서비스
281764,조지아인 살해 배후로 러시아 의심 독일 러 정보원 2명 추방종합
281765,국정원 러시아 월드컵 안전정보 담은 핸드북 배포
281766,산 닭의 목 물어뜯어 죽인 프랑스 남성 고발당해
281767,U20월드컵 베네수엘라 승부차기로 우루과이 꺾고 결승행
281768,20년간 사랑해줘서 고맙습니다…유키 구라모토 5월 공연
281769,게시판 미래에셋은퇴연구소 노후대비 세미나 개최
281770,변신 성공 서울국제도서전에 20만명 방문…지난해 두 배
281771,美 우주전문가 北 광명성 4호 실패 단정 이르다
281772,이영 국립국악원 정악단 신임 예술감독
281773,웰빙 관광지로 거듭난 전남…창조경제혁신센터 1주년
281774,이제 커피도 로봇이 내려드립다
281775,이명박·박근혜 정부 국정원 모두 검찰 수사…어디까지 가나
281776,태풍 영향 제주·남해안 최고 150㎜ 물폭탄…초속 30ｍ 강풍
281777,여자축구 태극낭자들 프랑스 월드컵 16강 이상 꿈꾼다
281778,방심위 성추행 장면 내보낸 인터넷방송 진행자 수사의뢰
281779,중국내 북한식당 한국고객 발길 뚝 VOA
281780,그 많던 역사 속 여성들은 다 어디로 갔을까
281781,북 수소탄 실험 강화도조약 남북학술대회 성사될까
281782,신간 떨림과 울림·우리는 저마다의 속도로…
281783,임종석 세계여성의 날 맞아 靑 여직원들에 장미 선물
281784,읍소·상대 공격·대세론…경선 후보들 표심잡기 문자전쟁
281785,北 남측이 산불 일으키려 기구 날려보내 주장
281786,한중일 ICT 장관 5G 상용화·로밍요금 인하에 협력
281787,그리운 박완서의 산문…한 길 사람 속·나를 닮은 목소리로
281788,캐나다 총독 우주에서 촬영한 서울 사진 선물
281789,北 중앙통신 개성공단 이전에 핵억제력·우주개발 시작종합
281790,슈만을 사랑한 두 청춘…아름다운 그의 세계 음악에 담겼죠
281791,벚꽃 와인 마시며 봄 즐기세요
281792,북한 개성공단 군사통제구역 선포…남측인원 전원추방종합
281793,카카오 총선 앞두고 뉴스 옴부즈맨 기구 신설
281794,극단주의 영상물에 정부광고가…구글 광고주에 공식사과종합
281795,자동차 품질 검증 서산 현대모비스 주행시험장 본격 가동
281796,서울관광재단 서울관광발전포럼 개최
281797,쾌청한 가을날…전북 대체로 맑고 일교차 커
281798,아이폰8 더 비싸진다…최고 159만원
281799,與 누리예산 미편성 연일 맹공 비열한 대정부 투쟁
281800,게시판 방통위 영상물·사이버윤리 정책자문위
281801,아르헨티나서 긴축정책 항의 시위…좋은 일자리·월급 더 달라
281802,시먼스·미첼 NBA 플레이오프 강타한 슈퍼 루키
281803,갤럭시S8 시리즈 글로벌 판매량 500만대 돌파
281804,역전의 명수 군산상고 앞 110ｍ구간에 야구거리 조성
281805,이스라엘 극우 리에베르만 중도정당과 제휴…네타냐후 압박
281806,與 비대위 전환도 교착…위원장·권한 놓고 힘겨루기
281807,김제동 토크콘서트 시즌10 성탄 전야 개막
281808,미국인 61% 트럼프 멕시코 장벽 건설 공약에 반대
281809,3당 원내대표 내일 첫 대좌…20대 국회 미리보기
281810,루이스 판 할 감독 은퇴 선언 지도자로 복귀하지 않을 것
281811,굳히기 연습하자며 제자 추행한 유도 코치 집유
281812,예술과 외설 사이…천재 사진작가 메이플쏘프
281813,벤투호 조현우·김문환·박주호·김인성은 14일 울산 합류
281814,반 슬라이크와 결별한 두산…김태형 감독 쓰임새 없다고 판...
281815,고동진 갤럭시 폴드 준비 안 됐는데 밀어붙여…출시 기다려야
281816,손흥민 금의환향 내 점수는 70점… 더 전진하겠다종합
281817,KTB투자 대한유화 실적개선 전망…목표가 37만원
281818,충북 말복 더위 지속…강한 소나기 주의
281819,코스피 기관·외인 매수에 상승…장중 2070선 탈환종합2보
281820,북 수소탄실험 북한 경제·핵 병진 앞으로…대대적 홍보종합2보
281821,네이버 부동산 모바일서 우대 노출 논란
281822,아시안게임 닫혔던 일본 골문 열어젖힌 이승우 일본 꺾...
281823,춘천서 촛불 집회…朴대통령·김진태 퇴진 촉구
281824,즐라탄 에이전트 차기 행선지 이탈리아 될 수 있다
281825,맨유 포그바 햄스트링 부상 6주 이탈
281826,구글플레이 포인트 설명하는 민경환 구글 총괄
281827,여행용 가방도 OK 인천공항도심 예약제 버스 운행
281828,트러스트부동산 변호사가 이달 매매 3건 중개
281829,치차리토 등 멕시코 축구스타들 강진 피해 조국 돕기
281830,美 플로리다 나이트클럽서 총격…인명피해 다수·용의자 사망종합
281831,제주공항 난기류·강풍 경보…항공기 결항·지연 속출
281832,IS 합류로 英국적 박탈된 10대 소녀 갓난아들 먼저 입국 추진
281833,나홀로 메시 골대 3번 강타…바르사 개막전 20 승...
281834,류현진 시즌 최다 9K에도 첫 패전…옐리치에 홈런 2방
281835,양산 쓰고 바라보는 푸르른 하늘
281836,갤럭시탭S3 11일 국내 출시…출고가 85만9천원
281837,中 트럼프 보복말라 경고 2시간만에 최고 25% 관세 맞불종합2보
281838,임기내 개헌 30년만의 개헌 첩첩산중…임기단축 뜨거운 감자
281839,부산국제영화제 시민공청회…대중적 참여·지지 끌어내야
281840,회전 카메라 탑재한 갤럭시A80 SKT 단독출시…59만9천500원
281841,미래부 빅데이터 활용 지원사업 공고
281842,中 시진핑 친척 보도 美 취재진 기자증 연장거부…사실상 추방종합
281843,U프로야구 20일부터 미국 메이저리그 경기 생중계
281844,WP 美국방부 사우디 석유시설 피격에 신중 대응 권고
281845,한국언론학회 뉴스미디어 디지털 혁신 세미나
281846,SK텔레콤 5일간 2만5천원 T로밍 한중일패스 출시
281847,아기 사자 양창섭 역대 6번째 고졸 신인 데뷔전 선발...
281848,클린턴 가짜뉴스가 미국인의 목숨·민주주의 위협
281849,게시판 전국퇴직금융인협회 파이낸셜리더스 발간
281850,정치자금 유용 논란 日도쿄지사에 사퇴압박
281851,이란 이스라엘 간첩 혐의 이란계 영국인에 징역 12년형
281852,박대통령 與의원 전원 초청은 세 번째…재작년부터 연례화
281853,그래픽 국내 스마트폰 최대 앱 기업은 카카오·구글·네이버
281854,Eng 남북정상회담 김정은 모두발언 마무리는 웃음으로
281855,베트남 축구대표팀 경기 前 경기장 돌 장식들 치운 사연은
281856,자카르타 아파트서 대마 재배 미국인 적발…최장 12년형 직면
281857,파이팅하는 이해찬 대표와 충청권 시도지사
281858,올해도 우리은행…1라운드 5경기 평균 15점 차 승리
281859,중국전 앞둔 허재 감독 높이 부담되지만 수비로 승부수
281860,김태년 車부품사 대출 옥죄기 우려…옥석 가려서 해야
281861,여자배구대표팀 첫 외국인 사령탑 브라질 클럽 감독도 겸업
281862,30년 만에 모리셔스 찾은 교황 젊은층 마약 소비 우려
281863,오세근의 2연패 5년 만에 외국인 MVP…프로농구 별...
281864,한일 롯데제과 5대 메가브랜드로 해외 공동진출종합
281865,손흥민 9일 왓퍼드전에서 EPL 한 시즌 두 자릿수 득점 도전
281866,日 北에만 도쿄올림픽 참가절차 필요한 ID 정보 안 줘
281867,비닐봉지 대신 바나나잎 포장…베트남 마트의 친환경 실험
281868,트럼프 랜섬웨어도 등장…한국 맞춤형 공격 점입가경
281869,아시안게임 남자 배구 대만에도 쩔쩔…힘겨운 첫승
281870,김정숙 여사 이제 사회복지공동모금회 명예회장 입니다
281871,부산교육청 법제처와 함께 자치법규 알기쉽게 정비
281872,화면 달린 AI 스피커 구글 홈허브 곧 국내 상륙
281873,프랑크푸르트공항서 관제 SW 문제로 수십편 이착륙 취소
281874,멕시코 프랑스 경매업체에 멕시코 원주민 유물 경매 중단해야
281875,서울 4G LTE 다운로드 속도 동아시아 최고
281876,아스널 맨시티 726억원 제안도 거절…산체스 지키기
281877,원주로 오세요…내나라여행박람회서 관광 홍보
281878,국회로 넘어온 결선투표제 논의…민주·새누리는 시큰둥
281879,회계처리기준 위반 2개사에 과징금·감사인지정 조치
281880,프로야구결산 ③ 두산 개인타이틀 싹쓸이…MVP도 집안싸움
281881,런던 한인 밀집 거주지역서 광복절 기념행사 개최
281882,MLB 양키스 좌완 사바시아 올 시즌 후 은퇴
281883,투니버스 2019년 하반기 핵심 IP 발표 기자간담회
281884,올해 첫 국정현안점검조정회의
281885,국민 63.6％ 개도국 무상원조 찬성…반대도 5.8％
281886,오키나와 지사 美군무원 만행 오바마에 직접 말하고 싶다종합2보
281887,카카오택시 1천원 유료호출만으론 수요 해결 불가
281888,구자철·지동원 선발 아우크스 호펜하임에 02 패배
281889,다저스 9회 2사에서 5연속 볼넷으로 애리조나에 역전승
281890,황총리 아동학대 근절 원년…아동학대 반드시 찾아낼 것
281891,거친 블록슛 KGC인삼공사 배병준 제재금 100만원
281892,네이버 그라폴리오 이탈리아 볼로냐 도서전에 전시관
281893,벌써 덥다…경북 영덕 32.7도 제주 성산은 4월 최고기온
281894,이슈 컷 눈 1.5㎝ 내렸고 더 내릴 것…제주공항 활주로 잠정폐쇄
281895,컨테이너 물동량 통계 믿어도 되나…터미널 집계와 격차
281896,작년 ICT업계 연봉킹은 황창규 KT 회장…24억3천600만원
281897,증시신상품 키움증권 연 15% 수익추구 ELS 공모
281898,동화기업 2분기 영업익 256억원 8.6% 감소
281899,국립중앙과학관후원회 출범
281900,키움증권 LG디스플레이 올해 1분기 영업적자 예상
281901,박건우 부상으로 올스타 출전 불발…노수광 대체 선발
281902,FC바르셀로나 구단 일시 폐쇄…카탈루냐 폭력진압 항의
281903,김신욱 4경기 연속골 신태용호 라트비아에 10으로 ...
281904,웨스트브룩 NBA 최초 2년 연속 시즌 평균 트리플더블
281905,檢 靑 국가기밀 사유로 안종범·정호성 사무실 진입 막아
281906,北 김정일 5주기 띄우기…사이렌에 묵념도종합
281907,MLB닷컴 피츠버그 인내심 가지고 강정호 기다릴 것
281908,신간 공산주의 포스터·광대하고 게으르게
281909,파행→협상→합의→번복→원포인트 합의…험난했던 59일
281910,삼척 관광지도 바꿨다…해상케이블카 인기 폭발
281911,이란 獨 특사에 유럽 당사국 핵합의 의무이행 촉구
281912,성탄 연휴 미세먼지의 역습…수도권·대구 등 나쁨
281913,NBA 휴스턴 14연승 달리며 서부 콘퍼런스 선두 수성
281914,내년 사회적금융 2천400억원 공급…사회가치연대기금도 설립
281915,아시안게임·U18 아시아대회 우승 한국야구 세계랭킹 3...
281916,과기정통부 ICT 중소기업 기술개발 지원사업 18개 과제 선정
281917,한국거래소 노조 금융위 거래소 인사 개입 중단하라
281918,日 야구계 아이콘 이치로 국민영예상 또 사양
281919,특징주 합병 취소 에이치엘비생명과학 급락
281920,류현진 압도·추신수 건재·최지만 도약…MLB 전반기 종료
281921,인텔이 BMW와 개발한 자율주행차
281922,백악관 이란 핵합의 준수 IAEA가 확인해야 경제제재 해제
281923,블레어 北 핵무기로 공격하면 美 보복받아 정권 끝날 것
281924,軍 공관병 없앤다더니 공관부사관으로 대체 운영종합
281925,거포 가빈 큰 부상 피했다…2경기 쉬고 1월 14...
281926,北 김정은 국무위원장 추대 역사적 사변…충성 강조
281927,창립 30주년 헌법재판소가 내린 주요 판결 30개는
281928,朴대통령 아프리카 등 순방 경제사절단 169명…역대 두번째
281929,특징주 현대오토에버 코스피 상장 첫날 강세…공모가보다 85%↑종합
281930,정동영 전북 제 3 금융중심지 신속 추진
281931,신간 취재현장의 목격자들·프리워커로 사는 법
281932,동부건설 508억원 동두천 아파트 신축공사 수주
281933,러 중앙은행 기준금리 7.5%로 0.25% 포인트 인하
281934,日관방 납치문제 해결 위해 다양한 수단 통해 노력
281935,지방경기 부진에 지방은행·상호금융 대출건전성 노란불
281936,프란치스코 교황 루마니아 방문…정교회 수장과 함께 기도
281937,한국인 뉴스 신뢰도 37개국 중 꼴찌…2534세 16% 불과
281938,업무용포털 KT 비즈메카 이지 가입자 1만명 돌파
281939,朴대통령 청탁금지법 과잉반응 안돼…부작용 최소화하라
281940,국정현안 안건 논의 준비하는 이 총리
281941,게시판 삼정KPMG 감사위원회 핸드북 개정판 발간
281942,도서개발촉진법 대상 섬 인구 기준 완화 추진
281943,커넥티드 자동차 보는 박정호 사장
281944,한국 성장률 전망 낮추는 해외IB…복잡해진 금리 전망
281945,신한금투 스튜디오드래곤 저점매수 가능 시점
281946,도쿄올림픽 가자…라바리니 감독 3박 4일 일정 시작
281947,추신수 안타·득점 1개씩…두 차례 호수비도
281948,미래부 산학연 공동연구법인 연내 3개 신규 설립
281949,오바마 사드 필요성 언급…中 北위협 저지에 더 협력해야
281950,北최고인민회의 개최…김정은 국무위원장 추대4보
281951,사실상 KBO리그 커리어 마감한 소사 대만 복귀
281952,독일 멕시코 41 완파…컨페드컵 첫 결승 진출
281953,美공화 전대 부인 멜라니아 트럼프 미국 위해 싸울 적임자
281954,페이스북 이전보다 3배 이상 상세한 인구지도 공개
281955,월드컵 전력분석 B조 포르투갈·스페인·모로코·이란
281956,SF 구단주 극찬받은 하퍼…몸값 2천800억원설 도는 마차도
281957,김현 시인 문단 내 성폭력…이제 안 된다는 인식 생겼죠
281958,박지원 문대통령 분위기 일신 위해 감동적 인적개편 검토해야
281959,출판문화협회 출판계 성폭력 실태조사 신고상담센터 운영키로
281960,창비·문학동네 블랙리스트 피해…朴정부 인사 상대 소송
281961,특징주 피엘에이 공급계약 해지 소식에 약세
281962,신한은행 사물인터넷 기술로 동산담보 상태 파악
281963,슈퍼주총데이 현대차·삼바·YG 등 300여곳 줄줄이 주총
281964,미국 언론 류현진이 두들겨 맞아…실수 안 봐준 쿠어스필드
281965,청계광장에서 열린 추석맞이 한우 직거래 장터
281966,거대한 미술작품
281967,산업수학 활용 사물인터넷 해킹방지 개발 나선다
281968,통신시설 등급 관리 미흡 5개 통신사에 시정명령
281969,여소야대 풍랑 항해할 정진석號…거친 파고 넘을까
281970,얼음과 불의 노래 조지 R .R. 마틴 문학세계 집대성
281971,네팔 등반가 8천m급 14봉 7개월 만에 최단기간 등정
281972,수단 야권 軍 무력진압에 따른 사망자 최소 101명
281973,갤럭시 지문인식 실리콘케이스에 뚫렸다…보안 허점 노출종합2보
281974,크렘린 터키에 S400 방공미사일 7월 공급 기대
281975,삼성 갤럭시워치 상표권 침해…오리엔트 판매금지 가처분신청
281976,KISTEP 한국 과학기술혁신역량 OECD 34개국 중 7위종합
281977,불에 타고 찢기고…올 상반기 못 써서 버린 돈 2조214억원
281978,보스니아 내전 전범 카라지치 항소심 종신형 판결 불복해 상고
281979,LGU 방통위 단통법 위반 조사 논란끝 협조하기로
281980,이탈리아 美제재 요구에 이란 마한항공 취항 중단
281981,토론勝 클린턴 리허설작전 주효…트럼프 코브라 손짓도 대비
281982,스위스 교도소 탈출 재소자·여성 교도관 시리아 간 듯
281983,게시판 LG유플러스 멤버십 고객 할인 이벤트
281984,원스토어 중고폰 매입 서비스 앱 단독 출시
281985,전자상거래 조심하세요…분쟁조정상담 작년 2배로 증가
281986,한파에 강풍까지 겹쳐…서울 낮 최고 8도 맹추위
281987,한경연 올해·내년 韓 경제성장률 1.9% 전망
281988,KBS 뉴스타파와 공동취재로 현대家 비리 고발방송
281989,프로농구 2라운드 최우수선수에 kt 양홍석
281990,오늘도 강추위
281991,가극 금강 평양 재공연 성사를 위해
281992,올림픽 축사 마친 문 대통령
281993,美 볼턴 미국은 이란과의 협상에 열린 마음…이란이 침묵
281994,박병호 MLB 복귀파 첫 대결서 김현수에 완승
281995,초미세먼지 점령
281996,질문 경청하고 있는 슈라이버 美국방부 차관보
281997,황인범 과분한 행운 따른 한 해…유럽 무대 경험하고 싶어
281998,靑 연휴 북핵대응 비상근무…신속 지진경보시스템 검토
281999,1보 코스피 상승 출발…장중 2080선 회복
282000,부글부글 靑 필리버스터에 기록경쟁 선거운동하나
282001,구글어스로 살펴보니… 김정은 이후 북한에 시장 20개 생겨나
282002,학교서 노사협상기술 배운다…서울교육청 노동인권자료 개발
282003,KT 영상통화 서비스 narle나를 어플 출시
282004,美 지브롤터가 방면키로 한 이란 유조선 압류영장
282005,北도발에 브렉시트까지…朴대통령 민생챙기며 위기관리모드
282006,北 무수단 발사 北 실제도발 징후시 軍 선제공격…킬체인 박차
282007,부처별로 공무원 승진 최저연수·경력채용 요건 정한다
282008,잔액 상위 1%가 전체 예금 절반 차지…현금자산 불평등 심화
282009,한국정보화진흥원대구시 IoT 테스트베드 구축 협력
282010,푸틴 北 안보리 결의 받아들이고 도발적 행동 중단해야종합
282011,美 연말 소비쇼크…개인소비 9년래 최대폭 감소
282012,1분기 주식관련사채 권리행사액 3천273억원…11.6% 증가
282013,유앤아이 척추고정장치 콜롬비아 수입품목 허가 취득
282014,게시판 투교협 2019년 세계 경제 전망과 투자전략 수요강좌
282015,우상호 법사위원장 양보…국회의장은 野가 맡아야
282016,한국인 국내보다 해외여행 선호…일본 가장 가보고 싶어
282017,SK플래닛 카카오 주주 된다…멜론 지분 전량 매각종합
282018,미국 투자자문사 스튜어드십 코드 첫 참여
282019,게시판 네이버 디지털 콘텐츠 테크 콜로키움 2017 개최
282020,네이버 PC 블로그 개편…2단계 쉽게 만들기 기능 도입
282021,신일산업 현 경영진 횡령 혐의없음 처분
282022,SK텔레콤 T멤버십 연간 할인 한도 없앤다…내달 2일 시행
282023,朴대통령·시진핑 통화 언제…4차 핵실험 때는 30일만에
282024,김무성 당 대표가 공천않겠다 했으니 대도무문종합2보
282025,다산 전문가 14명이 쓴 정약용 사상 입문서
282026,음악외교의 선봉 차이나 필하모닉 내달 내한공연
282027,美 드론 격추에 자국항공사 이란 영공통과 금지종합
282028,KT 요금제 명칭에 부가세 포함 금액 표기
282029,아이폰XS·XR 개통 개시…20대 여성에 가장 인기
282030,터키서 親쿠르드계 야당 소속 민선시장 5명 체포
282031,금강 ① 비단 물결 따라 짚어가는 백제의 향취
282032,올림픽 울창한 산림·깨끗한 도심 평창 경관에 이목 집중
282033,빗썸 가상계좌 끊기나…농협은행 재계약 유예로 신규발급 중단
282034,中 일본의 對韓 경제보복에 대화와 협상으로 해결해야
282035,베트남북한 축구 평가전 시청률 2.6
282036,과르디올라 실바 부상…맨체스터 더비 투입할지 걱정
282037,게시판 금투협 해외 ETF 교육과정 개설
282038,밸런타인데이에 피해자들이 쓴 편지로 왕따 방지캠페인 벌여
282039,작가 한강 올해 김유정문학상 수상
282040,美폭격기 B1B 2대 한반도 출동…北핵실험 나흘만에 무력시위종합2보
282041,바닷속 미생물 빛으로 에너지 얻는 원리 최초로 밝혀
282042,로버츠 감독 류현진 메커니즘 교정 효과 보여주길
282043,불펜 데이 다저스 홈런 4방으로 샌디에이고 제압
282044,이집트 시나이반도서 무장괴한 공격 군인 15명 사상…IS 배후
282045,비리 논란 딛고 웃을수 있을까…심판대 선 이스라엘 네타냐후
282046,연구자들 하고 싶은 연구 하라…내년 1조2천억 지원
282047,금융위 초대 금융소비자국장에 최준우 국장
282048,아시안게임 여자농구 남북단일팀 대만·카자흐스탄 등과 한 조
282049,SK텔레콤서울관광재단 AI 누구에 서울 관광정보 탑재
282050,中 美 홍콩인권법 추진은 이중잣대…보복할 것종합
282051,주말 N 여행 수도권 미쳐라 질러라 흔들어라…더위 날릴 송도록페스티벌
282052,로버츠 감독 류현진 올스타전 앞두고 로테이션 조정할 수도
282053,국민의당 오늘 새 원내대표 선출…주승용·김성식 접전
282054,홍콩시위 고교생피격에 다시 불붙나…시위대 피의 빚 갚을 것종합2보
282055,美필라델피아에서 또 총격 사건…경찰관 6명 총상
282056,신세계백화점 대규모 골프 대전 개최
282057,웨인 루니 맨유 첫 250골 대기록…후반 45분 극장 골
282058,조선신보 美 김정은 제재에 선제타격태세 돌입 위협
282059,정보위 전체회의
282060,사우디 국왕 미군 2천800명·사드 추가배치 승인
282061,이해진 AI 기술싸움 시작…첨단 스타트업 투자 늘릴 것
282062,日 아베 총리 만난 美국방 中 국제규칙 위협 주장종합
282063,여자배구 한일전 성사…24일 아시아선수권대회 4강서 맞대결
282064,리더십 위기 몰린 황교안 靑 겨냥 단식투쟁으로 승부수
282065,5·18 푸른 눈의 목격자 이름 새긴 국제 보도상 추진한다
282066,미래에셋대우 LG화학 中전기차 배제될 가능성 작아
282067,롯데 건설·서비스부문 임원인사…하석주 롯데건설 대표 승진종합
282068,KT 기가라이브 TV 출시
282069,박항서호 베트남 스즈키컵 1차전 라오스에 30 대승
282070,문대통령 북미회담 성공으로 평화체제 수립·북미수교 확신
282071,미래부 인공지능 RD에 올해 1천630억원 투입…47%↑
282072,충북 낮부터 추위 풀려…8일 만에 영상권
282073,방송법 개정안 등 심의
282074,롯데백화점 초코파이 하우스 팝업 행사
282075,스마트워치 툭툭 치면 인증 끝…SKT 국제 공인 획득
282076,고은과 하루키의 잔혹한 10월…차세대 작가들에 주목
282077,한국 존스컵 국제남자농구 대회서 일본에 29점 차 완승
282078,폼페이오 IS격퇴·안정·반이란 對중동 3대 원칙
282079,아시안게임 여자축구 윤덕여 감독 3∼4위전서 반드시 ...
282080,완연한 봄기운…경남 곳곳서 진달래·벚꽃 축제
282081,세계 최고 미국 우주기술 공유…달탐사 1호협력 사업
282082,게시판 KT 표준협회 대한민국 지속가능성 보고서상 수상
282083,중국인 명품 열기 경기둔화에도 후끈…구찌 매출 쑥
282084,영종도 씨사이드파크 레일바이크·캠핑장 4월 개장
282085,홍준표 주민소환 1차 관문 서명부 심사 어떻게 하나
282086,울산옹기축제 시작합니다
282087,국립현대미술관 뒤샹전 관람객 폐막 앞두고 20만명 돌파
282088,이탈리아 법원 정부 휴대폰 위험성 알리는 공익캠페인 해야
282089,방북 호주 북한전문가 관광책자 빼앗겨…택시 넘쳐
282090,신간 다른 교회를 꿈꾸다·사찰 순례
282091,지난해 제주도 평균기온 17도…역대 3번째로 높아
282092,토레스 팀 훈련 합류…16일 레버쿠젠전 출전 가능할 듯
282093,우크라 주재 미 대사 조기 해임 정치보복 논란
282094,애국가 부르는 민주평화당 창당발기인
282095,손흥민 앞에 드리운 병역 문제 아시안게임에서 풀릴까
282096,한국 찾은 스티븐 윌슨
282097,부산항만공사 현대상선 터미널 지분 인수 유보
282098,청년위 일자리 창출 위한 서비스법 조속히 통과돼야
282099,호텔신라 미국 법인에 1천417억원 출자…지분율 44%
282100,SK텔레콤 5G 시대 앞당긴다
282101,메르켈 이란 대통령에게 제재 해제 후 협상은 비현실적
282102,한국 찾은 일본인 4년 만에 증가세…방일 한국인의 절반 수준
282103,신간 첫 문장·하얀 국화·너의 수만 가지…
282104,아시안게임 한국야구의 최대 고비 무서운 사회인리그...
282105,370만개 웹사이트서 주민번호 불법수집 1천282개사 적발
282106,中 인터넷 전사들 홍콩시위 비판·친중여론 조성 활동
282107,내일 파업이라고요 국민은행 고지없어 몰랐던 고객 화들짝종합
282108,고양이에 생선…인니 승객 가방 턴 공항 짐처리 직원들 적발
282109,박병호 9회 결승 투런포…넥센 kt 꺾고 연승
282110,삼성폰 밀레니얼과 소통 늘린다…인플루언서 마케팅 시동
282111,폴란드 외무부 北노동자 송환 완료…이행보고서 유엔 제출
282112,북한군 보위총국 단속에도 배곯은 군인 탈영 못 막아
282113,정운찬 총재 KBO 조직정비→수익 활성화→통합마케팅종합
282114,YTN 수꼴 표현 논란 변상욱 뉴스앵커 복귀시키기로
282115,네이버 미래 성장동력 AI·스마트카 키운다종합3보
282116,조선 빅3 릴레이 수주 낭보…불황터널 벗어나나
282117,美 그린란드에 영사관 설립 추진…북극 영향력 확대
282118,남녀 배구 대표팀 30일 소집…올림픽 예선 출격 준비
282119,대통령에게 권하고 시민도 함께 읽는 26권의 책
282120,리니지M 사용자 1인당 월 20만8천원 지출
282121,프로배구 남자부 KOVO컵 29일 개막…가빈 등 용병 거...
282122,한국의 출판사 486 발간…주요 출판사·발행인 정보 망라
282123,가빈·산체스 V리그 돌아올까 내달 트라이아웃 개최
282124,靑 中인민일보 사드비판에 필요하면 외교부서 답변
282125,동대문 시장 찾은 민주평화당 의원들
282126,통일부 北 부총리 김용진 처형ㆍ통전부장 김영철 혁명화 조치2보
282127,오바마 냉전 잔재 청산하러 쿠바 방문…생각 자유롭게 밝혀야종합3보
282128,카카오톡 보낸 카톡 삭제 기능 적용
282129,반부패사정·환전규제에 중국 부자들 홍콩서 보험 가입
282130,아시안게임 득점왕 황의조의 재발견…국가대표팀서도 이어질까
282131,인천→핀란드 항공기 결항…휴가철 여행객 분통
282132,이윤택이 오늘날 우리 이야기로 다시 쓴 동물원 이야기
282133,황희찬·이진현 오스트리아서 맞대결 뒤엔 함께 평창 응원
282134,미술로 좋은 가을날…미술주간 전국서 개막
282135,롯데 레일리 팀 첫 퀄리티 스타트에도 패전 위기
282136,박주호 도르트문트 훈련 합류 이적은 신중하게 접근
282137,실리콘밸리 넘어서겠다…구글 15조원 들여 美전역 거점화
282138,김경민 심판 통산 4번째 여자 월드컵 포청천 임무
282139,朴대통령 北 무모한 도발은 정권 자멸의 길종합
282140,기업지배구조원 스튜어드십 코드 홈페이지 개설
282141,이란 외무 긴장완화 해결책은 미국이 경제전쟁 멈추는 것
282142,신성에프에이 작년 영업익 93억원…192% 증가
282143,민주 서영교·손혜원 조치에 야권 성토…논란 지속 전망
282144,라틀리프·문태종 프로농구 연속 시즌 PO 진출 중단 위기
282145,그래픽 류현진 MLB 포스트시즌 역대 성적
282146,두산전 17연패 해도 너무한 LG…오늘도 자멸 야구
282147,NYT 클린턴 측근韓기업 특수관계 조명…공과 사 맞물려종합
282148,시진핑 트럼프에 중미 무역협상 조속 타결 희망
282149,코엔텍 최대주주 변경 주식양수도 계약
282150,팔레스타인 가자지구서 16세 소년 이스라엘군 총격에 사망
282151,인도 48년 만에 파키스탄 공습…테러 캠프 폭격종합2보
282152,KT 기가인터넷 가입자 400만 돌파…연내 10기가 상용화
282153,총선 D6 울산 새누리 3·무소속 1 우세…방송사 여론조사
282154,북한 탁구대표팀 반갑습니다
282155,美대선 TV토론 음담패설 만회실패 트럼프…사과 대신 빌클린턴 공격해 역효과
282156,그래픽 미국 우주군 개요
282157,푸틴 한반도 상황 진전 위한 방안 김정은 위원장과 논의
282158,특검 면죄부 받은 트럼프 스캔들 보도 언론 맹공…국민의 적
282159,메시 내일 결혼…네이마르 등 총출동에 경비 인력만 200여명
282160,아직은 여유로운 경포해수욕장
282161,출판계는 탄생 200주년 맞은 마르크스 열풍
282162,北 한미연합 군사훈련 비난…핵 억제력 다질 것
282163,與 공천심사때 우선추천 총량 20%로 제한
282164,日 오키나와서 열린 강제징용 노동자 추도식
282165,이란서 최고지도자 모욕 혐의 미국인에 징역 10년 선고
282166,KBO 사내 성추행 혐의 직원 잇달아 해고
282167,카니발 축제 보러 가자…브라질 리우에 대형 유람선 행렬
282168,정선아리랑극…타악·록·오페라 등 현대적 공연 재탄생
282169,청와대 떠나는 박수현 대변인
282170,효도5법 정책 발표하는 주승용 원내대표
282171,하나 둘 셋 넷… 숫자 셀 줄 아는 식물 있다
282172,브라질 VNL 남자부 예선 최종전서 이탈리아 제압…1위로...
282173,美올랜도 병원 최악 총기 테러 부상자 치료비 안 받는다
282174,질의하는 김병욱 의원
282175,노벨상 수상자가 말하는 고령화 사회…첫 다이얼로그 개막종합
282176,문화소식 국립무형유산원 색을 입히고 수를 놓다展
282177,문제는 경쟁력 ②생산성 떨어지는 산업현장…임금은 최고 수준
282178,김기철 예비후보 여론조사 사전 공표…법적대응 검토
282179,20살 차 부폰에게 한 수 배운 음바페 2차전에서는 ...
282180,V리그 전반기 종료…현대캐피탈·도로공사 선두로 반환점
282181,제16회 태화강 국제마라톤대회
282182,日 대기업 올해 평균 2.46% 임금 인상
282183,인터뷰 류현진 이것도 야구의 일부…선발역할 해낸데 만족
282184,류현진 CBS스포츠 FA 랭킹 6위…예상 행선지 4개 모...
282185,WMO 엘니뇨 여전히 강력…2분기엔 소멸될 듯
282186,5·18 민주화운동 38주년… 줄 잇는 개정입법 추진
282187,朴대통령 한·아세안 상호협력 더욱 굳게 다져야
282188,나 우리와 다르지 않은 너는…곽효환 시집
282189,유엔 北제재 대북봉쇄 北경제에 얼마나 타격줄까
282190,2015년 서울연극제 공연장 대관탈락 피해대책위원회 발족
282191,靑 6월부터 고용여건 본격 회복… 속도감 있게 정책 추진
282192,LG전자 2018 WBSC 여자야구월드컵 대한민국 국가대표팀 후원
282193,이스라엘 네타냐후 유대교도 병역문제로 연정 협상 진통
282194,도종환 장관 첫 행보로 젊은 예술인들 찾아
282195,KT CES에서 차세대 스마트카 기술 공개
282196,드루킹 공범 초뽀 영장심사
282197,17인치 무게 1.34kg…LG 그램 17 예약 판매
282198,29살 나겔스만 감독 독일축구협회 올해의 감독상 수상
282199,두산테크포럼 개최…계열사간 연구성과 공유
282200,네이버 모바일 플레이스 판에서 해맞이 정보 제공
282201,UAE 사우디 이어 美 호르무즈 호위 연합에 참여키로
282202,北매체들 남북통일농구 이틀째 보도…통일 열기 달궜다
282203,사우디군 오만해 유조선 공격 예멘반군과 연결…이란 겨냥
282204,개천에서 용 나와라 美사업가 모교에 1천억원 장학금 기부
282205,EU 브렉시트 합의 전 해야 할 일 많아…英에 경고
282206,박혜진 31점 폭발 우리은행 국민은행 꺾고 4연승
282207,朴대통령 국립현충원 참배로 새해 일정 시작
282208,스팍스운용 일본 디플레 벗어나…새로운 도약 준비 중
282209,국정원 北사이버테러 현실화되고 있다…내일 긴급대책회의
282210,대학로 소극장 알과핵이 선택한 다섯 극단 다섯 작품
282211,SW 정책연구소장에 김명준 ETRI 책임연구원
282212,스페인 마케도니아 꺾고 월드컵 유럽예선 G조 선두 질주
282213,김학민 국립오페라단장 문체부에 사의 표명
282214,LG전자 V50 듀얼 스크린 무상증정 8월 말까지 한 달 더
282215,추미애 대표와 인사하는 문 대통령
282216,北 매체수소탄 폭발력 논란에 임의 조절통제 가능 주장
282217,카톡으로 전기요금 낸다…카카오페이 청구서 출시
282218,신태용호 유럽파 속속 귀국…이승우는 소집 당일 합류
282219,신한금투 동양생명 2분기 깜짝실적…목표주가↑
282220,전북기자협회 2017년 기자상 9편 선정
282221,국립국악원 역대 최대 규모 종묘제례악 올린다
282222,반 고흐 사망 18개월전 조울증이나 경계성 장애
282223,SOil 1조2천억원 경유·납사·항공유 공급계약
282224,백남준 비디오타워 다다익선 안전 문제로 가동 중단
282225,뮤지컬 그 여름 동물원 이번주 공연 취소…극장 장비 고장
282226,오신환 사보임 가능 불가능…국회법 48조 여야 상반된 해석
282227,트럼프 총기난사는 惡의 공격…총기규제 초당적 협력 촉구종합
282228,뮤지컬 신흥무관학교 출연진 교통사고…오늘 공연 취소
282229,HDC현대산업개발 HDC 외 9인으로 최대주주 변경
282230,협치 가능할까…朴대통령3당 원내대표 과거 인연은
282231,日 北 탄도미사일 발사에 베이징 대사관 채널 통해 엄중 항의
282232,기아차 2018 KBO리그 자동차 부문 공식 후원
282233,프로농구전망대 DB현대모비스 6일 12위 맞대결
282234,일임형 랩 1년새 12조원 늘어…계약잔고 첫 110조원 돌파
282235,마차도에 3천400억원 지른 샌디에이고 2년 연속 MLB...
282236,NBA 카지노업체와 스폰서 계약…美프로스포츠 사상 처음
282237,한국전력·KGC인삼공사 나란히 첫 승…장병철 감독 데뷔승...
282238,전광인 가장 기억에 남을 시즌…정말 마지막 의미 컸다
282239,그래픽 전국 주택매매가격 변동률
282240,오바마 대통령 퇴임 후 워싱턴DC에 사무실 개소 예정
282241,우상호 제창 안되면 정권 협조 못해…해임결의안 공조종합
282242,與 원내대표 선거 3파전…정진석·김광림 러닝메이트 확정
282243,통일부 北 당 대회 이후 도발 가능성 배제 못 해
282244,CJ ENM에 스튜디오드래곤 지분매각 추진 조회공시 요구
282245,LG V50 씽큐 10일 출시 유력…5G 스마트폰 선택지 늘어나
282246,프로축구 잔류·강등·승격 전쟁…28일 대전광주 2부 준PO
282247,카톡으로 좋아하는 스타 소식 전해주는 스타봇 출시
282248,정보통신기술진흥센터 ICT 기술 개발에 625억 지원
282249,애플 공정위에 반발…접근 방식에 반대…법 위반 안했다
282250,美 전문가 트럼프 정부 북한과 정상급 관계 시도할 것
282251,국제유가 美재고 감소에 강세…WTI 60달러 눈앞
282252,청원중 제23회 LG트윈스기 중학교 야구대회 우승
282253,문 대통령 어린이 자동차 영재와 함께
282254,온실가스 저감 등 기후변화 대응 기술에 866억 지원
282255,CJ포디플렉스 계열사 스크린엑스 흡수합병
282256,김정은 또 중국 거쳐 정상회담行 가능성…중·러 뒷배 과시할 듯
282257,이스라엘 네타냐후 이란에 경고…우리 전투기 도달가능 지역
282258,이스라엘 네타냐후 총선 한달 앞두고 우크라 방문 예정
282259,트럼프 탄핵보고서 통화기록에 등장한 의문의 숫자 1
282260,가계부채 정상화 중요 VS 주택시장 위축 고려해야
282261,北대표단 오후 2시14분 MDL 넘어 회담장 복귀속보
282262,소재·부품 기업 오찬 간담회 참석한 성윤모 장관
282263,미국 산업생산 한달만에 0.1%↑…제조업 회복 기대
282264,이총리 검찰 제도 변화에 머물지말고 행동·문화 개선해야
282265,KT 전국에 5G 기지국 6만개 개통 완료
282266,문 대통령 獨대통령과 회담…독일 통일 경험 우리에게 교훈
282267,북미정상회담 한국프레스센터에 내·외신 448명 등록
282268,마윈 30년 뒤에는 하루 4시간 주 4일 일하게 될 것
282269,답변하는 안철상 법원행정처장
282270,그래픽 아이폰 10년…한국의 일상과 문화 산업을 바꾸다
282271,충북 한여름 무더위…자외선지수 매우 높음
282272,올봄 애플·삼성 태블릿 대결…정체 탈출엔 역부족
282273,언론노조 정수장학회 부산일보 사장 해임하라
282274,IBK기업은행 외국인 선수 없는 흥국생명에 진땀승
282275,가족 3명 모이면 5G 요금제 반값…LGU＋ 가족할인상품 출시
282276,제6회 국가과학기술자문회의 심의회의
282277,캠코 生生한 온비드 이용수기 우수작 22편 선정
282278,셰이크 살만 AFC 회장 평양 방문…최휘 국가체육지도위원장...
282279,부산국제영화제 오늘 화려한 개막…열흘간 영화의 바다로
282280,신중국70년 ①차이나 미라클…최빈국서 G2 경제대국 부상
282281,미세먼지에 취약한 건설현장
282282,여야 5당 대표 새해 첫 초월회 회동…선거제 개혁 등 논의
282283,게시판 한국언론진흥재단 항공우주 아카데미 참가 공모
282284,UAE 단교 20개월만에 카타르 왕래 화물선 허용
282285,이통사 방문판매 급증…올해 다단계 첫 추월
282286,LG전자 G6 중남미·중동·아프리카로 판로 확대
282287,조양호 한진회장 변화속도 맞춰야 생존한다
282288,그래픽 북미정상회담 하루 앞둔 북미대표단 주요 움직임종합
282289,송환법 반대 홍콩 집회서 임을 위한 행진곡 울려 퍼져
282290,DJI 스마트폰 짐벌 오즈모 모바일3 출시…13만8천원
282291,게시판 신세계아이앤씨 코딩교육로봇 뚜루뚜루 총판 계약
282292,말레이시아 총리 비자금 스캔들 확산…정국 긴장 고조
282293,황교안 공수처 정권입맛 맞는 수사…文정권 독재로 가고있어종합
282294,한국 주도 수중 통신 표준 2건 국제표준으로 승인
282295,기상천외한 창작썰매들
282296,北 다보스포럼 참가 퇴짜에 온당치 못한 행위 비난
282297,네이버 뉴스 편집 공론화 포럼 발족…학계 등 13명 위원
282298,터치 한 번에 갈만한 곳이 쫙 네이버 스마트 어라운드
282299,김우재 감독 표승주 다음 주 공 훈련 시작…2주 뒤...
282300,평양정상회담 남북 군 대표와 기념촬영하는 김정은
282301,朴대통령 중소기업인과 오찬…규제개혁·중기 지원의지 강조
282302,당국 핀테크위크 참여할 레그테크·섭테크 기업 모집
282303,KT 강남IDC 장애로 엔씨소프트·배달의민족 접속 차질
282304,KT 리버사이드 영화 상영회 개최
282305,신간 초예측
282306,이스라엘서 군복무 유대학교 학생 흉기에 찔려 숨진 채 발견
282307,獨하원 反이스라엘 운동 지원단체에 지원중단 결의안
282308,신간 조총과 장부
282309,미군 정찰기 또 한반도 비행…북 방사포 발사 이후 감시 강화
282310,현대차 주총서 패배한 엘리엇 앞으로 더 큰 역할
282311,일감몰아주기 규제받는 10대 그룹 계열사 3.5배로 증가
282312,암스테르담 옴부즈맨 홍등가 출입금지 연령 정해서 이행해야
282313,요엘 레비 인생에서 만날 수 있는 특별한 순간이었습니다
282314,5·18 민주광장 꽃벽정원
282315,무산위기강원지사배 생활체육축구대회 어떻게 되나…대책 논의
282316,5라운드 1승 4패 GS칼텍스 장충의 봄 멀어지나
282317,G20 때 홍콩 문제 알리자…홍콩 시민들 릴레이 시위 예고
282318,특징주 카카오 수익성 둔화 분석에 하락세종합
282319,영문운전면허증 발급 시작
282320,돌아온 기관 매수세…코스피 장중 2480선 회복종합
282321,김해영 3년간 인구 평균 획정기준 위헌…평등선거 위반 소지
282322,밤이 즐거운 화천산천어축제…야간 행사 대폭 확대
282323,칭기즈칸 군대가 상처에 바른 이유 있다…피뿌리풀 효능 확인
282324,김정은 평양 방문하시면 열렬히 환영 프란치스코 교황 초청종합
282325,청소년 성범죄 60대 전자발찌 끊고 도주 사흘째 오리무중
282326,달라진 LG G7 씽큐 발표회…쇼 없이 체험으로 승부
282327,법사위 원샷법 처리…본회의 관문만 남아
282328,베테랑 센터 최석기 우리카드에서 새 출발…한정훈도 입단 예정
282329,프로축구2부 해체 위기 아산 어수선한 분위기…우승으로 보답
282330,北 경제·핵 병진 노선 바탕 화전 양면전술 구사 예상
282331,美 태평양 진출 中 견제하나…日오키나와서 미사일 훈련 계획
282332,바이오헬스 투자 강화…7개 기술 분야 10대 분야로 개편
282333,북 수소탄실험 중앙통신 조국통일 자주적으로 풀자
282334,터키 주재 러시아 대사 총격 피습…병원 이송
282335,제주도 동부 대설경보로 격상…성산 15㎝ 적설
282336,유럽인 59% 난민이 테러 가능성 키운다 인식
282337,이인영 조국 청문회 보이콧이 한국당 본색…가족 볼모 안돼종합
282338,건강한 피부에 사는 세균서 암 성장 막는 물질 찾았다
282339,신간 거기 너 있었는가 그때에
282340,김영남 우리 민족 위상 과시…뜨거운 분위기 이어가길
282341,게시판 SK텔링크 국제전화 00700 크리스마스 응원 댓글 이벤트
282342,이란 최고지도자 반정부시위에 美 사주한 공작
282343,아시안게임 정지석 15점 남자배구 네팔 완파…12...
282344,월드컵 동료들 위로에도 고개 떨군 김민우 악몽이 된 ...
282345,이통사 취약계층 감면 확대땐 통신비 0원 고객 80만명
282346,볼턴 美출신 IS 신부 귀국불허 재확인…시민권 입증해야종합
282347,부르키나파소서 무장괴한들이 금광 공격…약 20명 사망
282348,신임 문화예술위원장에 문학평론가 황현산 교수
282349,SK브로드밴드 8월 Btv VOD 매출 역대 최고
282350,위클리 스마트 국내 판매 1위 갤럭시 와이드 누구냐 넌
282351,우리동네서 꽃길 산책을…성남시 벚꽃길 8경
282352,은성수 내년 3월까지 혁신금융서비스 100건 지정종합
282353,올랜도 총기난사 최소 50명 사망…美사상 최악 총기참사종합5보
282354,아이폰8 예약판매 초반 열기 전작보다 못해…70% 수준
282355,RD사업 끝나도 연구비로 시설 보수…과기부 통합관리제 마련
282356,적극행정 추진전략 및 성과공유대회 참석한 이낙연 총리
282357,대전·세종·충남기자협회 사랑의 연탄 나눔 봉사활동
282358,朴대통령 한일 합의에 소녀상 언급없어…선동하면 안돼
282359,카카오게임즈 블루홀 개발 MMORPG 에어 국내 판권 확보
282360,민주 국회의원 재보선 4곳 후보 공모에 7명 신청
282361,SOIL 발달장애인 오케스트라에 후원금 1억 전달
282362,두더지쥐의 장수비결 물곰의 생존력…유전체 연구로 밝힌다
282363,돌연변이 염기 하나 콕 집어 고친다…새 유전자교정법 개발
282364,여자배구 대표팀 수석코치에 강성형…라바리니 감독 보좌종합
282365,버닝썬 게이트 다룬 SBS 그것이 알고 싶다 11.2％
282366,프랑스 마크롱 이집트 안정 인권문제와 분리될수 없어종합
282367,오직 동네서점에서만 파는 책…기대 이상 뜨거운 반응
282368,박찬호 현진이 10승 하니깐 생각이 나는데…
282369,게시판 번호안내114 종합소득세 신고 안내 서비스
282370,가짜에 속지 마라…금융시장 대붕괴 위기 온다
282371,현행 헌법과 다른 점은 ②지방자치·경제민주화 개념 강화
282372,고군분투 시즌 서재덕 MVP 덕큐리로 활짝 웃다종합
282373,트럼프 유조선 공격 사소한 일…이란과 충돌우려 속 수위조절
282374,이희호 여사 靑경호 24일로 만료…당분간 경호 유지될 듯
282375,통일농구 오늘은 친선 남북대결…김정은 관전 가능성
282376,SNS돋보기 전 세계 랜섬웨어 공격…조심 또 조심
282377,BGF리테일 몽골 편의점시장 진출…신흥시장 진출 본격화
282378,임도헌 감독 신영석 중심으로 똘똘 뭉쳐 한일전 승리 따냈다
282379,시위대에 실탄 발사 정국 불안 속 홍콩증시 2%대 하락
282380,홍콩서 과격시위자 제보에 최고 1억5천만원 현상금 걸려
282381,靑 6자회담 틀 완전히 무시하는게 아니다
282382,대북확성기 방송 전면 재개…접경지 긴장 속 차분종합
282383,데얀·김치우 OUT 조영욱 IN…서울 과감한 재건 성과...
282384,게시판 네이버고려대 클라우드 활성화 MOU
282385,다당제보다 효율적인 일당 체제…中공산당은 망하지 않는다
282386,2018년 대한민국 최고과학기술인상 수상자
282387,IHQ 딜라이브 IHQ 지분매각 검토 중
282388,문 대통령 북미합의 이행 국제사회와 협력…새시대 위해 헌신
282389,호날두 노쇼 유벤투스 무책임·거만 비판 수용 어려워
282390,월드컵 태극전사 산책과 닭갈비로 피로 해소
282391,北미사일 발사 정부 개성공단 체류인원 500명까지 축소종합
282392,朴대통령 총선 닷새만 첫 평가…평소보다 짧은 6분 발언
282393,한미 수석대표 협의 위해 출국하는 이도훈
282394,안철수·천정배 박지원과 회동…입당 삼고초려
282395,글로벌 자금 신흥국 펀드서 순유출…한국서 8주째 이탈
282396,에미레이트항공 겨울 유럽 항공권 할인판매
282397,현대증권 작년 영업익 2천971억…648.5% 증가
282398,관광 서비스 통합관리 한국관광 품질인증제 도입
282399,英 존슨 브렉시트 완수한 뒤 클린에너지 혁명 추진종합
282400,선관위 7개 정당에 경상보조금 106억원 지급
282401,그래픽 도박사 기질 타고난 쥐 구별법 개발…인간 중독 연구 도움
282402,문대통령 아세안·APEC 일정 마치고 오늘 저녁 귀국
282403,신간 진보의 대안·부분적인 연결들
282404,北 2040개국에 12만 명 파견…하루 16시간 강제노동도
282405,촛불민심 받들어 국정운영…촛불 2돌 맞는 문대통령
282406,SKT 5G 스마트오피스 찾은 5개부처 장관 5G로 혁신성장종합
282407,독재 시작했나…네이마르 PSG 회장에 카바니 이적 요구
282408,연초엔 코스피보다 코스닥…코스닥 1월 효과 주목
282409,아시안게임 만리장성 맞서는 농구 단일팀 이문규 감독...
282410,헤밍웨이 노인과 바다로 돌아온 소리꾼 이자람
282411,스웨덴·러 외교갈등…스웨덴 비자거부에 러 추방으로 맞불
282412,스타트업 위한 즐거운 공간서 제2의 김기사 나오길
282413,한승혁 6⅔이닝 1실점 역투…KIA NC 완파
282414,이란군 트럼프 무인기 파괴 확신에 찬 거짓말 처음엔 믿어
282415,HMC증권 하나투어 시내 면세점 실적 우려…목표가↓
282416,인천 섬마을도 인터넷 팡팡…광대역가입자망 구축
282417,ISA·해외펀드 뭐든 물어보세요 전국 12곳서 특강
282418,박지수 WNBA 코네티컷 상대로 2점·3리바운드 기록
282419,MLB닷컴·디애슬레틱 류현진 다음 행선지 텍사스 유력
282420,한국당 가짜뉴스 규제는 개인미디어 통제…입법화 반기
282421,우상호·박지원 상견례…1당이 내놓아야 양보할건 하겠다
282422,경기 남부 미세먼지주의보 해제…일부 지역엔 초미세먼지 여전
282423,최문순 강원지사 숙박요금 내림세 뚜렷…15만∼25만원
282424,막히는 대출 부동산 꽁꽁 묶는다…다주택자·임대업자 대출 조인다종합
282425,방통위 과기부 동의안 첫 거부…CCS충북방송 재허가 반대종합
282426,평창올림픽 성공기원 강원민속예술축제 7∼8일 개최
282427,한은 금주 금통위…지소미아 등 악재에도 이번엔 동결 관측
282428,강원 원주혁신도시 서부권 진입도로 5일 개통
282429,SKT 전용 스마트폰 갤럭시 A40 출시…출고가 39만원
282430,美해군총장 한일 레이더갈등에 이견 해소 노력 촉구
282431,NBA 로즈 개인 최다 50점 넣고 감격의 눈물
282432,울산한마음축구대회 개최…여성·노장부 등 40팀 참가
282433,SKB도미노피자 피자 도착시각 실시간 확인하세요
282434,지역구 후보 342명 재산 10억이상…1위 김병관 2천637억
282435,솔루에타 의결정족수 미달로 감사선임 안건 부결
282436,朴대통령 금주 안보·경제 이중 위기 극복 고삐 죈다
282437,한은 금융상황 완화정도 확대…실질통화량 높은 수준
282438,게시판 과총 지속 가능한 발전을 위한 과학기술 워크숍
282439,터키 독일·러시아서 테러 주도한 고위 IS 지도자 체포
282440,코스피 사흘 만에 상승…2080대 강세종합
282441,신간 퇴사를 준비하는 나에게
282442,화웨이 한국 기업 3곳과 5G 생태계 관련 MOU 체결
282443,이효성 방통위원장 소비자단체 대표들과 간담회
282444,김동연 증시 불안정 지속시 해외IR·제도개선 고려종합
282445,특징주 현대글로비스·모비스 지배구조 개편 기대감에 급등
282446,구자철 발목 부상으로 전력 이탈…아우크스 비상
282447,정지석·양효진 등 프로배구 FA 37명 공시…대어급 즐비
282448,김관영 최저임금 급격한 인상 현실적으로 어려워…재고해야
282449,반년 만에 잊힌 카슈끄지…사우디 국제행사 유력인사로 붐벼
282450,창원 마산합포 부영 아파트 4천298가구 분양
282451,가축방역 관계기관 합동 영상회의
282452,예상못한 결과서 노벨상 나온다…계속 연구지원이 중요
282453,한진해운 한진칼에 1천113억원 미국·EU 상표권 양도
282454,한투증권 빙그레 폭염에 빙과 수요 증가…매수
282455,獨외무 홍콩 시위 격화에 모든 당사자 참아야
282456,포스텍 연구팀 극저온 견디는 초고강도 합금 개발
282457,한화 4천20일 만의 PS vs 넥센 4년 만의 PO...
282458,서울시향이 선사하는 시벨리우스의 밤
282459,네이버 모바일 개편 후 1인당 뉴스 소비 늘어
282460,우상호 국회법에 왜 목숨을 거나…민생에 목숨 걸 것
282461,여야 원내대표단 방미 추진…美의회에 한반도 평화 설득
282462,안전자산 금값 역대 최고가…KRX금시장 거래량 최대
282463,게시판 KT 꿈품교실 5주년 기념 작품 전시회
282464,미래 직업 연구소 체험하는 초등학생들
282465,공인인증서 유출 총 8만건 넘어…추세는 급감
282466,靑 창조센터장 감찰 주장에 감찰대상 아니어서 중단한 사안
282467,리비아 긴장 고조…수도 진격 군벌 트리폴리 공항 장악
282468,최고 마니아 가린다…배민 떡볶이 마스터스에 500명 몰려
282469,홍콩 경찰 송환법시위 입법회 의원 2명 추가 체포했다가 석방종합
282470,통일차관 내일 이산상봉 시설 개보수 점검차 금강산行
282471,서소문 대법원을 기억하시나요 대법 옛 청사 사진전
282472,미국산 쇠고기 수입액 사상 첫 10억 달러 돌파
282473,EU 오만해 유조선 두 척 피습 관련 최대한 자제해야
282474,KT 차기 회장 후보군 9명으로 압축…오늘 중 명단 공개
282475,장미의 이름 새 옷 입히니 젊은 독자 호응
282476,원조 친박에서 文정부 입각까지…진영 행안장관 후보자
282477,中 美기업 강제 기술이전 피해 주장에 사실무근
282478,촉매의 왕 백금 단일원자 촉매 전기화학 반응 성공
282479,파키스탄서 아내 대상 가벼운 체벌 허용법 추진
282480,문 대통령 유엔 사무총장회담…평창 이후 찾아올 봄 고대종합2보
282481,연세대고려대 대학축구 U리그 2권역서 정면대결
282482,예탁원 내년 7월 발행사 대상 전자증권시스템 오픈
282483,엔씨 영화 시각특수효과 업체 포스에 220억원 투자
282484,여야 초선 당선인 연찬회…박관용 다선의원에 순종말라
282485,北 평양과 각 도에 축구학교 설립…4월 개교
282486,국토부 공공지원민간임대 2천채 공급 민간제안사업 공모
282487,美공화 전당대회 사흘째…미국이 우선 합창
282488,KBS 전 경영진 체제 하 특정 모임 직원들 특혜 의심
282489,정부 탈핵정책 비판 문서로 위장한 악성코드 유포돼
282490,C.팰리스 아스널에 30 완승…이청용 결장
282491,대만 총통선거 D1 막판 관전 포인트는 대학생 귀향투표
282492,슈퍼루키 강백호 남은 2경기서 신인 최다 홈런 신기록 도전
282493,부산·울산·경남 지역 8일 밤9일 오후 많은 비
282494,이라크 남부 바스라서 반정부시위 100명 부상…항구도 차질
282495,선물세트 다이어트로 김영란법 대응 5만원 미만 속속 등장
282496,美행정부 아프간 병력 감축 후 CIA 역할 확대 놓고 이견
282497,英 야당대표 노딜 브렉시트되면 영국은 트럼프 손아귀에
282498,군벌 수장의 수도장악 욕심에 갈림길에 선 리비아
282499,평양정상회담 백화원 영빈관 도착한 문 대통령
282500,과기부 차관페북 부사장 면담…망사용료 지불 요구
282501,중국 스마트폰 시장 성장 주춤…작년 처음으로 4% 감소
282502,전북기자협회 취재·보도 자문변호사 3명 위촉
282503,SNS돋보기 간호사 잡는 태움 문화…악순환 끊어야
282504,정의당 아베정권 규탄한다
282505,오신환 국회정상화 진전된 협상 가능…주말전후 회동 조율
282506,KBS도 정상화 박차…진실과미래위원회 출범
282507,美 오하이오주립대 교정에 총기든 괴한 있다 경고
282508,KT 통신사 관계없이 HD급 고화질 영상통화 즐기세요
282509,센터 김수지 복근 부상으로 귀국…VNL 3주 차는 13명으로
282510,北 퍼스트레이디 리설주 9개월만에 공개 행보
282511,DMC미디어NBP 제휴…콘텐츠·플랫폼 교환
282512,英스타 셰프 방송 등 부업으로 배당 77억원…본업 식당은 파산
282513,박지원 靑 中언론 비판은 선전포고…한중외교 망쳐선 안돼
282514,하반기 프리미엄폰 3파전 임박…베젤리스·듀얼카메라 대세
282515,이총리 무연고 독립유공자 묘소 참배…관리 강화 당부
282516,넷마블 게임 출시 지연 감수하고 근로조건 개선
282517,그래픽 미래기술 산실…LG사이언스파크 오픈
282518,미공개 정보 이용 최은영 재소환…10시간 조사종합
282519,아시안게임 경기장 잔디 점검한 김학범 중동팀에 유리한...
282520,회담하는 베트남 외교장관과 리용호 북한 외무상
282521,프로배구 새내기 황경민 신인왕 내가 받았으면 좋겠다
282522,읽어야 하지만 아무도 읽지 않는 고전…어떻게 읽을까
282523,주말 N 여행 강원권 남한강축제서 무더위 날리자…속초는 피서철 이벤트
282524,나라 쪼개지고 국민 행복 위협…미국인들 다수 대선 걱정
282525,조달청 해외조달시장 진출 유망기업 19곳 지정
282526,환동해권 크루즈 노선 신설…부산관광 체질 바꾼다
282527,朴대통령 지지율 4%…3주째 5% 유지하다 역대 최저치 또 경신종합
282528,정상회담 D1 김정은 완전한 비핵화 의지 판문점선언에 담기나종합
282529,방통심의위 인터넷 공간 패륜적 욕설 집중 단속
282530,LA타임스 현재 다저스 에이스는 커쇼·뷸러 아닌 류현진
282531,대전 중앙로 지하상가 음악회 성황리 막내려
282532,아가메즈·비예나 등 V리그 외국인 선수 대거 입국…KOVO...
282533,힐러리 트럼프는 증오·공포 거래업자…정치적 방화 자행
282534,이 도시를 사하소서 러 사제들 공중서 70ℓ 성수 뿌려
282535,中 건국 70주년 역대 최대 규모 열병식으로 힘 과시
282536,삼성 중국 스마트폰시장 2분기 점유율 또 0%대로 하락
282537,직장인 올해 설에 46만원 쓰고 4.3일 쉰다
282538,성추문 고은 시인 수원 거주지서 책 옮겨…곧 이사할 듯
282539,스위스 개신교 연합회 동성 결혼 지지
282540,NC 감독교체에도 4연패…유영준 감독대행 데뷔전 패배
282541,제재 풀린 이란산 카펫 미국에 첫 수출
282542,게시판 원안위 원자력·방사선 안전 아이디어 공모
282543,텍사스 투수 마이너 논란의 200탈삼진…기록 밀어주기 눈살
282544,1보 류현진 한국인 첫 MLB 올스타전 선발로 1이닝...
282545,지브롤터 미국의 이란 유조선 압류요청 거부
282546,경북 아파트값 2주간 0.04% 하락
282547,나란히 양복 상의 벗고 지휘…승자는 삼성 이상민 감독
282548,프로농구 선두 DB 최하위 kt 꺾고 10연승 질주
282549,中 북미 확실한 조치 해야…대북 제재 완화도 방법종합
282550,이상민·이수빈 美 잭슨발레콩쿠르서 남녀부문 2위
282551,대북제제 중간점검 ⑤안보리 제재 이후 北반발 일지끝
282552,꽁꽁 언 거리 풍경
282553,머리카락 단백질로도 DNA처럼 신원확인 가능
282554,파다르 트리플크라운 현대캐피탈 우리카드에 1차전 기선제압
282555,축출된 수단 독재자 바시르 테러자금지원 혐의 조사받는다
282556,폭행 혐의로 체포됐던 우리아스 8일 만에 다저스 복귀
282557,오페라 세비야의 이발사 내년 3월 무대에
282558,북미정상회담 여야 표심에 이미 반영…부동층 향배엔 촉각
282559,1인 1스마트폰 시대 개막…가입자 수 5천만명 돌파
282560,전기차배터리·바이오에탄올…정부 기후변화 대응 기술 개발
282561,삼성전자 프리미엄 AP 엑시노스 9 양산
282562,연말 틈새시장 노린다…이통사 중저가폰 가격부담 낮춰
282563,SUN 첫 야구 국가대표팀 전임감독 선임부터 퇴임까지
282564,폴란드 北 노동자 고용기업 위법사례 적발
282565,북한인권기록센터 28일 현판식…北 인권 조사업무 시작
282566,네이마르·메시 브라질아르헨티나 관광 도우미로 나선다
282567,캐나다 외교당국자 방북…임현수 목사 문제 논의종합
282568,베트남 언론 아시안게임 첫 4강 박항서 매직 뉴스로 도배
282569,올해 3월 가장 따뜻했네…강수량도 평년의 2배
282570,아시안게임 여자축구 전가을 황금세대 책임감으로 새 역...
282571,폼페이오 中 약탈적 전술…아세안서도 중국과 충돌종합
282572,김방훈 자유한국당 제주도당위원장 도지사 출마 선언
282573,이 콘텐츠 왜 나한테 뜨지 페이스북은 이유 알려준다
282574,세기의 대국 이세돌의 아름다운 바둑 도전은 계속된다
282575,IMO 北 탄도미사일 발사 관련한 통보 없어
282576,KT 유·무선 가족결합 2명이면 무제한 요금제 1명 반값
282577,신간 경제학의 7가지 거짓말
282578,MBC 류현진 특집 다큐…MLB 전설에게 듣는 류현진
282579,스웨덴 사람이 말하는 진짜 스웨덴의 삶
282580,이수화학 500억원 전환사채 발행 결정
282581,공지영 13년만의 소설집 할머니는 죽지 않는다
282582,다저스 부상선수 대거 합류…류현진에게 힘 실을까
282583,금감원장 혁신분야로 과감하게 자금 공급해야
282584,한국 아시아 U18 여자농구 4강에서 중국에 패배
282585,신간 오랜 슬픔의 다정한 얼굴
282586,프로농구 KBL 음주 운전 kt 박철호에 36경기 출전 ...
282587,NBA 매직 공동 창업자 올랜도에 MLB 구단 유치 추진
282588,오늘의 투자전략 달러 강세·금리 상승 부정적이지 않다
282589,뒤집힌 갤노트7 발화 원인…소비자 소송에 어떤 영향
282590,미사일 공격으로 시리아 반군 지도자 40여명 사망
282591,중·장년층 정보 활용서 소외…잘 쓰면 만족감 높아
282592,중부 미세먼지 나쁨…낮 서울 27도 조금 더워요
282593,朴대통령 취임후 3년간 국민 5천29회 경제 4천203회 언급
282594,차이잉원 추월한 라이칭더 당선돼도 대만 독립 선포 안해
282595,이란 美 최대압박의 고비용 보여주려 해WSJ
282596,캐나다 학교 총격으로 5명 사망 2명 중태종합
282597,여야 출연연 조직개편 요청…최기영 후보자 살펴보겠다
282598,화천군 내년 산천어축제 외국인 관광객 8만명 목표
282599,문 대통령 헌법기관장들과 미소지으며
282600,밀워키 간판 옐리치 파울 타구 맞아 무릎 골절…시즌 아웃
282601,UAE 내년 화성탐사선 발사…우주개발이 우리 문제 해결할 것
282602,미세먼지 비상구는 대중교통…제일기획 광고 공모전 대상
282603,트럼프 이란은 거래 원한다…제재완화 여지 언급
282604,마러라고 침입한 여성 배후에 중국 관련 단체 있다
282605,신한금투 금호석유 합성고무 시황 부진…투자의견↓
282606,블록체인 기반 이사 플랫폼 개발…SKT통인익스프레스 MOU
282607,언론중재위 성범죄 보도 시정권고 심의기준 강화
282608,섬들의 근대화는 달랐다…일제가 쓰고 버린 태평양 섬 이야기
282609,게시판 SKT 독거노인 케어 서비스 GSMA 우수사례 선정
282610,방북한 러시아 외무장관 만나는 김정은
282611,되살아난 트라우마 롯데 연패에 울고 판정에 울고
282612,웃지 못한 김승기 감독 오세근 많이 다친 듯…4차전 총력전
282613,문 대통령 쇼트트랙 최민정 선수 격려
282614,SKT 필리핀에 5G 기술 전파…현지 통신사와 파트너십
282615,김연경 벨기에전 완패 훈련 때 보다도 못했다
282616,제넥신·툴젠 합병 무산…신약 공동개발 노력은 지속종합
282617,우리은행 직원성과 평가지표서 비이자이익 없앤다
282618,시진핑이탈리아 대통령 정상회담…일대일로 통해 협력 강화
282619,MWC 2018 바르셀로나는 갤럭시S9 맞을 준비 한창…5천여명 몰릴 듯
282620,국방부 北 한미훈련 위협에 경거망동 중단하라…도발시 응징종합
282621,베스트셀러 82년생 김지영 영화화 논란에 판매 급증
282622,NBA 만년 2인자 톰프슨 3점슛 14개 신기록 폭발종합
282623,사드 배치에 찬반 당론 못내놓는 더민주…지도부도 온도차
282624,평양정상회담 정의용·서훈과 기념촬영하는 김정은
282625,EU 브렉시트 연기 EU가 동의해야 강조…연기 기간에 촉각
282626,그래픽 1분기 서울인구 2만2천명 순유출
282627,네이버 웨일 모바일 브라우저 시장에 도전장
282628,北종업원 인신보호 결론 못내…민변 재판부 기피 신청종합
282629,장맛비 제주 전역 호우주의보
282630,집 나가도 강한 류현진 원정경기 평균자책점도 1점대
282631,네덜란드 시리아 체류 자국 아이들 송환문제 놓고 논란 확산
282632,손석희 각종 의혹 진행 속 설 연휴 휴가 선언
282633,팬텀싱어 우승팀 포르테 디 콰트로 14개 도시서 투어공연
282634,여자배구 열기 후끈…GS칼텍스 홈 경기 시즌 첫 매진
282635,얘기 나누는 정무수석과 민정수석
282636,EBS 박치형 부사장은 학연 인사 사퇴해야
282637,먼저 2승 최태웅 감독 우승 기회 왔다. 철저히 준비...
282638,홈런왕 루스 유니폼 67억원에 낙찰…역대 스포츠경매 최고가
282639,궤도수정 안철수 7일 지방강연…본격 활동재개는 아직
282640,英 냉동 트럭 비극 베트남인 39명 시신 모두 송환
282641,美 남쪽 국경서 우익 민병대가 이민자 200명 구금
282642,KT 5G 가입자 5만명 돌파…최고 네트워크 품질 유지할 것
282643,이란 혁명수비대 중동 파견 美항모 위협 아닌 타격목표
282644,우크라 대선 라이벌 포로셴코젤렌스키 유럽 방문 선거전
282645,IFA 주인공 된 LG V30…IT매체들 잇달아 최고제품 선정
282646,새로운 디지털 경제를 그리다
282647,SH공사 말레이시아 주택공사와 공공주택 분야 협력
282648,특징주 하나제약 코스피 상장 첫날 강세…공모가 웃돌아
282649,위클리 스마트 전성시대 맞은 OTT…해외방송사 프로그램 이용도 증가
282650,與 양향자 광주 서구을 지역위원장 직무대행 임명
282651,美동맹도 달러패권 도전…EU·인도 對이란 우회결제망 구축
282652,판문점 선언 함께 걷는 김정숙 여사와 리설주 여사
282653,한국거래소신한은행 중소·벤처 투자중개망 신설
282654,이해찬 생활 적폐 누적…공정사회 만드는 노력에 최선종합
282655,광주전남 보도사진전 전남도청서 개막
282656,노무라 한은 10월에 금리 0.25%p 추가 인하할 듯
282657,임대료 시세의 80% 서울시 첫 사회주택 연말 입주
282658,한글과컴퓨터 여성 CTO 첫 배출…정기 임원인사
282659,靑 내주 초 대북특사 파견 발표…서훈 국정원장 유력종합2보
282660,케이뱅크도 해외송금 서비스 시작…수수료 5천원으로 통일
282661,3월의 광란 미국 대학농구 주인공이 된 99세 수녀님
282662,본회의 출석한 염동열
282663,朴대통령 주한미군은 특별한 친구…브룩스 같이 갑시다
282664,박원순 선거사무소 개소식
282665,박정훈 SBS 사장 후보자 임명동의 투표 통과
282666,인민일보 차이잉원 뉴욕 방문 맹비난…미국의 장기 말 자처
282667,힐러리 지금 선거 후 대통령이 돼서도 TPP 반대 거듭 천명
282668,朴대통령 모레 국회연설…北도발 국민단합·초당적협조 요청종합2보
282669,부마민주항쟁 증언집 마산편·2 출판기념회
282670,김종민 도로공사 감독 더는 체력 이야기 안 한다
282671,부산 겨울 나들이 행렬…낮은 온천체험 밤은 빛 축제
282672,곤 닛산 전 회장 보석 중 일본서 도주…레바논 도착
282673,인터넷진흥원 호남권 청소년 대상 정보보호인력 양성 프로그램
282674,서청원 김무성 권력자 발언으로 왜 분란 일으키나
282675,라스트 크리스마스 조지 마이클 크리스마스에 잠들다종합
282676,보험硏 올해 수입보험료 1.9% 감소 전망…생보업계 부진
282677,북미회담 D3 러 외무 北美합의 다자회담서 확고히 돼야
282678,연합뉴스WAM통신 양자회담
282679,SK 최정 복귀 임박…이르면 15일 지명타자 출전
282680,KTB투자 코스메카코리아 2분기 실적회복…목표가↑
282681,프로축구 2부 성남 천적 이랜드 21로 꺾고 선두 탈환
282682,속보 文대통령여야 5당대표 日정부 외교적 해결 촉구
282683,첫 등판 흔들 린드블럼 제구가 흔들렸다…더 준비해야
282684,詩가 어렵다고요 사치 아니냐고요
282685,韓美 연합훈련 중단 지침 마련…핵심 변수는 北비핵화 진전
282686,배구연맹 2019 순천 KOVO컵 운영 대행업체 입찰 공고
282687,국내 주식형 펀드 나흘 만에 자금 순유출
282688,오승환 MLB 시범경기 최종전 결장…ERA 9.72
282689,트럼프 美민주에 인프라 투자냐 의회 조사냐 양자택일 압박
282690,가을과 겨울이 공존하는 대관령
282691,게시판 다음웹툰 대상 5천만원 웹툰 공모전
282692,4쿼터 3점포 4방 OK저축은행 2연패 탈출…신한은행...
282693,영상 인종차별 행동 눈 찢기 러시아 코치에 3경기 징계
282694,이틀째 한파에 칼바람까지…경기남부 아침 최저 17.4도
282695,日 IoT기기 바이러스 감염 심각 한달만에 100배로 급증
282696,연합뉴스 평창올림픽 뉴스공유플랫폼 PNN 본격 운영
282697,伊 실세 부총리 살비니 조기총선 원하지 않아…연정 내홍 수습
282698,루비오 크루즈가 남은 유일한 보수…트럼프 저지 앞장서나
282699,보츠와나 등 아프리카 4개국 상아 무역 허용하라
282700,文대통령 노무현 대통령 꿈은 시민과 함께 역사 진전시키는 것
282701,문 대통령 여기는 세종입니다
282702,KBL 종료 17초 전 판정 논란 심판 출전정지 징계
282703,AS모나코 17년 만에 프랑스리그 정상 눈앞
282704,퇴임 앞둔 슬로바키아 대통령 친EU 신당 창당 계획
282705,게시판 과학기술한림원 과학영재단 멘토링 실시
282706,LG V50 씽큐 고객에 듀얼 스크린 7월 말까지 무상제공
282707,게시판 DJI 블랙프라이데이 맞아 드론·짐벌 최대 35% 할인
282708,화창한 휴일 충북 주요 유원지 나들이 인파로 붐벼
282709,무주서 한국사진기자협회 전북지부 보도사진전
282710,한국·대만 유소년 배구 교류전 타이중에서 개최
282711,글로벌자금 신흥국펀드 유입…한국은 15주째 몰려
282712,나경복 꼭 해보고 싶었던 트리플크라운…범실은 줄일게요
282713,우상호 거부권 행사한다면 정치적 의도…靑의 정쟁유발 우려
282714,패럴림픽 김정숙 여사 아이스하키 관람…장애인스포츠 많이 알려지길
282715,공정위 혁신경쟁 촉진 기업결합 심사기준 개정
282716,박성제 MBC 신임 보도국장 임명동의안 통과
282717,과학기술·ICT 국제협력 확대…과기부 외교관 대상 정책설명
282718,의원도 무노동·무임금 원칙을…체포동의안 자동통과시켜야종합
282719,북마케도니아 대선서 親EU 후보 당선…EU 가입 급물살
282720,랜섬웨어 국내 피해 신고 3건 추가…총 17건
282721,野가 전한 설 민심…정권교체 해달라 자만말라 쓴소리도
282722,1위 흥국생명도 2위 도로공사도 9일 경기 주목
282723,작년 주식형펀드 수익률 1위 메리츠…채권형은 미래에셋
282724,女축구 윤덕여 감독 끝이 아닌 시작…프랑스월드컵 선전하겠다
282725,朴대통령 대북대화론에 쐐기 대화위해 준 돈이 핵 자금돼
282726,트럼프 내 금융자료 의회 제출 안돼…이번엔 금융사 상대 소송
282727,LTE폰과 비슷한 값이라 5G폰 샀어요…5G폰 출시 첫날 선전
282728,북한인권정보센터 北 인권범죄 절반 자의적 체포와 구금
282729,방통위 개인 위치정보 사업 허가 계획 발표…내년 5차례 접수
282730,英 국립병원 개선에 특별예산 2조6천억 편성키로
282731,푹 TV MBC 아육대 미방송분 스페셜 방송
282732,트럼프 조롱 대통령 가짜 문장은 온라인 검색 중 나온 실수
282733,배구 올림픽 대륙별 예선 남자부 중국·여자부 태국서 개최
282734,알록달록 송편 빚기
282735,공공연구성과 사업화 연구소기업 200개 돌파
282736,네이버 인플루언서 검색 비공개 시범 서비스 개시
282737,SKT 전용폰 쏠 프라임 6일 출시…출고가 43만3천400원
282738,금감원장 은행권 자영업자 포용 강화해야…컨설팅 보완 필요
282739,인사나누는 과기정통 전 장관
282740,WNBA 박지수 LA 스파크스 상대로 4분 39초 출전…...
282741,NH투자 신세계 호실적에 주가도 매력적
282742,NBA 경기 도중 난투극 론도 3경기 폴 2경기 출전 정...
282743,성균관대 선후배 장병철·권순찬·신진식 감독 대결 기대되네
282744,제주서 다문화 가정 직장인 성공신화 시트콤 방송
282745,與 예비후보자 부정부패·혐오발언·젠더폭력 불이익 서약서
282746,모바일 월드 콩그레스에 등장한 F1머신
282747,트럼프 日궁중만찬 참석…미일동맹은 풍부한 재산
282748,노란색 유니폼만 만나면 폭발하는 손흥민…스웨덴도 부탁해
282749,대관령 금강송 명품 숲 국민 품으로…내년 가을 개방 추진
282750,공연계 큰 손 소비자 1년에 262만원 공연관람에 쓴다
282751,MS 노트북 서피스 랩탑 예약 판매…1천대 한정
282752,미국인 기대수명 22년 만에 첫 감소…사망률도 늘어
282753,한글날 느낌있는 손글씨 감상하세요
282754,부패 추문 오스트리아 극우당 국민당에 다시 연정 러브콜
282755,CJ제일제당 주당 3천원 현금배당 결정
282756,소사 7이닝 1실점 LG 롯데 제압…박용택은 무안타
282757,유럽축구 2년 이내에 이적료 2억 유로 시대 온다
282758,감독 경질도 소용없네…NBA 시카고 7연패 수렁
282759,日 5월에 59개월째 경상수지 흑자…흑자폭은 15.8% 감소
282760,양산구상 마친 文…2월중순 캠프 띄우고 3월초 출마선언종합
282761,고미술 기획전 조선 병풍의 나라
282762,유럽이란 핵합의 명운 건 막판 불꽃접촉…美 용인 관건종합2보
282763,오산·김천·구미·진천 등 미분양 관리지역 추가 지정종합
282764,발언하는 오정훈 위원장
282765,미국의 우주개발에 공헌한 흑인 여성수학자들…히든 피겨스
282766,배구 남자대표팀 감독 공모에 임도헌 코치 단독 지원
282767,폭염 덮친 이탈리아 해충에 몸살…사르데냐 메뚜기떼 습격
282768,일본 전범기업에 투자하는 국민연금…작년 1조5천억 역대 최고
282769,연합뉴스 2만5천명 정보 수록한 2018 한국인물사전 출간
282770,조기 귀국한 女배구 이다영·안혜진 부상 회복에 주력
282771,디지털스토리 영상 하나 다운받는데…LTE 55초 vs 공공와이파이 27분
282772,유엔 北 주민 2명 자의적 구금 피해자로 판정해 석방 촉구
282773,中매체 북미 가까워지면 중국 의도에도 부합
282774,청송 영하 9.8도…대구·경북 쌀쌀한 아침
282775,LGU 5G 체험단 유플레이어스 2천명 운영
282776,이스라엘 무슬림 美 의원에 요르단강 서안 방문 허용종합
282777,류현진 박찬호 이래 18년 만의 한국인 MLB 개막전 승...
282778,축구황제 펠레 브라질 축구대표팀 평가전 해설자로 나서
282779,양의지 하루만 쉬어갈게요…이흥련 두산 이적 후 첫 선발
282780,탈레반 포로피랍 외국인 각각 석방 교환…평화촉진 계기되나
282781,日 韓 상응조치에 한국이야말로 냉정하게 대응해야 주장
282782,아시안게임 동점골 이민아 선수들 속상해해…태극 낭자...
282783,사인하다가 어깨 다친 일본 투수 마쓰자카 장기 이탈할 듯
282784,문 정부 4차산업혁명 밑그림 나왔다…사람중심 지능화경제종합
282785,콜롬비아 평화협정 국민투표 문구 확정…협정ㆍ안정 지지하나
282786,독일 11월 소비자물가 전년보다 1.1% 상승…약세 지속
282787,구글 LG·삼성과 협력…G6 한국어 AI는 아직종합
282788,기대치 미달 5G 속도 놓고 이통3사 서로 내가 최고 비난전종합
282789,손흥민 선발로 73분 활약…리그 8호골은 다음에
282790,5G 시대 대비 서비스 제도 개선논의 시동
282791,이란 1년간 美CIA 연계 고정간첩 17명 체포…사형 선고
282792,형태가 바뀌면 내용도 변해…에르빈 부름의 일상 비틀기
282793,트럼프 후원금 잭팟 터졌다…카지노 대부가 1억달러 제공
282794,美·유럽 호르무즈 군파견 추진 속 러·이란 해군 합동훈련
282795,북한 농업연구원 과수학연구소 준공식
282796,한국수입협회 창립 46주년 기념식
282797,프랑스서 성 매수자 처벌 벌금 200만원…성매매처벌법 의회 통과
282798,추신수 클리블랜드전 3타수 무안타…시범경기 타율 0.211
282799,그래픽 손흥민 아시안 최초 EPL 두자릿수 골
282800,황희찬 83분 잘츠부르크 오스트리아 분데스리가 4연패 달성
282801,SKT·헬로비전 합병 급물살…공은 미래부·방통위로
282802,절정에 달한 여름휴가…고속도로는 주차장·공항은 북새통
282803,법원이 폭력 남편 석방한 후 부인 살해돼…멕시코 부글부글종합
282804,관리의 힘 SK 김광현 5이닝 무실점 컨디션 괜찮아...
282805,터키발 이주민보트 그리스 영해서 전복…어린이 5명 등 7명 사망
282806,단독 이세돌 아내 직접 해 줄 수 없어서 안쓰러웠죠
282807,보석 청구한 변희재 내가 석방된다고 무슨 증거인멸을…
282808,미일 무역협상 내달 큰 틀 합의 목표
282809,자녀 유해정보 접속때 부모 폰으로 알려준다…방심위 SW 제공
282810,이집트 헌법재판소 창립 50주년 기념 세미나
282811,대구·경북 무더위 주춤…낮 최고기온 23∼28도
282812,MLB 애틀랜타 9회 2사 후 극적인 뒤집기…18년 만의...
282813,KBO리그 출신 테임즈 홈런 치고 2타점…강정호는 결장
282814,프로농구 SK 챔프전 사상 최초로 2패 후 3연승 1승...
282815,류현진 콜로라도 제물로 QS에 생애 첫 홈런까지종합
282816,KBS이사회 고대영 사장 해임제청…공정보도 훼손종합2보
282817,트럼프 인수위내각 참여자들 로비 못한다…초강경 서약서 마련
282818,세종 리더스포레에 쏠린 관심
282819,스마일게이트 스타트업 투자 위해 40억 규모 펀드 개설
282820,NBA 미네소타 로즈 두 경기 연속 맹활약…부활 예감
282821,국내 주식형 펀드서 11거래일째 자금 순유출
282822,제임스 떠나고 러브 다치고…NBA 클리블랜드 개막 6연패 늪
282823,KT 컨테이너 방식 기업 ICT 관제 플랫폼 개발
282824,대전·충남 강추위 지속…한파주의보 확대
282825,미국 남은 대미얀마 제재 풀까…이달말 갱신 시한
282826,총선 일주일 앞두고 귀국하는 朴대통령…판세 변수될까
282827,류현진 개인 두 번째 완봉승·NL 전구단 상대 승리
282828,작년 새희망홀씨 대출 3조7천억원 육박…올해 3조3천억 공급
282829,EU 北 미사일 추가 발사 비판…추가 도발 안 돼
282830,늪에 빠진 트럼프…공화당 주류 외면에 지지율 추락 이중고종합
282831,朴석방결의안 추진 여진…탄핵 사과 먼저 vs 공방 무의미
282832,이란 일각서 대미 대화론 제기…前대통령 40년 적대 풀어야
282833,日 공정위 스마트폰 단말기 2년약정 할부 시정 요구
282834,이시영 시인 나도 블랙리스트 피해자
282835,北 인민군 판문점대표부 UFG연습 맹비난 백서 발표종합
282836,KTX 개통 15주년 기념음악회서 인사말 하는 손병석 사장
282837,SKT 내달 11∼15일 주요 고객서비스 업무 올스톱
282838,이미지 바꿔볼까…작년 상호변경 상장사 44% 증가종합
282839,좋은사람들 법원 주총 소집허가신청 항고 기각
282840,현대상선 이사회서 유창근 신임 대표이사 내정
282841,위기에 만나는 두 라이벌…수원 vs 서울 올해 첫 슈퍼매치
282842,터키 에르도안 미국이 F35 안 팔면 다른 옵션 택할 것
282843,코트라 초호화 투자유치 행사…실제 계약은 초라
282844,월드컵 본선 48개국 확대…기회 증가 vs 질적 저하
282845,日매체 임창용·이대호·김태균 2010년대 日최고의 외인선수
282846,국조실장 생산차질·자금조달 등 시급한 사안 우선조치
282847,류중일 LG 감독 이형종 공을 무서워하지 않아
282848,텔콘 보통주 1주당 1주 무상증자 결정
282849,정부 한국형 주거비부담지수 분기별 발표 검토
282850,방통심의위 CCTV 화면 무단전송 사이트에 접속차단
282851,눈 내리는 도심.. 출근길 혼잡 예상
282852,아프간서 미군 1명 폭탄에 사망…올해 3번째
282853,바른미래 국감이슈 통통통 시사토크로 정책소통
282854,올가을 아이폰 3종 발매 유력전망…추측 디자인도 나와
282855,KIST 제주상사화 추출 물질에 항염증 효과…동물실험서 확인
282856,이인제 탄핵은 역사의 법정으로 미뤄놔야…TV토론
282857,한은 통화금융대책반 회의…미국 주가 급락 영향 점검
282858,게시판 관훈클럽 경남지사 후보 초청 토론회
282859,해결사 김선형의 결승 3점포…SK LG 상승세에 찬물
282860,인류학자는 4년간 아마존 숲에서 무엇을 봤나
282861,성적표·자격증 위조 인터넷 정보 2천736건 조처
282862,AI·로봇 등 4차 산업혁명 분야 RD 투자 50% 늘린다
282863,국립극단 문화예술계 블랙리스트 사과
282864,선관위 조동원 고발 발표 관련 외부압력 없었다
282865,존슨 英총리 아일랜드의 브렉시트 정상회담 제안수용
282866,금감원 TF 이건희 차명계좌 특별검사…과징금 증거 재추적종합
282867,경기동부 보훈지청 한시조직에서 정규기관으로 승격
282868,사우디 등 아랍 4개국 카타르 개최 IPU총회 불참
282869,세기의 대국 샤오미 레이쥔 과학이 최초로 사고영역에 들어와
282870,인사말하는 민병욱 이사장
282871,언어의 온도 이기주 글과 삶은 포개진다
282872,교황 공정하고 평화로운 베네수엘라 사태 해법 위해 기도
282873,PC방 게임 5G폰으로 즐긴다…LGU 5G 클라우드 게임 첫선
282874,획정위원장에 박영수 선관위 기조실장 사실상 내정
282875,프로농구 현대모비스 인삼공사 꺾고 9연승 질주
282876,프로축구 K리그 최종 811명 선수등록…팀당 평균 37명
282877,朴대통령측 세월호 행적 보완해 제출…특검發 의혹에 유감
282878,악성 부채 고려하면 中 성장률 정부 발표치 절반에 불과
282879,휴일 오후 적시는 봄비
282880,주간 화제의 뉴스 북핵 대응·中 사드 경제 보복 등에 관심
282881,표류하던 크루즈선 항구 정박…엔진 재가동전 암초에 접근종합
282882,퇴임앞둔 ECB 드라기 부양책 긍정적 경험…여전히 필요종합
282883,中 1월 여신 폭발적 증가…성장 우선으로 정책 선회한 듯
282884,그래픽 2018러시아월드컵 대표팀 예상 선발 라인업
282885,종근당바이오 작년 영업익 80억원…흑자전환
282886,연출가 이윤택도 성추행 추문…연극계 미투 확산종합
282887,장자연사건 보도 PD수첩 상대 손배소에서 조선일보 패소
282888,도이체방크 중·러 고위층 자녀 취업시켜주고 사업 따내
282889,홍콩 시위 지지 中 본토인 2명 잇따라 체포돼
282890,국내 첫 전천후 지구관측위성 아리랑5호 임무 2년 연장한다
282891,랜섬웨어 공격 북한 배후설 확산…코드·침투 방식 유사
282892,中·인도 등 기후변화 대응 압박에 선진국 돈 더 내야
282893,입지 좁아지던 노수광 데뷔 첫 끝내기 홈런으로 반전
282894,더민주 건보료 직장·지역 구분 없애고 소득기준 일원화
282895,美유엔대사 또 여성파워…이번엔 공화당 큰손 크래프트
282896,관광객 늘어난 N서울타워
282897,LG전자 G6 내일 출시…지원금 받으면 최저가 61만5천800원
282898,뉴스 앵커 출신 언론인 지하철역서 몰카 찍다 덜미
282899,꿀잼여행 강원권 하얗게 밀려오는 파도…동해안 양양은 벌써 서핑 천국
282900,국립민속박물관 나도 울산사람 아잉교 특별전
282901,달라이 라마 트럼프는 도덕적 원칙 부족…국제적 책임져야
282902,새보수당 서울시당 창당대회 참석한 오신환 지상욱
282903,위원장 선거 단독출마한 오정훈 현 수석부위원장
282904,구글 이미지 인식기술 갈 길 멀다…음성보다 어려워
282905,아시아나항공 감사의견 한정…충당부채 등 자료 이견종합3보
282906,美뉴햄프셔 경선 1승1패…이제 관심은 사우스캐롤라이나·네바다
282907,소설가 조정래가 손자와 논술로 세상을 읽다
282908,LG유플러스 U골프 올해 누적시청 4천200만분 돌파
282909,KBS 감사에 16명 지원…내달 이사회서 임명제청
282910,IMO·ITU 北 탄도미사일 발사 관련한 통보 없어종합
282911,朴대통령 네덜란드총리에 댓글…월드컵처럼 협력 꽃피우자
282912,미래부 창조경제·과학기술·ICT 관련 아이디어 공모
282913,베이브 류스 류현진 고교 시절 홈런 1개…통산 타율 ...
282914,다가온 서울 신규면세점 입찰…경쟁 본격화
282915,케냐 유명 국립공원서 폭우로 외국인 등 6명 숨져
282916,에버랜드 13일부터 한식 문화 축제
282917,이란 외무 美 정부 강경파가 위험한 정책 추구
282918,펠리페·손현종 활약…KB손해보험 OK저축은행 완파 2연승
282919,캐나다 총선 비방전 가열…트뤼도 보수당 가장 더럽게 선거
282920,아이폰X 물량난 해소…국내도 예약없이 현장구입 가능
282921,부산카자흐 첨단의료시스템 공동기술개발 협약
282922,한컴그룹 중국 디지털 출판·교육시장 진출
282923,트럼프 이란 외무장관과 만나는 것 시기상조였다
282924,강원CBS 사옥·선교센터 8일 착공…11월 완공
282925,프로축구 수원 서정원 후임에 이임생 유력…26일 최종 계약
282926,네이버 국제 디자인 공모전 IDEA 2018서 6개 제품 수상
282927,김성태 MB를 법정에 세우려는 정치보복…정치한풀이 정권
282928,정의 윤소하 원내대표 합의 추대…임기 1년 연장
282929,알림톡 고지 누락·URL 무단 노출 카카오에 과징금종합
282930,강정호 1천438일 만에 3루타…2경기 연속 타점
282931,북러 교역액 지난해 대비 22% 감소…정세불안 영향
282932,축구 꿈나무 키우자…군산 청소년클럽팀 이달 창단
282933,삼성바이오 금감원 반발 수위 높인다…불공평 게임 알릴 것
282934,과학대통령 박정희는 신화…정치적 후원자였을 뿐
282935,평양정상회담 백화원 영빈관 도착한 문재인 대통령 내외
282936,머리에 사구 NC 손시헌 의식 있어…2∼3일 입원 예정...
282937,포틀랜드 워싱턴 꺾고 NBA 서부콘퍼런스 선두 도약
282938,日여당 모든 남성 육아휴직 사용 의무화 법제화 추진
282939,휴대전화 지원금 차별 안돼…9월 상한제 폐지 뒤 단속강화
282940,게시판 국립중앙과학관 우주과학 강연회 개최
282941,LGU 잠실야구장에 프로야구 5G 체험존 운영
282942,아이폰X·갤노트8·V30 닮은 점과 다른 점…최고의 제품은종합
282943,피아니스트 백혜선 연주자·엄마·교수…어느 것도 쉽지 않아
282944,KBS 올해 청년 200여명 채용 5년간 1천300명 퇴직종합2보
282945,경기도 11개 시 오존주의보 해제
282946,아이폰XS 듀얼심 한국에서는 지원 안 할 듯
282947,이스라엘 중도파 지도자 간츠 총리후보 지명 경쟁서 유리
282948,통일부 北 수해 완전복구 어려워…서둘러 마무리
282949,처가 부동산·몰래 변론…우병우 의혹 쟁점과 해명은종합2보
282950,러시아 최대 외국인 투자자는 왜 반反푸틴 운동가가 됐나
282951,文의장 일 잘하는 실력국회…개헌으로 촛불혁명 완성
282952,미군 쿠르드군과 시리아 북부 순찰…철수 뒤 처음
282953,한화 벌써 홈경기 11번 매진…5경기 연속
282954,통신사들 쉬쉬 휴대전화 무이자 할부 설명 의무화
282955,두산 김재환 6경기 연속 아치로 시즌 20홈런
282956,알제리 임시대통령 대선 실시 위한 국민대화 제안
282957,북한 탁구대표팀 코리아오픈 참가차 입국
282958,연장 2골 레스터 FA컵 32강 재경기서 더비카운티에...
282959,핀란드 라이프스타일 체험 이벤트
282960,홍콩 주둔 중국군 사령관 극단 폭력 절대 용납 안 해 경고
282961,독일 국제안보연구소 중국 해군력 러시아 따라잡아
282962,여자축구 조소현 잉글랜드 진출 임박…맨유는 아냐종합
282963,추미애 공수처법 만들어지길 바란다…檢권한분산 국민 열망종합2보
282964,美 슈퍼화요일 샌더스 돌풍 약화됐지만…추격 여지 남겨종합
282965,서울시 비강남권 학교 집중 지원…4년간 1천220억 투자종합
282966,삼성 갤럭시워치 27일 출격…출고가 33만9천900원부터
282967,특징주 메가엠디 자회사 합병에 급등
282968,36년만의 北 당대회 내일 개막…김정은 시대 공식 선언
282969,뉴욕 센트럴파크 거닐고 국가기관 방문…차이잉원 美지지 과시
282970,과이도 체포 가능성에도 내일 귀국 정면돌파…전국 시위 촉구
282971,화천산천어축제장 찾은 산타
282972,국내 연구진 종이로 PC키보드 만드는데 성공
282973,흥국에프엔비 4분기 영업적자 12억원…적자 확대
282974,PO 앞둔 우리카드현대캐피탈 아가메즈문성민 100 출격
282975,주택 매매가격 상승 전환…전월세도 올라
282976,10일부터 갤노트7 충전 15% 제한…하루 늦춰져
282977,HP 1kg 이하 업무용 노트북 출시…인텔 아테나 프로젝트 인증
282978,네이버 브이라이브 VR 앱·신규 콘텐츠 20여종 출시
282979,靑 국가안보실 사칭 이메일 발송 의혹 경찰에 수사 의뢰종합
282980,알코올질환 교사 해임 부당…적절한 치료 못 한 교육청 잘못
282981,프로축구 전북 진통 끝에 손준호 입단 확정…4년 계약
282982,朴대통령 국회가 법막고 어떻게 국민지지 호소하는가종합
282983,삼성전자 액면분할 결정 후 개인 거래 활발
282984,누리호 엔진시험발사체 25일 발사 연기…이상 발견
282985,커리 빠진 골든스테이트 듀랜트·쿡 앞세워 브루클린에 승리
282986,오늘의 투자전략 주식시장 단기 조정에 그칠 가능성
282987,웅진에너지 430억원 규모 제3자배정 증자 결정
282988,北 美 김정은 제재반발…뉴욕 북미접촉 통로 완전차단1보
282989,한국 남자배구 U21 세계선수권서 중국에 03 패배…...
282990,라임자산운용 펀드 수익률 돌려막기 등 의혹 사실 아냐
282991,종아리 부상 베일 유럽챔스리그 4강 못뛴다
282992,박지수 WNBA 데뷔 후 최다득점…시카고전에서 7득점
282993,모잠비크 발견 항공기 파편 실종 말레이기 잔해 가능성종합
282994,佛 혁명기념일 니스서 광란의 트럭테러…84명 사망·202명 부상종합6보
282995,디지털스토리 12도 강추위에 35도 찜통 더위까지…극과 극 날씨 이유는
282996,50개국 발주처 111조원 프로젝트 들고 방한
282997,등단 30년 장석남 시인 시가 나를 지켜줬죠
282998,영문 또는 공직자 신고용 병적증명서 인터넷 발급 가능
282999,주말 N 여행 크리스마스엔 달콤한 키스를…프라하의 연인이 되어볼까
283000,송일준 광주MBC 사장
283001,문자로 연락주세요…KT 장애인 위한 음성안내 서비스
283002,일 한 번 내보자…여자축구 대표팀 지탱하는 베테랑의 힘
283003,장정석 감독 이정후 중요할 때 해주니 더 예쁘다
283004,국회 열리자 여야 전당대회 모드로…당권 쟁탈전 시동
283005,홍준표 너무 나갔다… 한국당 남북합의 대응기조 갈등
283006,재즈 피아니스트 김광민 6월 유 앤드 아이 콘서트
283007,현대증권 삼성重 올해 수주 전무…보수적 접근해야
283008,특구평가에 3년 주기 종합평가 추가…중장기 성과도 점검
283009,아시안게임 라건아 효과 누린 남자농구 몽골 잡고 ...
283010,김기태 신임 경기일보 인천본사 사장
283011,게시판 아프리카TV 22일 스포츠피싱페스티벌
283012,터키 프랑스 국적 IS 포로 11명 본국 송환
283013,日 야구 영웅 스즈키 이치로 메이저리그 은퇴한다
283014,발목 부상 KB 박지수 안도의 한숨…코트 복귀종합
283015,신인 최다홈런 친 알론소 NL신인상 수상…만장일치는 실패...
283016,샤오미 애플·삼성·화웨이처럼 자체 스마트폰 칩
283017,피서지 통신 사용량 두 배 급증…이통 3사 대책 분주
283018,秋 박정희·이승만 참배…세월호 농성장 방문 광폭행보종합
283019,KT 광화문서 평창올림픽 응원전
283020,中 환구시보 랴오닝함 파키스탄 매각설에 유언비어
283021,갤S8 시장과열 막는다…방통위·이통사 공조 구축
283022,트럼프에게 건네는 조언…다양성은 부의 창조에 필수
283023,KT 와이브로 서비스 9월말 종료…LTE 전환 지원
283024,EU 네덜란드 정부의 나이키 조세특혜 의혹 심층 조사 착수
283025,힐러리 진영 트럼프 뭘 감추고 있는 것인가…납세문제 대공세
283026,운전자 혼자 탄 관광버스 25t 트럭과 충돌…버스 기사 숨져
283027,정의용 북한 잘 다녀오겠습니다
283028,지구 최강 생명체 물곰 영하 270도 생존비결은 단백질
283029,기아차 더 K9·스팅어 출고고객에 저금리 할부 혜택
283030,경유 10년만에 ℓ당 1천원대 눈앞…하락세는 더뎌질듯
283031,마법의 손 클래식 기타리스트 데이비드 러셀 내한공연
283032,게시판 금투협 기업가치평가 실무 교육과정
283033,보행자 안전을 위해…부산시 보행 안전시설물 일제 점검
283034,둘이 만나니 역사가 됐다…신간 두 사람의 역사
283035,중국서 996 근무제 반대운동…블랙리스트에 화웨이·알리바바
283036,그래픽 내년 코스피 전망치
283037,아시안게임 이란전 끝낸 김학범호 회복훈련으로 우즈베크...
283038,새로운보수당 서울시당 위원장에 김성동
283039,황창규 경영고문 채용 몰랐다…차기회장 선임 관여 안할 것종합2보
283040,조원우 감독 윤성빈 김광현 아닌 SK 타자들과 싸우는 것
283041,긴급朴대통령 임기내 헌법개정 완수…국민 여망 담은 개헌안 마련
283042,브렉시트 시 떠나야 英 70대 증오범죄로 벌금 90만원
283043,김형오 국민 우습게 본 당 지도부와 윗선 때문에 참패
283044,걸프 SNS 스타 두바이 후계자 서울 시내 관광 셀카
283045,스페인 극우성향 복스 득세에 유럽 반난민 포퓰리스트 쾌재
283046,네이버 모바일 게임 3개 앱 장터 통합 순위 보여준다
283047,서울관광재단 카카오M과 손잡고 한류콘텐츠 관광상품화
283048,금융 샌드박스에 88개사가 105개 서비스 신청
283049,최지만 생애 첫 PS 보인다…MLB 탬파베이 2승만 더
283050,유시민 檢압수수색 심각한 오버…조국 법 위반 한개도 없어종합
283051,볼턴 IS 신부 입국 불허 재확인…시민권자 입증해야
283052,마크롱 동아프리카 찾아 경제·군사협력 강화…中 견제
283053,中 북미 대화 재개 환영…정치적 해결 지지
283054,리비아 난민시설 공습 전쟁범죄 용의선상에 UAE
283055,특징주 삼성SDS 자사주 매입 고려 안 한다 발표에 약세
283056,朴대통령 中 북핵 불용의지 실제 조치로 연결돼야
283057,기습 폭설에 제주 출근대란…하늘길 한때 마비 결항 속출종합
283058,카카오앱 탑재 5G 스마트폰 출시…스테이지 5G 출고가 81만원
283059,북한 더 많은 위성 발사할 것…10년 내에 달 탐사도종합
283060,LGU 통해 도박 스팸 수백만건 전송…방통위 수사의뢰종합
283061,세인트루이스 33번 김광현 명문 구단 입단 영광·SK...
283062,유럽 챔스 4강 이번주 결정…레알 미소 바르사 울상
283063,폼페이오 김정은 그의 팀 현장에 배치하길…제재는 계속 언급종합
283064,경기도 오존주의보 해제…동부권 미세먼지 주의보종합
283065,두바이유 가격 반등…40달러대 턱걸이
283066,테스 1분기 영업이익 103억원…177% 증가
283067,금융·재정 공공기관 직원 연봉 9천만원 돌파…채용은 축소
283068,평양정상회담 노동당 청사서 방명록 작성하는 문 대통령
283069,벌써 여름 최고 33도 폭염…더위 피해 바다로 산으로
283070,인사나누는 손경식 경총 회장
283071,법원 MBC 안철수 논문표절 의혹 보도 기자 해고는 무효
283072,한국연극연출가협회 올해의 연출가상에 박정의 연출
283073,게시판 서울 서대문구 연희로 간판개선 주민위원 모집
283074,SK텔레콤 SKT TEB 콘퍼런스 개최
283075,프로농구 1순위 유력 변준형 변코비보다 변어빙이 될래요
283076,북악산 산행하는 문 대통령
283077,로이터 中 심야 미중 무역협상 관련 브리핑
283078,에콰도르 유가 인상에 도시 마비…긴축정책 반발 여론 거세져
283079,중앙아 타지키스탄 교도소서 IS 조직원들 폭동…30여명 사망
283080,로하니 5년내 300억달러 이상 한·이란 교역확대
283081,KBS 상위직급 축소 직급 개편안 이사회 통과
283082,방심위 7월 좋은 프로그램 5편 시상
283083,홍콩 쇼핑몰서 친중·반중 집회 참가자 몸싸움
283084,프로축구 인천 무고사 35라운드 MVP 영예
283085,특징주 건설주 정부 가계부채 후속조치에 급락
283086,런던 축구장에서 열리는 MLB 라이벌전 양키스 vs 레드삭스
283087,국무회의 참석한 박능후 보건복지부 장관
283088,나이지리아서 3층 건물 붕괴…초등생 100여명 갇혀
283089,컴퓨터 배우는 북한 학생들
283090,개헌 논의에서 중요한 것은 대통령제가 아니다
283091,AI로 더 정확해진 구글 번역…이제 영어공부 안 해도 되나종합
283092,메이 英총리 5월말 유럽의회 선거 참여 비상계획도 준비
283093,한글주택 주택브랜드 공작소 론칭
283094,총선 6일 앞두고 나이지리아 지역선관위 화재로 전소
283095,1천경기 출전 앞둔 부폰 지단처럼 박치기하고 은퇴
283096,정부 격상 北조평통 첫 성명에 핵보유국 주장 궤변종합
283097,파리에서의 가을 공연 11로 즐긴다
283098,제2회 세계 4대 오페라 축제 9월 23일 개막
283099,유안타 NH투자증권 발행어음 미래 신규 수익에 긍정적
283100,마르코스 아들 부통령 선두다툼…독재의 향수에 속지마라
283101,엔터메이트에 주가급락 조회공시 요구
283102,정부 알뜰폰 13%까지 확대…25% 싼 데이터요금제 출시
283103,6경기 무패 벤투 감독 우리는 옳은 방향으로 가고 있다
283104,UAE 두바이 택시 전화호출 내년 중단…앱으로 전환
283105,거래소 스튜디오썸머 개선계획서 제출
283106,中공안부장 4중전회 후 정치·사회적 안정 강조
283107,손흥민 올해 마지막 경기서 9호골 재도전
283108,코트라 신용보증기금 등과 손잡고 중소기업 지원
283109,박원순 보편복지 확대에 중앙정부가 나서야
283110,과기부 5G·AI·클라우드 기반 우수 정보보호 기술 5건 지정
283111,김연철 통일부장관 면담하는 윤상현 외교통일위원장
283112,국내 첫 사회적 가치 민간축제 내달 28일 열린다
283113,서로 격려하는 북한 여자 양궁 리커브 팀
283114,SKT MA 심사 취하 신청…CJ 성실의무 의문
283115,IoT로 쓰레기통 관리해요
283116,가을밤 예술·문화여행 떠나자…21일부터 가을여행주간
283117,에르도안 러 미사일 도입 철회 안해…차세대 미사일도 검토
283118,내일날씨 나들이 가기 좋은 일요일…강원 산지 첫눈 가능성
283119,최순실 K스포츠재단서 7억원 용역비로 빼내려다 실패
283120,나경복 펄펄 우리카드 한국전력 완파 2연패 탈출
283121,정부 北핵실험 이후 민간 남북교류 신청 17건 보류
283122,셰이크 살만 AFC 회장 평양 방문…北 방북목적 등 언급...
283123,일본인 좌완 기쿠치 MLB 시범경기 데뷔전서 시속 153...
283124,노벨문학상 수상소식에 이시구로 책 판매 급증
283125,위클리 스마트 가상현실로 걸작 미술품 360도로 감상하기
283126,특징주 애경산업 코스피 상장 첫날 상승…공모가 소폭 밑돌아
283127,인터넷은행 영업에 상반기 신용조회회사 순익 21% 늘어
283128,주택도시보증공사 뉴스테이 민간제안사업 인기 후끈
283129,중앙오션 11억원 규모 조선 블록 공급계약
283130,박지원 野 대선후보 단일화 내년 10∼11월 판단할 일
283131,靑정무수석 이정현 만나 단식중단 요청…朴대통령 걱정
283132,터키군 쿠르드 마을 2곳 점령 vs 쿠르드 터키 공격 막아내종합
283133,조선의 마지막 자주 개혁 기회를 앗아간 사나이
283134,朴대통령여야 3당대표 내일 오후 2시 북핵ㆍ민생 회담종합
283135,미국내 中 민주화운동 봉쇄 中공작원 미 감시망 뚫고 귀국
283136,CJ헬로 딜라이브 인수 추진…실사 시작
283137,伊 청년 10명 중 3명은 직장 없고 교육도 안받아
283138,與일본특위 일본경제침략특위로 명칭 변경…특사파견 부적절
283139,메르켈 푸틴·에르도안과 통화로 리비아 내전문제 논의
283140,그래픽 2018러시아월드컵 F조 한국 멕시코 전력분석
283141,안드로이드폰 제조업체에 구글앱 탑재 강요 러시아선 안 통해
283142,이란 군부 잇단 전쟁 불사 강경 발언…美와 대화 차단
283143,러시아 극동 최대 향토박물관도 한국어 서비스 붐 동참종합
283144,속보 文대통령여야대표 초당적 협력…소재·부품·산업경쟁력 강화
283145,中매체 北예술단 방중 띄우기…북한의 중국 중시 보여줘
283146,프로야구 시범경기 궂은 날씨로 고척 제외하고 모두 취소...
283147,손흥민 이달의 선수 3파전…아궤로 벤테케가 최대 경쟁자
283148,野 퇴진당론에 딜레마…당론 정했는데 해법 더 꼬여
283149,靑 은산분리 완화에 공약파기 아냐…진입규제 개선 이미 언급
283150,이탈리아 집권당 대표 유럽의회 선거 참패로 사퇴 기로
283151,대통령 개헌안 다음 지방선거와 대선 동시 실시속보
283152,사드 불똥 20년 이어온 中연변 지용제 중단 위기
283153,文대통령 北목선 경계못하고 국민께 제대로 못알려…철저 점검종합
283154,리버풀전에서 찾은 손흥민 활용법…스피드 살린 공간 쇄도
283155,더 빨라진 동해안 해수욕장으로 오세요…5일부터 개장
283156,與 예결소위 위원들 小소위에 여야 3당 간사만 참여해야
283157,朴대통령 태릉선수촌 방문…리우올림픽 대표단 격려
283158,해외미디어 유료화 타깃으로 젊은층 겨눈 영미 언론사들
283159,붐비는 2018 서울아트쇼
283160,알뜰폰 사업자 미디어로그 화웨이 Y6 전격 출시
283161,안 쓰는 연구장비 나눠쓴다…국가연구시설장비 일제정비
283162,LGU 홈 IoT 상용화 1년 누적 가입자 34만 가구
283163,스웨덴·독일에 통할 창과 방패는…북아일랜드전서 답 찾는다
283164,與 한국당 협상참여 압박 강온 전략…오늘 임시국회 소집요구
283165,터키 리라화 폭락 사태 비판한 외신 기자 법정 출두
283166,지동원 2분 아우크스 다음 시즌 잔류 가능성↑종합
283167,삼성 장원삼 2군 첫 등판서 5이닝 5실점…직구 최고 140㎞
283168,프로농구 챔피언전 5차전 경기 전에 세월호 희생자 추모 묵념
283169,홍콩 사업가 공안 사칭 보이스피싱에 90억원대 피해
283170,서울 뉴욕과 함께 세계 7번째로 물가 비싸다…빵값 세계 최고
283171,AG 남자축구 조추첨에 2개국 누락…조추첨 다시
283172,삼바보다 강렬한 BTS…상파울루 공연 5만 팬과 감동의 무대
283173,경총 영리병원 허용 등 9개 혁신성장 규제개혁 과제 건의
283174,허정무 차고 김병지 막는다…13일 北에 축구공 보내기 빅매치
283175,연출가 반 호브 연극계 올림픽 참가하는 마음으로 작업
283176,앞뒤 눈 5개 LG V40 나온다…국내 10월 출시 전망
283177,민간 해양연구에 국가 해양연구선 활용
283178,B.A.P 팬클럽 이쁜큰누나들 한국심장재단에 후원금 전달
283179,알자지라 이란 폭발물수거 美영상 사건 10시간 뒤 촬영
283180,SK텔레콤 자율주행차 일반 도로 달린다…임시운행허가 획득
283181,게시판 LGU 골프 앱서 300여개 골프장 예약 서비스
283182,무디스 오만 국가신용등급 정크로 하향
283183,어린이용 네이버에도 AI가 쏙…음성안내·검색 등 제공
283184,넥센 2018시즌 좌석 입장료 동결…스카이박스는 인하
283185,게시판 미래부·연구재단 연구비 관리체계 평가 실시
283186,제주도 산지 호우주의보…최고 150㎜ 이상 많은 비
283187,엠코르셋 23일 코스닥 신규 상장
283188,SK인포섹 AWS 통합 관제서비스 개시
283189,이라크 친이란 시위대 美대사관 습격…美 폭격 항의종합
283190,모리뉴 감독 17년 동안 선수영입에 1조6천억원 썼다
283191,나치 피해 떠난 유대인 후손의 獨국적 취득절차 개선
283192,KBC광주방송 신사옥 이전 기념 15부작 드라마 제작
283193,북한인권법·테러방지법 탄력받나…여야 논쟁 재점화
283194,송환법 촉발 홍콩 여자친구 살인범 대만 가서 자수하겠다
283195,연구비 다수 유용시 교단서 사실상 퇴출…연구기관 책임도 명시
283196,신간 내 치즈는 어디에서 왔을까·유연한 사고의 힘
283197,포털 뉴스편집 독점 사라지면 언론사가 대체할까
283198,오클랜드 평균집값 1년내 8억 넘을듯…이민 인구 증가가 원인
283199,미세먼지 오늘도 나쁨…낮 22∼30도로 더워요
283200,이방카 보좌관 비단 실내화 신고 환하게
283201,중국 600억달러 미국산 제품에 6월부터 최고 25% 관세 부과종합
283202,주이스탄불 한국총영사관 한국 애니메이션의 날 개최
283203,국고채 금리 일제히 하락…3년물 연 2.082%
283204,프로농구 DB 이르면 9일 정규리그 우승 확정
283205,트럼프 불응지시 안먹혔나 의회에 자료제출 동의한 측근
283206,필리핀 외무 남중국해 판결 배제하며 中과 대화 안한다종합
283207,3KH 블랙베리 키원 판매 실시
283208,윤범모 국립현대미술관 소장품 전수조사 완료…위작 발견안돼
283209,중국인들 경제불안·IS보다 무서운 건 미국 영향력
283210,원달러 환율 나흘째 상승
283211,팔레스타인 가자지구 시위 1년…유혈참사에 평화는 먼길
283212,코스닥 회계위반 상폐 심사 대상 코스피와 차별 없애
283213,금융감독원 외국계 금융회사 대상 업무설명회 개최
283214,오지환·박해민 포함 아시안게임 예비 엔트리 109명 발...
283215,프로농구 DB 사상 최초로 최저연봉팀 챔프전 우승 도전
283216,포스코건설 춘천 소양촉진2구역 재건축 공사 수주
283217,北 무수단미사일 보완됐나…6번째 시도 만에 400㎞ 비행
283218,해양경찰 새 옷을 입고 국민에게 다가갑니다
283219,국방부 北 고체연료 로켓 개발 추진단계…엄중히 인식
283220,김정숙 여사 아이스하키 응원
283221,상반기 가계대출 34조원↑…2금융권 고객 다시 은행으로
283222,정부·GM 한국GM 정상화에 7.7조 투입…회생안 최종합의종합
283223,유치원 3법 합의 불발…패스트트랙 가능성종합
283224,천병혁의 야구세상 고요와 폭풍 류현진의 최대 무기는...
283225,벤투호 20일 아시안컵 명단 23명 확정…막판 생존경쟁
283226,롯데정밀화학 1분기 영업손실 212억…적자폭 확대
283227,朴대통령 새 도약 위해 끊임없이 혁신 이뤄가야
283228,통신비 인하 다룰 사회적 논의기구 10월 출범한다
283229,한일외교장관 마드리드회담 불발 가능성…일정조율 어려워종합
283230,궁장녹수전 경미선 작가
283231,태풍 솔릭 제주 접근 비상…모레 새벽 서울 통과할 듯종합
283232,예술의전당 친일논란 음악회에 사과…앞으로 신경쓰겠다
283233,호날두 2골 포르투갈 헝가리에 30 승리 4연승 행진
283234,한화에 뒤집기 LG 류중일 감독 500승…NC 유영준 ...
283235,AI 주식투자도 한다…야후재팬 로봇 투자상품 검토
283236,구자철·지동원 선발 아우크스 호펜하임에 02 패배종합
283237,삼성SDS 지능형 IT시스템 무료진단 서비스 개시삼성SDS 제공
283238,김재형 대법관 후보자 아동학대범죄 중대…양형 검토 필요
283239,헬로모바일 선택약정 추가할인…이통3사의 갑절
283240,게시판 인터파크도서 개띠 작가 기획전
283241,SKT 한국EU 간 IoT 국제로밍 추진
283242,지역신문 사라지면 지자체 비용 증가·재정 악화
283243,이총리 김여정·김영남 등 北 고위급대표단과 오찬종합
283244,오리·달·백조·쥐 이어 이번엔 석촌호수에 끈적괴물
283245,北 박근혜 정부 3년…남북관계 최악의 지경 비난종합
283246,김동연 환시개입 순거래 공개 견지…총액 공개 안할듯
283247,美국방부 北 미사일 도발 자제하라
283248,민주 혁신기술 벤처기업 차등의결권 도입 적극 검토종합
283249,에스티아이 167억원 규모 디스플레이 제조장비 공급계약
283250,손흥민 시즌 6호골 토트넘 유럽 챔스서 아포엘에 3...
283251,밀려드는 밀입국자 어쩌나…英 해협 건너던 소형보트 3척 구조
283252,AS 강화해 떠나는 고객 잡는다…삼성·애플·LG 안간힘종합
283253,포즈 취하는 조성부세르게이 사장
283254,삼성 MS와 PC·폰 연결성 계속 높일 것…개방성으로 차별화
283255,아이폰 이을 차세대 기기는 AR 헤드셋…2020년 출시 가능
283256,안희정 급등·전인범 논란 악재 직면한 文…돌파카드 찾나종합
283257,김학용 軍 간부 전역자 절반 군인연금 못받아
283258,미중 무역전쟁에도 중국 떠나는 EU기업 8% 불과
283259,WP 美 이란산 원유수입금지 8개국 한시적 예외 연장 않을것종합
283260,3당체제 첫 본회의…與·국민의당 원샷법 공조체제
283261,파티게임즈 의견거절 감사의견 받아
283262,원익IPS 테라세미콘 흡수합병…거래정지
283263,화합물 몸 안에서 짝꿍 단백질 찾는 법 새로 개발
283264,미원상사 1주당 1천원 분기배당
283265,코오롱글로벌 1천68억원 규모 주택 신축공사 수주
283266,MBC 2012년 파업 중 채용인력 근로계약 유지종합
283267,KBS교향악단 거장의 호흡으로 빚어낼 브람스
283268,LG페이·구글나우 소개하는 LG G6 새 TV 광고
283269,정부 北 플루토늄 생산 주장에 안보리 등 대응방안 협의종합
283270,코트 위에서 하나된 남북 농구선수들…가슴엔 평화·번영종합
283271,KT 26개 글로벌기업 참여 개방형 5G 네트워크 표준 도입
283272,기업은행 6천500억원 규모 조건부 후순위 지속가능채권 발행
283273,美폴란드 5G 네트워크 안보 협력…화웨이 견제
283274,즐라탄 행선지 정한 듯…큰 소식 알려드리겠다
283275,삼성물산 공격 엘리엇 검찰조사 받게 될 듯
283276,사무금융노조 2금융권 임원 중 여성은 4.3% 그쳐
283277,한민족 역사의 시작 2천년 앞당겨야
283278,사우디군 예멘 반군 폭격…반군 수감자 50여명 사망
283279,한은 통화금융대책반 회의 개최…애플 쇼크 영향 점검
283280,겨울왕국 스크린으로 보고 오케스트라 연주로 듣는다
283281,축제는 끝났지만 여운은…함평엑스포공원 31일까지 개방
283282,남북정상회담 1주년 기념 학술회의
283283,성매매 업소 운영한 경찰 간부 뇌물수수 혐의 추가 기소
283284,류현진 콜로라도 제물로 QS에 생애 첫 홈런까지
283285,지지자들과 출마 선언하는 신용한 전 대통령 직속 청년위원장
283286,과기정통부 정보보호 공시 검증절차 폐지
283287,맨유 1천205억원에 그리즈만 영입 임박영국 언론
283288,카드·폰 없어도 얼굴로 결제…새 혁신금융서비스 면면
283289,아이폰8 국내 순조로운 출시…요금할인 100% 육박종합
283290,사이영상 디그롬 MLB 메츠와 5년 1천561억원에 ...
283291,전통춤·창작춤 한자리에…33회 한국무용제전 내달 개최
283292,민주 당직자 대상 공공기관 수요조사 없었다
283293,서울모터쇼 벤츠 스포츠카 성능의 PHEV 콘셉트카 공개
283294,다저스 신인 포수 스미스 류현진과 호흡 무척 쉬웠다
283295,세종문화회관 미술관 정체성 확립 목표 기획전시 확대
283296,취향저격 문화 콘텐츠도 큐레이션 바람
283297,꿀재미 4위 싸움…KB손보 한국전력에 풀세트 역전승
283298,더위 식히는 물벼락
283299,류중일 감독의 칭찬 오지환 수비에 안정감 생겼다
283300,자유북한방송 대표 北 함경북·양강도 폭우로 인명피해
283301,지역 언론의 맥을 톺아보다…전북언론사 발간
283302,학교비정규직 지방선거 출마 합동기자회견
283303,효창공원과 효창운동장을 효창 독립 100년 공원으로
283304,서울대미술관 시간을 보다전 열어
283305,김정은 기상천외한 국가 최고지도자 자리 고안할 수도
283306,레바논서 사흘째 거리시위…경제난에 정권퇴진 요구
283307,KT 캐치히어로즈 이벤트 진행
283308,박영수 특검 檢에 기록검토팀 요청…서울지검장 만날 것
283309,과학기술 출연기관장협의회 회장에 김명준 ETRI 원장
283310,웍스모바일 라인웍스 글로벌 고객사 2만곳 돌파
283311,내년부터 어디서든 초고속인터넷 이용할 수 있다
283312,1강 전북 무너뜨린 2골…인천 문선민 K리그1 2라운...
283313,朴대통령 TK 민심 달래기…전대 논란엔 정치해석 안타깝다
283314,국보 부산 남천동 토지·건물 42억5천만원에 취득
283315,코스피 기관 매도공세에 3거래일째 하락…1990선 털썩
283316,LG의 가을야구 불안요소로 떠오른 천적 두산
283317,당정 쌀 초과생산분 전량 연내 일괄수매 추진
283318,트럼프 올해도 EAS 불참…아시아서 미국 존재감 저하 불보듯
283319,홍콩 선거혁명…범민주 진영 싹쓸이·친중파 궤멸종합2보
283320,평창 허브나라농원 올림픽 2월 한 달 무료 개방해요
283321,뉴올리언스 론도 신들린 21도움…골든스테이트에 19점차 대...
283322,하도급 갑질 대우조선·GS건설 공공입찰 금지 34년 뒤로종합
283323,잃어버린 지갑 현금 많이 들었을수록 돌아올 가능성 크다
283324,문대통령 국정지지도 53.8%…7주째 내림세 지속리얼미터
283325,금리 우대 부동산 전자계약 서울 전역으로 확대
283326,中 5G 지배하면 세계가 위험 전직 美NSC 장성 주장
283327,고동진 삼성 폴더블폰 세계 최초 타이틀 뺏기고 싶지 않다
283328,朴대통령 고유의 전통 문화에 산업의 옷 입혀야
283329,파다르보다 요스바니 원했던 현대캐피탈 재수 끝에 소원성취
283330,정세균 국회다운 국민의 국회 만들겠다…때론 강경함 필요
283331,하나은행주금공 한부모가족 전세대출 요건완화·금리인하
283332,홍콩 정부 트럼프 홍콩인권법 서명 맹비난…시위대는 환호
283333,바이오 창업 활성화한다…1천135억 펀드 새로 조성
283334,LG 박용택 선발 제외…유강남 지명타자로 선발 출전
283335,삼성증권 판매 10위권 달러채권 올해 수익률 10% 넘어
283336,승효상 건축인생 30년…파라다이스ZIP 개인전
283337,확실히 편하고 빠르네…동서고속도로 개통 첫날 달려보니
283338,현대차 현대차증권 MMT 300억원 매수
283339,컴퓨터에 매달린 아들 나무라는 아버지…호주 가정의 비극
283340,안방 팬 응원 받은 전북 트리오…고향에 온 기분
283341,문대통령 러시아 가스·전기 남북한과 일본까지 공급될 수도속보
283342,중국 부동산규제 약발…상하이 집값 21개월만에 하락종합
283343,25세 연상 아내 둔 대선주자…프랑스식 사랑 문학으로 볼까
283344,이승우 측 바르셀로나B 승격 가능성 살아 있다
283345,단말기 자급제 논란 ③확대 여부·시장효과 놓고 이견 심해…난항 예고
283346,트럼프 사위 러 대선 개입은 페북 광고 수준…특검이 더 해악
283347,금감원 주권상장법인 감사인 등록신청서 서식 제정
283348,현대중공업 유상증자 청약률 108%…1조2천350억원 조달 성공
283349,김정은오늘 오후 北으로 돌아갈듯…블라디역서 오후 환송행사종합2보
283350,끝나지 않는 겨울…평창 휘팍스키장 4월말까지 운영
283351,강등되면 죽인다 팬 협박에 브라질축구 구단사장 사임
283352,문화재청 4월 국가무형문화재 공개 행사
283353,MBK 홈플러스 일부 매장 매각 후 재임차 추진
283354,이통사 장학생만 수백명…미래부 자문단 구성 미궁
283355,정치개혁 제2소위 공직선거법 개정안 등 심의
283356,이총리 소득주도성장 정책효과 기대만큼 속도 안나 아쉬워종합
283357,환영사하는 이효성 위원장
283358,한미반도체 74억원 반도체 제조장비 공급계약
283359,4번타자 최지만 2타점 결승 2루타 작렬…2경기 연속 장타
283360,미군 북부 시리아서 1천명 철수 준비…일부는 이미 이동종합
283361,신세계조선호텔 국립전통예술고 학생에 장학금 지원
283362,네덜란드 상대방 원하지 않은 성관계 성폭행으로 처벌 추진
283363,금화피에스시 현대건설과 219억 규모 공급계약
283364,박건우 삭발은 인제 그만 올해는 초반부터 잘할 겁니다
283365,용역대금 떼일뻔 했는데…靑 현장형 업무보고 후속조치
283366,서울 아파트 주간 전셋값 상승폭 2년 만에 최저
283367,미중정상 통화 G20서 회담 개최…무역·북핵 논의할 듯종합2보
283368,정부 국민헌법자문특위 운영경비 28억원 책정
283369,英의 브렉시트 혼란에 날 선 獨·佛…분명한 입장 제시해야
283370,중러 외교장관 뉴욕서 회동…전략적 밀월 강화 공감대
283371,문 대통령 허익범 특검에게
283372,2분기 세계 스마트워치 판매 1천230만대…44% 고성장
283373,1보 코스피 10일 연속 상승…2080선 회복
283374,한일의원연맹 의원들과 환담하는 이낙연 총리
283375,대구·경북 흐리고 비 조금…낮 기온 22∼28도
283376,즐라탄 주급 EPL사상 최고액 5억4천만원
283377,리비아 하프타르 이탈리아 깜짝 방문…콘테 총리 휴전 촉구
283378,최룡해 이끄는 北대표단 사망한 카스트로에 조의
283379,코스피 기관 매도에 하락 출발…장중 2160대 후퇴종합2보
283380,文대통령트럼프 미사일지침 탄두중량 제한 해제 전격 합의종합2보
283381,이란 중동 주둔 미군 테러조직 지정…美에 맞불
283382,여의도서 검찰개혁 촛불집회 계속…공수처 설치하라
283383,문대통령 추격형 경제 한계…새 가치 선도 창출해 산업화해야종합
283384,위클리스마트 마시는 차가 가죽 구두로 변신…세균·효모 활동으로 탄생
283385,與 총선 참패 원인 진단 위해 언론 상대 설문조사
283386,KT 새 5G 광인프라 도입…5G망 구축 경쟁력 강화
283387,종이 키트로 노로바이러스 30분 안에 진단
283388,우주정거장行 민간인 우주관광 재개 예정…러美 당국 계약 체결
283389,북한 작년 GDP 1.1% 감소 추정…5년만에 마이너스 성장
283390,불황에 퇴보하는 공연시장…공연장 가동률 60%도 위태로워
283391,이낙연 총리 김종호 감사원 사무총장에게 임명장
283392,부동산 대출 쏠림현상…P2P금융상품 소비자경보 발령
283393,서아프리카 말리 군기지 무장괴한에 피습…최소 16명 사망
283394,5G 가입자 2022년 4억명 육박…조기 상용화 효과
283395,박기원 대한항공 감독 3강 체제 방심은 금물
283396,대만 이상 고온에 4월중 전력사용 사상 최대…전력수급 비상
283397,한국전력 배구단 연고지 수원 잔류로 확정…3년 계약종합
283398,터키 야 시리아북부 군작전 성토…터키를 중동의 늪 몰아넣어
283399,월드컵 미국 매체 한국은 참가에 의의 두는 수준
283400,한국 미생물 연구 필요…과학기술계 연구투자 촉구
283401,배구밖에 모르는 비예나 체력 회복은 보강 운동으로
283402,전시장에서 다시 만나는 러빙 빈센트
283403,국민의당 박지원 원내대표 추대론 급부상…러닝메이트 김성식
283404,문대통령 사람중심 경제로 포용성장 가능…여성역량 강화해야
283405,태국 군부주도 개헌안 또 논란…민정이양은 언제
283406,메르스 쇼크 작년 외국인 관광객 12년 만에 줄었다
283407,박기원 대한항공 감독 통합우승 위해 남은 경기 총력전
283408,미국 전국 중계 단골 류현진…1점대 평균자책점 위용 뽐내
283409,이승엽야구장학재단 4월 8일 대구서 공식 출범
283410,북한 김정은 당창건일 맞아 금수산궁전 참배
283411,심장병 어린이돕기 희망농구 올스타 2018 5월 13일 개최
283412,신간 아이디어가 고갈된 디자이너를 위한 책
283413,인보사 사태에 제약·바이오 시총 두달간 2.8조원 증발
283414,김태형 감독의 포수론 적보다 우리 투수 파악이 먼저
283415,KEB하나은행 벤처 지원 등 생산적 금융에 15조원 투자
283416,남북통일농구 나선 박혜진 진짜로 하나 된 느낌 받고 싶어요
283417,대전에 시간당 37.9mm 국지성 호우…20∼60mm 더 내릴 듯종합
283418,아이폰8 첫날 10만대 개통 추정…전작의 60∼70%
283419,프로농구 MVP 두경민 PO 바라보며 결혼식 날짜 바꿨습니다
283420,개헌보다 중요한 것은 새로운 헌법질서 정립
283421,KEB하나은행 부스 둘러보는 최종구 금융위원장
283422,103세 현역 화가 김병기 난 장거리 선수…예술엔 완성이 없다
283423,봄 배구 공격득점 500점 박정아 오늘은 50점 주고...
283424,문대통령 한중일 혁신 기반 성장으로 세계경제 주도해야
283425,KOTRA 방콕서 아시아 글로벌파트너링 사업 개최
283426,한화 이글스 연고지역 학교에 야구용품 지원
283427,노경은 406일 만에 등판해 4⅓이닝 1실점…질롱 끝내기 승
283428,듀랜트 26점 골든스테이트 밀워키 꺾고 선두 고수
283429,설 승차권 예매로 주요 역 북새통…서울역 500명 몰려종합
283430,이승우에 사인 요청 쇄도…이근호는 런웨이 불참
283431,씨티은행·하나카드·KDB생명·MG손보 소비자민원 최다
283432,알서포트 10억원 규모 자사주 신탁 계약 해지
283433,최지만 시즌 첫 3루타…종아리 통증으로 교체
283434,한글과컴퓨터아이나무 캐릭터 활용 웹툰 제작 추진
283435,작전의 승리 KB손해보험 가빈 앞세운 한국전력에 대역전승
283436,울산 수원과 33 무승부로 ACL행…인천도 강원 꺾고 ...
283437,오늘 경제분야 대정부질문…심재철·김동연 대면 공방 예상
283438,화이트 시즌 최다 41점…프로농구 SK 2위 경쟁 안 끝...
283439,지카바이러스도 규명한 초저온전자현미경…신약연구에 유용
283440,브라질 법정관리 신청 기업 급증…부채 규모 40조원 넘어
283441,말컹 멀티골 경남 대구에 극장골 허용…22 무승부종합
283442,인종차별 규탄에도 아랑곳 않는 트럼프 내가 이기는 싸움
283443,온라인 개인정보보호 자율규제 시범운영…내년 중 실시
283444,美 매체 류현진 양키스 홈런 폭탄에 무너졌다
283445,증강현실 ① 알파고 이어 포켓몬 고…거센 IT 광풍
283446,스타워즈 알투디투 같은 로봇 일본서 개발 중
283447,푸틴 살만 사우디 국왕과 통화…원유시장 공조 지속 합의종합
283448,제임스 버저비터…클리블랜드 토론토 상대 PO 9연승
283449,사우디 석유시설 공격 주체 지목에 신중…이란 책임
283450,쌍둥이 아빠 되는 LG 윌슨 트윈스 입단은 운명
283451,파티게임즈 전 경영진 배임 혐의로 고소
283452,국회서 의원실 관계자입법조사관 몸싸움으로 경찰 출동
283453,단독 탈출 북한식당 종업원 3명 국내 입국2보
283454,위촉장 전달하는 김성수 과학기술혁신본부장
283455,정진석 내일 4선 이상 중진들과 비대위·혁신위 인선 논의
283456,G2발 악재에 금융시장 출렁…주가·원화값↓ 채권·금↑
283457,가자지구 사흘 충돌로 31명 사망…트럼프 이스라엘 100% 지지
283458,이스라엘 가자지구 어업구역 축소…로켓포 발사에 대응
283459,日방위상 초계기 근접비행 韓 주장 정확하지 않아종합2보
283460,그래픽 남북정상회담 오전 주요 일정
283461,오스트리아 우체국 개인정보 판매로 233억원 벌금
283462,경기도 11개 시 16시 올해 첫 오존주의보 발령
283463,2017 증시 대외변수가 관건…투자매력 1순위 IT株
283464,베스트셀러 매디슨 카운티의 다리 4월 뮤지컬 무대에
283465,비예나 29점 대한항공 삼성화재에 32 승리…4연승...
283466,어나이 톰시아에 판정승…IBK기업은행 흥국생명 완파종합
283467,쿠어스필드 극복한 류현진 사이영상 투표 1위도 탈환
283468,EU 첫 여성 집행위원장 후보 브뤼셀 방문…융커·투스크와 회동
283469,여름철 맞아 래시가드 판매 쑥쑥
283470,현금 많다더니 몇달 뒤 부도…못 믿을 중국 기업 회계감사
283471,우리은행 부스서 핀테크 체험하는 최종구 금융위원장
283472,프랑스이란 이란 탄도미사일 개발 놓고 설전
283473,日 스즈키자동차 검사 부정 200만대 리콜 계획
283474,AI 월드컵 생생한 현장 중계도
283475,대회의실에서 열린 수석보좌관회의
283476,北 백두산발전소 속도전 강행하다 사상자 속출
283477,김연철 통일부장관과 악수하는 윤상현 외교통일위원장
283478,용선료 협상에 먹구름…한진해운은 첫 고비 넘겨
283479,멕시코 대통령 이민 억제 위한 미국의 중미투자 협상 진전
283480,카슈끄지 사건 보은…사우디 왕세자 파키스탄에 투자 보따리
283481,팬이 뽑은 농구 스타는 누구…KBL 올스타전 팬 투표 실시
283482,ubc울산방송 이희진 카메라맨 베스트카메라 감독상 수상
283483,민주·한국 행안위 소위서 충돌…법따라 소집 날치기 진행
283484,보수야당에도 열린 협치내각 카드…文대통령 개각폭 넓힐까
283485,조배숙 평화 한걸음 진전…문재인 정부 한 일 중 가장 잘한 일
283486,中 5·4운동 100주년 행사…시진핑 청년들 애국주의 계승해야
283487,KBS사장 과방위 불출석 성명서 발표하는 한국당 위원들
283488,네이버 클라우드 플랫폼 업계 최초 나라장터 등록
283489,이세돌 알파고 집중력 사람이 이기긴 어렵다 일문일답종합2보
283490,LG전자 풀비전 로고 상표 출원
283491,경기 남부 새벽 눈…출근길 불편 예상
283492,귀환하는 남북통일농구 대표단
283493,미국 언론 역사적인 5월 보낸 류현진 야구의 한류
283494,대한제분 작년 영업익 362억원…18.1%↓
283495,한국의 날 기념 동판 제막식
283496,김정남 암살 피고인 석방 문제…말·베 양국갈등으로 번지나
283497,실각 위기 네타냐후 이스라엘 총리 유엔총회 불참 예정
283498,3월의 광란이 시작됐다…버지니아대 전체 톱시드 배정
283499,中당국 미디어는 국가정책 조롱말라…언론 옥죄기
283500,올해 휴대폰 국내 생산량 2천500만대…10년전의 18.4%
283501,개인정보보호 관련 첫 국가공인 자격증 만든다
283502,유일호 공공기관 가야 할 길 멀다…속도감 있는 개혁 주문
283503,남북 6·15 공동행사 가능성…23∼26일 평양서 논의 추진
283504,SKT T멤버십 개편…5GX 고객에 VIPS 등 반값 혜택
283505,한미반도체 주당 250원 현금배당 계획
283506,2년 성과 발표하는 이효성 방송통신위원장
283507,특징주 엘리엇 개입한 현대차 3형제 동반 강세
283508,KB증권 대출금리 산정 변화 은행 이익에 영향 제한적
283509,알사드 AFC챔피언스리그 4강 진출…정우영 풀타임
283510,문성민 헌신 전광인 적응…현대캐피탈 살린 날개 공격수
283511,LG 갤노트8 겨냥한 V30 티저 광고 2편으로 선전포고
283512,마크롱 측근 중의 측근 아프리카 출신 참모 프랑스 내각 입성
283513,獨 美 자동차 관세 결정연기에 경제위한 중요 신호
283514,동장군 도착한 경남 낮부터는 평년 기온 회복
283515,11월 주식 발행액 전월비 60% 증가…IPO·유상증자↑
283516,코스피 기관팔자에 약세…코스닥 8일만에 숨고르기
283517,통신비 인하 요금정책보다 경쟁 활성화로 접근해야
283518,러시아 스베틀라노프 심포니 4월 내한…백건우 협연
283519,이재오 탈당계 제출…내일 오후 3시 무소속 출마 회견
283520,靑 문대통령 리비아 납치 첫날 구출에 최선 다하라 지시
283521,KT스카이라이프 알뜰폰 판매…전용 요금제 6종 출시
283522,화웨이 Y6 출시 보름 만에 판매 1만대 돌파
283523,GS리테일 주52시간 도입에 한식 간편요리세트 인기
283524,LG상사 2분기 영업익 544억원…39% 증가종합
283525,중국에 한류 만화·웹툰…베이징 국제도서전 12개社 참가
283526,악덕기업 실명 공개…日 하청기업 가혹근무 강요 막는다
283527,K리그 하나 남은 전북 진화한 철옹성 김민재 덕에 웃는다
283528,한국 전 세계 디도스 공격 발원 국가 8위종합
283529,쿠데타로 축출됐던 무르시 전 이집트 대통령 사망
283530,부활 시동 컵스 다르빗슈 시범경기 2이닝 3K 무실점
283531,우원식 원희룡 제주지사 면담
283532,중국 일대일로 주변국에 경제통로 건설 성과
283533,김기식 도덕성 논란 확산하자 금감원·금융권 술렁
283534,신간 붓다께서 가리킨 길·종교
283535,박지원 朴대통령 구조조정 정부TF서 좋은 안 도출하겠다 해속보
283536,헤인즈 공백 메운 메이스…역대 PO 외국인 선수 대타 사례는
283537,트럼프 나도 김 위원장과의 만남 고대…北신년사에 화답종합
283538,한투증권 올해 대형주 매력 부각…외국인 순매수
283539,경남소식 미세먼지 전문강사 육성해 학교 교육
283540,IS 터키 공세 틈타 시리아서 수용소 등 공격 모색
283541,땅콩회항 조현아 경영복귀 초읽기…칼호텔 이사 유력
283542,한국독립운동인명사전 특별판
283543,9월 시중통화량 전년동기비 7.6%↑…3년반만에 최고증가율
283544,김우중 전 회장 빈소에 놓인 문재인 대통령 조화
283545,ML 크리스 데이비스 57타석 연속 무안타…역대 타이기록
283546,울산신문 태화강 100리길 걷기대회 21일 개최
283547,푸틴 시민사회단체 반발 속 반테러 법안 패키지에 서명
283548,잉크 뒤집어쓴 알바니아 총리…의회 답변 중 야 의원 공격받아
283549,한국당 협상 물 건너갔다…패스트트랙 강경투쟁론 가열종합
283550,안 쓰는 TV 주파수 농어촌 무선인터넷에 쓴다
283551,과학을 즐기세요…4월 과학의 달 행사 100여건 풍성
283552,비 오는 포근한 겨울…강원 겨울축제장 울상
283553,김연경의 엑자시바시 여자배구 클럽챔피언십서 준우승
283554,北 통전부장에 김영철…남북 강대강 대치 장기화 가능성
283555,아이에게 스마트폰 주는 이유는…부모 31% 내 일 하려고
283556,朴대통령 북핵 갈수록 악화 주변국에 확실히 알려야종합
283557,호나우지뉴 축구계 복귀할 수도…단 훈련 없어야
283558,과기정통부 실험실 창업 사업공모…총 93억원 규모
283559,그리스 7월 7일 조기총선…중도우파 신민당 승리 전망
283560,삼성전자 5G 기술로 MWC 공식방송 단독 생중계
283561,이스라엘 총선 출구조사서 집권 리쿠드당야 중도연합 박빙
283562,3월 시장금리 상승 전망…대출금리도 오를 듯
283563,주말 N 여행 수도권 한국 속 작은 프랑스로 여행 떠나요
283564,중부발전 제주 LNG 복합화력발전소 착공
283565,국내외 인터넷사업자 역차별 실태점검 착수…대책 연내 마련
283566,朴대통령 핵탄두 발언 김정은 겨냥 핵무기 망상 버려야종합
283567,노조활동 개입 MBC 전 경영진 첫 재판…모든 혐의 부인
283568,더 강력해진 알파고…인간의 직관도 모방해 학습
283569,어디서든 파티∼…LG G7 씽큐 붐박스 스피커 눈길
283570,안갯속 미중 무역협상…원달러 1183.9원으로 또 연고점종합
283571,부산·울산·경남 오후 6시 한파주의보
283572,특징주 에너전트 204억원 ESS 솔루션 공급계약에 급등
283573,핵보유국회의 베이징서 개막…한반도 비핵화 논의 가능성종합
283574,포체티노 토트넘 감독 손흥민 윙백 기용 문제없었다
283575,고르바초프 러시아와 서방 간 물리적·비물리적 장벽 안돼
283576,30년 지기 대결 승자는 최태웅 감독…석진욱 감독은 첫 패
283577,언론노조 여야 방송법 협상 중단하라
283578,수원울산 FA컵 4강 격돌…대구전남도 결승 길목서 대결
283579,유튜브 영어 생방송에 자동 영문 자막 붙는다
283580,한국인 감독이 이끄는 남수단 축구대표팀 60 대승…축제 분위기
283581,박정원 두산그룹 회장 선임…오너 4세 경영 출범종합
283582,트럼프 리비아 군벌 하프타르와 통화…사실상 지지 선언
283583,신간 남북대화 1971∼1992·서촌을 걷는다
283584,신간 디지털 사회 2.0·아이들 파는 나라
283585,野 단독국감 강행속 출구찾기 이정현 단식이 걸림돌종합
283586,中 10월 산업생산 증가율 4.7%…시장 예상치 하회
283587,野 최저임금 인상 위해 고용부 뭐했나…환노위서 질타
283588,게시판 KB국민은행 미얀마 노동자 위한 한국어 교실 열어
283589,KT 4년 만에 영업이익 4천억 돌파 …깜짝 실적종합2보
283590,트럼프 취임식에 기부행렬…일주일여만에 목표액 3분의2 달성
283591,복귀전에 강한 류현진 밀워키전에서도 5⅔이닝 2실점
283592,르노삼성 르노 마스터 사전계약 돌입
283593,인공지능 박지성 나올까…KAIST서 세계 첫 AI월드컵
283594,우원식 법사위 체계·자구 심사 폐지법안 발의
283595,금융사 제재도 재판처럼…2일부터 대심제
283596,카자흐 대선서 토카예프 현 대통령 압도적 승리…70.76% 득표종합
283597,강원FC 조태룡 대표 비위의혹에 반박 모든 계약 합법
283598,현대모비스 SK 꺾고 13연승…단독 선두 질주
283599,배움과 재미를 한꺼번에…산업관광지 458곳 공개
283600,통일박람회 내일 광화문광장서 개막
283601,국내 최대 복합단지 청주 지웰시티 마지막 분양
283602,전현희 택시·카풀 태스크포스 위원장 기자회견
283603,9년간 내전 시리아서 다크 투어리즘 움직임…우려 제기
283604,교황 걸프 긴장 고조 우려…외교·대화 노력 촉구
283605,눈 덮인 백두산 천지 부근서 흰색 여우 목격
283606,프로야구 NC·롯데 전 경기 KNN 라디오 생중계
283607,여의도 시범아파트 신탁 재건축 주민동의 75% 넘겨
283608,토니모리 태극제약 주식 전량 87억원에 처분 결정
283609,5G 만난 스마트 카…MWC서도 흥행몰이 이어질까
283610,현대캐피탈 풀세트 혈투서 대한항공에 극적인 32 역전승
283611,LG G8X·듀얼 스크린 브라질 출시…중남미 공략 가속
283612,英 매체 레스터시티 후임 사령탑에 히딩크 물망
283613,인터넷진흥원 우수 정보보호 기술 지정제도 시행
283614,선두 도로공사 벼랑 끝 GS칼텍스에 힘겨운 풀세트 승리
283615,SKT MWC서 20Gbps 속도 5G 선보여…첫 공공장소 시연
283616,연극계 잇따라 성추행 이윤택 연출 퇴출
283617,하루키 신작 기사단장 죽이기 50만부 돌파
283618,朴대통령 한국형 양적완화정책 긍정 검토…증세 마지막 수단
283619,NBA 그린 팀 동료 듀랜트와 언쟁…1경기 출전 정지 징계
283620,창비 세월호 육성기록집 판매수익금 2억5천만원 기부
283621,트럼프 쿠르드 공격하면 터키 경제 파괴될것…안전지대 만들자
283622,이야기 나누는 정동영과 장병완
283623,중이온가속기 라온 핵심장치 성능시험 성공…세계 8번째
283624,6연패 탈출 급선무…조원우 롯데 감독 불펜 다 대기
283625,짐바브웨 전 독재자 무가베 95세로 사망…국민 반응은 싸늘종합
283626,우리금융지주 회장은행장 겸직…새 회장에 손태승 행장 내정종합2보
283627,與 사개특위 대신 정개특위 위원장 맡기로…위원장에 홍영표
283628,中 올해 들어 美·伊서 문화재 1천157점 돌려받아
283629,SI 선정 2018 올해의 스포츠인에 NBA 챔피언 골든스테이트
283630,그래픽 축구대표팀 월드컵 유니폼 공개
283631,수상 스포츠의류 제조업체 배럴 내달 1일 코스닥 상장
283632,4차 청문회 증인선서
283633,코스피 美증시 호조에 사흘째 반등…2040선 공략종합
283634,한국관광공사 중동지역 5개 유력매체 언론인 초청
283635,통신대란 재발 막는다 KT 3년간 4천800억원 투입
283636,中 유엔 마약단속기구 수장에 우산혁명 강경진압 인물 밀어
283637,LG전자 풀비전 로고 상표 출원…광고에 활용
283638,이란 지도부 시위 유혈진압 민심 악화에 관용 대응
283639,아픔 딛고 일어선 여자배구 표승주 내 역할 잘 알고 있어
283640,독일 시간당 인건비 4만5천원…EU서 6번째
283641,리용선 ITF 신임 총재 한국팀 평양 초청하겠다
283642,은성수 DLF사태 사실확인 우선…불완전판매시 손실보상해야
283643,英언론 中 태평양에 SLBM 탑재 잠수함 투입 태세
283644,무등산공원사무소 11일 국립공원 시낭송 대회 개최
283645,네이버 뉴스 100% AI 편집은 부당…사람이 할 부분 있어종합
283646,현대모비스 개막 5연승 질주…공동 2위 KCC·전자랜드 패배
283647,프로농구 사령탑이 꼽은 우승 후보는…막판 6연승한 SK
283648,개회사하는 윤석민
283649,인터넷 업계 구글 반독점 위반 재조사해야
283650,나치 제스처 잉글랜드 축구팬 관중석서 영구 퇴출 중징계
283651,하루 앞둔 불꽃축제 마무리 작업 한창
283652,한국문화 로마의 가을을 물들이다…이달 말 한국주간 개최
283653,나이스신평 광물자원공사 유동성 대응 가능
283654,중국산 모바일 게임의 공습…대작으로 국내 시장 노린다
283655,대유위니아 본점 광주광역시로 이전
283656,北 새로운 길 압박에 美 대응 주목…일단 상황 주시
283657,한미 北 6자회담 나오도록 인센티브 제공해야
283658,카카오 10억달러 해외투자 유치 추진…MA 실탄 마련종합
283659,과잉 규제 vs 안보 조처…불 붙은 구글 지도 반출 논란종합
283660,중국 한류 때리기 지속…중국 진출 韓기업에 치명타
283661,소설가 김금희 첫 장편소설 경애의 마음 출간
283662,트럼프측 납세 자료 요구 일축…국세청에 제출 말라
283663,그래픽 제3인터넷은행 2020년 출범
283664,지중해 난민표류 사태 재연…난민 64명 탄 獨난민구조선 발묶여종합
283665,추신수 9회 대타로 나서 사구…텍사스는 10회 끝내기승
283666,미 트럼프이스라엘 네타냐후 통화…이란 위협 논의
283667,朴대통령 3·1절 기념사 북핵포기·日합의이행 강조 전망
283668,대한민국만화대상 대통령상에 조석 작가
283669,정상회담 D1 역사적 회담 앞둔 靑…긴장 태세 유지
283670,못믿을 아파트 관리비…경기 556곳서 150억 비리 적발종합
283671,2038 탈석탄 계획 獨 탈석탄 동맹 가입키로
283672,네이버 지도 애플 카플레이 지원 개시
283673,신문방송편집인협회 전국 지역신문 편집국장 포럼
283674,별의 죽음이 지구날씨에도 영향 끼친다
283675,특징주 관리종목 해제 대우조선해양 강세
283676,과학기술 현장규제 점검단 출범식
283677,특징주 강원랜드 실적 부진에 급락종합
283678,류현진 27일 워싱턴 상대로 한미 통산 150승 도전
283679,게시판 제1차 KISTEP 미세먼지 대책 포럼
283680,라면 수출 질주…올해 4억달러 첫 돌파 확실시
283681,北관영매체들 南 통일농구 방북단 평양 도착 보도
283682,日언론 화웨이 스마트폰 부품 약 50% 한미일 기업에 의존
283683,사면초가 몰린 이탈리아 연정…내부 분열 속 의원 3명 연쇄 이탈
283684,선관위 수상경력 부풀린 배현진에 서면경고
283685,경기지표 부진 골드만삭스 한은 금리인상 예상시기 7→10월로종합
283686,게시판 한국기자협회 국경없는기자회와 공동토론회
283687,네덜란드 4월 EU우크라 협력협정 찬반 국민투표
283688,대구·경북 맑다가 구름 많아져…아침 기온 410도
283689,코바코 스마트광고 아카데미 개설…예비 광고인 교육
283690,中 랴오닝에 신기술개발구…일대일로 첨단기술·인력 집결
283691,페이스북 가상화폐에 관심…중국 결제 시장 선점 노려
283692,게시판 한국기자협회 사랑의 열매에 1천만원 기부
283693,네이버 주소록에 암호잠금 기능 도입
283694,北조국통일민주주의전선 결성 70돌 중앙보고회 열려
283695,경남 네게바 아디다스 탱고 어워드 1호 수상자
283696,신간 생각을 버리는 심리학·배우처럼 액트아웃
283697,내년 과학기술 분야 출연연 예산 4조8천712억원…4.2%↑
283698,SSG닷컴 입점 판매자 편의성 강화…동반성장 생태계 조성
283699,여자농구 신한은행 인천 홈 개막전에 승용차 경품
283700,갤노트8 호주·인도서 22일 출시…10월까지 150여국 확대
283701,LG G7 씽큐 사전예약 시작…공시지원금 최대 24만7천원
283702,벚꽃 평년보다 3∼5일 일찍 핀다…서귀포 3월20일 개화
283703,구글의 AI 진화 어디까지…당신 얼굴 알아보고 일정 알려준다종합
283704,이산가족 행사 위한 금강산 시설 개보수 9일 착수
283705,코스타 레스터시티전 후 홀로 훈련…중국 안 갈 듯
283706,어도비 플래시 2020년 말에 사라진다
283707,삼성 휴대폰 평균 판매가격 국내 514달러 해외선 197달러
283708,통일대박론 지지도 하락…국민 41% 북한적
283709,이란 고위인사 우리도 영국 유조선 억류해야
283710,바르사 듀오 백승호이승우 팀 복귀프로 계약 준비
283711,허수봉 맹활약 현대캐피탈 삼성화재에 30 완승
283712,SKT 제주서 YT클래스 진행
283713,강남에 5G 빌리지…LGU 일상로5G길 팝업스토어 개장
283714,육아휴직 아빠 아이 더 낳는 데 소극적…스페인 연구결과
283715,美·탈레반 도하서 협상중…아프간 철수·영구 평화정착 논의
283716,美코미디언 존 스튜어트 트럼프 어린이처럼 칭얼 독설
283717,KGP 최대주주 ㈜제이피에셋투자로 변경
283718,野 손혜원 탈당 회견 일제 비판…의원직 사퇴해야종합2보
283719,나흘째 맹추위 이어져…대관령 올겨울 첫 20.2도
283720,작년 하반기 휴대전화 스팸 음성은 증가하고 문자는 감소
283721,이스라엘 이란 새 핵무기 시설 발각되자 파괴…이란 거짓종합
283722,카카오 임지훈 대표 인공지능 비서 같은 카카오톡 만들 것
283723,유니테스트 SK하이닉스와 75억원 반도체 장비 공급계약
283724,한국MS 서피스 프로6 공개
283725,브라운 전 총리 브렉시트 이제는 시민들이 나서야 할 때
283726,서울·경기 호우주의보 대부분 해제…강원 북부는 유지
283727,도쿄 국기관 방문한 트럼프와 아베
283728,재외국민들 개헌 국민투표에 참여하고 싶다…법 개정 요구
283729,LGU 멸종위기 동물 보호 위한 온·오프라인 캠페인 진행
283730,LG G6 실물사진 유출…둥근 모서리 화면·얇은 베젤 특징
283731,낮엔 덥고 밤엔 서늘 큰 일교차 주의…제주 풍랑주의보
283732,울산 사흘째 강풍 주의보…강수량 최대 40㎜ 예상
283733,수능교재 판매 강제 EBS 1심 벌금 7천만원…시장경쟁 제한
283734,프로야구 잔여 경기 일정 발표…10월 13일 정규리그 종료...
283735,월드컵 수비의 핵심 박주호 윙백보다 풀백이 편해
283736,석유나는데 왜 가난한가…이라크 반정부시위대 유전 점거
283737,NHN엔터 2분기 영업익 99억원…4.1%↓종합
283738,주말 N 여행 제주권 바다에서 계곡에서…무더위 날릴 여름축제
283739,송파구 한성백제문화제 27일 개막…2천년 고도 서울을 열다
283740,올해 국내 선사 발주 20척 중 13척은 중국이 수주…한국 7척뿐
283741,찌워야 산다…류현진·강정호 몸무게·근육량 증가
283742,손정의부터 FCC 위원장까지…MWC 수놓은 말말말
283743,미래부 우주기술 기반 창업지원 과제 공모
283744,트위터 테러와의 전쟁…2년간 93만개 계정 차단
283745,이라크 친이란 세력 대통령 사임 배후는 미국 주장
283746,민주 지도부 더 짙어진 친문 색채…비주류 실종
283747,사우디 관광비자 개시 열흘 만에 2만4천건 발급
283748,조세정책도 노동친화적으로 가야…공정시장가액비율 100%로
283749,레전드캐피탈 메디힐장학재단에 17억원 기부
283750,자전거 타고 제주 씽씽 2019 제주 그란폰도 개최
283751,신간 한국 근대 지역사회 변동과 민족운동
283752,이란 EU 테러개입 제재 부과에 테러조직 비호 반박
283753,해운사 정부지원책 밝혀야 해운동맹 협상서 유리
283754,카메룬 네이션스컵 결승 진출…이집트와 우승 다툼
283755,전해철 보험사기 적발금액 최근 5년간 55% 증가
283756,신영증권 인크로스 성장 전망 밝아…목표가 6만원
283757,SNS돋보기 북 고위급 태영호 귀순…탈북할 수밖에
283758,올해 신동엽문학상에 김현ㆍ김혜진
283759,우간다 르완다군이 영토 침범…르완다 가짜뉴스 반발
283760,게시판 미래에셋대우 All Ways 해외주식 이벤트
283761,모디 시진핑에 인도 NSG 가입 객관적 평가해달라
283762,일주일 만에…경기북부 전역 한파경보 오후2시 해제
283763,北 남한 전역 사정권 대형 공격용 드론 개발종합
283764,네이버 라인프렌즈 미국 엑스포서 1천만달러 수출 계약
283765,伊 지중해 해상서 이주민 보트 전복…2명 사망·20여명 실종
283766,목포지역 조선기자재업체 현장 간담회
283767,삼성증권 GS리테일 실적 기대 못 미쳐…목표가↓
283768,伊 오성운동민주당 새 연정 정책안 합의…난민정책 완화될듯
283769,태국 카페·식당 손님 와이파이 사용정보 저장 의무화 논란종합
283770,더불어민주당 의원들과 인사하는 조국
283771,주중 美 대사관 톈안먼 시위 30주년에 조기 게양
283772,바흐 음반 222장 모은 전집 발매…단일 작곡가로 최대 규모
283773,트럼프 이민자 열악 처우 논란에 그들이 있던 곳보단 낫다
283774,네이버 소프트뱅크와 라인야후재팬 경영 통합 합의
283775,벤투 우즈베크전 일부 선수 변화…우리 경기력 다시 보여야
283776,LG유플러스 유비쿼스와 5G용 대용량 데이터 전송장비 개발
283777,中企경기전망지수 3개월째 하락…최대애로는 인건비 상승
283778,인터뷰 신언 北 레짐 체인지 선택할 수 있는 정책 옵션
283779,배구협회 19일 보령서 이사회…임도헌 감독김태종 코치 승인
283780,러시아 관광청 러시아 2020 유로는 기회다 세미나
283781,러일 외교·국방장관 회의…이지스 어쇼어·쿠릴 놓고 갈등
283782,한은 북미 정상회담 합의 결렬 시장 영향 크지 않을 것
283783,한국전력 감독 가빈에게 주장을…가빈 뭐든지
283784,주형환 원샷법 대기업 제외시 실효성 떨어져…조기통과돼야
283785,커제ㆍ박정환 꺾은 인터넷 복면기왕 정체는 알파고종합
283786,日서 G20 환경장관회의 개막…日 내년 4월 비닐봉지 유료화
283787,북한 참가 국제유소년 축구대회서 26개 단체가 공동응원
283788,혼합복식 남북단일팀 한국 상대로 어떤 작전
283789,법정관리 한진해운 선박 가압류·입항 거부 잇따라
283790,MLB 다저스 사장 류현진 지금까지 사이영상급 투구
283791,한국 AI스피커 시장 급성장…올해 세계 톱5 전망
283792,녹조라떼 도 안전한 식수로…정수처리 신기술 개발
283793,한국 가곡의 역사 한 자리서 듣는다
283794,유럽의회 선거 돌풍 브렉시트당 10월까지 브렉시트 이행 통첩
283795,검찰 조국 후보자 의혹 관련 압수수색
283796,기업의 생존전략은…새로운 수요 창출에 미래 달렸다
283797,국정원 금강산관광 재개는 유엔제재상 벌크캐시 문제와 연결
283798,롯데제과 아름다운가게와 사랑의 나눔 기부 판매전
283799,시리아 공습으로 터키 통신사 기자 사망
283800,톈안먼 시위 30주년 맞아 미국에 탱크맨 조각 세워져
283801,가족문제로 근심 깊은 엘리자베스 여왕 썰렁한 성탄절
283802,천정배박주선 정동영 포함 3자 연대 추진 합의종합
283803,삼성 갤럭시S9 아이폰X보다 다운로드 속도 37% 빨라
283804,게시판 미래부 녹색 기후기술 콘퍼런스기술설명회 개최
283805,한이스라엘 과기공동위…양자통신칩·작물개발에 협력
283806,황총리 국회 서비스법 이번 임시국회내 통과 협조해야
283807,민주 입법전쟁 하자…한국당 국회 복귀 압박
283808,왕년의 세이브왕 K로드 멕시코리그서 재기 도전
283809,영상 축구대표팀 감독 급부상 키케 플로레스는 누구
283810,아마존웹서비스 장애…쿠팡·마켓컬리 사이트 접속불가
283811,사회적 존재로서의 인간…그 최전선에 얼굴이 있다
283812,한중 틈메우기 시도…한일 위안부 여진에 조심조심
283813,남자배구 올림픽 세계예선서 타이스 출격 네덜란드와 첫 대결
283814,극장골 첼시 21 역전승…루카쿠 2골 맨유 41 완승
283815,알제리 의회 9일 회의 열어 대통령 직무대행 지명
283816,서울외신기자클럽 송년의 밤 행사
283817,니카라과 야권과 대화 앞서 정치범 100여명 석방
283818,안종범 정책조정수석 지난 주말 조용히 딸 혼사 치러종합
283819,日 상장사 40% 주주우대 제도 운영…역대 최대
283820,NH투자 휠라코리아 4분기부터 성장세 둔화 전망…목표가↓
283821,중국 항저우 실크박물관서 한국 전통복식 선보인다
283822,朴대통령 이란 부통령에 양국 MOU 실질성과로 구체화해야
283823,공시가격 인상 전 임대등록 할까…다주택자 막판 눈치작전
283824,미중갈등 한복판에 선 中화웨이 멍완저우 결백 주장
283825,전북 강한 바람에 한파 절정…장수 영하 14.9도
283826,김연경 휴식…한국 여자배구 네덜란드에 4연속 패배
283827,이란 압박 미국 B52 전략 폭격기 카타르 도착
283828,웨어러블·태블릿 통신가입자 쑥쑥 는다
283829,민주 전대 룰의 전쟁 시작…차기 지도부 역할론 갑론을박도
283830,靑 욕을 먹어도 좋다는 각오로 국민 믿고 달려왔다
283831,집계약 했는데 대출 막히나요…규제 첫날 은행 문의 이어져
283832,카메라타 잘츠부르크 내한공연
283833,유로2016 기간 아시아 불법도박 기승…도박꾼 4천100명 검거
283834,가빈·산체스 같은 조에서 경쟁…트라이아웃에 19명 참가종합
283835,승무·태평무·살풀이춤 4년 논란 끝 보유자 8명 인정
283836,증시신상품 한국운용 벨기에 정부기관 건물 투자 펀드 출시
283837,파키스탄 시장에서 폭탄테러…최소 16명 사망
283838,한미일 북핵대표 뉴욕서 협의…3국 공조방안 논의종합
283839,페이스북 개인정보 유출 한국 피해자 최대 8만6천명
283840,디그롬 ERA 2.43으로 시즌 끝…류현진 2⅔이닝 1...
283841,경기북부 전역 오후 6시 한파경보…내일 최저 17도
283842,이정현 朴대통령에 최순실 조속 귀국·적극 수사 건의속보
283843,김종인 朴대통령 휴가기간 인사쇄신 구체적 방안 마련해야
283844,과기정통부 세계전파통신회의서 5G 주파수 국제 분배 합의
283845,힉스 입자가 신의 입자가 된 까닭은
283846,曺청문회 오신환 제안에 靑 부정적…2∼3일서 더 못미뤄
283847,게시판 방통위 인터넷 상생발전 워크숍 개최
283848,춤추는 봄…국립발레단·유니버설발레단 시즌 첫 정기공연
283849,문화누리카드 2월1일부터 전국 발급…164만명 7만원 혜택
283850,베로나 AC밀란 꺾고 강등권 탈출 시동…이승우는 벤치
283851,감독 배를 주먹으로 툭…김태형 감독 이러다 유행되겠어
283852,게시판 인터넷신문위원회인터넷윤리학회 업무협약
283853,IS 부활 우려 현실화…터키 공격 틈타 활동 재개
283854,북한날씨 대체로 맑음…낮 최고 30도
283855,통통TV 5G로 바뀌면 뭐가 좋지 … 초고속·초저지연·초연결
283856,위협구에 격분한 MLB 감독 퇴장 후 상대팀 감독에 돌진 시도
283857,SK텔링크 갤럭시S10 구매시 중고폰 팔면 최대 18만원 추가 보상
283858,LG생건 숨37 중국 온·오프 진출 본격화
283859,신간 당신의 무기는 무엇인가
283860,세계신문협회 연차총회 참석한 한국 언론인들
283861,파울 선언에 항의해 유니폼 찢은 벤슨에 벌금 500만원
283862,클린턴트럼프 지지율은 박빙이지만 보유 실탄은 큰 차
283863,제47회 대한민국 관광사진 공모전…스마트폰 분야 신설
283864,與 자체분석 과반 어렵다…수도권 강남 제외 열세
283865,프로배구 외국인 선수 트라이아웃 5월 초 캐나다 토론토서 개최
283866,경기소식 부천서 내달 6∼8일 경기도 인간문화재 대축제
283867,국립현대무용단 경쾌한 스윙으로 돌아온다
283868,카오스재단 5월까지 뇌 주제로 대중 과학강연
283869,北 김정은 방직공장 시찰…다른 나라 가방제품에 견줄만
283870,아시안게임 금메달 깨물어보는 아들 이정후 영상 찍는 ...
283871,유승민·안철수계 비상행동 출범…바른미래 한 지붕 두 살림종합
283872,한국야구 U23 세계선수권 슈퍼라운드서 일본에 23 석패
283873,서울지역 극단 10곳의 창작극 경연…대한민국연극제 서울대회
283874,묘한 타이밍 트럼프에 등돌린 코언 누가 진실말하는지 보자종합
283875,LGU 5G 전파 내달 1일 발사…3월 스마트폰 통한 상용화
283876,중국 경기 둔화에도 춘제 해외여행 급증…한국은 인기 4위
283877,금융안정위 합의없는 브렉시트 금융시장 안정성에 영향
283878,불판 더위에 지친 피서객 산으로 바다로
283879,설 역귀성 KTX 특별상품 28일부터 7일간 선착순 판매
283880,사회 전반 신뢰도 32%에 그쳐…정치계 6.9%로 꼴찌
283881,김진표 위원장 13개 부처 추진 기초원천 RD 미래부로 통합
283882,레바논 군 영공침범 이스라엘 드론에 발포
283883,전광인 공수 맹활약…현대캐피탈 3연승으로 챔프전 우승종합
283884,헬로모바일 요금할인 고객에 기본료 10% 추가 적립
283885,회담 일자 잡힌 남북정상회담 준비 박차
283886,소말리아 수도서 또 폭탄 테러…최소 10명 사망
283887,캄보디아 한인회 분규 사태 종결…회장에 김현식 씨
283888,대한민국농구협회 공인 2급 신인심판 수련생 모집
283889,광양 모 중학교 교사 학생 성추행 의혹…경찰 수사
283890,민주 남북정상회담 후속 작업 박차…입법·예산 뒷받침
283891,美대선 TV토론 美언론 힐러리 1승…트럼프 번번이 미끼 물어종합2보
283892,SKT 가장 혁신적인 에지 컴퓨팅 전략 선정
283893,LGU X 스킨 직접 촬영하는 출사 이벤트 개최
283894,황교안 출마하냐 질문 세례에도 국정안정 요지부동
283895,정진석 경제는 타이밍…추경안 최대한 신속 처리종합
283896,北 5차 핵실험 준비 징후…3개월만에 또 핵도발 하나종합
283897,인사말 하는 황창규 회장
283898,中 협상대표 류허 美추가관세 연기 환영…실무팀 내주 회동
283899,주말 N 여행 마법의 색 천상의 물…이탈리아 소라피스 호수 트레킹
283900,美 대만 총통선거에 중국 영향력 행사 우려…대중 경고
283901,12월 KTX 개통하면 수도권과 1시간 10분…강릉시대 준비
283902,샤오미 웨어러블시장서 첫 세계 1위…애플·핏비트 꺾었다
283903,최순실 귀국부터 조사까지 속전속결…비선실세 밝혀질까
283904,동정 카길생명과학상에 이상열 경상대 교수
283905,내일날씨 극강 한파 고비…전국 아침 최저 17∼2도
283906,올해 금펀드 수익률 14.86% 최하위…강달러 여파
283907,더민주 당비 月 1천원서 2천원으로 인상 고민…속사정은
283908,한국의 원조규모가 미국을 앞서는 라오스…한류열풍 본격 점화
283909,내전격화 리비아서 30여명 사망…군벌 트리폴리 외곽 공습종합
283910,민주콩고 수도 킨샤사서 폭우로 19명 사망
283911,문 대통령 장성 진급자들에 삼정검 수여…신뢰받는 軍 이끌라
283912,번리 맨시티·맨유·첼시에 이어 EPL 4위 도약 파란
283913,프로농구 SK LG 꺾고 2위 1경기차 추격…최준용 4쿼...
283914,이통사 엇갈린 실적…LGU 쑥쑥·SKT 제자리·KT 주춤
283915,특징주 크라운제과 인적분할·지주사 전환 결정에 급등
283916,유럽 강타한 랜섬웨어 국내 유입…제약사도 감염종합
283917,윤호중 日수출규제로 한일 항공노선 운항 최대 34% 축소 전망
283918,일본 개헌 세몰이 집회에 아베 동영상 메시지
283919,코스피 2220대 강보합 마감1보
283920,노영민 당원자격정지 6개월신기남 당원자격정지 3개월
283921,칠레 컨페드컵 2차전에서 젊은 독일과 11 무승부
283922,朴대통령 장차관들에 우린 공동운명체…기적의 드라마 쓰자
283923,女배구 대표팀 올림픽 직행 티켓 따자…세계예선 참가차 출국
283924,일반가맹점도 대기업과 똑같은 카드수수료율 적용받아야
283925,아프리카 말리서 건물 붕괴로 15명 사망
283926,황석영 작가 미국 문학축제서 한국문학 알린다
283927,추신수 어깨 수술…2020시즌 준비는 문제 없어
283928,IBM·시스코 사물인터넷IoT 기술 개발 제휴
283929,우버 국내 음식배달 시장 도전…우버이츠 출시 준비
283930,평양정상회담 D1성악전공 남북 퍼스트레이디 음악으로 하나된다
283931,강정호 2점 홈런 폭발…시즌 7호
283932,中 중앙경제공작회의 폐막…내년 적극적 재정정책 펼칠 것
283933,휴일 불청객 울산 미세먼지 주의보 발령
283934,靑 北 장거리 미사일 발사 징후 우선순위 두고 감시
283935,볼넷 싫어하는 류현진의 더 놀라운 기록 잔루율 1위
283936,김수영 신임 한국출판문화산업진흥원장
283937,최악 패배 맨시티 과르디올라 우승 도전 물 건너갔다
283938,신간 한반도평화 오디세이
283939,원달러 환율 강보합…성장전망 조정에 투자심리 위축
283940,NH투자 환율 1150원 넘으면 외국인 셀 코리아
283941,문화소식 문화재지킴이날 국가기념일 제정 워크숍
283942,2019 가극 금강 낭독공연 간담회
283943,인스타 스토리 사진·동영상 없이 글로도 만들어요
283944,감옥에 갇힌 트럼프와 예멘 대통령
283945,서울 서초동 상가 지하서 불…소방관 등 최소 10명 부상종합
283946,3위 LG 파죽의 8연승…최하위 삼성 4연패
283947,하나금융 광주에 직장어린이집 열어…中企 직원자녀도 이용
283948,英 극우정치인에 잇단 밀크셰이크 세례…EU 잔류파 소행
283949,연휴기간 여수에 87만명 몰렸다…거북선축제도 성황
283950,아르헨티나서 다음달 2일 중남미 K팝 대회…15개팀 참가
283951,요금 인상 전 가입자 늘리자 음원업계 연말 총력 마케팅
283952,만기임박 연 24% 넘는 대출 안전망대출로 전환종합
283953,北 개성공단 폐쇄·자산동결…남측 인원 철수완료종합3보
283954,오신환 준연동형 비례대표제공수처 기소권 제한 대타협하자종합
283955,춘천을 드론 체험 명소로…드론 페스티벌 내달 개최
283956,朴대통령 탈북민은 통일시험장…충분히 수용할 체계 갖춰야종합
283957,伊 정국 위기 분수령…대통령 정당 수뇌부와 새 연정 논의
283958,알뜰폰 위기감 커진다…CJ헬로 사업자협회와 마찰탈퇴종합2보
283959,예멘 내전 출구 모색 美 친이란 반군과 직접협상 추진
283960,선고공판 출석하는 김어준주진우
283961,佛르노 日닛산차 경영체계 개편안 반대…갈등 심화
283962,NYT 트럼프·김정은 둘다 오판…나쁜 베팅으로 이어졌다
283963,가상현실 즐겨요 서울 강남에 VR방 생긴다
283964,코스피 2280선 회복…코스닥 7거래일 만에 반등종합
283965,美아이오와 경선 입구조사 공화 트럼프→크루즈→루비오 순서
283966,이해찬 북미회담 좋은 결과 바랬는데…아쉽다
283967,게시판 삼정KPMG 12일 IPO 성공전략 세미나
283968,증시신상품 SK증권 최고 6% 수익추구 ELB 등 2종 공모
283969,갤S9·신형 LG V30 내달 9일 동시출시 유력…가격 90만원대
283970,U20월드컵 일본 이탈리아와 22 비겨…조 3위 16강행
283971,LG유플러스 1인 크리에이터 10명 선발해 활동 지원
283972,모레 YS 서거 1주기…뜨거운 추모열기속 기념사업 난항
283973,KT 배터리 절감 기술 경품 이벤트…1등에 승용차
283974,LG전자 보급형 스마트폰 K시리즈 CES서 공개
283975,일 연구팀 지구유출 산소…달 도달 사실 첫 확인
283976,범정부 화재안전 특별대책 발표
283977,흐리고 무더운 주말…충북 곳곳 피서객 북적
283978,제15회 서강언론인상 시상식
283979,원익 모멘티브 인수 검토중이지만 결정된 사항 없어
283980,美 시리아서 미군 철군 아니다…터키 공격 지지 안해
283981,이용찬 7이닝 3실점 무패행진…두산 SK 꺾고 3연승
283982,검찰과거사위 KBS 정연주 기소는 부당…검찰총장이 사과해야종합
283983,베네수엘라 국경 곳곳서 원조 반입놓고 충돌…최루탄 발포·시위
283984,이란 반정부시위 진정에도 11일째 무선인터넷 차단
283985,호랑이 김학범 U23 축구대표팀 감독 현재 40∼5...
283986,게시판 금투협 금투업계 특화 비즈니스 영어교육
283987,다저스 감독 류현진 명인 같은 투구…말로 평할 수 없을 정도
283988,서울문고 영풍그룹에 인수…오프라인서점 교보영풍 양강구도로
283989,SK 로맥 시즌 31호포…비거리 140ｍ로 문학 최장거리...
283990,朴대통령 빨리 3당 대표 만나겠다…국면전환 개각 어렵다종합
283991,2차례 정전으로 일찍 문 닫은 창조경제 박람회종합
283992,신격호 정신감정 거부 vs 신동주측 버티기
283993,갤S8 개통 초반 발화사고 제로…배터리 고비 넘긴 듯
283994,게시판 금투협 NPL 가치평가 교육 과정
283995,녹소연 T맵 맛집 지도 제작…최다 목적지는
283996,朴대통령 檢혐의에 정상적 국정수행의 일환 반박종합
283997,대체선발 SK 윤희상 3이닝 무실점으로 임무 완수
283998,국민 67.1% 사드 배치 찬성…26.2% 반대
283999,폭염 뚫고 야수파 보러 몰려든 시민들…세종문화회관 전시 인기
284000,인민일보 홍콩 폭력 제압해 질서 회복해야 1면 논평
284001,볼턴 트럼프 대화에 열려있어…동창리 사실이면 매우 실망종합
284002,TV 점점 커진다…삼성 60인치 넘는 모델 70% 고성장
284003,신간 원숭이 신의 잃어버린 도시·딜리트
284004,막말 트럼프 돌풍에 미군 퇴역 장성들 대선 개입도 두드러져
284005,박원순 시장 아부다비 루브르 박물관장 면담
284006,미 F22 전투기 편대 카타르에 첫 배치…이란 압박
284007,LG워치 스포츠·스타일 내일 출시…최신 안드로이드 탑재
284008,게시판 LGU 멤버십 포인트로 지니뮤직 요금 할인
284009,G2무역분쟁·강달러에 IT대형주 타격…외인 팔자 집중돼
284010,게시판 과기정통부·서울시 6∼7일 1인 미디어대전 첫 개최
284011,NBA 샌안토니오 레너드 토론토로 이적할 듯…더로전과 트레이드
284012,국산 신약 개발 열기 후끈…지난해만 5개 허가
284013,황정민과 함께하는 장애인 참여 창작뮤지컬 비상
284014,진해 벚꽃로에 빛터널…내년 군항제까지 반짝반짝
284015,일부 농·신협 가계·개인사업자대출 급증…금감원 현장점검
284016,독일 바이체커 前대통령 아들 강연중 흉기에 찔려 숨져
284017,北 한미훈련 종료일에 무수단미사일 발사…공중폭발로 실패종합
284018,아시안게임 나상호 룸메이트 손흥민과 최상의 시너지 효...
284019,카카오프렌즈가 나간다…프렌즈 게임 퍼블리싱 본격화
284020,다저스 샌디에이고에 90 완승…뷸러 11승·폴록 3안타
284021,총선 D31 국정지지도 40%대 朴대통령 표심 영향은
284022,前 스코틀랜드 자치정부 수반 2018년 독립 재투표 예상
284023,반대매매 하루에만 1천억원…금융위기 때보다 많아
284024,블레어 마크롱에 영국의 EU 잔류 방안 비밀 코치 구설수
284025,전국 흐리고 동해안·제주도 눈·비…낮 최고 2∼9도
284026,삼양홀딩스 보통주 1주에 1천500원 현금배당 결정
284027,주홍콩 한국 총영사관 시위 격화에 여행객 안전 주의 당부
284028,대통령 직속 특별감찰관 우병우 민정수석 감찰 착수
284029,과총 올해의 과학뉴스에 신고리 원전 공론화
284030,힐러리트럼프 지지율 격차 3%포인트로 좁혀져
284031,국토계획 정책 수립에 인공지능 기술 도입한다
284032,부동산부터 상속 전략까지 KB금융 자산관리 자문센터 열어
284033,삼성 새 이어폰·워치·밴드도 갤럭시S10과 함께 출격 전망
284034,이재성·이동국 연속골 전북 울산 20으로 꺾고 선두...
284035,다저스 뷸러 샌디에이고전 15탈삼진 완투승
284036,즐라탄 15호골 맨유 레스터시티 30 제압…15경기 무패
284037,여야 광역의원 선거구 획정 7일 본회의서 처리키로
284038,오늘밤 기온 떨어지며 추워져…일요일 아침 일부지역 영하권
284039,靑 막후 변론지원 보도에 과대해석…법률보조는 민정업무
284040,KB금융 연봉 약 1억3천만원…은행·보험·카드업계 1위
284041,기상청 인천 옹진 백령도 남쪽서 규모 2.4 지진 발생
284042,강원 한파특보 모두 해제…4∼5일 최고 20㎝ 눈 예보
284043,한미 北핵 위협 대응해 美전략무기 정례적 전개 합의
284044,경기도가 자체 개발한 지능형 로봇
284045,젊은 건축가 프로그램 우승자 건축가 양수인 선정
284046,트럼프 중동정책 획기적 변화 예고
284047,이상기후에 끄떡없는 슈퍼식물 나올까…실마리 발견
284048,더민주 당권주자들 호남혈투…선명성 경쟁속 당심 잡기
284049,2천18명 참가하는 대형 길놀이…강릉 겨울 페스티벌 개최
284050,진달래 벚꽃 휘날리며…여수 봄꽃 축제 만발
284051,LG CNS SG생활안전과 MOU 체결
284052,美여학생 집단괴롭힘 5분의 1이 사이버폭력…남학생의 3배
284053,5년전 쓸쓸히 세상 떠난 박서원 시인…첫 시집 복간
284054,특징주 은행주 저가 매수세에 동반 상승
284055,박병석 전기봉에 졸도…中 한국인 수감자 인권침해 심각
284056,적극행정 격려하는 이낙연 총리
284057,피아니스트 백혜선 10월 예술의전당 독주회
284058,토요일마다 재연하는 400년 전 경상감영 풍속
284059,러이스라엘 시리아내 외국군 철수 논의 실무그룹 구성 합의
284060,이슈 컷 와이파이로 휴대폰 배터리 충전한다고
284061,한미반도체 中업체와 26억 규모 반도체 장비 공급계약
284062,檢 대우조선 수사 남상태·고재호 비리 규명에 집중
284063,얘기 나누는 조국 민정수석과 도종환 장관
284064,게시판 KB손보 소규모 공연장 안전시설 설치 지원
284065,신간 소피아 로렌의 시간
284066,창비 세월호 책 다시 봄이 올 거예요 전자책 무료 배포
284067,탬파베이 최지만 시즌 1호 솔로포 폭발
284068,NHN엔터 3분기 영업이익 23억원…흑자전환종합
284069,SKT AI 누구로 스타벅스 커피 주문한다…연내 서비스 개발
284070,中어선 불법조업 단속 전담기구 대신 국·과장 자리 늘려종합
284071,OECD사무총장 G7이 모범돼야…조세회피 강력대응 촉구
284072,英 체류 아프간 이민자 밀입국 냉동차는 움직이는 무덤
284073,신한금투 하나투어 올해 사상 최대 이익 기대
284074,檢 비선실세 최순실 오후2시께 구속영장 청구…직권남용 등
284075,LG G7 씽큐 디스플레이 M LCD 표기 놓고 적정성 논란
284076,다음달 갤노트9 시작으로 워치·스피커·태블릿 줄줄이 출격
284077,캄보디아서 50대 교민 살해 현지인 검거…빚 문제로 범행
284078,5G 상용화 100일간 이통3사 시가총액 희비
284079,윙백 아쉬움 뒤로 손흥민 27일 C.팰리스전 20호골...
284080,한국방송협회 지상파 중간광고 허용해야
284081,맨유 바일리 슈퍼컵도 결장…UEFA 2경기 추가 징계
284082,FA 모리뉴 맨유감독에 맨체스터더비 이전 발언 소명 요구
284083,아시안게임 키르기스스탄전 앞둔 김학범 스스로 만든 가...
284084,류현진 4경기째 10승 실패…지독한 아홉수
284085,KT 수능 수험생에 6개월간 데이터 무제한 요금제 할인
284086,삼성 갤럭시S9 정식 출시 첫 주말 이통시장 잠잠
284087,가계동향조사 개편 예산 정부안 확정…2020년 총선후 공표 조건
284088,3연패 김세진 감독 내가 부담을 줬나…선수들 믿어
284089,美정부 공립학교에 성전환 학생 화장실 선택권 보장하라종합
284090,해외미디어 독자 맞춤형 서비스로 구독 수익 늘리는 美신문
284091,폰데어라이엔 EU집행위원장 후보 브렉시트 또 연기할 수도종합
284092,G20 송환법 철폐 관심 가져달라…홍콩 시민들 대규모 시위
284093,신간 다윈의 실험실·사실 내성적인 사람입니다
284094,건배하는 김정은시진핑
284095,인물화의 대가 정형모 화백을 만나다
284096,전주 한옥마을 한해 관광객 사상 첫 1천만명 돌파
284097,사용여부를 알 수 있는 마스크…학생과학발명품 대통령상
284098,윤성빈 5이닝 2실점…프로 첫 승·롯데 시즌 첫 선발승 눈앞
284099,한국지방신문協 지역언론 외면하는 포털 릴레이 기고
284100,같은 실수라도 장고 끝에 악수가 낫다…학습효과 높아
284101,역대 최고액 美로또 당첨자 없어…당첨금 1조5천억원으로 증가
284102,日 경산성 간부 문재인 정권 계속되는 한 규제 계속
284103,카카오 나이키와 공동 마케팅…달리는 라이언
284104,경기교육청 화성오산지역 6개 대학과 예비대학 MOU
284105,정부 잇단 규제에도…작년 은행 주택대출 15조 이상 늘어
284106,게시판 키움증권 대학생 주식 모의투자대회 시상식
284107,카드수수료율 차별에 대한 질의서
284108,정개·사개특위 위원장 질서유지권 발동1보
284109,3점슛 100개 돌파 강이슬 여자농구 국제 경쟁력에 책임감
284110,제재논란 영향…마식령훈련·금강산행사 일정발표 지연종합
284111,아시안게임 통일이 되는 걸 원하십니까…南기자에 질...
284112,내주날씨 낮에도 밤에도 푹푹 찐다…가끔 소나기
284113,신간 미국의 민주주의를 읽다
284114,다저스 커쇼 양키스에 홈런 3방 맞고 안방불패 마감
284115,이라크 여성 보호시설서 폭력사태·화재로 9명 사망
284116,과로사 대책위 과로사 방지법 제정 필요
284117,황희찬 UEFA 챔스리그 3차 예선 동점골 폭발
284118,메이 브렉시트 강경파 사퇴압박에 타협점 찾자 호소
284119,그래픽 K리그 살아있는 전설 이동국 주요 기록
284120,이란 60일 내 유럽에 원유수입·금융거래 재개 요구
284121,발칸반도 몬테네그로 일본 옴진리교 관련 인사 추방
284122,NGO 난민구조선 또 입항금지 명령 어기고 伊항만 진입
284123,LH 영종하늘도시 공동주택용지 등 20필지 분양
284124,중동·아프리카 한상들 내달 두바이서 첫 경제인대회
284125,코스닥 4%대 급락…IT·바이오주 약세에 연저점
284126,광주시정 보도사진전 개막
284127,올레드 TV 매년 2배 성장…프리미엄급에선 절반 육박
284128,美 전 국방장관들 미국의 힘은 동맹에서 비롯…北 위협적
284129,이정후 골든글러브 부끄러워…내년에는 떳떳하게
284130,신간 죽음을 넘어·한국 지역문학 연구
284131,문대통령 한진家 의혹 계기로 재벌 해외은닉재산 정조준
284132,소프트뱅크벤처스 3천400억 펀드 결성…中스타트업에 투자
284133,폼페이오 중동서 대이란 국제 동맹 촉구…이란 고립 강화종합
284134,이광수 무정 100년…대중·지식인 독자 통합한 텍스트
284135,하나투어 여행 소외계층에 맞춤형 가족여행 지원
284136,게시판 SK텔레콤 인공지능 기기 누구 사은행사
284137,코스피 1900선 위태…中불안에 환율 영향도종합
284138,대성자산운용 미얀마 국유 증권사와 200억원 펀드 조성
284139,맨시티 리버풀전 페널티킥 항의에 벌금 4천900만원 제재
284140,전국 폭설·한파 동장군 맹위…교통 마비·출근길 불편
284141,카카오톡 기본 제공 이모티콘 96종 신규 추가
284142,정부 기초연구 평가때 성공 또는 실패 판정 사라진다
284143,친박계 김무성 권력자 발언에 발끈…확전은 자제
284144,프로야구 한화 선수단 전체 워크숍으로 2018시즌 마무리
284145,영상 100만원 훌쩍 갤럭시 S10…어떻게 구매하는 게 좋을까
284146,롯데컬처웍스 OTT 서비스 씨츄 오픈
284147,그래픽 인터넷 이용자 SNS 이용률
284148,도미니카 국적 남성 伊 경찰서서 총기 난사…경찰관 2명 사망
284149,오닐 북아일랜드 감독 손흥민 최고의 선수…기성용도 저평가
284150,스페인 가톨릭 교구 동성애 전환치료 의혹…당국 수사 착수
284151,이세신궁 찾은 아베 日 총리…G7 정상회의 성과 내겠다종합
284152,여수박람회장 대표 볼거리 빅오쇼 내달 2일 개막
284153,민주 새 원내대표에 86그룹 대표 이인영…통합으로 총선승리종합2보
284154,힐러리 8년 재수끝 본선티켓 눈앞…美최초 여성대통령 노려
284155,박원순 선거사무소 개소식 참석한 홍영표
284156,MIT 하늘 날고 땅도 달리는 자율주행 드론 공개
284157,네이버 CEO 아름다운 바통 터치
284158,다저스 샌프란시스코에 10 승리…뷸러 7이닝 무실점
284159,팝스타 리처드 막스 공연홍보 내한 취소…한반도 정세 불안
284160,北 김정은 신년사서 남북관계 어떤 메시지 던질까
284161,시진핑 러시아 끌어안기 광폭 행보…중러 에너지포럼 참석
284162,시진핑 건국70주년 열병식서 평화통일·일국양제 방침 견지종합2보
284163,이정현 병상서 태풍 당정 지시…주말 퇴원 가능종합
284164,훔친 차로 공주∼의정부 질주한 10대 2명 검거…13㎞ 추격전
284165,후임 발표 앞둔 문무일 검찰총장
284166,보도사진으로 돌아보는 2018년 광주
284167,빙하기 여행…내년 1월 연천서 구석기 겨울 축제
284168,19대 대선 재외국민 유권자 15만명7.7% 등록…30일 마감
284169,그래픽 5G 무제한 요금제 경쟁…이동통신 3사 5G 요금제 비교
284170,KT e스포츠라이브로 배틀그라운드 대회 5G 멀티뷰 중계
284171,김영한 전 민정수석 자필 추정 메모에 무슨 내용 담겼나
284172,부산신발산업 재도약 매출액 등 성과지표 개선 뚜렷
284173,트럼프 시리아 미군잔류는 순전히 원유 때문 재차 강조
284174,땡큐 트럼프…네타냐후 골란고원 마을에 그의 이름 넣겠다
284175,꽃청년 3인방 600일간의 농업 세계일주를 떠나다
284176,여자농구 신한은행 오심 논란 제소…종료 직전 U파울
284177,근성의 두산 오재원 원맨쇼로 LG의 혼을 뺐다
284178,쓰레기 발전소 건립 백지화 하라
284179,신간 나는 적극적으로 과거가 된다·조이와의 키스
284180,난민 최전선 그리스 난민 부담 EU 내 공평하게 배분돼야
284181,평창올림픽 G1년…KT 5G로 글로벌 ICT 산업 선도
284182,폼페이오 총선 앞둔 이스라엘서 네타냐후 지지 표명
284183,차고는 예술공간 창고는 삶의 터전으로…이유 있는 변신
284184,기대치 미달 5G 속도 놓고 이통3사 서로 내가 최고 비난전
284185,귀걸이에 거울까지…폼페이서 2천년된 여성 장신구 대거 발굴
284186,황희찬의 잘츠부르크 유로파리그서 마르세유 등과 격돌
284187,김광현 품은 세인트루이스는 어떤 팀 137년 전통 명문
284188,최태웅 현대캐피탈 감독 이승원 여오현 코치 마음속 MVP
284189,KT 수자원·국토정보공사와 데이터 중심 스마트시티 협력
284190,中 아프리카 투자확대 나선 日 경계…약속보다는 성과 중요
284191,朴대통령 중동신화 정신 되살리면 안팎 위기 너끈히 극복
284192,붕괴 제노바교량 관리책임 베네통 자회사 운영권 박탈 수순
284193,남자배구 20년간 못 나간 올림픽…도쿄는 꼭 가겠다
284194,수상 소감 밝히는 오은
284195,朴대통령 北 5차핵실험 준비상황 포착…내부 대비 중요
284196,무지개 깃발 이제 미 대사관에 불허
284197,실수해도 괜찮아…조금 느린 아이들의 힘찬 점프볼
284198,KT엠모바일의 풍성한 가을 혜택을 누리세요
284199,EU 5억1천350만명…사망자출생자이나 이민으로 인구 증가
284200,북한인권법 4일 시행…북한인권재단 다음주 출범
284201,코스피 외국인·기관 동반 매수에 장중 1980선 회복종합
284202,네이버서비스 개혁방안 토론회
284203,인천지하철 2호선 월드컵 멕시코전 임시열차 운행
284204,아마존 폴리 한국어 음성 변환 서비스 시작
284205,檢 롯데 비자금 2차 압수수색…롯데건설 등 계열사 10여곳
284206,카메룬 군사법정 영어권 분리주의 지도자에 종신형 선고
284207,골대 강타 맨시티 펠라이니 퇴장 맨유와 00 비겨
284208,기념촬영하는 연합뉴스지지통신 관계자들
284209,130만명 즐긴 산천어축제… 마지막 주말도 열기 후끈
284210,올림픽 취재 기자 기다리는 메인 프레스센터
284211,국무조정실 국정기획위 업무보고 자료 유출 조사 착수
284212,신한금투 LS산전 신사업 성장에 실적 증가…목표가↑
284213,뮤지컬 라이온 킹 한국 상륙…마을 하나를 통째로 이전
284214,게시판 SK텔레콤 고3 학생에 ICT 체험 기회 제공
284215,美 이란특별대표 이란과 기꺼이 협상…이란 먼저 변해야
284216,드라기 인플레율 기대 못 미쳐…추가 부양조치 시사
284217,미국발 훈풍 코스피 장중 2120선 회복…코스닥 2% 올라종합2보
284218,전력소모 1천분의 1…초저전력 메모리 개발 길 열렸다
284219,SK텔레콤 T인증 출시 6개월 만에 가입자 500만 돌파
284220,주말 N 여행 제주권 겨울 끝자락 고요한 숲길 걸으며 힐링
284221,김무성 공천개입 파문에 그래서 공천혁명 이루려 했던 것
284222,트럼프 아베와 스모 관람…우승자에 트럼프 트로피 수여
284223,리비아 트리폴리 미티가 국제공항 공습으로 운항중단
284224,러시아베트남 원자력 과학기술센터 건립 협약
284225,이란 수감자 석방 佛 마크롱 요구에 내정 간섭 거절
284226,트럼프 시민권 질문 대신 불법이민자 수 파악 행정명령
284227,LG전자넥슨 업무협약
284228,성장통 극복하는 이종현…게으르다는 평가 약이 되고 있다
284229,게시판 독립운동가 서영해 소설 출간 북콘서트
284230,싱가포르항공 G마켓서 항공권 20% 할인 판매
284231,월드컵 3전 전패 위기감 신태용호 멕시코전서 운명...
284232,가상화폐 대책 입법화 갑론을박…국회서 정책간담회
284233,삼호 1천551억원 주택재건축정비사업 계약
284234,北축구 이끌었던 안데르센 감독 인천 사령탑 깜짝 부임
284235,라인 공모가 범위 결정 28일로 하루 연기종합
284236,C페스티벌 개막
284237,바이든 日헌법 우리가 만들었다…트럼프 비판하며 언급
284238,다저스 보스턴과 월드시리즈 리턴매치서 첫판 완패
284239,레오 고비마다 미사일 서브…OK저축은행 4위 점프
284240,양키스 2년 만에 ALCS 진출…미네소타 포스트시즌 16연패
284241,미국 언론 메이저리그 최대 문제는 액션의 실종
284242,음바페 AS모나코 팬들에게 화나겠지만 사랑해요
284243,스페인 대표 모라타·이니에스타 부상으로 월드컵 예선 결장
284244,이정미 한국당 비례한국당 창당해도 선거운동 제한적
284245,춘천MBC 골목 놀이 2부작 2019 해외 우수 공동제작 대상 수상
284246,YTN 신임 사장에 정찬형 씨 선임
284247,MBC 뉴스데스크 3사 중 가장 빨리 더 길게 방송
284248,터키 IS 조직원 1천200명 구금 중…강제송환할 것
284249,뉴질랜드페루 혹독한 월드컵 티켓 전쟁…이동만 19시간
284250,1차전 승리 위성우 감독 임영희·박혜진·김정은 활약 컸다
284251,대림산업 9천100억원 규모 주택재개발 공사 수주
284252,강화군 포함 인천 대설주의보 해제…빙판길 운전 주의종합
284253,트럼프 드론 격추에 對이란 보복공격 승인했다 돌연 철회종합
284254,프로농구 인삼공사 오세근 부상…PO 시리즈 변수 될까
284255,중국 매체 판문점선언 1주년 행사 개최 보도
284256,서울 서초구 9층짜리 아파트 불…주민 6명 연기 마셔 병원 이송
284257,가짜뉴스에 2천만원 벌금…알바니아 새미디어법 논란
284258,영상 악동 푸이그 류현진과 토론토서 다시 만날까
284259,신임 금융감독원장에 정무위 저격수 김기식 前의원 내정종합
284260,금강산 이산가족면회소 시설점검
284261,오늘까지만 넥센 히어로즈…9년간 KBO와 진한 인연
284262,위클리 스마트 에어팟 인기에 구글·아마존 무선 이어폰 가세
284263,정진석 에너지효율보다 깨끗한 공기 중시 정책으로 전환돼야
284264,LG전자 대용량 배터리 스마트폰 LG X500 출시
284265,주총 자율분산 프로그램 너무 늦었나…참여율 30%대에 그쳐
284266,임기후반기 맞은 文대통령 여야5당 대표와 만찬회동…협치 주목
284267,예술위 팝업씨어터 공연방해 사과 진실은폐·제보자 불이익
284268,KB국민은행 스페인리그 한인 축구팀 꿈FC 광고모델 계약
284269,KT 휴대전화 액정보험 무료제공 잠금화면 출시
284270,伊의원들 의석 3분의1 감축 법안에 반발…헌법재판소에 청원
284271,중국 잡은 허재 감독 주축 선수 없이 승리…수비 조직력 만족
284272,바이올리니스트 조진주 내달 예술의전당서 리사이틀
284273,케냐 런웨이를 걷는 화려한 전통 한복
284274,김경협 작년 자영업자 폐업률 11%…2005년 이래 최저
284275,리커창 미국 前재무장관 만나 미중 협력 강조
284276,30년 집권 바시르 수단 대통령 군부 쿠데타로 축출돼종합4보
284277,축구 AG 대표팀 16일 명단 발표…손흥민 등 와일드카드 관심
284278,우리은행 펀드가입에 투자숙려제·고객철회제 도입 검토종합
284279,리우行 북 최룡해 베이징 도착 중국내 동선 주목종합2보
284280,이병완 WKBL 총재 여자농구에 평양팀 먼 얘기 아냐
284281,충북 주말 포근…가을 정취 만끽하려는 나들이객 붐벼
284282,안희정 중국은 5천년 친구…사드 오해 풀기 위한 노력 필요
284283,영국내 EU출신 취업자 사상최대…브렉시트 지지자 일자리 뺐겨
284284,연합이매진 2018년 우수콘텐츠 잡지로 선정
284285,스노우맨 우체국알뜰폰 판매…TV·인터넷 결합상품 출시
284286,에티오피아 정부 북부서 쿠데타 시도 주도한 장성 사살
284287,현대캐피탈 우리카드에 풀세트 승리…선두 탈환
284288,獨정부 아우토반에 지능적 메커니즘 있어…속도제한 부정적
284289,마러라고 침입한 여성 배후에 중국 관련 단체 있다종합
284290,만년 적자 테슬라 흑자 전환할까…머스크 3·4분기 수익 낼 것
284291,문소리 국제현대무용제 홍보대사 위촉
284292,과기정통부 방송프로그램 제작지원작 94편 선정
284293,현대모비스 승리 이끈 이대성 작년에 졌던 것 꼭 복수
284294,원로화가 김종학 파리 기메박물관서 초대전
284295,NH투자 외국인 환율 1150원 넘어야 차익실현
284296,웨어러블 기기 가입자 50만명 넘어…16개월만에 10배↑
284297,문단 최고령 황금찬 시인 별세…향년 99세종합
284298,네이버 AI 스피커 프렌즈 미니 미니언즈 출시
284299,게시판 방통위·KAIT 통신 이용자 피해예방 작품 공모전
284300,靑 국회정상화 여야의견 수렴…朴대통령 李 단식중단 요청종합
284301,경총 2021년 최저임금은 제도개선후 논의해야 노동부에 건의
284302,방통위원장 갤노트7 케이스·액세서리 구매자 구제도 필요
284303,특검 문화계 블랙리스트 확보…靑문체부 수사 본격화
284304,유럽 무대 시즌 20골 대기록 달성한 손세이셔널 손흥민
284305,아시아나 일반노조에 단체협약 해지통보…타임오프제 탓
284306,이원석 만루포 포함 6타점 대폭발…삼성 5위 희망가
284307,그래픽 QLED·OLED TV 판매량
284308,트럼프가 에르도안에 보낸 편지 공개…터프가이 되지마라
284309,세부퍼시픽 사전 주문 기내식 메뉴 12종 출시
284310,NHN 기업 클라우드 시장 본격 공략…美·日도 진출
284311,손학규 바른미래 당대표 출마…선거제 개혁 마지막 소명종합
284312,추석 연휴에 가족 나들이 간다면…서울 4대 고궁 무료개방
284313,사우디군의 예멘 반군 수용시설 폭격에 135명 사망
284314,미주 설립 지상파 콘텐츠 플랫폼 가입자 40만명
284315,트럼프 유럽 동맹국에 IS 포로 데려가라…안 그러면 석방
284316,교섭단체 대표연설하는 오신환
284317,골든스테이트 연장 접전 끝에 결승 1차전 신승
284318,한미일 정상 안보리와 별도로 양자·다자 대북제재 추진종합
284319,신영증권 파라다이스시티 개장 첫 해부터 깜짝실적 예상
284320,내년 네이버 통장 나온다…주식·보험·신용카드 추천도 출시종합
284321,계엄시 해제 국회의결에 한국당 불참시켜 정족수미달까지 계획3보
284322,올해의 뉴스 1위는 정상회담 28%…2위 최저임금 18.3%리얼미터
284323,고운세상코스메틱 필라그린 제품 프로모션 실시
284324,영상 올해 추가된 연말정산 혜택…이것만은 꼭 챙기자
284325,감빵생활 실상은…어느 서울대생의 수감기
284326,2018 구례자연드림 락樂 페스티벌 성료
284327,유진벨재단 北보건성 방북일정 연기 통보해 와
284328,kt 니퍼트 첫 실전 2이닝 무실점…곧 정상 페이스로종합
284329,인사말 하는 박양우 장관
284330,재판 불출석 음주운전자 끝까지… 검찰 특별검거팀 운영
284331,김정은 집권이후 북한 중·단거리 발사체 발사 일지
284332,스마트폰에 밀려… 컴퓨터 보유율 2001년 이래 최저
284333,한국당 해산 청원 100만 돌파…동물국회 사태에 참여 급증
284334,서울도 벚꽃 개화…7∼8일께 절정 이룰 듯
284335,두산 신인 곽빈 올해 1군 등록돼 선발로 5승 이상 목표
284336,삼성 애플 WWDC 열리는 새너제이서 올해 개발자 콘퍼런스 개최
284337,이란 美 이란여객기 격추 31주기 추도식…위험한 쪽은 미국
284338,SKT 다시 봄 프로그램 운영
284339,그래픽 수입물가 추이
284340,아시아 블록체인과 핀테크 시장
284341,北신문 10·4 선언일 앞두고 민족자주·민족단합 강조
284342,가상현실 콘텐츠 빨·녹·파 대신 16개 색으로 본다
284343,영산강 올겨울 첫 결빙…작년보다 33일 빨라
284344,캐시 슬라이드 잠금화면 사연 보고 어린이 후원하세요
284345,고속 질주하던 이탈리아중국 관계 홍콩 사태 만나 멈칫
284346,SKT 30만원대 스마트폰 갤럭시 와이드 단독 출시
284347,4연승 우리카드 신영철 감독 토종 선수 활약 고마워
284348,북핵 개발 가장 강력히 규탄 ASEM 의장 성명 채택종합2보
284349,게시판 NH투자증권 뱅크샐러드 핀테크업체와 업무협약
284350,신간 왜 나는 너와 헤어지는가·널 보러 왔어
284351,석학과 함께하는 인문강좌 23일부터 4주간 열려
284352,서울시 소식지 국제비즈니스대상 출판·홍보 부문 수상
284353,홍용표 북한 우리 국민 소중한 재산 훼손 안 돼속보
284354,안철수 KBS 사장 해임 새로운 방송적폐…국민 심판 받을것
284355,北 원동연 조평통 서기국장 임명 가능성
284356,정지윤 18점 현대건설 풀세트 끝에 도로공사 격파
284357,강정호 첫 메이저리그 개막전에서 2타점 적시타
284358,美 중동평화안 겨냥 아랍권 비판 확산…팔 일방적 양보안종합
284359,갤노트9 첫날 개통량 갤S9보다 10%↑…보조금 꿈틀
284360,남북 개성공단 사람들 다룬 연극 러브 스토리
284361,과기부 산하 출연연 5년간 특허기술 이전율 39%
284362,그래픽 건설노동 등 단순노무 청년 25만명 넘어
284363,LG유플러스 작년 영업이익 7천억 돌파…유·무선 쌍끌이종합
284364,LGU AI 스마트홈트·AR쇼핑 출시…5G 서비스 2.0 도약
284365,바른미래 민주당의 특검 거부 민주주의에 대한 불복종합
284366,롯데 손아섭 야구부 후배들에게 2억원 상당 용품 지원
284367,과기부 톈궁 1호 오늘 오전 9∼10시 남대서양 추락할 듯2보
284368,주말 N 여행 영남권 지금 남해엔 예술의 바다가 열렸다…울산·남해 축제
284369,한컴그룹KAIST 가평에 헬스케어 단지 조성
284370,박양우 문체부 장관 OANA 총회 개회식 축사
284371,SKT IoT 콘퍼런스 ATDC 2018 개최
284372,中내륙서 北국경까지 지안퉁화 고속도로 이달 중 개통
284373,그래픽 한미 기준금리 추이
284374,국정원 김정은 12일 특수부대서 청와대 불바다 위협
284375,리비아 난민구금시설 공습…40명 사망·80명 부상로이터
284376,나흘간의 옹기촌 이야기 울산옹기축제 성황리 폐막
284377,美 이라크 친이란 민병대 폭격 역풍…반미 기류 고조
284378,LG전자 Q6 내달 출시…준프리미엄폰 라인업 확대
284379,국고채 금리 일제히 연저점 경신…기준금리 동결 영향
284380,강기정 曺청문회 일정에 8월30일 법정시한 지키지 않아 유감
284381,바른미래 경남서 세몰이…현장최고위·도당개편대회 개최
284382,LG CNS AI 빅데이터 사업 확대종합
284383,김상조 23일 한진·카카오 등 15개 그룹 회동…기업책임 당부
284384,엘리트는 필요없다…미국의 지식인들은 왜 버림받았나
284385,피아니스트 손열음과 뽕짝의 만남…박현빈과 콜라보 무대
284386,北 김정은 몸에 좋다 말에 다양한 메기요리 등장
284387,KT 최장 3년 보장하는 폰 안심케어3 플러스 출시
284388,靑 특사단 오전 9시 평양 순안공항 도착1보
284389,北김정은 노동당 위원장으로 추대…7차 당대회 폐막3보
284390,北 김정은 黨 중앙위·軍위원회 연합회의 주재
284391,스냅 IPO 후 첫 실적 발표 최악…주가 22% 폭락
284392,카드뉴스 우주의 유리천장을 깬 흑인 여성들
284393,르노삼성 SM6 두달 연속 월 7천대 판매
284394,청년갤러리로 단장한 티월드 인천지점
284395,남자배구 2번째 한일전서 13 패배…아시아선수권 4위로 마감
284396,KT도 무제한 데이터…월 6만9천원에 100GB 기본 제공종합
284397,예보 내달 3일 포용적금융 국제 콘퍼런스
284398,법무부 새 공보기준 논란
284399,김연철 완전한 비핵화…중간목표 향하는 급행열차 방식 필요
284400,몸무게 보너스·부동산 지분 인센티브…재미있는 MLB계약 조건
284401,추신수 화이트삭스전서 1안타 1득점…3경기 연속 안타
284402,월드클래스 300 기업 선정서 수여식
284403,국회에서 열린 정개특위 간담회
284404,日방위성 레이더 갈등 10개 언어로 자국입장 성명 검토
284405,중견 5개국 국회의장들 북핵 규탄 공동성명서 채택
284406,SK텔링크 데이터 차단 공부의 신 갤럭시와이드2 출시
284407,대산대학문학상 작품 공모·출판경영자 세미나
284408,한투증권 대우조선해양 등 3종목 코스피200 편입 전망
284409,이라크 바그다드서 유혈 반정부 시위 지속…3명 사망
284410,박미희 흥국 감독 통합우승 vs 5개팀 사령탑 봄배구...
284411,폭염·열대야 7월의 충북 평년보다 0.9도 더 더웠다
284412,남관표 주일대사 새로운 한일관계 발전 위해 노력하겠다
284413,하태경 GP를 관광자원으로
284414,이란 외무장관 핵합의 복구위한 행동 없으면 합의이행 더 축소
284415,20대 첫 정기국회 나흘 앞으로…협치 버리고 대치하나
284416,근육조직 생성에 필수적인 열쇠 발견
284417,걷기여행자 삶의 만족도 더 높다
284418,에쓰오일 준법경영시스템 국제표준 인증 획득
284419,코오롱머티리얼 5천원→1천원 주식분할 결정
284420,한국농구발전포럼 8일 개최 남북교류외국인제도 토론
284421,포토라인 이대로 좋은가 토론회 열려
284422,아베 이란서 중동 긴장완화 조력자 자임…이란은 美 비판종합
284423,유종의 미 OK저축은행 인천에서만 대한항공에 3전 전승
284424,KBS 독도헬기 사고영상 찍고도 경찰에 미제공 논란
284425,라인 셀피 전용 앱 B612 1억5천만 다운로드 돌파
284426,佛 아프리카 식민지배 계속 伊 부총리 주장에 佛 발끈
284427,사면초가 朴대통령 인적쇄신 카드 꺼내드나종합
284428,미국 아카데미상 파티서 국산 VR 기기 시연
284429,작년 공연 매출 5천441억…태양의 서커스·BTS 등 1위
284430,스페인 좌파정당간 연정 협상교착…재총선 가능성 커져
284431,게시판 KEB하나銀 내집마련 더블업 적금 가입자 2만명 돌파
284432,유통社 무기계약직은 행복사원이라는데…시급은 최저임금 수준
284433,강정호 9회 말 투아웃서 극적인 동점 솔로포
284434,소니 바닷물까지 방수되는 블루투스 이어폰 출시
284435,佛 법원 아프간전쟁 프랑스군 통역사들 난민 인정해야
284436,클래식 음악만의 힘은 뭘까…평창대관령음악제 25일 개막
284437,에르도안 美 러시아 방공미사일 구매 관련 터키 제재 않을 것종합
284438,한화 새 외야수 호잉 슬럼프 땐 기습번트로
284439,신태용호 월드컵 직전 보스니아·볼리비아 등과 실전 점검
284440,내주 수성 태양면 통과…한국서는 못 본다
284441,미 검찰 1조원 육박 뇌물 스캔들 우즈벡 前대통령 딸 기소
284442,과학기술인공제회 회원 5만명 돌파
284443,韓 검색어 자율심의제도 美 유력 학회에 소개
284444,갤노트9 128GB 109만원·512GB 135만원…13∼20일 사전예약
284445,칠레 대통령 유엔인권대표에 베네수엘라 인권침해 침묵 비판
284446,주말 N 여행 제주권 성큼 다가온 봄…5일장 나들이 정말 괜찮아요
284447,승부조작 제안 거절 이한샘 포상금으로 유소년 발전기금 기부
284448,부산신항 LNG 벙커링기지 입지 논란에 3년째 제자리걸음
284449,아시안게임 붉은색 vs 붉은색…한국·베트남 관중 뜨거운...
284450,美 휴대전화 등 중국산 일부 제품 10% 관세 12월15일로 연기종합2보
284451,아시아 웬만한 곳에선 다 되는 포켓몬고…한국은 언제쯤
284452,공은 北으로…김정은 연내 답방·연초 북미정상회담 가능할까
284453,서울 출신 학자의 외침 사대문 안만 서울이 아니다
284454,지방곳곳 대통령퇴진·탄핵결정 촉구집회…야권 잠룡 총출동종합
284455,임종석 개헌 정부안 발의 유연하게…국회 논의가 훨씬 중요
284456,아시안게임 양현종 쾌투박병호 홈런…한국 일본 꺾고 ...
284457,최고위원회의 참석하는 이해찬과 이인영
284458,삼성 스마트폰 애플·中3사 사이 샌드위치…세계 1위 내줘종합2보
284459,정부 내주 조선업 특별고용지원업종 지정…지원방안 발표
284460,中인터넷 시끌 애플에 홍콩시위 영화·노래 지워라
284461,박혜진 3점슛 5개…여자농구 우리은행 KEB하나은행에 역전승
284462,후랭코프 150㎞ 위력투…일본 라쿠텐 상대 3⅔이닝 무실점
284463,공천개입 논란 이번엔 현기환…나와 약속이 대통령과 약속종합
284464,기보 경영전략워크숍 개최…中企 성장지원에 역량집중
284465,디엠씨 상반기 의견거절 감사의견 받아
284466,SKT에릭슨 단말부터 코어장비까지 5G SA 통신 성공
284467,베를린 장벽 붕괴 30주년 건물 벽에 투영된 역사
284468,정의장정진석 조우…법대로 하자 여전히 강 대 강
284469,쌍둥이 자매 이재영·다영 여자배구 드림팀 선봉
284470,KISA·금융보안원 분산ID 생태계 활성화 MOU
284471,주목 이 종목 두산인프라코어·오리온·세아베스틸
284472,게시판 핏비트 9월 백화점 3곳서 인기제품 체험 팝업스토어 운영
284473,미래에셋대우 LG 자회사 MA 추진에 성장동력 확보
284474,SBS노조 윤석민 태영 회장 SBS 경영 독립 방해
284475,비공개로 열린 선거구획정위 전체회의
284476,손흥민 22분 활약…토트넘은 첼시에 21 패배
284477,최지만 휴식…탬파베이 디트로이트에 완승
284478,지터 리베라에게 점수를 뽑는 건 달 위를 걷는 것보다 어려워
284479,환영사하는 이효성
284480,스위스 인권운동가 망명 신청자 입국 돕다 벌금형
284481,온라인 단골 경쟁…11번가 전문가 추천상품 정기배송
284482,서울은 어쩌다 욕망을 흡수하는 블랙홀이 됐나
284483,네이버 스마트 렌즈 화면
284484,대통령 과학장학생 올해 137명 선발
284485,샤오미 프리미엄폰 미믹스 국내 출시…79만9천원
284486,中 상무부 필리핀 제품 불매운동 실제 발생하지 않아
284487,그래픽 경기 동행·선행지수 순환변동치
284488,日 韓정부 화해치유재단 허가취소 항의…도저히 못받아들여종합
284489,인터뷰하는 피아니스트 임동혁
284490,이계문 신임 서민금융진흥원장 취임식 생략하고 현장으로
284491,철저 보안 애플 맥OS 하이 시에라서 치명적 로그인 허점
284492,뉴스·실급검 사라진 네이버 모바일 첫 화면
284493,자전 출간한 황석영 작가는 언어의 감옥에 갇혀 있다
284494,특징주 셀트리온 상승몰이로 23만원 돌파
284495,흥국생명 4연승 정규리그 우승 매직 넘버 1
284496,보이차 이제 잎차 형태의 전통적 병차로
284497,나이지리아 학대 학교서 네번째 구출…147명 풀려나
284498,게시판 SKT 설맞이 T데이터 쿠폰 프로모션
284499,한전 배구단 연고지 광주로…광주시·지역 정치권 유치전
284500,여자축구 현대제철 비야 부상으로 8주 진단…챔프전 결장
284501,MLB 사인훔치기 강력 규제…외야에 비디오캠 설치 금지
284502,美연준 기준금리 재동결…9월 인상 가능성 열어둬3보
284503,美 예배 중 잇단 공격…총기무장 허용·규제 논쟁 촉발
284504,우크라 서북부 원전서 화재…방사능 오염 인명 피해는 없어
284505,한국 국제화학올림피아드 2위
284506,중동평화 가늠자 이스라엘 총선 오늘…네타냐후 5선 성공할까
284507,카카오 택시 반대하는 택시노조
284508,평양정상회담 백두산 천지 기념촬영하는 남북정상
284509,트럼프 북미대화 대비 우리도 北과 대화가능성 준비해야
284510,수도계량기 동파 주의하세요…경기도 밤새 45건 발생
284511,물방울이 바위에 구멍 뚫듯…수행 끝에 만든 조각그림
284512,더민주 컷오프 통과한 현역 추가평가…물갈이폭 커질듯
284513,아이크래프트 2분기 연결 영업익 30억원…30%↑
284514,U20월드컵 이낙연 총리·FIFA 인판티노 회장 결승...
284515,이슬람학회 학자 45명이 쓴 세계의 이슬람
284516,강한 리더 신화 타파해야…우리에겐 변혁적 리더 필요
284517,유엔 안보리 대북제재안 한국시간 2일 오전 5시 표결3보
284518,꽃보다 경남여행…봄 여행주간 관광지 특별할인
284519,그래픽 5G 로드맵 수립부터 세계 최초 상용화 발표까지
284520,옥상에서 뛰고 싶다면…위로가 필요한 현대인을 위한 소설
284521,에스케이3호스팩 16일 코스닥 신규상장
284522,문의장 외신기자 간담회…남북 평화국면 국회 역할 강조할 듯
284523,한국 남자농구 세계 랭킹 33위로 두 계단 하락
284524,美 지난주 실업수당 21만8천건…5천건↑
284525,민주硏 보고서 논란 지속…野 매국적 정국 전략 집중포화
284526,北 당대회 ③어떻게 진행되나…내부행사 그칠 듯
284527,NBA 보스턴 시카고에 팀 최다 기록 56점 차 완승...
284528,정보위 국정원서 北미사일 보고…헌재 사찰 의혹도 쟁점
284529,軍 사이버도박 증가 추세…올해만 40건 적발
284530,중국서 심야에 길 가던 여성 묻지 마 폭행 논란
284531,나루히토 새 일왕 역대 두 번째 고령 즉위
284532,與 18일부터 국회 열어야…8월 국회 일정조율 착수
284533,스페인·이탈리아 등 남유럽 홍수 피해…8명 사망· 실종
284534,영화 봄 여름 가을 겨울 그리고... 봄을 현대무용으로 옮기다.
284535,바이든 실탄마저 바닥…선거자금 턱없이 부족
284536,부안군 산불방지인력 발대식
284537,대신증권 JB금융 광주은행 잔여지분 인수로 수익개선
284538,더이상 못참아…英 왕실 SNS 막말 차단·삭제한다
284539,맨유 모리뉴 감독 즐라탄 복귀할 수 있다
284540,서울서 즐기는 아름다운 단풍길 109곳 소개합니다
284541,일본 100세 이상 인구 7만명 첫 돌파…1년 새 1천453명 증가
284542,MLB 워싱턴 감독 총력전 선언 스트라스버그도 불펜 대기
284543,신간 지옥사원
284544,유영민 장관 5G 기지국 설치 현장 방문
284545,캐나다 총선서 안보·국방 이슈 실종…각당 공약 무성의·재탕
284546,프로농구 현대모비스 LG 꺾고 7연승…2위 넘본다
284547,SK텔레콤 토닥토닥 캠페인에 5만여 명 참여
284548,신간 잊혀진 영웅들 독립운동가·하지만 우리가 틀렸다면·
284549,함께 읽을 책 부산시민이 투표로 뽑는다
284550,트럼프아베 5번째 골프 외교…악수하는 두 정상
284551,애플 아이폰X 공개…페이스ID·OLED디스플레이 도입종합
284552,김환기 1973년 청색 점화 경매 출품…최고가 경신할까
284553,월드컵 천재 사령탑 멕시코 오소리오 감독 한국전 ...
284554,이달의 기자상에 세계일보 고등군사법원장 수뢰 의혹 등
284555,도로공사 개막전에서 IBK기업은행에 02 → 32...
284556,스트레스 상태 측정하는 피부 부착형 패치 개발
284557,보수대통합 불 지피는 한국당…바른미래는 선 긋기
284558,통계청 한국언론진흥재단과 통계교육 개최
284559,포스코켐텍 2분기 영업익 161억…흑자전환
284560,KTB투자 KTG 견조한 실적·고배당 기대
284561,이란 대통령 日 美제재 우회하는 새로운 방법 제안
284562,2018 제1차 지역중소기업 정책협의회
284563,글로벌 테러공포에 관광대국 태국 국내관광 활성화로 전략 선회
284564,대신증권 롯데 케미칼 편입·자사주 소각 긍정적
284565,1ｍ 간격으로 건물이 다닥다닥…동굴이 된 원룸
284566,ISA 출시 3개월만에 가입액 2조원 돌파
284567,미얀마중국 관계소원 계기 된 수력발전소 문제 풀릴까
284568,獨 통일 29주년에 메르켈 통일 아직 진행과정…인종주의 배격종합
284569,SK이노베이션 노사와 함께 포항 지진 피해 봉사
284570,보물 지정 월인석보 경매나왔다
284571,호날두 유럽 챔스 2경기 연속 멀티골…레알 도르트문트 제압
284572,코오롱인더스트리 1분기 영업이익 862억원…24.1%↑종합
284573,호남으로 방향 튼 솔릭…실종·부상·정전 등 피해 속출종합2보
284574,北 남조선 사드 배치하면 주변국의 1차적 타격 대상될 것
284575,에인절스 오타니 피칭머신 타격훈련…5월 타자로 복귀
284576,웃음 짓는 문 대통령과 임종석 비서실장
284577,만듦새는 네이버 쓰임새는 카카오…AI스피커 대결 장군멍군
284578,더불어민주당 40·50특별위원회 출범식
284579,디씨엠 작년 영업익 166억원…14.8%↓
284580,윤소하 원내대표 축사 듣는 해외 외신 아시아 편집장들
284581,조선통신사 발자취를 따라서① 쓰시마
284582,국감현장 5·24조치 등 대북제재 완화 문제로 여야 치열 공방종합
284583,中 달 탐사선 창어6호 2023년 발사…표본 수집후 귀환 임무
284584,내일날씨 전국 구름 많음…아침 기온 다소 올라
284585,탈북민 설문조사서 22.9% 北돌아가고 싶다 생각한적 있어
284586,의원들과 인사하는 문희상과 박병석
284587,tbs교통방송 PD·작가 등 프리랜서 272명 정규직 전환종합
284588,단독 특검 세월호 7시간 의혹 조여옥 대위 출국금지
284589,신간 한국은 하나의 철학이다·분노의 문화사
284590,홍콩 송환법 반대시위 각계 확산…금융계·공무원·의료계 집회종합
284591,한국투자 SK텔레콤 4분기 실적 기대이하…목표가↓
284592,이란 석유 밀매 외국유조선 억류 미스터리 분분
284593,송재 서재필 언론인상 제정 내달 7일 첫 시상식
284594,베트남 교민들도 일본제품 불매운동 동참
284595,유엔 北 김정은 직함 당 제1비서→위원장 변경
284596,한국 공기업 전반에 고용세습 만연…국정조사 수용 압박
284597,이동국 최강희 감독 안고 눈물…함께했던 시간 기억할 것
284598,北 조선중앙TV 당대회 김정은 총화보고 녹화방송3보
284599,LG전자 내달 초 스마트워치 2종 출시…MWC서 전시
284600,아프간 정부·탈레반 민간인 피해 제로 합의
284601,다저스 개막전 선발은 힐과 류현진 2파전 양상
284602,아웅산 수치 군부와 협상 통해 대선 출마 추진
284603,오스트리아 부총리 전격 사퇴…부패 암시 동영상 공개 여파
284604,박상기 조국 딸 생기부 유출경위 조사 지시…대단히 유감
284605,게시판 광화문광장서 통·번역시스템 앱 지니톡 홍보행사
284606,미래에셋 CJ CGV 3분기 실적 부진…목표가↓
284607,미니언 잘 나가네∼ 인스탁스 콜라보 제품 온라인 매진
284608,일상을 영상으로…DJI 초소형 짐벌 카메라 국내 출시
284609,자본시장혁신 전문투자자 최대 15만명까지 늘어날 수도
284610,차 부품 1억4천만원어치 빼돌린 정비사업소 직원 징역 1년4개월
284611,북한날씨 대체로 맑다가 오후에 구름
284612,아시안게임 한국 소프트볼 필리핀에 져 1승 2패
284613,美 대이란 제재 예외없어…佛제안 핵합의 구제안 제동
284614,마르케스 올시즌 MLB 1호 완봉승…콜로라도 8연패 탈출
284615,금융위 부위원장 한국 금융그룹감독 도입 시급
284616,뇌 속 신경세포 연결 원리 찾아…자폐증 치료 열쇠
284617,글로벌 축제로 발돋움 김제지평선축제 공식 포스터 확정
284618,위클리 스마트 어린이날 국립과학관 행사 다채
284619,JB금융지주 2분기 연결 영업익 1천296억원…14%↑
284620,게시판 롯데카드 롯데리조트 기프티샷 출시…최대 45% 할인 이벤트
284621,北사이버테러 대비 철도·항공·수자원 보안 점검회의
284622,LGU 마블 히어로 캐릭터 적용 AI스피커 출시
284623,LIG증권 현대모비스 4분기 실적 개선 전망
284624,與 안심번호 여론조사 일단 추진…실제 적용 가능성 논란종합
284625,국제 석유재고 큰 폭 감소…셰일오일 생산 확대될듯
284626,OK저축은행·GS칼텍스 프로배구 남녀 선두 도약…돌풍의 핵...
284627,쑥쑥 크는 중고차 시장…최근 10년 새 2배로
284628,잊힐 권리 가이드라인 막판 수정 진통
284629,1보 코스피 하락 출발 후 상승…장중 2070대 강세
284630,MLB 피츠버그 강정호 영입했던 단장 해고
284631,조슈아 웡 美의회 청문회 출석 홍콩인권법 통과 촉구
284632,온몸 떠는 증세 보인 獨메르켈 총리 괜찮다…건강이상설 일축
284633,최지만 대타로 출전해 고의볼넷…5경기 연속 출루
284634,유럽 10명 군주 중 최고 부자는 리히텐슈타인 한스 아담 2세
284635,원달러 환율 10.5원 급락…달러 강세 주춤
284636,홈런 공장 미네소타 MLB 최단 경기 시즌 200홈런
284637,北 홍수 피해 주택보다 경비초소 먼저 복구
284638,문대통령 지난 25년과 차원달라 북미정상회담 구하기 진력
284639,저지당하는 윤상현 의원
284640,수원 승부차기 끝 전북 제치고 7년 만에 AFC 챔스리그...
284641,아시안게임 김학범호 붉은색 유니폼 입고 키르기스스탄과 대결
284642,프로농구 인삼공사·LG 나란히 승리…선두 0.5경기 차 추격
284643,북한 美 합법적 우주활동 문제 삼는 것은 언어도단 주장
284644,한강 외딴섬 노들섬 음악·숲 품은 문화공간으로 새단장종합
284645,내일 밤부터 쌀쌀해진다…모레 아침 기온 3∼14도
284646,사법행정권 남용 연루 판사 13명 징계위 한 차례 더 연다
284647,문 대통령 북핵 용인 못해…궁극적 목표는 핵폐기
284648,장강명 원작 연극 그믐… 다음달 남산예술센터서 재연
284649,영화 걷기왕 반나절 만에 크라우드 펀딩으로 1억원 모집
284650,경기도 11개 시 19시 오존주의보 해제
284651,그래픽 태풍 탈림 일본 규슈로 방향 틀 듯
284652,社告 연합뉴스 2018 남북정상회담 특별취재단 가동
284653,바로 신고했는데…이탈리아서 프랑스인 숨진 채 발견
284654,伊 새 연정 구성…극우 포퓰리즘→좌파 포퓰리즘으로 방향 전환
284655,일대일로 참여 이탈리아 차관 희망 유럽국 두 곳 더 있다
284656,게시판 관광공사 대학생 안전여행 슬로건 공모전 개최
284657,손흥민 亞 최초 EPL 2회 월간 MVP…여전히 배고프...
284658,여자 아이스하키 단일팀 KOR아닌 COR 왜
284659,일손부족에 일본선 공무원 인기 하락…행정고시 지원자 감소
284660,금감원이 조사…암호화폐거래소 겨냥 악성파일 발견
284661,국가연구기관 시설·장비 내부 연구원도 쓸 수 있다
284662,게시판 한국인터넷진흥원 ICT 분쟁조정 대학생 옴부즈맨 운영
284663,한국에 봄꽃 보러 오세요…홍콩 관광객 유치 박차
284664,朴대통령 우병우 수석ㆍ외교안보라인 신임 재확인
284665,네이버 이미지 검색 고도화…DB 2배 이상 확대
284666,올해 MWC 문 여는 황창규 KT 회장…통신산업 비전 제시
284667,대우건설산업은행 동반성장펀드 조성…협력사 지원
284668,스타트업 여성 힐링…기업 사회공헌 트렌드는 SWITCH
284669,국내여행 정보 한곳에…코엑스서 내 나라 여행박람회
284670,한투증권 SK하이닉스 메모리 수요 회복 중…매수
284671,靑 시진핑과 통화 등 中과 협조방안 다각적 검토
284672,황교안 당권 출사표…무덤에 있어야할 운동권철학이 국정좌우종합2보
284673,현역 최고참 이효희 원정이의 마음 제가 잘 알아요
284674,美 기독교단체 北 수재민에 구호품 지원
284675,리커창 중국 경제 하방 압력…시장 활성화 총력종합2보
284676,인터넷신문위원회 이용자 옴부즈맨 출범
284677,최종구 동산금융 적극적으로 이용해달라
284678,軍 美대선 앞두고 北 무수단 발사 대비해 감시 강화
284679,지로나로 옮긴 백승호 맨시티 선수들과 경쟁해야
284680,정해구 국가 미래비전 2040 수립…포용국가·평화번영 양대 축
284681,개포·잠실·한남…서울 27개동 분양가상한제 동시다발 적용종합
284682,삼성전자 폴더블 폰 임박…휘어지는 전자장치 특허 출원
284683,평양정상회담 만수대창작사 방문한 대통령 내외
284684,잘 컸구나 판다…에버랜드 잔치열어 판다생일 축하
284685,삼성 새만금 투자약속 철회 진실 밝혀라 목소리 봇물
284686,대림산업 신반포 5차 재건축 아크로 리버뷰 분양
284687,민생구하기 입법촉구 온라인 서명 나흘만에 11만 돌파
284688,이란서 석방된 美수감자들 독일 도착…건강검진 후 미국行 예정종합
284689,고양이와 강아지의 눈으로 인간 내면을 엿보다
284690,100년전 NYT 3.1운동 기사에 2.8독립선언 표현이 등장한 이유는
284691,북한날씨 곳곳에 비…백두산에 눈
284692,전 CIA국장 트럼프 집권하면 미군이 명령 거부할 수 있다
284693,美 친북매체 北 200일 전투 15일 종료
284694,국경없는의사회 리비아로 송환된 난민 지옥같은 상황 직면
284695,총선 D4 주말 화력 집중…전북 막판 지원유세
284696,표창원 경찰 수사 전현직 검사 사건 檢 수사지휘권 제한
284697,2일까지 전국 비·강풍 예보…귀성길 안전 주의해야
284698,아르헨티나에 삼성 냉장고 생산공장 건립…부통령 기공식 참석
284699,방통위 간부·LGU 대표 부적절 만남 논란
284700,게시판 KT 모바일 전자지갑 클립 리뉴얼 이벤트
284701,EU 걸프서 무력충돌 우연히 발생 가능…美 긴장 고조 말아야
284702,판문점 선언 靑이 밝힌 선언 의미…남북관계 발전·비핵화 선순환
284703,바스케스 영입 1순위로 찍은 다저스 유망주 손실 감수할까
284704,6월에도 압도적인 류현진…미국 현지 언론 극찬
284705,中견제 유럽으로 번지나…브뤼셀 연구소 中과 협력관계 재검토
284706,중국 상반기 수출 0.1% 증가…대미 수출은 8.1% 감소
284707,현대캐피탈 꼴찌 OK저축은행 완파하고 선두 굳건히
284708,AS로마 단장 토티 올 시즌 끝으로 현역 은퇴
284709,유벤투스 스트라이커 이과인 손가락 골절수술
284710,태풍 3개 한꺼번에 발생…한반도 직접 영향 없을 듯
284711,북상하는 장마전선 따라 남쪽부터 비 시작…전국 확대
284712,네이버 웹브라우저 웨일 오픈베타…글로벌 플랫폼 지향
284713,KBS 진실과미래위원회 진상규명은 계속될 것
284714,모리뉴 UEFA의 바일리 추가 징계는 정말 가혹
284715,박지성의 인터넷 축구교실…네이버 더 레전드 클래스
284716,소상공인연합회 서울시와 강원산불 지역 희망투어 개최
284717,롯데百 6일부터 봄 정기세일…300여 품목 최대 80% 할인
284718,獨대통령 2차대전 첫 폭격 현장서 전쟁범죄 용서 구한다종합2보
284719,트럼프 美공화당 대선후보 수락…아메리카니즘이 우리의 신조종합
284720,짐 실었으니 1인당 4만원 관광객 등치는 택시·콜밴
284721,2연승 이끈 박기원 감독 시즌 후반이 중요…면밀히 체크할 것
284722,아폴로13호 선장 LG V30로 47년만에 달 착륙 꿈 이뤘다
284723,日 음주 드론 조종 금지법 만든다
284724,손흥민 시즌 4호골 폭발…챔스리그 도르트문트전 역전골
284725,손목 위에서 삼성페이 즐기세요
284726,SKT AI로 임시정부 단체사진 고화질 복원…12시간새 7만명 열람
284727,미·이란 중재 나서는 日 아베 성과 얻을까
284728,산천어ㆍ꽁꽁축제…겨울축제 1번지 강원이 들썩인다
284729,매주 28명 원정낙태…英서 북아일랜드 낙태금지 반대 시위
284730,한신평 주택경기 하강국면 진입…지방 침체 장기화
284731,그래픽 자영업부채 400조 돌파자영업대출 규모
284732,지상파 부진은 전체 TV산업 침체…중간광고 필요
284733,인천 남매 대한항공·흥국생명 통합우승 꿈 이룰까
284734,삼성전자 분리공시제 우려 있으나 정부 정책 따를 것
284735,해병대 간 김종인 北 무력증강 혈안…국방장관 특강도 추진
284736,현대중공업 울산 지역 사업장 생산중단
284737,게시판 LGU 자매결연 마을 꿈나무 초청 문화체험 행사
284738,8년간 지켜진 볼보 독립경영…금호타이어도 가능할까
284739,아이폰8 개통 기다려요
284740,일상 기술로 홍채·목소리 복제 가능…생체인증 위기 맞나
284741,김진수·이청용·권경원 러시아 월드컵 함께 못 간다종합
284742,프로배구 한국전력 김철수 감독공정배 단장 동반 사의 표명
284743,인텔 2020년까지 인공지능 학습 능력 100배 향상
284744,담철곤 회장 일가 오리온홀딩스 지분 63.8%로 늘려
284745,한수원 협력업체 17곳에 3년간 35억원 지원
284746,러시아 외무 브렉시트 후 영국 EU 모두와 협력할 것
284747,니콘 첫 액션캠 출시…초고화질 360도 촬영으로 승부종합
284748,MLB 컵스 팬 인종주의 손동작 논란…구단 구장 접근...
284749,그래픽 2018 러시아 월드컵 본선 진출국
284750,북한 리수용 필리핀 민주주의인민권력당 대표단과 회담
284751,부산 해수욕장별로 특화 해양레포츠 집중 육성
284752,완연한 봄…충북 낮 기온 10∼12도 큰 일교차 주의
284753,한국방문위원회 2018 가을시즌 외국인 관광객 환대주간 운영
284754,제주 전역 폭염특보…온열질환자 속출 전력수요 급증종합
284755,역사적 美·이란 정상회담 G7서 급부상…하메네이가 결정권
284756,낮 최고 20도까지 올라 따뜻…미세먼지·안개 조심
284757,과기정통부 과장급 융합 인사…과학기술↔ICT 전공교차종합
284758,비엣젯항공 베트남 항공권 편도 7만원부터 판매
284759,주산연 청년가구 소득·자산증가 둔화세…주거소비 취약
284760,정상회담 D1 평화의집 변신…비밀접촉 아닌 정상회담장으로
284761,태풍 차바 제주 역대급 강풍 2003년 매미 이후 최강종합2보
284762,주말 N 여행 충청권 고소한 전어 통통하게 살 오른 대하…서해안은 축제 중
284763,게시판 KB증권 투자정보 알리미 서비스 3만명 가입
284764,SI 월드시리즈 전망은 다저스 우세…ESPN의 선택은 휴스턴
284765,한국 여자농구 세계 5위 캐나다에도 져 2연패
284766,배트 던지기가 촉발한 벤치 클리어링…MLB경기서 4명 퇴장
284767,게시판 안랩 가상화 데스크톱 전용 보안솔루션 V3 for VDI 출시
284768,게시판 하나금융투자 중소벤처 1등기업 발굴 설명회
284769,용인·파주·김포 등 미분양우려 23곳 보증심사 강화
284770,원달러 환율 소폭 상승…금융시장 불확실성 여전
284771,증시신상품 한투증권 PF대출채권 투자 부동산펀드 판매
284772,신간 우상의 눈물·이상 시 전집
284773,이정현 FIBA 월드컵 12월 아시아 예선 베스트 5에 선정
284774,게시판 KB국민은행 런던 현지법인 지점으로 전환
284775,노영민 트럼프 초대 비서실장과 최근 면담…비핵화 논의
284776,주식 매도 삼성증권 직원 16명 잘못된 선택에 수억원 물어낼 듯
284777,이란 중·러와 합동훈련으로 고립되지 않았다 과시
284778,네이버 월 1만원에 1TB 클라우드 제공 데이터홈 출시
284779,월드컵 한국 등 조별리그의 아름다운 패자들
284780,중국 의존도 약일까 독일까…수출업종별 희비
284781,왼쪽 손 사구 통증 계속된 추신수 MRI 검사받는다
284782,스페인 야권 총선 앞두고 카탈루냐 위기 호재
284783,속보 文대통령·여야 5당대표 범국가적 비상협력기구 설치
284784,신간 맛의 배신
284785,KCC 홈씨씨인테리어 VR 쇼룸 오픈 체험이벤트
284786,탄핵가결 외교·안보 부처 분주…軍 대비태세 강화
284787,휴먼자산운용 KDB생명 여자농구단 인수의향서 제출
284788,길따라 멋따라 짙어가는 가을이라…묵향 가득한 남도 여행
284789,중미 니카라과서 한국 운전면허로 운전 가능
284790,투혼 발휘한 강소휘 이소영 언니 없는데 나라도 열심히
284791,오늘밤 화성달금성 천체쇼…지구에 미소
284792,KT 화웨이 비와이폰3 출시…출고가 33만원
284793,춘천 남이섬서 11∼12일 젊은 예술가 문화놀자
284794,미국서 여성도 징병 대상자 되나…하원 군사위 법안 통과
284795,EU 페이스북·구글 등에 온라인 가짜계정 자료 공유 요구
284796,美 대이란 징벌 작전의 주역은 맨델커 재무차관
284797,서울 초미세먼지주의보…서울광장 스케이트장 중단종합2보
284798,대표팀 소집 앞둔 이재성 결승포…전북 선두로 휴식기 맞이
284799,카톡광고 늘려야 하는데…사용자 이탈 우려하는 카카오
284800,박지수 WNBA 캠프 첫날 합격점…나이에 비해 좋은 기량
284801,SNS돋보기 의정부 타워크레인 사고…안전불감증이 또 참사로
284802,추신수 8경기 연속 안타…타율 0.324
284803,구글 영국에 세금 2천200억원 추가 납부키로
284804,원내대책회의 참석하는 홍영표와 김태년
284805,중국에선 美 대선 TV토론 생중계 못 본다…당국 검열 탓
284806,네이마르 바르사 이적 과정 사기 혐의로 법정 선다
284807,파주 NFC에 국내 첫 하이브리드 잔디 축구장 조성
284808,르포 설마 전쟁까지야…美 압박에 불안한 이란 민심
284809,대우조선해양 4천199억원 규모 LNG 운반선 2척 수주
284810,홍준표 文정권 북핵 동결 대국민 사기쇼할 수도
284811,이근호 해설위원으로 러시아행…황희찬이 내 자리 메워줄 것
284812,임신부의 술 주문 거부해선 안돼 뉴욕시 가이드라인 논란
284813,美 전직 대테러센터소장 부르키니 금지 분열만 불러
284814,방사청 통영·소해함 비리 업체와 9건이나 더 허위계약
284815,챔스 사나이 호날두 조별리그 6경기 전 경기 득점...
284816,석촌호수에 루나프로젝트 초대형 벌룬 뜬다
284817,남북정상 내일 함께 백두산행…날씨 좋으면 천지까지종합2보
284818,코스피 IT 약세에 혼조세…코스닥 장중 860선 돌파종합
284819,최신 영화를 미끼로 한 악성파일
284820,청주시 소각장 신·증설 행정력 동원해 불허 방침종합
284821,대구·경북 초여름 날씨…낮 최고 28도 예상
284822,질의하는 김용태 의원
284823,이동하는 헝가리 유람선 사고 생존자 일행
284824,부동산캘린더 지방선거·월드컵 피해라…9곳 견본주택 공개
284825,르노삼성자동차 2018 협력업체 컨벤션 개최
284826,가축전염병 방역대책 상황실 방문한 문 대통령
284827,국내 웹호스팅 업체 랜섬웨어 감염…추가 피해 우려
284828,리튬 대신할 나트륨 전고체전지 국내 연구진이 개발
284829,과학기술인 명예의전당 특별전 개최
284830,개통 첫날 암초 만난 갤럭시S8 …예판 열기 이어질까
284831,SKT 보안자회사 NSOK SK텔링크로 넘긴다
284832,안보리 北 잇단 탄도미사일 발사 규탄성명…중대조치 취할것종합
284833,트럼프 법무장관이 힐러리우크라이나 연루 의혹 알아보길
284834,삼성물산 플랜트 부문 분할 추진 계획 없어
284835,수단 독재정부 정권퇴진 시위에 징역형으로 대응
284836,아시아나 인수후보 거론 기업 우선주 줄줄이 상한가종합
284837,단독北 또 대남 지령용 난수방송…14일만에 같은 내용 재방종합
284838,입장 밝히는 이동준 변호사
284839,美차관보 2012년 日센카쿠 국유화 우려해 특사외교 주선
284840,10월 산업생산 0.4%↓…갤노트7 단종·철도파업 영향종합
284841,휴스턴 사인 훔치기 일파만파…스카우트에도 사인 촬영 요구
284842,피격 한달만에…이번엔 美가 호르무즈서 이란 무인기 격추종합2보
284843,MWC 2018 유영민 첫 5G 상용화 성공위해 정부·통신사 노력해야
284844,KB증권 전기요금 한시 인하 한전 실적에 영향 제한적
284845,수도권·충청 호우주의보…중부 시간당 30㎜ 강한 비속보
284846,남수단 대통령반군 지도자 11월 중순까지 연립정부 구성키로
284847,감시대국 중국 개인정보 보호 법안 추진
284848,신간 전쟁과 희생·백제정치사
284849,한화정밀기계 중국 생산설비전에 자동화 신장비 출시
284850,올해도 최고 인기 여름 휴가지는 제주도
284851,근로시간 단축으로 퇴직금 수령액 감소 시 중간정산 가능
284852,신간 틈새경제
284853,한미 NSC 채널 전격 가동…확장억제 기반 북핵대응 주목
284854,K리그 포청천 심판들 시즌 개막 앞두고 제주서 전훈
284855,삼성카드 이디야와 업무협약…가맹점 마케팅 지원
284856,소요 알제리 과도정부 구성…대통령 퇴진 발표 임박 관측도
284857,SP 한국 은행들 경쟁 심화에도 시장지위 유지할 것
284858,前 트위터 직원 2명 사우디 스파이 노릇하다 기소
284859,지난해 수도권 아파트 평균 거래가 3억3천만원
284860,中연예인들 NBA 시범경기 관람 거부…홍콩지지 트윗 파문 확산
284861,다이아 티비 유튜브 구독자 50만명 창작자 130개팀 확보
284862,김동식 등 장르소설계 대표작가들 소설집 잇따라 출간
284863,기록 제조기 다저스 벨린저 3·4월 최다 루타 신기록
284864,文대통령 손흥민 울지마…라커룸 들러 모두 잘싸웠다
284865,아스널 산체스 어깨에 공 맞고 얼굴 감싸 쥔 할리우드 액션
284866,인터넷 차별·비하 범람…일베 5년간 1천488건으로 1위
284867,캠코 아파트 등 1천137억원 규모 압류재산 공매
284868,하나의 중국 원칙 어겼다고…아마존 등 글로벌기업 수난
284869,LG유플러스 MWC 2018서 5G 기술장비 시찰
284870,터키 EU 제재에도 동지중해 가스 시추 계속종합
284871,北 노동단련대 수감자 급증…사망자도 다수인듯
284872,정부 부동산시장 선별적·단계적 대응…내주 대책 발표2보
284873,트뤼도 정부 허니문 6개월 지나도 강력한 지지 유지
284874,신간 사랑한다면 왜·나무의 노래
284875,이란 대통령카타르 군주 통화…양국관계 생산적
284876,트럼프 장남 상원서 비공개 증언 합의…트럼프 매우 불공정
284877,美언론 트럼프에 대반격…北과 다른 게 언론의 자유와 책임
284878,MBC 22일부터 이틀간 보도국장 임명동의 투표
284879,개성공단 중단 북한 대응과 남북관계 전망…전문가 진단
284880,한미 정상 北 비핵화 매단계 긴밀공조…철강관세 입장차
284881,강정호 제한된 기회 속에서도 슬슬 제 실력 나온다
284882,지금이 제일 싸다…강원 스키장 시즌권 판매 돌입
284883,농협손보 제주 농업재해 보험금 작년 350억 사상 최대
284884,재산공개 불황에도 국회의원 절반이 1억 이상 증가
284885,아이가 만드는 TV 그림책…LGU 아이들나라 2.0 출시종합
284886,화천은 겨울 왕국
284887,챔프전 만장일치 MVP 이재영 여자부 6번째 통합 M...
284888,게시판 우편진흥원 상공회의소·포브스 대상 2년 연속 수상
284889,日법원 일본 정부가 미군기지 소음피해 83억원 배상해야
284890,타인 면역세포로 암치료 임상1상 결과 국제학술지에
284891,유튜브 정치 나선 김병준 없어질 계파 이야기 말라
284892,위로의 말 전하는 박원순 시장
284893,게임빌·컴투스 모바일 게임 다운로드 13억건 넘어
284894,특징주 핸디소프트 상장 첫날 하락 마감…공모가는 웃돌아종합
284895,쿠르디를 기리며…伊 람페두사섬서 난민 추모 전시회
284896,푸켓 싸이먼쇼 보러 오세요
284897,문자 자료로 고찰한 고구려·백제·신라 글씨의 특징
284898,베스트셀러 시집 어쩌면 별들이… 새해에도 인기몰이
284899,광주세계수영대회 홍보 맡는다…블로그기자단 출범
284900,여자농구 국민은행 신한은행 꺾고 선두 추격
284901,3월 9일 전국서 부분일식…해 10% 미만 가려져
284902,공사업체 협박에 분쟁해결 명목 돈 받은 언론인 집행유예
284903,한국전력 배구단 센터 최석기 등 3명과 재계약 포기
284904,KBS 우수 독립 다큐멘터리 제작비 지원
284905,최용수·서정원 K리그 대상 시상식 불참…김도훈 참석
284906,트럼프 불복 발언과 대조되는 아버지 부시의 품격 있는 편지종합
284907,野 독소조항 제거해야…정의장 중재안 與수용 촉구
284908,이라크 바그다드서 모스크 겨냥 폭탄테러…최소 2명 사망
284909,류현진 7이닝 비자책 호투에도…실책·시프트 불운
284910,잘 맞은 타구가 야수 정면으로…강정호 3타수 무안타
284911,벤투호 상승세 한국 축구 FIFA 랭킹 53위로 올해...
284912,정보보호 위반 통신사·영업점 24곳 과태료 3억4천만원
284913,LTE폰이 더 좋아요…아이폰11 개통 초반 분위기 전작보다↑종합
284914,원달러 트럼프 회견 실망에 11.7원 급락…1184.7원 마감
284915,LGU 경기도 시흥서 5G 드론 시연…AI 음성명령으로 제어
284916,두산 삼성에 2연승…시즌 상대전적 12승 4패로 마무리
284917,쾰른 성범죄 사건 계기로 독일 성폭력 처벌법 강화종합
284918,우병우 교체 한 달도 안돼 180도 뒤바뀐 靑·檢 관계종합
284919,LG전자 스마트폰 세계 1등 방탄소년단 닮고 싶다
284920,영남권 신공항 건설 대신 김해공항 대폭 확장종합
284921,GS칼텍스 사령탑 바뀐 KGC인삼공사 완파하고 1위 등극
284922,날씨 미세먼지 보통 수준…오후부터 흐려지고 곳곳 비12일
284923,경주한수원·대전코레일 내셔널축구선수권 첫 승 합창
284924,5월 주택 전월세전환율 6.8% 유지…경북 10.2%로 최고
284925,애경산업 코스피 상장…가습기살균제 리스크 크지 않아종합
284926,중국 남중국해 분쟁해역서 필리핀 어선 조업 막아종합
284927,축사하는 손학규 대표
284928,에이스 위용 헥터 3이닝 무실점·장원준 4이닝 1실점
284929,재난상황서 끊김없는 영상통화로 입체 구조활동 가능
284930,출마선언 마치고 정론관 나서는 송영길
284931,주말 N 여행 영남권 부산 여름은 역시 바다축제…파도·음악·바람에 풍덩
284932,오바마 폭력범죄ㆍ불법이민 증가 트럼프 주장 반박
284933,3분기 스마트폰용 OLED 시장 전년보다 30% 성장
284934,최악폭염 AG 준비하는 축구 대표팀 현지 적응훈련이 필요 없네요
284935,中매체들 홍콩시위대에 일국양제 마지노선 넘지 마라 경고종합
284936,46세 이치로 첫 MLB 시범경기서 2타점 적시타
284937,한미일 안보수장 17∼18일 미국서 회동…완전한 비핵화 협의종합
284938,靑 북한 지진 6차 핵실험 여파로 추정
284939,꼴찌 흥국생명 선두싸움하는 IBK기업은행에 일격
284940,홍콩 경찰 시위대 최후 보루 이공대 진입…전쟁터 방불종합
284941,256GB 아이폰X 국내 출고가 140만원 넘을듯…역대 최고
284942,몰타 해군 지중해에서 아프리카 난민 75명 구조
284943,방통위 조사개입 의혹 최성준 전 위원장 수사의뢰
284944,예술의전당 11시 콘서트 16번째 시즌…해설에 김상진
284945,구글코리아 5년간 유해정보 삭제 1천867건뿐…적발 건의 9.6%
284946,민중 참여한 프랑스혁명 성취는 평등과 통합
284947,北 5일만에 또 난수방송…새로운 내용종합
284948,둘뿐인 70년대생 타자 박한이·박용택 힘냅시다 응원
284949,특징주 남북경협주 북한 미사일 발사에 동반 하락
284950,北리용호 외무상 기용… 새 외교라인 대미협상 나서나
284951,특징주 삼성물산 지배구조 이슈 부각에 강세종합
284952,양현종 학교폭력 예방 홍보대사 나선다
284953,머스크 달 기지 건설해 아폴로 계획의 꿈 이어가자
284954,홈런 레이스·MVP서 한 끗 차이로 아쉽게 물러난 호잉
284955,주말 맞아 견본주택 찾은 시민들
284956,외교관·외신기자 100여명 평창올림픽 ICT체험관서 탄성종합
284957,영문이름·국가만 넣으면 끝…카뱅 빠른 해외송금 출시
284958,위성우 우리은행 감독 국민은행 내외곽 다 좋아 위협적
284959,예탁원 CSD워킹그룹과 분산장부 기술 공동연구 협약
284960,게시판 CU 대구은행과 차별화된 마케팅 위한 MOU
284961,게시판 미래네트워크선도시험망 고도화사업 착수보고회
284962,양석환 9회 결승타 LG 롯데에 위닝시리즈
284963,평창올림픽 통신망 갈등 일단락…SK텔레콤 광케이블 이전
284964,올해 7급 민간경력 채용시험 경쟁률 32.1대1
284965,검찰에 초대형 인사태풍 예고…검사장 절반 이상 교체될 듯종합
284966,신문 기사와 광고로 살펴보는 대전시의 지난 70년
284967,朴대통령 北 우리 내부갈등 노리고 여러 시도…분열안돼
284968,이란 美아프간탈레반 협상 부정적…이란 고립 시도
284969,정보통신방송법안심사소위 출석한 민원기 차관
284970,민주 평창올림픽 성공 개최 총력전…색깔론 한국당 맹공
284971,한민구 북 대남협박 3월말부터 30여차례…충성경쟁 목적
284972,MBN 검찰 기소 재승인과 별개지만 심사 때 반영될 것종합
284973,MBC 사내 블랙리스트 작성 아나운서 등 해고종합2보
284974,北 부정부패 하부 당조직까지 만연…김정은 시정하라 질타종합
284975,지능정보사회 대비 국가 종합대책 마련
284976,황의조 J리그 득점 3위로 시즌 마무리…최종전은 결장
284977,2승 삼성 보니야 팬이 날 너무 사랑하는 것 같아 기...
284978,파인텍 중국 삼성디스플레이와 OLED 장비 공급계약
284979,베스트셀러 언어의 온도 7주째 1위 고수
284980,강원도 노사민정협의회 고용안정 협력방안 모색
284981,대선주자 선호도…이낙연 27.5%·황교안 20.4%·이재명 8.4%리얼미터
284982,이란 자동차·비행기 부품 국산화 추진…제재 장기화 대비
284983,KBS 전주총국 개국 80주년 기념식 참석한 양승동 사장
284984,캘리포니아 주 정부 테슬라 공장 안전성 조사 착수
284985,KT 갤럭시노트FE 7일 판매 개시
284986,기금평가단 국민연금기금 운용인력확보 근본방안 마련해야
284987,국립발레단 이사장에 허명수 GS건설 부회장
284988,가습기살균제 진상규명 소위원회
284989,강호인 장관 김포·인천공항 설 수송대책 현장점검
284990,북 수소탄실험 軍 폭발력 약했다…수소폭탄 가능성 작아
284991,게시판 교원그룹 스트레스 프리존 조성 공동 협약
284992,음악으로 즐기는 올림픽…서울시향 퇴근길 토크 콘서트
284993,북중교역 거점 中단둥서 대북제재 이완 조짐
284994,원달러 환율 하락 마감…1180원 넘기자 달러 매도
284995,노동자가 안전한 일터 마련해야
284996,인터뷰 판후이 0 대 8 상황에서 인간 첫승…정말 좋았다
284997,최고위직 법관 검사 등의 변호사 개업 제한 심포지엄
284998,경기북부 7개 시·군 23시 한파주의보
284999,정몽구 현대건설 이사직 물러나…자동차에 주력
285000,YTN 사장 후보 4명 압축…23일 면접 생중계
285001,中 돼지고기값 대홍수에 급등세…사상 최고치 육박 전망
285002,하루 만에 다시 달러 강세…원달러 환율 3.8원 상승
285003,런던서 연쇄 흉기 공격으로 시민 4명 다쳐…용의자 달아나
285004,러 언론 김정은 오늘 오후 블라디보스토크 떠날 예정
285005,한국인 유전체 완벽 해독…신약개발 촉매 기대
285006,스키 타러 한국 오세요…관광공사 호주서 홍보
285007,마차도 잡고 10승 찍고…류현진 5일 샌디에이고전 전반기 마무리
285008,집단대출 신청자 소득 깐깐하게 확인…당장 시행
285009,김성태 北김정은 신년사는 화전양면…획기적 변화 전혀 없어
285010,휴스턴 107승째…다저스 따돌리고 MLB 최고 승률
285011,갤럭시폰서 바로 기부…삼성 유엔개발계획과 사회공헌협력
285012,튀니지 해상서 이주민 탄 선박 침몰…2명 숨지고 14명 실종
285013,연 100만원이면 해외 지재권 분쟁 걱정 끝
285014,외국인 8월 주식 2.3조원 순매도…채권은 순투자 전환
285015,이란 美 제재 속 원유 수출 하루 100만 배럴 이상 유지
285016,치솟는 베를린 임대료 잡아라…면적당 월세 상한선 추진
285017,이통3사 50만원대 신형 갤럭시A5·A7 내일 출시
285018,호날두 FIFA 올해의 선수상 2년 연속 수상…메시 또 ...
285019,인터파크출판계 송인서적 경영정상화 위한 상생협약 체결
285020,게시판 출판전공 대학원 우수논문 발표회 및 정기학술대회
285021,美뉴욕 브루클린 주말밤 행사장서 총격…대형참사로 이어질뻔종합
285022,게시판 과기정통부 19일 공공SW사업 혁신방안 발표회
285023,비선 진료 의혹 김영재 원장 집·사무실 전격 압수수색2보
285024,기성용 정상훈련 재개…이재성·이청용도 훈련 동참
285025,돈치킨 신한은행과 금융업무 지원 협약 체결
285026,미국 언론 KBO 롯데 텍사스 우완투수 샘슨과 이적료 협상
285027,홍콩 정부청사에 레이저 쏘는 시위대
285028,SK텔레콤 빅데이터 활용 콘퍼런스 개최
285029,게시판 예금보험공사 공매정보 노트 발간
285030,박지원 청와대 임∼행진곡 현행대로 합창 결정 통보해와
285031,북한 신형 ICBM 엔진 지상분출시험…완전 성공 주장종합
285032,이라크 바그다드서 또 유혈사태…반정부 시위대 7명 사망
285033,법원행정처장 김학의 재정신청 기각 다시 보는 건 부적절
285034,한민구 軍50만명 유지해야…모병제로 충당 가능한지 고민 필요
285035,하루키는 30대 남성 김영하는 30대 여성 독자 많다
285036,러시아 중동서 거침없는 광폭행보…美 고립주의와 대조
285037,그래픽 한국당 탈당파 복당…107석 제1야당
285038,국내 통신망에 접속한 갤럭시S8…개발 완료된 듯
285039,축구의 봄…대표팀 나이키 등과 초대형 후원계약 예감
285040,中 펠로시 홍콩시위 지지 표명에 내정간섭 말라
285041,캐스팅보트 美자유당 후보 알레포가 뭐죠 외교무지 망신살
285042,양심적 병역거부자 대체복무제 도입시 6년간 1천241억원 소요
285043,文 세월호 7시간 특검 이어져야…특조위 2기도 필요
285044,신진연구자에 연간 3천만원씩 5년간 생애 첫 연구비
285045,사우디 국방차관 오만 방문…예멘 반군과 협상설
285046,與탈당파 12인 신당 창당 선언…새누리 해체해야
285047,가상통화거래소 운영계좌도 모니터링…해외거래 감시
285048,김성태 야당 견제권력 확보하는 방향으로 원 구성해야
285049,2018 세계기자대회 폐막…한반도 평화 선언문 채택
285050,금감원장 분석·통계 시장과 공유해 의견 반영
285051,中 인민은행장 미·중 휴전에 예상보다 낫다…하나씩 해결
285052,날씨 서울 체감온도 영하 13.8도 대설 최강한파…꽁꽁 싸매세요
285053,더민주 현역 3단계 물갈이 공천심사…중진 피바람 예고종합
285054,배달의민족 김봉진 대표 통큰 기부…작년 51억 올해 20억
285055,잇단 마약카르텔 총격에 멕시코 대통령 지지율도 흔들
285056,카드뉴스 대학로에서 연극이 떠난다
285057,프로배구 女외국인선수 연봉액 같아도 3만달러 인상 효과
285058,그래픽 5G 주파수 한도 총량제한 시행 내달 15일 경매 개시
285059,中 대도시 호적제도 개선키로…거주지 이전 제한 완화
285060,中 남중국해 판결 앞두고 외교공세…남태평양 소국에도 구애
285061,불확실한 미래 한진칼 대차거래 1위…공매도 40배 급증종합
285062,3분기 스마트워치 시장 67% 성장…애플·핏비트·삼성 경쟁
285063,한중일 함께 하는 젓가락 페스티벌…11월 10일 청주서 개막
285064,그래픽 기상청 봄철 황사 발생일수 평년과 비슷
285065,이란 대통령 美 참회·사과하면 기꺼이 받겠다
285066,美공화 전대 라이언 끝까지 트럼프와 거리두기…이름 고작 2번 언급
285067,호날두 개인 통산 5번째 발롱도르 수상…메시와 동률종합
285068,이틀만에 노트7 넘은 갤S8 예약판매…유통점 북새통종합2보
285069,伊법관단체 극우 부총리 살비니 비판…사법부 증오 부채질
285070,2016 경제 반복된 정경유착 논란…해체 기로 전경련
285071,한국HPE 하이브리드 IT 위한 플래시 스토리지 제품 발표
285072,지카 증식 억제 백신 후보 개발…쥐에서 효능 확인
285073,서울 표준주택 공시가 17.75%↑…15억 초과 고가주택 정밀 조준종합2보
285074,신년사 정용진 신세계그룹 부회장
285075,눈 내리는 바르셀로나
285076,페이스북 라이브 방송 대가로 600억원 규모 140건 계약 체결
285077,MLB 시애틀 입단 기쿠치 최대 7년 총액 1억900만달러
285078,뉴스테이 촉진지구에도 도시첨단산단 들어선다
285079,현대차 주주권익 담당 사외이사 일반주주 추천으로 뽑는다
285080,英 연봉킹 CEO는 온라인 도박업체 사장…4천900억원 벌어
285081,홍콩매체 美 5G 선두주자 화웨이 견제에 군사적 요인 있어
285082,동부제철 서울스퀘어로 본점 이전
285083,KB증권 현대로템 4분기 실적 저조…목표주가↓
285084,베로나 이승우 세리에A 데뷔 또 무산…팀은 00 무승부
285085,LG디스플레이 달러 10원 오르면 월 80억원 플러스
285086,동북아 100년 역사의 흔적…진해는 근대문화유산 보고
285087,그때 그때 달라요…푸틴 환대한 아베 5월엔 러시아 규탄
285088,SNS돋보기 연말 한파…이불 밖 무서워 이웃이 걱정
285089,커쇼 너마저… 다저스 커쇼 애리조나전 5실점…피홈런 2개
285090,이라크서 피의 반정부 시위 지속…사상자 이어져
285091,게시판 하나금투 국내주식 CFD 서비스 개시
285092,SKT 양자암호통신 신기술 2건 국제표준화 과제로 채택
285093,이통사·포털·앱마켓 차별행위 판단기준 나와…방통위 고시
285094,강릉 커피축제 빗속 개막…태풍 북상 6일 행사는 취소
285095,네이버 한성숙 구글과 싸워야할 상황…새 방식으로 이길 것종합
285096,주말 N 여행 호남권 넘실대는 푸른 물결 사이 걷기…고창 청보리밭축제
285097,시리아 북서부서 정부군·러시아군 공습·포격으로 28명 사망
285098,호주 시드니 주거용 부동산 연간 임대료 15년간 최대 하락
285099,지중해 구조 난민·이주자 49명 해 넘겨 선박 생활
285100,남부럽지 않은 의사·변호사들의 남모를 고민
285101,부동산캘린더 연말에도 막바지 물량 쏟아지는 분양시장
285102,트럼프 G20서 푸틴 만나 선거 개입 말라 농담
285103,프랑스 알프스에서 눈사태로 영국인 1명 숨져
285104,호날두 노쇼 논란 피해자들 입장료 전액 배상 촉구
285105,남북정상회담 김정은 방명록 새로운 역사는 이제부터
285106,개장 앞둔 제주올레 15B코스 지도
285107,호주필리핀 농구 경기에서 난투극…무려 13명 퇴장
285108,日병원 투석 안하면 사망 가능 선택지 제시…환자 20명 숨져
285109,우리銀 뉴욕서 10조원 손배소 피소…소송사기 엄중대응종합
285110,천병혁의 야구세상 후임 감독 선임보다 총재 해명이 우선이다
285111,정부 미세먼지 기획단 윤곽…정원 17명 불과해 실효성 의문
285112,MLB닷컴 류현진은 슈퍼맨 미국에서도 슈퍼스타가 되다
285113,올림픽 강원랜드 호텔·콘도 이용객에 정선 상품권 제공
285114,기성용 손흥민과 맞대결…카르바할 체제서 첫 시험대
285115,여자농구 우리은행 챔프전 10회 우승…MVP 김정은종합2보
285116,게시판 신라면세점 새해맞이 행운 이벤트
285117,국립무용단 내부에서 차세대 안무가 찾는다
285118,국내 주식형 펀드 8일 만에 자금 순유출
285119,아랍의 봄 발원지 튀니지서 총선…정치이변 이어질까
285120,여자배구 파튜 대체 선수로 온 이번 시즌 매 경기 부담
285121,춘천 옛 미군기지 터에 사계절 썰매장 만든다
285122,GSW클리블랜드 미국 4대 프로종목 사상 첫 4년 연속 결승
285123,K리그1 사령탑이 탐내는 선수는…이재성·이근호
285124,한국관광공사 2018 아름다운 자전거여행길 30선 선정
285125,대치국면 풀릴까…아프리카 수단 시위 수감자 석방 명령
285126,화성에서 34억년전 거대 쓰나미 발생 흔적 발견
285127,추석에도 호캉스하자…호텔업계 추석패키지 봇물
285128,소재·부품 경쟁력 확보 위해 RD 정책 전환 절실
285129,경비원으로 1억원 기부자 인사말 듣는 김정숙 여사
285130,이란 외무장관 美 지원받아온 레바논 정부에 군사지원 용의
285131,투표할 후보 정당 새누리 34%·더민주 21%·국민의당 8%
285132,내 인생의 거장을 찾아서…기행집 클래식 클라우드
285133,與 비대위 혁신형 관리형…중진들 의견 팽팽종합
285134,홍콩 학교서 사제폭탄 2개 발견…살상범위 100ｍ 달해
285135,靑 국민청원 중복참여 가능성 제기…카카오톡 참여 임시중단
285136,제6회 국제주택도시금융포럼
285137,文의장 핵 없는 한반도 세계 평화·번영에 기여 확신
285138,게시판 과기부정보통신기획평가원 AI사업 설명회 개최
285139,더민주·국민의당 주말 광주 경선 레이스 불꽃
285140,민주 남북정상회담 결과 청취…조명균 통일장관 보고
285141,이란 핵합의로 금지한 시설서 우라늄농축 재개종합2보
285142,세월호 보도개입 이정현 유죄 인정될까…오늘 선고
285143,무디스 구조개혁 늦추면 한국 잠재성장률 떨어질 수도
285144,가상화폐 거래 가상계좌로 수수료 22억 챙긴 은행
285145,영상 북한 핵무기 대량생산으로 전환…트럼프도 알고 있다
285146,국감현장 윤병세 전 외교장관 외통위 국감 증인 채택
285147,日언론 中 샤오미·오포폰 삼성 이미지센서 채용
285148,北 김정은 태영호 망명 이후 빨치산 2세 검열
285149,4대 은행 글로벌 순익 올해 사상 첫 1조원 돌파 전망
285150,민주 총선서 현역의원 전원 경선…여성 가산점 최고 25%종합
285151,게시판 SKT 5G 인빌딩 솔루션 스몰셀 어워드 2019 수상
285152,상처 보듬어준 인형뽑기…여러분은 나처럼 빠지지 마시길
285153,MBN 기자협회 긴급발제권 등 보도국 쇄신 시급
285154,대구·경북 흐리고 오후 늦게 비…내일 평년기온 회복
285155,중국발 스모그 한반도에 갇혀…서울 미세먼지 농도 최고치종합
285156,월드컵개막 ⑤ 16강 전진기지 상트페테르부르크는
285157,김연경 8득점 엑자시바시 7년 만의 챔프전 우승 도전 좌절
285158,안보리상임이사국 노리는 일본…유엔사무총장 선출 적극 관여
285159,네이버홍콩과기대 공동 AI연구소 개설
285160,비강남권·수도권도 청약열기 후끈…견본주택 4곳에 12만명종합
285161,춤추는 할머니 무대로…조상님께 바치는 댄스 재공연
285162,기초과학연구원 희귀 핵 연구단·양자정보과학 연구단 출범
285163,코스피 삼성전자 급락 속 2050선 약세 출발
285164,거래소 안랩 불성실 공시법인 미지정
285165,美국방부 드론 조종사에도 무공훈장 수여한다
285166,산업부 포항지진 지열발전소 촉발 결론에 대한 입장 발표
285167,산토스 콜롬비아 대통령에 노벨평화상 수상 이상해
285168,태풍 차바 경남 15시 영향권 벗어나…최고 277.5㎜ 물폭탄종합
285169,14일 프로농구 올스타전에 걸그룹 EXID 축하공연
285170,로힝야 집단학살 국제법정 선 수치 혐의 부인…실제상황 오해
285171,사이영상 경력 투수 카이클 애틀랜타와 계약
285172,靑 개각 가능성 질문에 임박 느낌 못 받아
285173,과기부 캔위성 경연대회 최우수상에 충북과학고·한국항공대팀
285174,혜민 스님 멈추면 비로소… 英아마존 베스트셀러 1위
285175,제주 강풍주의보 해제…한라산 최고 146㎜ 많은 비
285176,이통3사 5G 속도평가 IHS보고서 놓고 신뢰성 공방 재현
285177,윌슨 잠실 라이벌 두산 상대로도 호투…5이닝 1실점
285178,도깨비 책방 찾은 문체부 장관대행
285179,주말 N 여행 수도권 넣으면 나온다 송어 낚시…서울 세계 최대 초콜릿축제
285180,제조업 취업자 11만5천명↓…감소규모 7년1개월 만에 최대2보
285181,한국 전대 레이스 점화…황교안·오세훈 외연 확장 경쟁종합
285182,靑 이방카 평창올림픽 폐막식 참석 보도에 美와 협의중
285183,여전히 흔들리는 불펜…결국 바닥 친 NC
285184,20세기 사람들의 초상…그레이엄 그린 단편소설 한권에
285185,북한과 군사 외교 중단 우간다 유력 언론들 대서특필
285186,미성년자 276명 성적학대 콜롬비아 30대 남성에 60년형
285187,양승동 KBS 사장 연임 내정…수신료 가치에 답하겠다
285188,北기아지수 2000년 40.4→올해 28.6 개선…여전히 심각 수준
285189,터키 대통령실 푸틴 내년 1월 첫 주 터키 방문
285190,대관령의 명품 풍경
285191,원유철 野 권력 진흙탕 싸움에 혈안돼 법안 방기
285192,동남아 각국 IS 테러 상륙 비상…추종세력 색출·경계 강화
285193,조용병 회장 하나의 신한으로 새로운 금융 제공
285194,탄핵가결 사드배치 영향없나…시기 늦춰질 수도종합
285195,신태용호 30일 자메이카 상대로 새해 연승 잇는다
285196,北 방송 청와대 타격 중대성명 온종일 재방송
285197,우승 확정한 전북 최강희 감독 희생해준 선수들이 고맙다
285198,靑 참모진 교체 금명 발표…이병기 비서실장 교체 가능성
285199,배트 빌려준 벨린저 류현진 첫 홈런이란 게 더 놀라워
285200,테헤란 시장 기자회견
285201,서울 대단지 아파트 주변 치킨집 수는 평균 6.4곳
285202,게시판 KT 대한민국 에너지대전서 스마트에너지 소개
285203,미래에셋 기아차 1분기 기대 이상 실적…목표가↑
285204,한국 고교생들 국제과학기술경진대회서 본상 수상
285205,시큐리온 모바일·사물인터넷 안티바이러스 제품 라인업 공개
285206,중국 구금된 캐나다인 스파이 행위…中 국가기밀 훔쳐
285207,장하성 청년·노인·저소득층 소득↑ 가계지출↓ 예산 편성
285208,이해찬 대표 예방한 한병도 정무수석
285209,프로농구 kt 12연패 수렁…팀 자체 최다 연패 신기록
285210,게시판 SK텔링크 설맞이 무료 국제전화 행사
285211,美국가안보보좌관 백인·남성·예일대출신 외교관 너무 많아
285212,인사말하는 권은희 정책위의장
285213,신년담화·회견 ⑪ 北 상황 면밀히 지켜보며 개성공단 필요한 조치
285214,美대선 낙마 워커주지사 위스콘신 경선 앞두고 크루즈 공개지지
285215,이란 프랑스와 탄도미사일 협상 사실 부인
285216,웹툰 서비스 코미코 공짜 보기 포인트 제도 도입
285217,인사말하는 진선미
285218,질의 듣는 정기현 국립중앙의료원장
285219,바이올린 영재 강나경 영 차이콥스키 콩쿠르 공동 1위
285220,삼성전자의 CES 키워드는 초연결사회…5G·AI·협업이 만든다
285221,김혜순의 새하는 순서 그 기록…시집 날개 환상통
285222,이란 최고지도자 미국과 대화 안 해…최대압박 실패
285223,상명대서 15년 만에 코리아텐더 4강 신화 재현한 이상...
285224,朴대통령 멕시코서 문화외교…인류학박물관 방문
285225,류현진 6⅔이닝 1실점…시즌 12승·한미 통산 150승 무...
285226,2002년생 김지영은 다른 삶을 살 수 있을까
285227,미이란 긴장 속 이라크 미군기지 민간직원들 대피 준비
285228,날씨 낮엔 후텁지근…장마전선 북상 오후 제주 밤에 남부 비15일
285229,FC서울 K리그1 잔류 성공…부산 2년 연속 승강PO 좌절
285230,레알 마드리드 신성 아센시오와 6년 재계약
285231,프로농구 KCC 최하위 kt 꺾고 시즌 30승 안착
285232,중국제조 2025 사라졌지만…中 과학기술예산 13% 늘려
285233,아이폰X 4분기 4천만∼5천만대 판매 전망…1위 유력
285234,지브롤터 억류 이란 유조선 40여일 만에 풀어줘
285235,스페인 최초 좌파연정 한발짝 앞으로…오늘 표결
285236,올해 공공택지 분양물량 작년比 34.8% 감소
285237,게시판 미래부 오늘부터 2016 안전한국훈련
285238,통통TV 갤럭시S10 언팩 초대장에 담긴 의미는
285239,농구대표팀 리투아니아 클럽에 21점 차 대승…3연승
285240,러시아월드컵 건설현장 노동착취 만연…北노동자 등 17명 사망
285241,우크라 대통령 젤렌스키 EU 대러 제재 계속 유지돼야
285242,포털사이트 지역뉴스 홀대…위치 기반 서비스 시급
285243,갤럭시 노트10 시리즈에 쏠린 관심
285244,월드컵 지친 몸·무거운 마음 떨친 수비진 스웨덴 방어...
285245,노회찬 BH가 흡족해한다 법원행정처 문서 은폐 의혹
285246,유성엽 평화당 대표 출마선언…정동영·최경환과 3파전
285247,보육시설 비리 근절을 위하여
285248,이제 노들섬에서 영화도 보고 콘서트도 즐기세요
285249,팀 성적 밀려 신인왕 놓쳤던 최준용 그래도 팀 성적 중요
285250,SKT 로밍서비스 바로 누적 6천만콜 돌파…출시 10개월만
285251,아베 징용문제 포함 양국 현안에 한국 측 적절히 대응해야종합
285252,NASA 보잉·스페이스X 유인캡슐 발사 안전문제 경고
285253,문 열리는 탄핵 정국…정치 실종·극한 대치 장기화
285254,비예나 트리플크라운 대한항공 한국전력에 30 완승…2연승
285255,1천년 로마제국 역사를 만화로…만화 로마사 1·2권
285256,8·15 특사서 정치인 배제 가닥…재계총수도 최소화할 듯
285257,제35회 신동엽문학상에 임솔아·김정아
285258,브라질 2018년 월드컵 남미예선서 님도 보고 뽕도 따고
285259,노무현의 필사가 전하는 좋은 문장 만들기
285260,트럼프의 변덕…시리아에 미군 500명 잔류·탱크 추가배치 검토
285261,신간 혐오의 시대 철학의 응답·레스토랑의 사회학
285262,미국 문학 거장 필립 로스의 솔직한 자서전 사실들
285263,네이버 라인·모바일 양날개 달고 훨훨
285264,신간 괜찮은 결혼·내 운명은 고객이 결정한다
285265,카드뉴스 금지된 뜰을 탐하다…전남 민간정원 3선 기행
285266,노르웨이국부펀드 한국 등 신흥시장 채권 제외…환경투자 2배로
285267,세계여자비치발리볼 대회 대구·울산에서 개최
285268,내일날씨 전국 맑음…미세먼지 적어 청정
285269,최태웅 감독 신영석 다음주 넘기고 투입 가능할 듯
285270,골대는 이미 주전 쟁탈전…조현우 무실점으로 한 발 먼저
285271,남북 내주부터 왕래 본격화…평창준비 시동
285272,안종범·정호성·윤전추…檢 압수수색 대상 인물로 본 의혹들
285273,美공화당이 낸 소송에 힐러리만 어부지리…기부금 트럼프 압도
285274,그래픽 자문안으로 본 대통령 개헌안 주요 내용
285275,56년 만에 포수가 마무리한 LAD…포수가 2이닝 던진 AZ
285276,황경민 자신 없게 하려면 배구 그만두라는 감독님 말씀에
285277,獨 전기차 보조금 확대…기후변화대응 2023년까지 70조 투자종합
285278,특징주 구제역 발생에 백신·방역주 동반 강세
285279,강경화 해외공관 기강해이 지적에 죄송하게 생각한다
285280,무령왕 부부 목관 나란히 전시…발굴 후 46년만종합
285281,추석밥상 오른 북핵·지진…여야 저마다 국가위기 극복 다짐
285282,집단대출·상호금융 주택대출도 소득심사 강화·분할상환종합
285283,프로농구 전자랜드 LG에 덜미…6강 확정 다음 기회에
285284,北 남북정상회담 의전·경호·보도 실무회담 5일로 연기 제의
285285,몰려드는 관광버스로 신음하는 도심…종로구 개선안 토론회
285286,돈다발이 그라운드에…뮌헨 서포터 가짜 돈 투척 소동
285287,MLB 올스타 유격수 툴로위츠키 전격 은퇴 선언
285288,경남 진주·사천에 항공특화 국가산업단지 본격 추진
285289,재밌는데 안 알려진 한국소설 50편
285290,튀니지서 13일 대선 결선투표…정치 아웃사이더 무대
285291,어머니를 응원합니다 KBS 아침마당 어버이날 특집
285292,잉글랜드 FA컵 5부리그의 반란…서턴·링컨 16강행
285293,고객님 말씀하시죠…기업 상담원과 카카오톡으로 대화
285294,부동산 냉각에 확꺾인 은행 가계대출…22개월만에 가장 둔화
285295,정주영 창업경진대회 대상에 짐 보관용 창고서비스
285296,공식트윗으로 탄핵증인 공격한 백악관…당사자는 옳은일 했다
285297,알파고 충격 ③ 한국판 알파고 언제쯤 나올까
285298,중국인 래퍼 인터넷 생방송 중 손가락 자해 행동 논란
285299,특징주 한진그룹주 KCGI 한진칼 지분 확대 등 소식에 강세
285300,게시판 언론진흥재단 뉴스 스타트업 지원 업무협약
285301,관심 정보부터 보여준다…네이버 맞춤형 검색 도입
285302,美아이오와 경선 개표 초반 힐러리크루즈 1위
285303,서울돈화문국악당 음악극 적로 재공연
285304,나는 누구인가…명진스님 힘 좀 빼고 삽시다 출간
285305,방중 北 김정은 인민대회당 도착…시진핑과 회담할 듯
285306,KB 미래금융 길 찾나…윤종규 MS 서밋 참석차 미국 출장
285307,LG유플러스 영상상담서비스 도입
285308,청와대 B컷 공개 공식환영식장 외교장관
285309,문답으로 풀어본 주거복지 로드맵 주요내용종합
285310,연극 좋아하는 청소년 모여라…15∼29일 서울청소년연극축제
285311,세월호에 가족 잃은 베트남 사람들에게 위로 됐으면
285312,벨기에 공항 자폭 테러범은 형제…압데슬람과 연관
285313,소떼 공격으로 아내 사망한 남편에게 농부 6억 배상해야
285314,카카오 AI 한국어 독해 능력 1위…사람보다 높아
285315,스웨덴 정부 미국 요청에 中 부패 사범 다시 체포
285316,카카오 AI사업 본격화…7월 앱 3분기에 스피커 출시
285317,국무회의 참석한 문 대통령과 김동연 경제부총리
285318,IS 조직원 1천여명 현금 2천억원 들고 이라크로 도주
285319,상장폐지 절차 밟던 감마누 재감사의견 적정
285320,크리스토퍼 힐 트럼프 행정부 매우 강력한 대북정책 취할 것종합
285321,신간 아름답거나 혹은 위태롭거나
285322,불청객 괭생이모자반 몰려온다…중국서 남해로 대량 접근
285323,사이테크 플러스 노화로 인한 퇴행성관절염 발병메커니즘 찾았다
285324,女배구 현대건설 새 용병 거포 헤일리 28일 GS칼텍...
285325,한샘 작년 영업이익 1천465억원…33%↑
285326,나의 문화유산답사기 중국편 출간 기자간담회
285327,작품 앞에 선 정주영 작가
285328,탐색전 끝낸 국감…조국사수 vs 조국파면 전방위 격돌 예고
285329,제재대상 北선박 러시아 입항 거부로 되돌아가 VOA
285330,美 팔레스타인에 장밋빛 경제 유혹…팔 나라 안판다
285331,KT 5G 네트워크 품질 측정 차량 개발
285332,수백억 돈세탁 태국 승려 수천명 인의 장막 치고 경찰 따돌려
285333,타이스·박철우 쌍포 폭발…삼성화재 연패 탈출4위 복귀
285334,부산 민주 4월1일 경선·단수공천 발표…패자부활전 검토
285335,독일·프랑스 2차 우호 협정 체결…결속 과시
285336,천병혁의 야구세상 신인 계약금은 폭락했는데…천장 찌른 ...
285337,작년 정부 RD투자액 18조8천747억원…전년보다 7% 증가
285338,줄줄이 잘리는 MLB 감독들…다저스 감독도 안심 못해
285339,레바논 시위대 맨 앞에는 엄마와 딸들이 있었다
285340,정운찬 KBO 총재 우리부터 반성해야…세밀하게 리그 점검
285341,LG V30S씽큐 살펴보는 록하이머 구글 부사장
285342,특징주 셀트리온 이전 상장 첫날 강세…코스피 시총 3위종합
285343,中대만판공실 대변인에 홍콩 능통한 여성 관료 선임
285344,미키마우스·엘사·아이언맨 등 어린이용 워치폰 출시
285345,9월 폭풍 질주 MLB 밀워키 2년 연속 PS 진출 확정
285346,애플 아이폰 배터리 성능체크 가능한 iOS 11.3 곧 배포
285347,U20 월드컵 개막식에 유일호 부총리 참석
285348,朴대통령 김영한 전 민정수석 별세 안타까워
285349,민주 가짜뉴스 대책토론회…SNS플랫폼 사업자 책임 강화해야종합
285350,총선 대승 베네수엘라 야당 6개월내 대통령 축출
285351,LG 봉중근 눈물의 은퇴식 아쉽지만 후회는 없습니다
285352,마약왕 구스만 20년간 마약 안해…트럼프 언급에 아 내 친구
285353,WKBL 2829일까지 유소녀 클럽 최강전 개최
285354,英해리 왕자 첫 아버지의 날에 로열 베이비 사진 공개
285355,北 김정은 돌발행동 두려워 외신에 당 대회장 비공개
285356,한은 미 금리 인상 4회 전망 확산…한미 금리역전 임박
285357,영업정지 위기 홍콩항공 대주주 긴급 수혈 이뤄질 듯
285358,LG G6 사면 BO 이어폰이 단돈 5천원
285359,R.마드리드 이적설 음바페 닮고 싶은 건 선수 시절 지단
285360,샌더스 트럼프는 가장 위험한 대통령 재선 저지해야
285361,카자흐 상원의장 임시 대통령 취임…나자르바예프 노선 계승종합
285362,게시판 LG유플러스 U멤버스 전용 쇼핑서비스 출시
285363,님을 위한 행진곡 朴대통령 지시에 보훈처 논의 착수
285364,朴대통령 北주민에 새 기회…北당국·주민 분리전략종합
285365,한국시리즈에 출전할 수 있도록 부탁한다던 이택근의 한마디
285366,특징주 탈세 혐의 검찰 압수수색…LG그룹주 잠잠
285367,더불어민주당 확대간부회의
285368,SK텔레콤 트리페이 태국 서비스 개시
285369,명불허전 김기민…마린스키 왕자의 품격에 객석 술렁
285370,KT 공공·금융 클라우드 1등 강화할 것…5년간 5천억원 투자
285371,신태용 골 결정력 아쉬워…월드컵 대비 수비조직력 더 다질 것
285372,현대重 연말 1조5천억 선박 수주…이란 등에서 총 12척
285373,내일날씨 오전까지 서해안 옅은 황사…남부 오후부터 비
285374,삼성증권 아이엔지생명 MA 모멘텀 둔화…목표가↓
285375,황총리 총선 경제실정 심판론에 다같이 잘하라는 메시지
285376,미·중 정상 사드·남중국해·인권 놓고 정면충돌종합
285377,게시판 KIST 유럽연구소 독일서 화학물질 규제 대응 행사
285378,정부 페북·네이버·카카오 개인정보 수집 실태조사 착수종합
285379,靑 권력구조 뺀 단계적 개헌 검토…총선때 2차 개헌 가능성
285380,두 번째 소설집 낸 화가 황주리 진심의 가치 전하고 싶어
285381,세계기자대회서 축사 하는 민병욱 이사장
285382,1등 아니면 꼴찌…2팀이 경쟁하는 세상에서 가장 작은 축구리그
285383,英 존슨 신임 총리 中 일대일로에 열광…중국투자도 환영
285384,조지아서 反러시아 시위 격화…푸틴 조지아行 항공교통 차단
285385,인터파크 인기 유튜버 초청 1인 방송 무료강의
285386,코스피 닷새 만에 상승…2100선 턱밑종합2보
285387,강릉에 사임당이 율곡 손잡고 걷던 어머니 길 생겨
285388,빅터 차 美대선 북미간 핵합의 회피하게 하는 요인 될수도
285389,거대한 군사제국 해외 미군기지…그곳에서 일어나는 일들
285390,현대건설 FA 양효진과 연 3억5천만원 계약…고예림도 영입
285391,100일 가까이 안 열린 고위 당정청 언제 모이나
285392,원달러 환율 6일 만에 첫 하락…0.4원 내린 1214.9원
285393,포털 다음 연예 뉴스 댓글 잠정 폐지…인격 모독 심각종합
285394,우리가 몰랐던 필리핀 현대미술의 매력
285395,KT넥스알 차세대 빅데이터 솔루션 내년 출시
285396,강정호 MLB 시범경기서 3타수 무안타…최지만은 첫 안타
285397,게시판 폴리뉴스 18주년 창간기념식 개최
285398,내년 예산 469.6조…국회 거치며 복지 1.2조↓ SOC 1.2조↑
285399,안데르센 감독 차범근 감독과 방북 전 만나…힘 보태고싶어
285400,문 대통령 신년인사회 나라답게 정의롭게
285401,여자농구 KEB하나은행 공동 최하위 맞대결서 신한은행 제압
285402,미세먼지 또 매우 나쁨…비소식은 내일 새벽에야
285403,이승우 금주 중 바르사B 훈련 합류…거취 결정 속도 낼 듯
285404,평양정상회담 함께 의장대 사열하는 남북 정상
285405,올해 3분기 북미 교역액 작년 대비 97% 감소
285406,게시판 한국작가회의 세계문학 아카데미
285407,천경자 고흐와 함께
285408,문체부 관광산업육성 펀드 270억원 신규 조성
285409,가자지구 주민 46% 이스라엘 점령정책에 맞서 무력충돌 지지
285410,마다가스카르에서 열린 케이팝 대회
285411,포르투갈 스위스 꺾고 월드컵 본선행…프랑스도 합류종합
285412,美행정부 인권 탄압 8개국 20명 제재
285413,입춘인데…경남 8개 시·군 한파주의보 영하권 뚝
285414,폴크스바겐 사태로 디젤車 누명…감정적 규제 안돼
285415,밀양 금속 제조공장 이틀째 불타…화염 기세는 줄어들어
285416,핀크 상대방 연락처로 바로 송금하는 서비스 출시
285417,전인범 5·18 발언 광주 5·18단체·지역 정치권까지 반발
285418,국제사회 트럼프 골란고원 선언 한목소리 반대종합
285419,서울대 석학 23인이 말하는 기술과 인간의 미래
285420,중국 건국 70주년 앞두고 베이징 신공항 공식 개항
285421,영상 셧다운 24일째…트럼프 절대 물러서지 않을 것
285422,네이버 댓글 조작 여부 밝힌다…분석 사이트 등장
285423,NH투자 코스피 상장사 실적개선 가능…1850선 지지
285424,프로농구 챔피언전서 플라핑 신경전…서로 그러지 맙시다
285425,한화이글스 코치진에게 배우는 대전 유소년 야구캠프 열려
285426,이스라엘 전 국방 리에베르만 총리 킹메이커 되나
285427,연합이매진 신사임당의 아름다운 발자취를 찾아서
285428,미래에셋대우 21일부터 신형 우선주 청약
285429,김성태 제천 화재참사 김부겸·조종묵 책임…사퇴하라
285430,佛 의원 25% 감축 등 정치개혁법안 마련…진통예상
285431,安 4년간 안바뀐 격차문제 내년 더 큰 분노로 표출될 것
285432,조용병 고객·사회 관점에서 탁월함 주는 기업돼야
285433,디아이티 중국 업체와 130억원 장비공급 계약
285434,아바도 시대 베를린필 악장 블라허 내달 독주 무대
285435,나경원 아들 연구 제1저자 논란에 특혜 없어…조국 물타기
285436,정경두 9·19 군사합의 적극이행…전작권 전환 차질없이 준비
285437,세종텔레콤 아마존 웹서비스 전용회선 정식 출시
285438,신년담화·회견 ⑦ 20대 국회는 최소한 19대보다 나아야
285439,한달 가까이 이어진 리비아 내전 격화…최대유전도 공격받아
285440,춘천국제레저대회 준비 본격화…카약 등 체험행사 풍성
285441,젊은 실내악단 클럽M 두번째 연주회
285442,美백악관에 울려퍼진 아기상어…트럼프 강렬하고 귀여운 노래
285443,IPTV 방송사업 매출 40% 증가 쾌속질주
285444,민주 광역단체장 후보 면접…지방선거 당내 경쟁 개막
285445,맨유 챔스리그 CSKA 모스크바전에 마티치ㆍ즐라탄 제외
285446,9월까지 IoT 보안 취약점 집중 신고 기간…최고 500만원 포상
285447,프로야구 인천 잠실 수원 경기 비로 취소종합
285448,女배구 아시아선수권서 이란에 30 완승…가벼운 몸풀기
285449,코스피 장중 2060대 뒷걸음…코스닥은 700선 내줘1보
285450,갤노트8 예약판매 개시..프리미엄폰 최적의 구매시기는
285451,에스엔텍 주당 0.5주 무상증자 결정
285452,회동 참석한 정양석 원내수석
285453,심포니송 연주로 듣는 낭만 발레 걸작들
285454,1일 서울광장서 축구 거리응원…브라질월드컵 이후 4년만
285455,대구경북 오늘도 무더위…33도 이상 오를 듯
285456,한화 새터민 청소년들과 5년째 자전거 평화여행
285457,논란 속 사드방중 더민주 초선들 귀국…보수단체 항의시위종합2보
285458,터키 러시아 S400 미사일 성능 실험에 F16 동원
285459,5경기서 경기당 평균 19안타 친 넥센 거침없는 7연승
285460,사전투표 문 대통령 내외 사전투표로 지방선거 한 표 행사
285461,IBK기업은행 선수들 우승해서 라스베이거스 가자
285462,경남 김해시장·거창군수 재·보선 경선 돌입
285463,난민 44만명 독일 정부 상대로 늑장 심사한다며 소송
285464,아베 개헌은 창당 이래 일관된 목표…재임 중 완수하고 싶다종합
285465,中인민일보 美 자국 기업 경쟁상대 눈엣가시처럼 여겨 보복
285466,터널에서 사고 나면 500m 전방에서 재난경보 방송한다
285467,네이버 웹소설 독자 한달 500만명 돌파
285468,카페24 기존 통신보다 400배 빠른 네트워크 구축
285469,중앙아프리카공화국서 유엔평화유지군 헬기 추락해 3명 사망
285470,제주 북부 강풍경보…태풍급 강풍 불어
285471,中 한중FTA 협상서 네거티브 리스트 첫 논의…개방의지 강조
285472,정보화시대 국회와 정보기관 세미나 축사하는 문희상
285473,광주마스터즈수영대회에 몰린 외국인들…광주 맛과 멋에 풍덩
285474,이란 국영영어방송 유튜브·지메일 계정 또 차단돼
285475,스타트업 창업초기 해외 진출 바람직…성공 열쇠는 인맥
285476,이세돌알파고 세기의 대결 어떻게 진행될까
285477,KT 대전 IDC 개관…중부권 핵심 데이터센터 목표
285478,중국 2035년까지 식품안전기준 세계적 수준 향상 목표
285479,SKT행안부 읍·면·동 단위까지 재난문자 발송시스템 구현
285480,롯데 임직원 어려운 이웃에 직접 담근 김치 1만5천포기 전달
285481,KTX 타고 스키장 가자…용평리조트 무료셔틀버스 운영
285482,美 국채 3개월물 금리 10년만에 2% 돌파
285483,軍 통수권 공백 논란…靑 남북정상회담 때 이양한 적 없어종합
285484,KBS이사회 고대영 사장 해임제청…KBS사태 일지
285485,안철수·유승민 서로 양보하고 배려하겠다
285486,리얼미터 반기문 1위…대권주자 양강구도 文·安 →潘·文
285487,박 대통령 국빈 방문 관련 케냐 언론 보도
285488,LG 소사·넥센 브리검 잘 던진 것 같은데 승이 없어
285489,유럽 극우 유럽의회 선거서 뭉친다…살비니 최대그룹 될 것
285490,KT 5G 준비 완료 선언
285491,윤리위 자문위 5·18징계 상정 또 불발…한국·바른미래측 불참
285492,MWC 2018 나 닮은 AR 이모지 매력있네…갤럭시S9 써보니
285493,네이버 전자상거래 점유율 20％ 육박종합
285494,시리아 반군 지역 공습 이어 포격까지…민간인 11명 사망
285495,해외미디어 재정 위기 넘자…英가디언 판형 축소로 비용 줄이기
285496,EU·獨 우라늄농축 제한 합의 파기 이란 발표에 우려 표명종합
285497,국제유가 공급증가 전망에 급락…WTI 40달러대 턱걸이
285498,이라크 유럽출신 IS조직원 대리처벌 의사 내비쳐
285499,노동개혁 노동유연성 세계 5위 英정부 격론 속 노조법 개정 추진
285500,9일 만에 집으로…포항∼울릉 뱃길 운항 재개
285501,가을 숲 속 백조
285502,네이버 파리 스타트업 육성센터에 스페이스 그린 오픈
285503,최소 12개국 대북 외교·경제적 관계 변화
285504,네이버 해외사업 덕 쾌재…카카오도 콘텐츠 실적 호전에 안도
285505,5월 황금연휴 용평리조트 봄봄봄 페스티벌
285506,MLB닷컴 류현진 FA 2등급·투수 중 5위
285507,朴대통령 10여차례 책상 쿵쿵치며 국회비판…자다깨 통탄할일종합
285508,알리바바 홍콩증시 상장 승인받아…25일 정식 거래
285509,류현진 17일 미국 전국 방송 타고 컵스 상대로 10승 재도전
285510,대공황 이후 진보가 집권한 원인은 새 지지층 확보
285511,빌딩에 둘러싸인 홍콩 핫플레이스 타이퀀
285512,빈손으로 끝난 日아베 어설픈 중재외교…거센 비판여론 직면
285513,모두투어 1분기 영업이익 91억원…3.53% 감소
285514,터키 에르도안 러시아의 크림반도 합병 받아들이지 않을 것
285515,흥국생명 이재영·외국인 선수 없이 KGC인삼공사 완파
285516,문 대통령 언론에 국민 눈높이 맞지 않는 공무원 모습 많아
285517,북핵·갤노트7 등 연이은 악재에 한국경제 위기 고조
285518,北 당 창건일 차분한 분위기…김정은 참배 보도 없어
285519,KT LTE 모듈 탑재 노트북 에이서원 13 단독 출시
285520,폭파되는 2번 갱도
285521,존재란 무엇인가…이 어려운 물음에 답한 묵직한 철학서들
285522,트럼프 금주 부통령 러닝메이트 지명할듯…여성 낙점하나
285523,주북 러대사 북한과 경제·인문교류 강화하겠다
285524,그리스 아테네서 규모 5.3 강진…놀란 시민들 거리로종합
285525,류현진 20일 등판 유력…팀타율 최하위 신시내티 상대
285526,정부 北 단체 수십곳·개인 수십명 독자 금융제재 방침종합
285527,KT 한국통신학회 학술대회에서 평창 5G 규격 공개
285528,코스닥지수 15년9개월만에 910 돌파
285529,사과로 시작한 신년사…정운찬 KBO총재 2019년은 혁신...
285530,코스피 국제유가에 덜컹했다가 보합세로 마감
285531,한국문학번역상에 한유미·페조디에 부부 등 6명
285532,북아프리카 알제리 새 총리에 교수 출신 드제라드
285533,삼성SDS 印 테크 마힌드라와 블록체인 해외사업 협약 체결
285534,朴대통령 국무회의 하루 앞당겨 내일 주재…위기대응 강조
285535,이총리 평화 골든타임 길지 않아…평양보다 워싱턴이 선행
285536,홍콩 갑부 리카싱 호주 에너지회사에 6조3천억원 인수 제안
285537,트럼프 인구조사 시민권 질문대신 비시민 숫자 파악 행정명령종합
285538,靑 북미정상회담 대반전에도 신중모드 유지…유리 깨질라
285539,中매체 미중 추가 관세에 미국 크게 다칠 것
285540,신영철 우리카드 감독 당연히 목표는 우승이죠
285541,STX조선 법정관리 피해…임금 5년간 절반도 못받아종합2보
285542,SK텔레콤 전국 LTE망 가상화 기반 마련
285543,베트남 소아암 환자돕기 바자회 성황
285544,안철수 北미사일 대응기술 예산 필요하면 적극 협조
285545,축사하는 정의당 윤소하 원내대표
285546,1조원 실탄 확보…라인 글로벌 기업 사냥 전망
285547,한라 회계처리기준 위반 혐의로 검찰에 기소
285548,월드컵 멕시코 한국전 찾을 3만 자국팬에 욕설 자제...
285549,그 많은 석유는… 이라크 민생고 시위 사상자 속출
285550,계속되는 박항서의 도전 베트남 높아진 기대 부담·책임 엄습
285551,남북 평창회담 전체회의 이어 수석대표·대표접촉 진행
285552,日 오키나와의 강제징용 노동자 매장 추정지
285553,대북소식통 베이징 주재 北 대표부 간부 탈북
285554,靑 사생활침해 언론폐간 청원에 언론자유 중요…개입 부적절
285555,칠레축구협회 페루콜롬비아 승부조작 의혹 제소 안 해
285556,손학규 정계복귀 광주 원로들 요청에 심각하게 고민
285557,인터넷진흥원 클라우드 보안서비스 개발 지원 5개 과제 선정
285558,文 안보관 비판 潘에 누가 제대로 안보하는지 토론하자
285559,한강 검은 사슴 등 문학동네 한국문학전집 5권 추가
285560,연휴 전 수출업체 달러 매도에 원달러 환율 5.1원 하락
285561,설악산 만경대 개방 효과…양양 관광객 176만명 증가
285562,류현진 쿠어스필드 6번째 도전 만에 무실점 최고의 역투
285563,ECB 라가르드 인플레이션 목표 속 기후변화가 정책 중심
285564,장례까지 치렀는데 3년만에 살아 돌아온 中 노인
285565,덥다 더워 전북 연일 폭염특보…최고기온 35도 예상
285566,서울·인천·대구 행복주택 1천638가구 입주자 모집
285567,콘텐츠 공짜 제로 레이팅 수면 위로…통신업계 술렁종합
285568,구조한 난민 태우고 2주간 떠돈 구조선 伊 경고불구 영해 진입
285569,풍국주정 작년 4분기 영업익 138%↑…300원 현금배당종합
285570,美 가려던 중남미 이주자 사망 급증…올해 최소 340명
285571,신태용호 답답한 90분…약체 볼리비아와 00 무승...
285572,한진해운 자율협약 신청서 제출…구조조정 본격화2보
285573,스페인 축구 대표팀 유니폼 논란…30년대 공화국기 연상
285574,이베스트투자증권에 유상증자 추진설 조회공시 요구
285575,상반기 국내 구글 검색어 1위는 일본 애니 너의 이름은
285576,듀랜트 43점 골든스테이트 파이널 3연승…우승까지 1승
285577,건설기업 체감경기 1년7개월만에 최저…8·2대책 여파
285578,가족 행복 그림전
285579,우상호 민정수석에 집권당 전체가 쩔쩔 매…협치 가능하겠나
285580,민주 내년 총선 현역의원 출마 시 경선 공천 원칙2보
285581,러시아월드컵 한국 대표팀 출전지에 임시 영사사무소
285582,김해로 국내 유일한 인도박물관 옮깁니다
285583,인터넷나야나 랜섬웨어 피해 서버 이달말 90% 복구 목표
285584,외교관 추방 신경전 속 러시아 미국 방송위원장 입국불허
285585,朴대통령 인천상륙작전 관람…국민단합 신념 반영종합
285586,BRT 재개여부 시민 공론화 위원회 의견 발표
285587,8위 롯데의 반격 카드 3루수 이대호
285588,문대통령 공정경제는 경제민주주의…공정한 경쟁·정당한 과실속보
285589,친이란 세력 공격 확대 네타냐후 재선 위한 위험천만한 행동
285590,프랑스 마크롱 이탈리아의 잇따른 도발에 아무 관심 없다
285591,세종시 공무원 투기 부추겨…공짜 통근버스 없애라
285592,삼성화재 글로벌 보험시장 영국 로이즈 진출
285593,삼바 개인투자자 지분 3조원대…소액투자자만 2조원
285594,김정재 20% 요금할인 보조금보다 위약금 더 많아
285595,NHN엔터 웹툰 코미코 태국 진출
285596,러 외무부 8월 2일 중거리핵전력조약 완전 폐기될 것종합
285597,전셋값 떨어지니 은행권 전세자금대출 증가세도 둔화
285598,속보 靑 국방부 첫 브리핑 때 해경 발표 사실 인지 못 해
285599,인터뷰 류현진 WS 때보다 많은 이닝 던져서 좋았다
285600,아시아 강호 이란 남자배구 러시아 꺾고 올림픽 직행할까
285601,게시판 하나금융투자 19일 하반기 투자설명회
285602,오재원 화끈한 역전 만루포…선두 두산 50승 1종합
285603,마크롱 佛 대통령 이란에 핵합의 준수 촉구
285604,총알녹여 만든 펜으로…콜롬비아정부반군 52년만의 평화서명
285605,정의용 러시아行·서훈 아베 면담…방북·방미 결과 설명종합
285606,이스라엘 총리 선거유세 중 로켓포 경보에 또 대피
285607,구글플레이 매출 대부분이 게임…94.4% 비중
285608,한국 최초 장편 SF 완전사회 50년만에 빛 봐
285609,사우디 예멘 반군 폭격…반군은 드론 공격
285610,실명제후 차명계좌도 과징금…이건희 다른계좌 영향권 드나종합2보
285611,인천 오후 3시35분 대설주의보…눈 3.1cm 쌓여
285612,이달 29일다음달 15일 태양 전파 간섭…통신 장애 예상
285613,김민석 대표 더민주 사드배치 반대 당론 채택해야
285614,시진핑 절대권력 분수령 4중전회 돌입…홍콩 해법도 주목종합2보
285615,수출입은행장에 방문규 전 기재부 2차관 내정
285616,그래픽 네이마르 몸값 1위 등극
285617,빈손 현실화하는 4월 국회…극한정쟁에 뒷전 밀린 민생입법
285618,日 백색 국가서 韓 제외 절차 진행할 것…방침 변화 없어종합
285619,한국당 靑대화 제안 거부하고 연일 평양올림픽 공세
285620,96단 4D 낸드플래시 등 2019년 빛낸 산업기술성과 15선 선정
285621,데이터 소비 없이 실시간으로 사진공유 시스템 개발
285622,소비사회 이룬 중국서 산업혁명이 일어나지 않은 이유
285623,특징주 바이오로직스 상장 재료에도 삼성물산 주가 약세
285624,삼성 프리미엄폰 매출 비중 30％ 밑으로…사상 최저
285625,文대통령·백악관 북한 선제조치에 대한 반응 미묘한 온도 차
285626,내일날씨 전국에 비 소식…쌀쌀한 날씨 이어져
285627,지방선거 D30 나라다운 나라 vs 나라 넘기겠느냐
285628,홍콩 독립 깃발
285629,NBA 휴스턴 LA 클리퍼스 꺾고 홈 13연승 질주
285630,휴대전화 20% 요금할인 받아도 유심 기기변경 가능
285631,멕시코 대통령 우리 군의 미군 심문 사건 사과할 용의 있어
285632,역대 과도정부 어떻게 운영됐나
285633,KBO 새 외국인선수 몸값 상한 100만 달러로 제한
285634,찜통더위 식히는 장맛비…제주·남부 해안 최대 150㎜이상
285635,리허설 중인 남측예술단
285636,노래방에서 지인 성추행 외교부 사무관 불구속 입건종합
285637,국고채 금리 대체로 상승…3년물 연 1.742%
285638,北 김정은 직총 7차대회 참석자들과 기념사진
285639,NH투자증권 ISA 일임형 수수료 0.10.5% 받는다
285640,미토콘드리아 DNA 돌연변이 없애는 효소 단백질 발견
285641,정의용 내일부터 중국·러시아 연쇄 방문…방북·방미결과 설명
285642,40년 전 부마항쟁 부산 시위 사진 2점 최초 공개
285643,최정 재역전포 SK 한화에 1경기 차 추격…두산은 5연승
285644,캠코 광진구 아파트 등 693억원 규모 압류재산 공매
285645,게시판 아리랑TV 아프리카개발은행 총회 개회식 생중계
285646,SKT AI리서치센터 조직 신설…글로벌 인재 영입 나선다
285647,KBO 내년 1월 서울·대구에서 기록강습회
285648,한국판 마블 꿈꾼다…웹툰·영화 슈퍼스트링 프로젝트 추진
285649,유영민 과기장관 강소특구는 지역 혁신의 중심…지원책 강구
285650,北 고위인사들 정권수립일 맞아 금수산태양궁전 참배
285651,추미애 한국당 기무사 계엄문건의 수혜자…반성은커녕 물타기
285652,부산은행 주당 179원 중간배당 결정
285653,루니 맨유 통산 249골…팀 역대 최다골 타이
285654,이탈리아 연구자 천재 화가 다빈치는 양손잡이
285655,LG생활건강 웅진식품 인수 검토 안한다
285656,이동통신 번호이동 6일까지 전면 중단
285657,게시판 올레tv 키즈 월정액 독서서비스 대교 북클럽 출시
285658,드라마 제작환경 개선 촉구
285659,한화큐셀IBK자산운용 태양광 사업협력 MOU 체결
285660,창원세계사격대회장서 경남 시·군 관광 세계에 알린다종합
285661,14○○○○…기업이 요금 내는 대표번호 나온다
285662,朴대통령 北핵포기 위해 일치된 국민 마음 중요
285663,디발라 멀티골 유벤투스 안방서 바르사에 30 완승
285664,개성공단기업에 휴업·휴직수당…지방투자촉진보조금 확대종합
285665,조배숙 중앙위 정례회의 주재
285666,벚꽃 바라보기
285667,김종인 문재인 고군분투 수고…수도권 결집에 큰 도움속보
285668,금투협 7월 채권시장 투자심리 개선 전망
285669,의원들과 인사하는 장제원
285670,美 인터넷 기업들 이슬람 극단주의 동영상 자동차단 검토
285671,연평도 방문한 이해찬 대표
285672,미국인들 美 과거보다 분열…트럼프 당선되면 분열 심화할 것
285673,영상 류현진 올스타전 선발 가문의 영광이다
285674,인천공항→송도 택시요금 12만원…바가지 택시·콜밴
285675,파나마전 손흥민 마지막 활용 기회…실험보다 안정 택할 듯
285676,복귀전 사나이 강정호…세르벨리 8년 쉬어도 홈런 치겠네
285677,KT인텔 평창 5G 위해 맞손…네트워크·플랫폼 결합
285678,조용중 전 연합뉴스 사장 별세
285679,日언론 WTO서 안보조치 정당성이 쟁점…한국에 유리할 수도
285680,증시신상품 NH투자증권 ELS 5종 모집
285681,갤럭시 S11 5천㎃h 배터리 탑재 예정…삼성폰 최대 용량
285682,이란 사우디 석유시설 공격 英 주장에 무기나 팔지 마라
285683,토론토는 유망주 천국…류현진 짝꿍 포수들도 젊은피
285684,즐라탄 2골 맨유 사우샘프턴 꺾고 EFL컵 우승
285685,프로축구 수원 서정원 감독 성적 부진 책임지고 자진 사퇴
285686,노웅래 출판계 블랙리스트 만연…배제도서 또 있다
285687,화려한 조명 공주 석장리 구석기 축제 수놓는다
285688,악수하는 황교안과 이해찬
285689,MLB스카우트 몰고 다니는 린드블럼 미국 진출 내 의지...
285690,라모스 R.마드리드서 뛴 100번째 유럽 대항전서 헤딩...
285691,터키 쿠르드 군사작전 임박…대통령실 곧 시리아 국경 넘을것
285692,인스타그램 AI가 악성 콘텐츠 자동 신고한다
285693,제주 성산일출축제 AI 확산 우려에 2주 앞두고 취소
285694,SK 문경은 7차전이라는 각오로 vs DB 이상범 절...
285695,한국스위스 기초·생명과학 등에서 협력 강화
285696,평화 지도부 선출 D2…유성엽·정동영 노선공방 계속
285697,설립 1년 북한인권기록보존소 北인권 가해자 245명 혐의 확인
285698,애플 아이폰 이용자 간 간편 송금 서비스 검토
285699,일본인들이 기록한 군함도 고통의 역사
285700,입장 발표하는 방화·흉기난동 희생자 유족
285701,한국방송협회 지상파 신뢰 회복에 최선 다할 것
285702,현대기아차 수해차량 무상점검 등 특별지원
285703,靑 한국당 주장 환경부 블랙리스트 문건 보고받은 적 없어
285704,오바마 대선은 리얼리티 TV쇼 아냐…민주당 곧 화합 기대
285705,카카오 블록체인 서비스 진출…ICO 여부 관심
285706,김경문 감독 왕웨이중 AG 출전 지금은 말할 때 아니야
285707,작년 쿠바 방문 한국인 7천500여명…50% 증가
285708,과기정통부 시민단체 전문가도 기관평가 참여 허용
285709,한미FTA 환율 논란…미국 함께 타결 vs 한국 별개 협상종합
285710,安 총선연기론 논란…법 위반 vs 신인 기회보장
285711,언론중재위 미투 선정적 보도 112건 시정권고
285712,월드컵 문 대통령 멕시코전 태극전사들 응원나선다
285713,프로농구 오리온 대학생 실무 체험 프로그램 운영
285714,그래픽 육아·가사하는 남성 작년 17만명…역대 최고 수준
285715,토니모리 종속회사 中 공장 신축에 230억원 투자
285716,알파고 CEO 모든 준비 끝…이길 자신 있다
285717,정운호 네이처리퍼블릭 대표직 물러나
285718,새해 첫날 맑고 쌀쌀…충북 전역 한파 특보 이어져
285719,올겨울 들어 가장 춥다…서울 16.9도·대관령 22.1도
285720,伊서 테러 용의자 적발 잇따라…대테러 단속 강화종합
285721,KEB하나銀 최저임금 인상 영향 소상공인에 금융 지원
285722,마틴 역전 3점포솔로포 2방…다저스 지구 우승 매직넘버 5
285723,통일부·국방부·공정위·조달청·방사청 업무평가 미흡
285724,브라질 조기 대선 논의 가열 조짐…노동계도 가세 움직임
285725,창작뮤지컬 비상 제작발표 및 홍보대사 위촉식
285726,나주 혁신도시 공공기관 노조 기관장들이 SRF갈등 해결 나서야
285727,케냐서 열린 한복 패션쇼
285728,朴대통령 민의수용·對野 협력…여소야대 감안한 개혁에 방점
285729,월미도 새 모노레일 내년 추석엔 달릴 수 있을까
285730,비행기 탈 때 주의하세요…배터리·스마트가방 처리기준 마련
285731,정부청사 떠나는 김상곤 부총리
285732,그래픽 자가주택 담보대출 없는 가구 비중 57%
285733,가빈·산체스 같은 조에서 경쟁…눈도장 받기 테스트 시작
285734,체코 혁명사와 록 음악의 결합 연극 록앤롤
285735,박용택 개인 통산 안타 신기록 달성…LG는 롯데에 역전승
285736,박정아 발목 수술에도 도쿄올림픽 예선 기여하고파
285737,유벤투스 이탈리아 FA컵 우승…가자 트레블
285738,이란 외무장관 사퇴 소동은 외무부 패싱 탓
285739,獨 브레멘서 좌파3당 연정 합의…옛 서독지역 첫 좌파연정
285740,프로농구전망대 절대 1강 현대모비스 2약 DB...
285741,결산안 제안설명하는 진영 장관
285742,오케스트라 문턱을 낮추다…발달장애 아동과 앙상블
285743,지겨운 플래툰 강정호 타격감 유지하기가 힘드네요
285744,지지율 고전·당 분열에 궁지몰린 트럼프…참패 가능성도 제기
285745,삼성전자 갤럭시S8 체험존 방문객 160만명 돌파
285746,女배구 라바리니 감독 김연경 비중 줄인 것 가장 큰 성과
285747,광주 무인 공공자전거 명칭 타랑께 선정
285748,여야 의원들 미 대선은 어떻게
285749,이란서 애국 강조 국민MC 캐나다서 원정출산 의혹 거센 비판
285750,IS 맞선 시리아 민병대 가담 스위스인 귀국후 벌금형
285751,美민주 전대 총격사건 피해자들 눈물로 총기규제 호소
285752,정보당국 국방망 해킹 북한소행 추정…기밀도 보관
285753,베네수엘라인 브라질 난민 신청 쇄도…브라질 정부 대응 나서
285754,부동산정보 플랫폼 다방 정보보호관리체계 인증 획득
285755,차상현 GS칼텍스 감독 이소영 강소휘 둘 다 빠진 건 처음
285756,한국거래소 파생전략 지수 2종 20일 발표
285757,국기에 경례하는 한상혁 신임 방통위원장
285758,팔레스타인 수반 김영남에 가자지구 희생 위문·연대에 사의
285759,A매치 6경기 연속 무패 벤투호 호주 원정 마치고 귀국
285760,남은 연차 아낌없이 쓰자…연말 여행수요 몰린다
285761,손흥민 팀 훈련 복귀 웃는 얼굴로 돌아왔다
285762,진보·보수 한자리에…원주 사회적 대화
285763,역대급 눈폭풍에 워싱턴 초비상…사재기에 항공편 무더기 결항
285764,제5회 디지털9 장관회의
285765,11위를 피하라…서울·인천·상주의 K리그1 생존 혈투
285766,하태경 의원실 사칭 가상화폐 이메일은 북한 소행
285767,러시아 하원 국제 인터넷망 단절 대비 법안 1차 승인
285768,한미정상 15번째 통화 북미회담 성공위해 흔들림없이 긴밀협의종합
285769,현대모비스 잡은 이정현 져도 본전이라는 생각으로 했다
285770,安 여야 선거구 무법사태 사과하고 해결책 내놔야
285771,국립현대미술관 미술과 민주주의 화두로 국제심포지엄
285772,노 딜 브렉시트만은 막자…英 야당 대표들 회동
285773,K리그 × 마블MARVEL 콜라보 MD 9월 첫째...
285774,갤럭시S8 와이파이 접속 오류…소비자 불만
285775,K팝 채널 SM타운 한국 최초 구독자 1천만명 돌파
285776,日방위성 자위대 호위함 이즈모 부산 파견 안해
285777,정점에 오른 한선수 최고가 된 정지석…대한항공의 상승 동력
285778,MB측에 평창올림픽 초청장 전달
285779,독립기념일 행사 가던 그리스 총리 헬기 터키 전투기가 위협
285780,美상원의원들 中국영 통신회사 미국내 사업허가 재검토해야
285781,北 당대회 앞두고 국경 300세대 강제이주 지시 데일리NK
285782,WSL 우승 지소연 내 점수는 100점 만점에 75점
285783,베네수엘라 서부 40도 폭염 속 정전 계속…300여개 상점 약탈
285784,유튜버 고소득 순위 세대교체…英 게임방송인이 올해 1위
285785,개헌안 조문 공개까지 마친 靑…이제는 野 설득 총력전종합
285786,1년 자격정지 김호철 감독 배구협회 상대 재심 결과에 관심
285787,국회 정상화 협상 데드라인 임박…與 6월 단독국회 소집 검토
285788,넥센 로저스 한화에 미안하다는 말 밖에는 할 게 없다
285789,도쿄 대첩 투톱 김신욱이근호 자메이카전에 재가동
285790,靑 김기식 논란 정면돌파 태세…선관위 유권해석 결과가 변수
285791,르포 히로시마엔 일장기·성조기 물결…오바마 한번 보자
285792,유해가스 감지능력 10배 높인 나노센서 개발
285793,캠코 공공부동산 관리기관 글로벌 네트워크 亞 집행위원 선출
285794,LG유플러스 대학생 서포터즈 유대감 4기 모집
285795,시리보다 내가 낫다…빅스비의 세로드립 도발
285796,AI로봇이 고객에 인사하고 안내…KT 지니스토어 오픈
285797,모바일 동영상 앱 하루 평균 30분 쓴다…작년보다 73%↑
285798,공영방송 이사 후보자 검증 결과 발표 기자회견
285799,언론중재위 제7회 전국지방선거 선거기사심의위 출범
285800,NH투자 현대산업 깜짝 실적 기대
285801,대리모로 쌍둥이 얻은 호날두 이번 주 아기들과 상봉
285802,게시판 카카오 제주서 최우수 협력사 초청행사
285803,뜨거운 감자 포털 규제…필요성·시행안 등 논쟁 가열종합
285804,KT 아이언맨 디자인 적용한 에그 출시…15만4천원
285805,포체티노 토트넘 감독 손흥민의 골 승부를 바꿨다
285806,이란 최고지도자 팔하마스 만나 대이스라엘 항전 치하
285807,구미·안동 한때 초미세먼지 주의보…곳곳 뿌연 하늘종합
285808,아프리카TV 2분기 영업익 61억원…43% 증가
285809,성큼 다가온 초가을
285810,한국당 미투 고리로 공세 강화…문 대통령 사과도 요구
285811,되는 집안 다저스 신인 스미스 끝내기 홈런
285812,차기 금융투자협회장에 4명 도전장…25일 선출종합
285813,인간 북극곰 5천명 해운대 겨울바다에 풍덩
285814,함보세 박영선 장관 업무보고 왔다가 청문회 공방에 갑분싸
285815,터키 참전용사의 고귀한 희생 보답하겠습니다
285816,마크롱 G20서 트럼프와 이란 위기 해법 논의할 것
285817,라틀리프 합류한 韓농구 숙적 중국·이란을 넘어설 수 있을까
285818,김정은 핵무기 운반수단 총력 지시 의도는…핵·미사일 올인
285819,U23 챔피언십 4위 김봉길호…와일드카드 찾아라종합
285820,LG전자 올데이 그램
285821,평양공동선언 오찬장 준비하는 김여정
285822,시리아 내 러시아 공군기지 상공서 무인기 3대 격추돼
285823,지난해 인수합병 상장사 106곳…5.4% 감소
285824,더빙하는 도종환 장관
285825,김영기 금융보안원장 블록체인 테스트 역량 강화
285826,안철수 수도권 총선 연대론에 저는 들은 바 없다
285827,손학규 조기 대선해도 개헌할 시간 충분…욕심 버려야
285828,유승민 안철수 조기 사퇴 중재안은 통합중지안
285829,한국 춤의 명인들 美 LA서 한국의 미 선사
285830,SKT 천재 해커 CEO 영입…인공지능 연구 누구나 설립종합
285831,야구경기를 손안에서 더 생생하게…LGU＋ 프로야구 앱
285832,박항서 감독 다시 선택해도 베트남
285833,특징주 CJ CGV 3분기 실적 우려에 신저가 행진
285834,북아일랜드 축구대표팀 감독 음주 운전 혐의 체포
285835,폭우도 막지 못하는 홍콩 대규모 집회
285836,한국타이어 1분기 영업익 1천844억원…20.6%↓
285837,그래픽 청소년 27% 모바일 기기로 불법·유해사이트 방문
285838,알뜰폰 KT 엠모바일 롯데 엘포인트 요금제 출시
285839,보령∼부여 도로 확장공사 착공…2022년 개통
285840,프로농구 현대모비스 라틀리프·존슨·쇼터 외국선수 구성 완료
285841,영상 우리만 차별…갤럭시S8·S9 출고가 해외선 내렸다
285842,삼성 갤노트7 리퍼폰 판매…재활용·친환경 처리도
285843,트럼프 힐러리에 더이상 나이스 가이 없다…대공세 예고
285844,中 화웨이 美와 무역전쟁에 글로벌시장 점유율 1위 내줘
285845,KIA 떠난 헥터 야구 광팬들 위해 뛴 기억 간직하겠다
285846,직원 20만명 뱅크오브아메리카 2년내 최저시급 20달러 약속
285847,힐러리트럼프 슈퍼화요일 대회전 대승…본선 대결 가시화종합3보
285848,이야기꾼과 섬진강 구석구석…곡성 관광택시 9대 운행
285849,신간 중국 현대미술의 길·일본 건축의 발견
285850,20대 기업 100원 벌어 64원 협력사·직원·정부와 나눠
285851,통신3사 내일부터 유심가격 일제히 1천100원 인하종합
285852,남녀 선수 대우 동등하게…英 작은 구단의 파격 실험
285853,삼바 분식회계 첫 구속기소…증거인멸 자회사 직원
285854,민주 靑 회동 초당적 협력 첫발…한반도 평화 긍정 신호
285855,여름 바다로 가자…삼척 해수욕장 등 우수 해수욕장 6곳 소개
285856,20조 국가RD 금고지기 과기혁신본부 출발부터 휘청
285857,北매체 미국이 건드리면 전략군이 불바다 만들것 위협
285858,KT·펍지 5G 배틀그라운드 모바일 전국대회 개최
285859,성인 60% 정부 통신비 인하 정책에 불만족
285860,의안과 앞에서 법안 제출 시도하는 민주당
285861,朴대통령 한불 비즈니스포럼·K콘 참석…파리서 경제·문화외교
285862,스페인 지중해 난민선 오픈암즈 입항허가…선박 측 난색종합
285863,러시아 징계당해도…한국 女배구는 亞예선 통과해야 올림픽 출전
285864,모리뉴 감독 루니 중국행 가능성에 루니에게 물어봐
285865,특정후보 찍어 달라…문자 보낸 공무원 항소심도 벌금형
285866,LG화학 GS이엠 양극재사업 인수…배터리소재 경쟁력 강화
285867,프랑스 노란 조끼 8차 집회 열려…시위 규모 크게 줄 듯
285868,KB국민은행 3월까지 환전 이벤트…최대 90% 환율우대
285869,신간 안중근 안쏠로지
285870,1천500조 넘어선 가계부채 기준금리 인상에 위태위태
285871,北 김정은 김정일 생일 맞아 금수산태양궁전 참배종합
285872,유럽증시 미 금리동결 영향 속 혼조…런던은 0.42% ↑
285873,국립발레단 마지막 무대서 열연한 김지영…끝까지 주인공
285874,증권가 올해 삼성전자 연 매출 200조·영업익 30조원 재돌파
285875,SNS돋보기 애견에 물리는 사고 속출…견주부터 반성하자
285876,민족주의와 자본주의 심화가 제1차 세계대전 낳았다
285877,광주 북구 수영대회 붐업 캠페인
285878,르포 1분이 1시간 같아 황태도 소방차도 얼어버린 대관령종합
285879,中 트럼프의 홍콩인권법 서명에 대사 초치 강력 항의
285880,쇼핑 천국 홍콩은 옛말…시위 격화에 쇼핑몰이 몰락한다
285881,배로 변한 의자·털로 된 종…일상의 바깥을 엿보다
285882,30일부터 보험사도 DSR규제 시범도입…내년부터 관리지표
285883,국내 언론사 평양지국 설치는 당위…평화체제에 도움
285884,3당 대표 열흘 전국 82∼107곳 돌았다…70%가 수도권
285885,예의 없는 셀카 때문에…체코 해골성당 사진 촬영 제한
285886,박기원·신진식 감독 도쿄올림픽 예선 때 V리그 중단 말아야
285887,남자농구 국가대표 허재 감독 사퇴…김상식 코치가 대행종합
285888,창원시 지역 3개 대학 학보사와 홍보교류 업무협약
285889,22안타 KIA 두산 5연승 저지…로저스 친정 한화에 완투승
285890,홍콩서 10분거리 선전 스타디움에 中병력 수천명 퍼레이드종합
285891,노벨상 日 오스미 명예교수 매우 영광…과학은 도전이 중요종합
285892,자민당 전당대회서 연설하는 일본 아베 총리
285893,불운 씻은 브리검 뒤늦은 3승…이제는 내가 에이스
285894,코스메카코리아 200억원 전환사채 발행 결정
285895,네이버 검색 광고 전체 광고 매출의 82.4% 차지
285896,관람객 늘어날까…강릉 올림픽 홍보관 콘텐츠 보강
285897,여자배구 새 용병 프레스코 입국…흥국생명서 뛰게 돼 기쁘다
285898,볼턴 시리아 조건부 철군 표명…IS 격퇴·쿠르드 안전확보종합3보
285899,민주노총 총파업 대회
285900,與 선대위 체제 조기전환 카드…쇄신론 넘어 총선 앞으로
285901,북한 처음으로 1인당 GDP 1천 달러 넘겨
285902,금융위 소규모펀드 정리작업 1년 연장…5% 수준까지
285903,전태풍 2득점 비디오 판독 후 3점으로 정정…1점차 승부...
285904,사우디에겐 재앙인 석유시설 피격 러시아엔 무기 팔 기회
285905,비밀감옥서 살인ㆍ고문 자행 아르헨티나 전 장성 종신형
285906,과천과학관 미래상상SF관 함께 만들 기업 유치
285907,켈리 vs 해커 플레이오프 2차전 선발 맞대결
285908,게시판 현대홈쇼핑 교보문고와 함께 모바일 전용 생방송
285909,靑 ASEM 계기 한일정상회담 추진 중인 것 없어
285910,LG유플러스 모바일 고객에 유튜브 프리미엄 3개월 무료
285911,중앙과학관서 청소년 기자 취재대회 개최
285912,삼성·LG·구글·화웨이까지…10월 스마트폰 카메라 전쟁
285913,튀니지 해역 떠돌던 방글라 이주자 30여명 본국 강제 송환
285914,알리바바 홍콩증시 상장 첫날 공모가보다 6% 넘게 급등
285915,이란 유럽 핵합의 지킬 의지 없다 강력 항의
285916,KT 기가 와이파이 홈 가입자 100만 명 돌파
285917,세계서 가장 오래된 英여행사 토머스 쿡 파산 위기더타임스
285918,ELS·DLS 은행 판매 제한해야…정보 제공도 강화 필요
285919,대한항공 차세대 항공화물 시스템 아이 카고 도입
285920,평창관광의 밤
285921,사우디서 수리 이란 유조선 두 달 반 만에 출항종합
285922,靑 美 북한산 석탄문제 대응 클레임 無…韓정부 신뢰 밝혀
285923,KBS 보궐이사에 김상근씨 추천…이사회 여당 우위로 재편
285924,데이터는 줄이고 화질은 높이고
285925,중국 무역전쟁 속 최대 이벤트 양회 개막종합2보
285926,신간 내가 그대를 잊으면
285927,국민 67% 일본 제품 불매운동에 참여하겠다리얼미터
285928,디지털혁명으로 인한 노동력 과잉…일자리와 부富의 미래는
285929,수단 독재자 바시르 부패 혐의로 검찰 출두…퇴진 후 첫 등장
285930,러시아 시리아 난민 캠프 공습…민간인 13명 사망
285931,시진핑 북한 뒷배 과시…北공연에 부부 동반 관람으로 예우
285932,MWC 주인공 될 새 폰은…LG 듀얼 디스플레이폰 공개 가능성종합
285933,SK 로맥 KBO리그 통산 3만호 홈런 작렬종합
285934,말레이 검찰 김정남 살해 베트남 여성 석방 불허 재판 계속종합
285935,얘기 나누는 임종석 비서실장과 이효성 방통위원장
285936,LG G6 출시 첫 주말…대목 맞은 신도림 테크노마트
285937,이재용 부회장 구내식당서 경영진과 점심
285938,그래픽 아이폰X·갤노트8·V30 주요 사양 비교
285939,총기폭력 더 방치 못해…美 초강력 총기규제안 도입종합
285940,한국당 중국·러시아 군용기 침범 관련 기자회견
285941,수원청년지원센터kt wiz 청소년문화활성화 협약
285942,그래픽 사모펀드 판매 계좌 수 추이
285943,2019년 제1회 외국인투자 정책협의회
285944,세월호 시국선언 문화예술인 116명 검열·지원배제 확인
285945,쿠르드 총사령관 역사적 작전…5개월간 알바그다디 추적종합
285946,주말 N 여행 호남권 29㎝ 폭설 지리산·무등산 통제 풀려…산행 후 홍삼스파
285947,카드뉴스 산타할아버지 지출액은 매년 28조원…빌 게이츠보다 부자
285948,OANA 총회 보도사진전 개막
285949,이노비즈 테크놀로지스가 개발 중인 라이다
285950,안철수 드루킹 여당 사조직의 여론조작…고문보다 더 지독종합
285951,美·터키 갈등의 원인 러시아산 S400 미사일 터키 첫 도착종합2보
285952,김영주 고용노동부 장관과 얘기 나누는 문 대통령
285953,신간 시가 나를 안아준다
285954,방심위 6월 좋은 프로그램 5편 시상
285955,中 호주의 화웨이 5G 사업 배제에 발끈… WTO에 공식 불만 제기
285956,스마트폰으로 다 해결…모바일 온리족 53%가 중장년층
285957,北외무성 日 일본군 성노예 범죄 사죄배상해야
285958,아시안게임 여자축구 홍콩과 8강전에 지소연 등 선발 출격
285959,마지막 올스타전서 모교에 1천만원 안긴 김주성 좋은 추억될듯
285960,작년 성탄 전날 대피소동 시드니 34층 아파트 붕괴위험 없어
285961,미중 갈등 속 시진핑 아시아 국가들 모아 중국몽 키우기
285962,反난민 伊부총리 獨 난민구조선 리비아에 난민 내려놔야
285963,조명균 김영철 이달초 미사일실험장 폐쇄 준비 언급종합
285964,제주 산간 호우주의보…장마전선 영향
285965,朴대통령 푸틴 이어 시진핑과 회담…북핵공조·사드설득
285966,북한에 허가받은 상설시장 450개…평남 최다
285967,與 공천관리위 논란…김무성 전권달라·친박 말도안돼
285968,독일 10월 제조업 수주 전달보다 감소…제조업 부진 지속
285969,국립현대미술관 법인화 논의 10년만에 없던 일로
285970,민경욱 출연연 신규 채용 67％가 비정규직
285971,한화SC 파트너사와 동반성장 협약식
285972,소수내각 한계 스페인 총리 4월 조기총선 선언
285973,반갑다 여자배구…용병 거포 출격 KOVO컵 21일 순천...
285974,軍 北 사드 물리적조치 위협에 강력한 응징 직면할 것2보
285975,이란 혁명수비대 테러조직 지정에 美 큰 실수 경고종합
285976,에인절스 트라우트와 12년 4억2천650만달러 계약 공식 발표
285977,오래 꿈꿔온 책 속 세계와의 만남…아메리카 문학기행
285978,게시판 MCN 오리지널 콘텐츠 제작지원 사업 공모
285979,SKT 글로벌 5G 통신사 연합체에 핵심 멤버로 참여
285980,이스라엘 대연정 협상 진통…네타냐후간츠 내달초 만날 듯
285981,카페에서 전기차 충전…현대오일뱅크 충전사업 진출
285982,이란 혁명수비대 美 이란과 전쟁하면 이스라엘 궤멸할 것
285983,삼일로창고극장 창작자에게 창고개방
285984,6승 눈앞 류현진 메이저리그 평균자책점 1위 등극종합
285985,세계 항공교통량 연간 4% 성장…20년간 수요 6천800조원
285986,도박사 기질 타고난 쥐 구별법 개발
285987,호날두 FIFA 올해의 선수상 2년 연속 수상…메시 또 제쳤다
285988,Sh수협은행 공공주택 임차보증금 담보대출 출시
285989,15년 만에 외국인 챔피언전 MVP 화이트 팀 우승만 신...
285990,전국농어촌군수협의회…자치단체 간 재정격차 완화 촉구
285991,기자회견장 나서는 전현희
285992,법정 출석하는 김어준
285993,신간 플라톤 국가 강의·씨알과 연대
285994,여자농구 우리은행 KDB생명 꺾고 정규리그 6연패 눈앞
285995,전북 총선 출마 예상 민주당 소속 기관장들에 잇따라 의혹 제기
285996,탬파베이 영웅 최지만 오늘은 끝내기 홈런…시즌 18호 아치
285997,통신망부터 단말·서비스까지…세계 최초 5G 올림픽 눈앞
285998,문대통령 북미 비핵화 협상 소강국면서 다시 중재행보 시동
285999,경매사 필립스 한국사무소 26일 문열어
286000,통일부 北 평창 패럴림픽에도 대표단 보내겠다 알려와종합
286001,안랩·예모비 카카오 블록체인 플랫폼 클레이튼 합류
286002,홍용표 김정은 새로운 전략 없이 유훈에 의존
286003,금감원 대심제 시행하자 제재 처리 빨라지고 진술인 늘어
286004,춘천 닭갈비축제 무더위 피해 연다…콘텐츠·위생 강화
286005,한국기자협회 TV조선 압수수색 시도 중단해야
286006,평양정상회담 감사 인사 전하는 문 대통령
286007,애플에 치이고 중국에 밀리고…삼성전자 혁신만이 살 길
286008,연분홍 벚꽃 길따라
286009,미군 주둔 이라크 기지에 또 로켓포 공격
286010,추석 앞두고 진도서 흥겨운 강강술래 보세요
286011,女배구 대표팀 러시아 입성…2일 캐나다와 티켓 대결 첫 경기
286012,朴대통령 명예퇴진 수용할까…靑 기류변화 없지만 지켜보자
286013,일왕 즉위식장으로 가는 왕의 동생
286014,kt 피어밴드 NC와 연습경기 3이닝 무실점 쾌투
286015,軍 당국자 문답으로 알아본 北 미사일 기술 수준은
286016,모의시험하는 선관위 직원
286017,한국당 조국 임명 대비 긴급 최고위원회 개최
286018,추신수 시범경기서 무안타 1볼넷…3경기 연속 출루
286019,與 檢과 전면전 태세…특검카드 꺼내고 공정수사특위 꾸리고종합
286020,해킹 원천차단하는 양자암호통신 국가시험망 개소
286021,정부 유류세 10% 안팎 인하 검토…휘발유 ℓ당 82원↓
286022,2차 정부 업무보고…주제는 외교·안보·남북관계
286023,통합개혁신당 답변논의
286024,베네수엘라 주재 美 외교관·가족 일부 철수…귀국길 올라
286025,게시판 한국거래소 코스닥 미래산업 IR 콘퍼런스 개최
286026,연트럴파크서 스타트업과 만나요…홍합밸리 축제
286027,베스트셀러 흔한남매 2권 1위 올라
286028,부산 추석 연휴 절도·폭력 증가…성범죄는 감소
286029,LS전선 中자회사 지분 LS EV 코리아에 현물출자
286030,버드와이저 제조 업체 테슬라 세미트럭 40대 사전 주문
286031,유진벨재단 정부 결핵 치료약 대북 반출에 난색
286032,홍콩 시민이 들고 있는 하늘이 중국 공산당을 멸할 것이다 손팻말
286033,7색 해수욕장 여름 부산으로 오세요…영어신문 발행
286034,지상파 3사 북미정상회담 특별 생방송 체제 돌입
286035,개성공단 출입경 원활…오늘 체류인원 248명종합
286036,동정 최양희 미래부 장관
286037,새누리당 교문위원들 유성엽 교문위원장 사퇴 촉구
286038,구글 이해진 구글도 검색결과 논란 발언 유감…사실 아냐
286039,검찰·언론개혁 없이 정의 실현 불가능 광주서 시국 성명
286040,월드컵 전패·아시아 꼴찌 최악 위기에서 반전 이룬 ...
286041,구자철 풀타임 아우크스부르크 샬케에 23 패배
286042,강백호 2타점 2루타 뒤집기 마법…kt 6연패 수렁서 탈출
286043,김호철 재심서 도의적 잘못 인정…협회에 프로행 추진 알렸다
286044,잘나가던 獨경제 성장률 전망치 뚝…제조업 수주도 빨간불종합
286045,탄자니아 10월부터 부룬디인 난민 20만명 송환…유엔은 우려
286046,류현진 수비 불안·좁은 스트라이크존 딛고 시즌 11승 달성
286047,벤투호 1기 대표팀 3일 소집…AG 金 손흥민도 합류
286048,당국 하나금융 회장 선임절차 제동…회추위 예정대로 강행종합3보
286049,민병두 모든 서울 시민에 휴먼게놈지도 제공
286050,NH투자증권 조선·해운업종 기업 간 빅딜 어렵다
286051,삼성 갤S8 vs LG G6…소비자 고민 깊어진다
286052,평양공동선언 일정 브리핑하는 김의겸 대변인
286053,첼시 미들즈브러 완파…EPL 우승까지 1승만 더
286054,터키 러시아제 미사일 도입에 나토 최악의 위기
286055,최효준 서울시립미술관장 삶을 바꾸는 미술관 만들겠다
286056,올림픽 문 대통령과 북한 대표단 공동 응원
286057,쪼그라든 이동통신시장…G6·갤럭시S8 등판에 희망
286058,힐러리측 트럼프 더한 공포·분열·분노·증오만 강조
286059,선거구획정위 국회 지역구 정수 등 조속히 확정해야
286060,北 SLBM 발사에 고체연료 사용한 듯…안정적 발사 가능
286061,카톡 메시지 송·수신 일시 지연…시스템 과부하종합
286062,中상하이증시 장중 4%이상 폭락…제조업 부진·중동불안 영향종합
286063,신년사 손학규 다당제·합의제로 희망 드리는 정치 실천
286064,프로축구 K리그1 수원제주 FA컵 8강서 격돌
286065,해 넘긴 장기 파업에 고대영 KBS 사장 결국 퇴진
286066,아가메즈 부상으로 2∼3주 결장…우리카드 날벼락
286067,물오른 황의조·돌아온 석현준…다른 매력 원톱 경쟁
286068,신년회견 중계 ⑤ 문 대통령 새해에도 3% 성장 지속 가능
286069,위험자산 선호 회복…치솟던 금·채권값은 주춤
286070,안보리 결의 신속채택은 언제…미중 여전히 물밑서 기싸움
286071,배당 유보해 투자한다더니…씨티銀 1천억원 배당 결정
286072,기형도 시 전집 길 위에서 중얼거리다
286073,KT 평창동계올림픽 준비현장 점검
286074,서울·제주·도쿄의 동네 책방 이야기
286075,김영란법 유권해석조차 없는 회색지대 많아 혼란
286076,알뜰폰업계 다시 힘 모은다…CJ헬로 3개월만에 탈퇴 철회종합
286077,발언하는 윤관석 정책위수석부의장
286078,아시안게임 광복절에 승전보를…김학범호 공격옵션 다변화...
286079,5년만에 챔프전 SK 문경은 감독 이번엔 달라…초짜티...
286080,시리아 난민 캠프 체류 IS 소속원 추정 미국인 8명 본국 송환
286081,서울 분양아파트 60㎡이하 소형 비중 크게 줄어든다
286082,두 野 공조 양적완화·어버이연합 쌍끌이 대여공세
286083,유연한 고집적회로 머리카락 1천분의 1로 얇게 만들어 옮긴다
286084,U20월드컵 눈 찢었던 발베르데 이번엔 한국 관중...
286085,유승민 당 지도부가 하루하루 당 망가뜨려종합
286086,남북공동연락사무소 추진단 19·20일 개성공단 방문1보
286087,SKT 5G 요금제 인가 재신청…5만원대 요금 포함종합3보
286088,문택규 군산시체육회 부회장 군산시장 출마 선언
286089,베테랑 라디오 작가·PD의 삶과 책 이야기
286090,볼턴 줄리아니는 모두를 날려버릴 수류탄…우크라 압박 반대
286091,전북 수원과 19일 AFC 챔스리그 8강 2차전…대역전...
286092,朴대통령 42년전 유학도시 방문…수소차기술 점검종합
286093,자영업자 경영컨설팅 연계 지원체계 구축 업무협약식
286094,안철상 특별재판부 도입은 위헌 소지…법원행정처 공식의견
286095,아파트 27만가구 올들어 매매가 하락…29만가구는 올라
286096,정의장 사드 국회동의 사안 아니라 쳐도 충분히 협의해야
286097,반갑다 새해…대전·충남 곳곳서 해맞이 행사
286098,횡령 이장석 전 히어로즈 대표 2심도 실형…사기는 무죄
286099,서울 부동산중개업소 2만3천여개…강남구 2천324개 1위
286100,월 9천900원에 2GB 알뜰폰 요금제 출시…보편요금제 반값
286101,태풍 솔릭 대처 상황 보고받는 문 대통령
286102,이집트 수도 카이로에서 열린 케이팝 페스티벌
286103,랜섬웨어는 예방이 최선…최신 보안 업데이트 해야
286104,특징주 신세계·이마트 온라인사업 강화에 신고가종합
286105,코스타리카 6개월 만에 중미지역 협력체 복귀
286106,美제재·환율폭등에 이란인 출국자 30% 감소
286107,차기 위성 무궁화 5A·7호…아시아 시장 정조준
286108,신간 판타지 문학의 비밀·웹소설의 충격
286109,날씨 오전까지 쌀쌀…낮부터 기온 올라3일
286110,조선업 불황에 경남·전남·울산 저축은행 기업대출 줄여
286111,아시안게임 이란에 완패 남자농구 허재 감독 공수 ...
286112,靑 與 원내대표 정진석 선출에 국정 협력 기대
286113,그래픽 애플 1분기 아이폰7 2천150만대 판매…글로벌 점유율 1위
286114,中매체 美 국제규칙을 꼭두각시 취급…유리한 쪽으로만 적용
286115,이라크 프랑스인 IS 조직원 가차없이 사형선고
286116,신한금투 신흥 통화 반등…소재·산업재·대형주 주목
286117,與 비대위원장 인선 표류…지도부 공백 장기화
286118,첼시 스완지 31로 꺾고 선두질주…홈 12연승
286119,LGU 카카오와 실사 이모티콘 제작…유튜버 양팡 첫 서비스
286120,ITU 텔레콤월드에 인공지능·가상현실…미래 신기술 총출동
286121,월드컵 독일파 손흥민·구자철 독일전 투톱…장현수 ...
286122,국립해양생물자원관 개관 1주년…19일 기념식
286123,SNS돋보기 서울 자치구마다 특수학교…인권보호 위해 환영
286124,가평에 전용체육관 GS칼텍스 새 시즌도 봄배구 노린다
286125,렌치 伊총리 트럼프에 비호감 드러내…지금은 공포의 시대
286126,마스크 쓴 홍콩인 대규모 시위…임시정부 수립 주장까지종합2보
286127,중국 남부 폭우로 피해 속출…이재민 163만명 발생
286128,아시아 동성결혼 첫 허용 대만서 軍 동성부부 3쌍 탄생
286129,경찰 골프장 비리 태광그룹 임직원 3명 검찰 송치
286130,한국특수형강 작년 영업손실 197억원…적자전환
286131,새누리당 김태환 의원 탈당계 제출
286132,대한농구협회 8월 아시아퍼시픽 대학 챌린지에 북한 팀 초청
286133,신간 우리가 절대 알 수 없는 것들에 대해
286134,반난민 헝가리 총리 필요하면 마크롱과 싸우겠다
286135,교체 맞대결 추신수강정호 나란히 2타수 무안타
286136,기타 치고 하트 보내고…홀로그램 더 실감 나게 진화
286137,최초의 미세먼지 취소…팬들도 건강 이유 결정에 공감
286138,KT 여름 휴양지에서도 통신서비스 걱정 마세요
286139,미생물로 방사성 세슘 없앤다…상용화 돌입
286140,월드컵 전훈 평가전 1무 1패무득점에 부상 악재까지
286141,울릉도 50km 지하에 대규모 마그마 방 존재하는 듯
286142,핀란드 마린 최종관문 의회 통과해 세계 최연소 총리
286143,신한카드 사내벤처로 이익창출한 직원에 배당금 지급
286144,카드뉴스 소비자 기만한 대형마트…과징금은 고작 1천만원
286145,천적 두산 LG 상대 14연승 달리고 매직넘버 5
286146,2018 글로벌 ETP 컨퍼런스 서울
286147,이마트 온라인쇼핑몰 사업 물적분할 이마트몰 신설
286148,여야 北미사일 도발 규탄…강력 제재 한목소리 주문
286149,제임스 떠난 클리블랜드 4연패 제임스 영입 레이커스는 첫...
286150,드라기의 마지막 ECB 통화회의 금리동결…완화적 기조유지종합
286151,스코틀랜드 수반 중앙정부에 분리독립 주민투표 공식 요구
286152,넥센발 쓰나미에 진퇴양난 KBO…先 규약·시즌 후 대책 모색
286153,게시판 한국투자증권 어린이 백일장 시상
286154,규제 강화·비수기 진입…주택사업경기 전국적 위축
286155,캐나다서 대사 소환한 필리핀 공직자 방문도 금지
286156,준PO 최연소 승리투수 안우진 신이 나서 던졌어요종합
286157,프랑스 마크롱 대통령 PSG회장에게 축하 좋은 소식 있...
286158,1회 선두타자 타율 0.692…추신수 오클랜드전 멀티히트
286159,새누리 오늘 가습기 살균제 피해자 면담…대책 수렴
286160,여자농구 우리은행 신한은행 꺾고 8연승 선두 질주
286161,마다가스카르 2019 창원 케이팝 월드페스티벌 결선 진출
286162,신태용호 승선 주세종 자축 득점포 이후 발목 부상
286163,여야 5·18 민주영령 추모…민주주의 발전 다짐
286164,아시안게임 일본전 결승 솔로포 김하성 금메달 꼭 ...
286165,시속 80㎞ 日고속선 고래 추정 해양생물과 충돌…80여명 부상
286166,세기의 대국 알파고 만든 구글의 끝없는 진화
286167,고속버스터미널 앞 스케이트 타는 시민들
286168,프로배구 6라운드 남녀 MVP에 펠리페·듀크
286169,베네수엘라 석유장관 방러…국영석유기업 사무소 러 이전 위해
286170,박병호 복귀포 쾅…KBO리그 정규시즌 908일 만의 홈런
286171,삼성 3분기 스마트폰 불안한 1위…화웨이 또 애플 따돌려종합
286172,게시판 STEPI 에티오피아 STIC 역량강화 연수과정
286173,게시판 과기부·NIA 국가 인프라 지능정보화 사업 설명회
286174,아시안게임 여자농구 김한별 같은 유니폼 입었다면 남북...
286175,국가 폐암검진 논란…가짜환자 양산 vs 조기발견 효과종합
286176,중기부 상반기 벤처투자 1조6천여억원…사상 최대
286177,나노와이어 가공 신기술로 유연소자 효율 높인다
286178,줄리아니·볼턴 국무장관 절대불가…美공화당 기류도 심상찮다
286179,아프리카 차드서 무장단체 보코하람 공격에 14명 사망
286180,쌍용차 작년 영업손실 642억원…매출은 사상 최대종합
286181,금융위 다른 증권사도 유사 사고 발생 가능성 점검
286182,기존 제품 소소한 업그레이드…국내 출시 아이폰8 써보니
286183,日경제보복 문화교류에도 불똥…찾아가는 일본 도서전 차질
286184,서재덕·양효진 프로배구 올스타 남녀 최다 득표
286185,홍영표 노동 유연성·안정성 동시에 높이는 사회적대타협 하자
286186,러 언론 김정은 전용열차 북러 국경 넘어 하산역 도착종합
286187,뉴스통신진흥회 올해 지원할 학술연구사업 11건 선정종합
286188,사진으로 만나는 18년 전 두만강변과 북녘 산하
286189,SK텔링크 알뜰폰 LTE 어르신 요금제 3종 출시
286190,셀트리온 독감 치료용 항체 美 특허 취득
286191,이란 보수세력 유럽이란 금융전담회사에 반발
286192,한·유라시아 FTA 추진…4천400억원 극동개발 참여
286193,돌연변이쥐로 유전질환 원인 찾아…희귀질환 연구 기여
286194,평론가들이 뽑은 대표 작가는 김환기·백남준·박수근
286195,정부 北 김정은 지시만 있으면 핵실험 할 준비
286196,영도구 영하 2.4도 등 부산도 꽁꽁…주말까지 맹추위
286197,8월 하순인데 열대야가…제주 열대야 44일로 역대 3번째
286198,정치권 탄핵 절차 본격화…내년 상반기까지 탄핵 정국
286199,소기업 공동사업제품 공공기관 판로 확대됐다
286200,게시판 키움증권 비대면 신규고객 현금 지급 이벤트
286201,KBS교향악단 9월 여수에서 클래식음악 축제 개최
286202,문학 여성 정치 미래 한일 여성작가 낭독회
286203,朴대통령 김정은의 정신상태는 통제불능속보
286204,위클리 스마트 그 시절 우리의 추억 싸이월드…옮겨 담을 기회는 주자
286205,트럼프 내달 초 유럽 순방 때 아일랜드도 방문
286206,오일뱅크 5년만에 배당…현대중공업 2천800억원 받아
286207,내달 출시될 아이폰 3종 전년틀 유지 디자인·가격 다양화
286208,금감원장 한국GM 회계장부 좀 더 세밀히 들여다볼 것
286209,강원 초록우산 어린이재단원주시 업무협약 체결
286210,LGU 증거인멸 우려 있어 사전 통보 없이 조사
286211,안전자산에 쏠리는 돈…채권형펀드 설정액 사상 최대
286212,사우디 16일까지 줄어든 산유량 3분의 1 복구 목표WSJ
286213,대북 특사단 김정은 만나 文대통령 친서 전달2보
286214,文대통령 개별 대통령기록관 원치 않아 격노…백지화 수순종합2보
286215,네이버 밴드서 계정 도용…타 사이트 ID·PW 탈취가 원인인 듯
286216,4월 총선 여론조사 44건 ‘결과왜곡 여부’ 특별조사
286217,러 모스크바 국제학교 폐쇄…美 해킹 보복조치에 맞불
286218,휠체어 타고 투표소 향하는 홍콩 시민
286219,기활법 사업재편 팍팍 밀어준다…8조7천억 금융지원
286220,부동산캘린더 뜨거운 여름 분양시장도 후끈
286221,英 이어 호주도 美 주도 호르무즈 호위연합 참여키로종합
286222,모리뉴 맨시티 선수들과 경기 후 충돌…물·우유세례 봉변
286223,통신사 5G 설비 공동구축 공동이용한다…1조 절감 기대종합
286224,터키 이라크 바스라·모술 총영사관 재개관할 것
286225,정기국회 100일 대장정 오늘 개막…대선 앞두고 전면전
286226,경주 한수원 찾은 이정현 원전 안전 최상의 상태 유지해야
286227,北매체 朴대통령 아프리카 대북압박 외교 비난
286228,민주콩고서 열차 탈선으로 최소 50명 사망
286229,팔꿈치 가격 맨유 즐라탄 3경기 출전정지 징계종합
286230,정부 카스트로 서거 쿠바 국민과 정부에 애도
286231,승무 등 무형문화재 인정예고 부당…이의제기할 것
286232,문대통령 신임 국무조정실장에 가장 시급한 과제는 규제혁신
286233,월드컵 ESPN의 톱50 선수 중 손흥민 37위…아...
286234,민주 추경 심사 마쳐야 본회의 막판까지 野 압박
286235,단전된 로마 불법점유건물 교황청 추기경이 맨홀 들어가 복구
286236,프로농구 현대모비스 인삼공사에 21점 차 대승종합
286237,이란 보수매체 여성 축구장 입장 외면…개혁진영은 반색
286238,프로농구 KBL 제9대 총재에 이정대 전 현대모비스 부회장
286239,꿈의 빛 X선레이저 구현 성공…신약·반도체연구 발판
286240,고 노회찬 의원 조문하는 이동섭 의원
286241,삼성물산 해외법인들 9천440억원 채무보증
286242,인니 외무장관 사우디이란갈등 중재하러 이번 주 중동행
286243,구글 2019 유튜브 웍스 어워드 국내서 첫 개최
286244,민주 지도부 새해 첫날 이희호 여사 방문…봉하마을 참배도
286245,유진투자 대한항공 항공우주사업 성장 둔화…목표가↓
286246,게시판 LGU 토요일마다 U멤버십 주말의 특권 프로모션
286247,매캐한 잿빛 하늘 전국 아침부터 미세먼지 치솟아
286248,미 전문가 미얀마에 일대일로 타당성 조언
286249,광주과학관 국내 최대 규모 스테인리스 조형물 설치
286250,소속 선수 폭행한 부천FC 유소년 축구팀 감독 입건종합
286251,유엔 北제재 북한 5월 당대회서 경제성과 과시 물건너 가나
286252,해운대 노보텔부산 신세계조선호텔로 재탄생한다
286253,생물올림피아드서 한국대표전원 금메달…중국·헝가리와 공동1위
286254,伊 제1당 오성운동 연정 협상 착수…새 내각 구성 논의 급물살종합
286255,김정은 귀국길 시진핑 만날 가능성 커져…北리길성 베이징에
286256,더불어민주당 가짜뉴스 고소장 접수
286257,靑 文의혹 사실이라면 심각…정쟁고려 직접대응은 자제
286258,넥센 장정석 감독 안우진 계속 선발로 내보낼 계획
286259,신한금투 창립 기념일 맞아 연 5% 금리 PR 특판
286260,메르켈 美의 화웨이 배제 요구에 스스로 기준 정할 것
286261,나토 사무총장 나토러 내달 5일 INF조약 살리기 최종 담판
286262,전북 낮까지 최고 5㎝ 눈…6개 시·군 대설주의보
286263,황총리 제주복합항 준공식…北해상위협 강력 대응종합
286264,포스코ICT현대로보틱스 스마트팩토리 사업에 맞손
286265,시련의 추신수 휴스턴전 4타수 무안타…타율 0.100
286266,손석희 폭행 진실공방…취업청탁·협박vs기사 막으려 회유
286267,이란에서 열린 혁명수비대 테러조직 지정 미국 규탄 집회
286268,벤투 축구대표팀 감독 김학범 U23팀 감독과 첫 회동
286269,더 선명해진 디스플레이…신형 아이패드 프로 체험기
286270,가을느낌의 하늘
286271,與 문무일 회견에 검찰 스스로를 먼저 돌아보라
286272,베스트셀러 이국종 골든아워 빠른 속도로 선두권 위협
286273,늙지않는 벌거숭이두더지쥐 인간 노화 숙제 풀어줄까
286274,靑 8·15 사면 대상·범위는 관계부처에서 검토
286275,203.5cm 거포 디우프 트라이아웃 최대어 주목…평...
286276,채이배 권익위 권력형 사정기관 부패점검 0
286277,삼강엠앤티 최대주주 110억5천만원 주식담보 설정
286278,그래픽 손흥민 아시아 선수 리그 최다 골 경신
286279,위클리 스마트 갤노트10에 적용된 새 색상…화웨이폰 닮은꼴
286280,LIG증권 코스맥스 유상증자로 단기적 주가하락 불가피
286281,2016 경제 떨어진 활력…아직도 먼 소득 3만달러
286282,서민금융진흥원한국증권금융 휴면예금 출연 협약
286283,아이폰8 배터리 팽창·균열 신고 잇따라…애플 조사 착수
286284,아르헨티나 미 헤지펀드와 50억달러 채무상환 사실상 합의
286285,이도연 사격을 마치고
286286,신간 새해·레드닥
286287,미리 보는 與 전당대회…새 지도부 어떻게 뽑을까
286288,내가 바로 축구신이다…메시 상의 벗고 500호골 자축
286289,출판인회의 출판인 경험 나누는 출판정담 개최
286290,게시판 관훈클럽 조셉 윤 초청 포럼
286291,활짝 핀 영취산 진달래
286292,SNS돋보기 손흥민 EPL 아시아선수 최다 골…자랑스...
286293,이통시장 연휴 막바지 열기…불법 보조금·눈속임 영업 여전
286294,내일 전국에 비 온다…귀경길 고속도로 정체 우려
286295,명말청초 예술가가 정리한 잘먹고 잘사는 법
286296,이총리 민간택지 분양가 상한제 부동산시장 봐가면서 실시종합
286297,토종 득점 1위 문선민 연말 시상식 오겠다는 목표 이...
286298,카메라뉴스 황홀한 비경…해남 땅끝 맴섬 일출 시작
286299,中사령관 美사령관에 도발 무섭지 않아…인공섬 포기 안해종합
286300,미래부·창의재단 SW교구활용 교사연구회 모집
286301,北 한미 연합훈련에 총공세 진입 위협…국방위 성명1보
286302,패배 잊은 대전 아산에 21 역전승…11경기 무패 질주
286303,총선 D4 전북 사전투표 이틀째…11시 현재 11% 육박
286304,국방부 자료 유출돼도 적 사용못하게 암호화…국방망 해킹대책
286305,英 코스타 커피 일회용 컵 환경 부담금 피하려 로비 의혹
286306,카드뉴스 하늘에 우주물체 2만개…내 머리에 떨어지지 않을까
286307,獨 美주도 호르무즈 호위 연합체에 참여 안해종합
286308,월드컵 국민 38 한국 대표팀 16강 진출할 것
286309,셀코리아 본격화되나…외국인 엿새째 코스피 팔자 행진
286310,트럼프 또 옐런 때리기…오바마가 원해서 제로금리 유지
286311,野 탄핵안에 與비주류 의견도 담는다…D 데이 저울질 신중
286312,中 홍콩 시위대 역할 검은셔츠 상대로 대규모 진압 훈련종합
286313,영하 14도… 꽁꽁 언 얼음
286314,르포 확성기 켜진 중부전선을 가다…강추위 속 팽팽한 긴장감
286315,흥국생명 이재영 리시브 택배 수준 될 때까지 더 연습해야죠
286316,로드가 돌아왔다 프로농구 전자랜드 인삼공사에 대승
286317,한화 김태균 개인 통산 300홈런에 1…꾸준히 뛴 증거
286318,특징주 이마트 3분기 호실적에 급등
286319,두산 3분기 영업이익 2천612억원…0.9% 증가
286320,등 부상 최지만 2경기 연속 결장…2일 복귀 전망종합
286321,KBS 통합뉴스룸 국장 재난방송 미비 지적에 자진사퇴
286322,국민행복기금 추심없는 채무조정 내달 2일부터 가동
286323,싸이월드 홈피 주소 소유권 1년 연장…접속도 일단 복구
286324,조선일보 전 부국장 장자연 수사 때 조현오가 먼저 전화
286325,홍천 비발디파크 4월 벚꽃축제
286326,현대건설 마야 무릎 통증 호소…황연주 있어서 든든해
286327,민언련 이달의 좋은보도에 삼성 기술유출 누명 공동보도
286328,차세대 지휘자 찾아…서울시향 부지휘자 최초로 공개 모집
286329,경찰 소재 영화ㆍ방송인 맞는 민갑룡 경찰청장
286330,정상회담 D1 취임 1년 만의 대좌…대화·압박으로 성사된 역사
286331,트럼프 크루즈가 지지 선언해도 내가 안 받아들여
286332,최저임금 심의 노동계 불참에 파행…11일까진 논의 종결종합
286333,KT 5G 품질 측정을 위한 특화 차량 개발
286334,홍콩 시민들 긴 투표 행렬
286335,푹 쉰 손흥민 C.팰리스전에서 시즌 3호골 정조준
286336,축구대표 장현수 원소속팀 FC도쿄와 재계약
286337,홍명보 자선경기 22일…2002 레전드 vs K리그 올스...
286338,이효성 방통위원장 PP업계 대표자 간담회
286339,황교안 가짜뉴스 끝까지 뿌리 뽑아내는 집요함 필요
286340,北 경제발전 5개년 전략 김정은 정권에 부메랑 될 것종합2보
286341,텐센트 위챗에 검색·뉴스피드 추가…바이두에 도전장
286342,신영증권 삼성전자 2분기 부진…목표가↓
286343,네이버 야심작 웨일 써보니…화면 분할 기능 편리
286344,끊이지 않는 美총격…미시시피 월마트서 2명 사망종합2보
286345,中전문가들 미국이 촉발한 미중갈등 美경제 쇠퇴시킬 것
286346,논문기여도 국내 1위 서울대…세계 68위로 11계단 하락
286347,주말 N 여행 제주권 인류무형문화유산 해녀문화를 만나다…4.4㎞ 숨비소리길
286348,FIFA 월드컵 트로피 투어 시작…50개국 대장정
286349,SKT 고객·직원 140명 자문단 구성…상품 개발 참여
286350,할리우드 명예의 거리서 바닥 아닌 벽에 새겨진 알리의 이름
286351,청와대 김기식 입장 변화 없다…조국 더미래 강연료 28만원
286352,68세 힐러리의 건강상태는…다리와 두개골서 3차례 혈전 발견
286353,코레일 산불 피해지역 상생발전 위한 여행사 간담회 개최
286354,英 하원의장 브렉시트 위한 의회 정회에 맞서 싸울 것
286355,MBC 대구·대전·전주·충북·여수·원주 MBC 사장 선임
286356,SK텔레콤 글로벌 통신사 중 5G 분야서 가장 유망
286357,北 한국시위 상세한 전달 부담…지도자 반대 역효과 우려
286358,청와대 전교조 법외노조 직권취소는 불가능1보
286359,카카오엔터프라이즈 출범…국내 대표 기업형 IT 플랫폼 목표
286360,위클리 스마트 국화의 계절 가을 파란 국화도 나왔다
286361,박항서 인기는 연기처럼 사라지는것…초심 잃지않을 터
286362,독일 프리랜서 기자가 만든 세월호 다큐 베를린 등지서 상영
286363,특징주 SK하이닉스 사흘째 상승…시가총액 2위에 올라
286364,트럼프 대통령 日 궁중만찬 참석
286365,13년 만에 에버턴 복귀한 루니 등번호 10번 골잡이 ...
286366,오타니 아시아 두 번째 사이클링히트…추신수 이어 4년만
286367,서점인이 뽑은 올해의 책에 82년생 김지영·아몬드 등
286368,크렘린 이달 초 러中 정상회담서 시 주석 방북 협의 안 돼
286369,보수당에 힘 싣자…브렉시트당 유럽의회의원 3명 탈당
286370,FC포르투 석현준 佛리그앙 트루아로 한 시즌 임대 이적
286371,아프리카 수단 이스라엘 비행기 남수단 통과 첫 허용
286372,이동국 K리그 500경기 출전…역대 4번째·필드플레이어 ...
286373,SKT 프리미엄 혜택 담은 T 시그니처 프로그램 출시
286374,박재동 성추행 논란에 울주산악영화제 법인 출범 연기
286375,KBO 시범경기 3월 13일 개막…팀당 8경기씩으로 축소
286376,교보생명 광화문글판 여름편 좋은 건 사라지지 않는다
286377,강릉·경산·영광서 펼쳐지는 단오제 감상하세요
286378,류현진 메이저리그 데뷔 이래 첫 홈런 쾅
286379,주한신임대사 유람선사고 위로…文대통령 무사귀환 기원 바라종합
286380,멕시코 교대생 43명 실종ㆍ피살 2주기…계속되는 진실 은폐
286381,서울시향 모차르트 3대 교향곡 한자리서 연주
286382,한국타이어 계열사 모델솔루션 새 대표에 우병일씨
286383,7월도 바쁜 남북…평양농구에 철도조사·산림협상이산상봉 준비
286384,황의조 손흥민·기성용 넘어 KFA 올해의 선수 오를까
286385,태풍에 부서지고 사라져 새로 설치한 등대 계단 난간
286386,저유가 못버티고…글로벌 석유회사 파산 도미노
286387,5G 주파수 승자의 저주 막는다…내달 15일 경매 개시종합
286388,크리스퍼 유전자가위 임상 첫 승인…질병치료 새 가능성 여나
286389,KT 3D 영상통화 앱 나를 인기 유튜버와 통화 이벤트
286390,최종구 전국 조선 기자재업체에 특례보증·만기연장 지원
286391,한국형 대형추리소설 만든다 HB 스릴러미스터리 컬렉션 출간
286392,난지 한강공원서 빈 필하모닉 연주 감상하세요
286393,미중 무역분쟁에 출렁…환율 변동성 2년3개월만에 최대
286394,LG전자 트리플 카메라 장착한 LG X6 출시
286395,카메라 4개 달린 스마트폰 나왔다…中 지오니 S10
286396,남자배구 신인 드래프트 16일 개최…홍콩 출신 알렉스 관심...
286397,외출때 마스크 준비…청주·제천 초미세먼지 주의보
286398,신간 이 싸움은 우리의 싸움이다
286399,호날두 유럽 톱6 리그 최다 골 신기록
286400,트럼프 망언할 자유 vs 트럼프 비판할 자유
286401,융복합 무용극으로 만나는 여성독립운동가 3人
286402,팬들 불신 없애려면 스트라이크존 데이터 공개해야
286403,여기어때 안심예약제로 중복예약 피해 62% 감소
286404,트럼프 세탁기 덤핑 발언 더 강력한 수입규제 예고인가
286405,LGU 이동형 5G 체험관 5개월 만에 누적 고객 46만명
286406,자리에 앉는 추미애와 김동철
286407,푸틴 美 중거리핵전력조약 탈퇴에 효과적 대응조치 취할 것종합
286408,모스크바 비확산회의 오늘 개막…북미 인사 회동 여부 주목
286409,이제는 싼커시대 자유로워 좋아요…놀멍쉬멍 제주여행 中모녀
286410,인도 논 한가운데에 15㎏ 돌이 하늘에서 쿵…운석 추정
286411,서해 짙은 안개…인천 여객선 8개 항로 차질
286412,내주날씨 화요일까지 전국에 비…주 후반 찜통더위
286413,류현진 25일 에인절스와 시범경기서 첫 선발 등판
286414,제주도 산간 낮 12시 10분 호우주의보
286415,SNS돋보기 별풍선 한도 1일 100만원…불량 방송도 퇴출해야
286416,분식회계 논란 삼성바이오 감리위 17일 열린다
286417,SK 로맥 KBO리그 포스트시즌 개인 첫 홈런
286418,한국 여자배구 불가리아에 13 역전패…VNL 최하위 추락
286419,카카오내비 이제는 말로 명령한다
286420,주말 N 여행 영남권 달 보며 철썩∼ 파도에 몸을 맡기면…열대야가 사라진다
286421,美아이오와 경선 양당 모두 승리땐 대선후보 확률 높아
286422,김해공항 확장 부산 정치권 비난하던 홍준표 무반응종합
286423,때이른 초여름 더위 주말까지 기승…내주초부터 주춤할듯
286424,신간 자본주의의 역사·드러내지 않기·팩트체킹
286425,농부와 요리사들이 경복궁옆 미술관으로 간 까닭은
286426,비는 언제…대전충남 7월에도 해갈 어려울 듯
286427,현대증권 올해 주식 기대치 낮춰야
286428,KT 후후앱 후후앤컴퍼니로 정식 출범
286429,KG이니시스 주당 300원 현금배당
286430,독일 분데스리가 첫 여성 주심 나왔다…38세 경찰관
286431,대한항공 1R 지명 알렉스 체육회 특별귀화 심의 통과
286432,18년 만에 정상 SK냐 16년 만에 역전 우승 DB냐…...
286433,삼성전자 갤럭시 노트10 전격 공개
286434,홍영표 유치원 3법 패스트트랙 처리 적극 추진
286435,득보다 실 크다…댓글 기능 없애는 영미 유력 매체들
286436,LG전자 G6 특화 콘텐츠 300여개로 늘린다
286437,北 장거리 미사일 발사후 우주협정 가입한 속셈은
286438,베네수엘라 선관위 국민소환투표 후속절차 개시 결정 무기 연기
286439,靑 대통령 대포폰은 허위주장…의혹제기 도넘고 있다
286440,게시판 과기부 유휴·저활용장비 이전 방안 워크숍
286441,봄 향기 진동 전국 최고 농산물 직거래장터…원주 새벽시장 개장
286442,아시안게임 다이빙캐치 후 홈런 박병호 더는 후회 ...
286443,수원화성 걸으면 아메리카노가 공짜…스탬프 투어 운영
286444,질문에 답하는 황교안 대표
286445,건강 끄떡없다 美민주 샌더스 건강진단서 공개하기로
286446,민주 국회의원 재보궐 후보자 11명에 공천장종합
286447,KT 음성AI 탑재한 스마트워치 무민키즈폰 출시
286448,알파고 더 강해졌다…구글 딥마인드 인류 위한 기술
286449,패장 힐만 SK 감독 후랭코프 구위가 워낙 뛰어났다
286450,中인민일보 美 중국 내정간섭은 비열한 행위 맹비난
286451,美주재 러 대사관 자국 여성 스파이 징역형 선고 美에 항의
286452,NH투자 현대차 노사협상 타결에 국내공장 정상화
286453,보수 어찌 되살리나…위기의 새누리 노선투쟁 격화
286454,고침 그래픽주택구입부담지수 추이
286455,삼성LG 보급형 스마트폰도 맞대결종합
286456,佛난민구조선 지중해서 218명 추가 구조…伊·몰타에 입항 요청
286457,트럼프 당선 여론조사 따로 결과 따로…1948년 선거와 닮은꼴
286458,파나마 페이퍼스 폭로 후 칠레 투명성기구 지부장 첫 사임
286459,일왕 신년인사…세계 안녕 기원
286460,KT 실내·지하 5G 커버리지 대폭 늘린다
286461,방통위 EBS 사장 면접대상자 4명 확정
286462,신태용 감독 월드컵 멤버 80 구상…박주호·홍정호도 가...
286463,남자배구 미국에도 무릎…세계예선서 올림픽 직행 실패
286464,벚꽃이 만발했다…강릉 경포 벚꽃 잔치 개막
286465,서울로 초기 흥행 순풍…9일 만에 방문자 80만명 육박
286466,이집트 터키의 시리아 군사작전 비판…美 트럼프 입장 지지
286467,공영방송 지배구조 원칙은 독립성·국민참여·전문성
286468,KT엠하우스 개인정보보호 관리체계 고도화로 ISMSP 인증
286469,국제자금세탁방지기구 가상통화 화폐 아냐…세탁방지 의무
286470,낮엔 한산·밤엔 바글바글…경포해수욕장의 미스터리
286471,견원지간 미·중 나이지리아에서 손잡은 이유는
286472,흥국증권 진에어 국토부 제재 영향 지속…목표가↓
286473,양효진·마야 44점 합작…현대건설 시즌 첫 연승종합
286474,방통위원장 폰 상인들에게 25% 선택약정 잘 안내해 달라
286475,올림픽 문 대통령 김여정과 악수
286476,필리핀 홍수·산사태 희생자 105명으로 늘어…23명 실종
286477,KIST 도핑컨트롤센터 도핑 없는 평창 동계올림픽 준비 중
286478,프로축구 포항 브라질 공격수 제테르손 임대 영입
286479,K리그2 부산 5경기 무승 탈출…5연승 멈춘 3위 대전 추격
286480,탄핵가결 사드배치 영향없나…시기 늦춰질 수도
286481,인터넷은행 인가 대전 개막…핀크·티맥스·위메프 다크호스 부상
286482,靑 서비스법ㆍ노동법ㆍ사이버테러법 반드시 통과돼야
286483,北 서울겨냥 포사격연습 의도는…우리군 정밀타격훈련 대응용종합
286484,울산 학교비정규직연대 내달 3일 총파업…급식·돌봄 차질 우려
286485,권영진 대구시장 2018년 삼성 주말 시즌권 1호 구매
286486,조원우 이대호 1루 밟았는지 화면으로도 안 나와…심판 존중
286487,포스트 아베로 고이즈미 급부상…아베가 한번 더 의견도
286488,LH 청년 전세임대 2천100가구 3순위자 대상 공급
286489,해성옵틱스 의결정족수 미달로 감사선임 안건 부결
286490,아랍의 봄 발원지 튀니지서 오늘 대선 결선 투표
286491,NBA 뉴올리언스 PO 2회전 진출…포틀랜드에 4연승
286492,공수처법 본회의 상정
286493,군항제 앞둔 경남 벚꽃 물결…하동서 꽃망울 터져
286494,朴대통령 새 해양산업 발굴해 창조경제 핵심으로 육성
286495,삼성증권 LG화학 전지 부문 흑자 전환은 호재
286496,환영사 하는 CSIS 회장
286497,월드컵 조별리그 탈락 신태용호 29일 오후 귀국
286498,반기문 뉴욕 새해맞이 크리스털 볼드롭 행사 참석
286499,김성태 헌정 유린당해…국민과 함께 투쟁…천막농성 돌입
286500,그래픽 태풍 탈림 북상 제주도 직·간접 영향 예상종합
286501,강추위에 주렁주렁 매달린 고드름
286502,YS서거 49일째 추도예배…통합과 화합 되새겨야
286503,아토피피부염 잡는 김치 유산균
286504,靑 20대국회 국민 위해 일하는 새로운 국회 되길
286505,과기부 한·러 과기공동위 개최…내년 공동 연구사업 추진
286506,북핵위기에 빨라진 靑회동…안보협력 공감ㆍ각론서 이견 불씨
286507,문대통령 IOC총회 연설로 평창외교 개막…평창평화올림픽 강조
286508,여자농구 대들보 KB 박지수 오른 발목 부상
286509,하루 만에 6만명 대피…피란행렬 줄 잇는 시리아 북동부
286510,삼성자산운용 대구은행서 펀드 솔루션 서비스
286511,월드컵 주역에 인종혐오 보인 극우단체로 독일 시끌종합
286512,인터뷰 류현진 같은 실수 안하려 해…전반기 내 점수 ...
286513,프로농구 선두 현대모비스 삼성에 덜미…시즌 첫 연패
286514,경주박물관 세계유산 백제展·해양문화재연구소 청소년 진로체험
286515,이인영 한국당 오늘까지 필리버스터 철회해야…마지막 제안
286516,최준용의 쐐기 3점포…프로농구 SK 전자랜드 꺾고 3연승...
286517,제주도 호우 예비특보…최고 120㎜ 이상 많은 비
286518,NBA 우승 후보 휴스턴 뉴올리언스에 19점 차 완패
286519,로엔 작년 4분기 연결 영업익 180억원…50%↑
286520,국감현장 소형 EMP 충격기로 휴대폰 먹통 시연 눈길
286521,KT 기가인터넷 가입자 300만 돌파…고객 비중 35%
286522,삼성重·대우조선 파산보호 신청한 시드릴과 계약해지종합
286523,MLB 최고 유망주 게레로 올스타전 홈런 더비 기꺼이 참가
286524,설 연휴 경포 아쿠아리움 가 볼까…민속놀이장 운영
286525,한선수 5년 연속 배구 연봉킹…양효진은 7년 연속 ...
286526,CJ제일제당 저소득층 3천가구에 식품 선물세트 기부
286527,이총리 우즈베크 하원의장에 18만 고려인 지원 감사
286528,주말 N 여행 유럽정원에 빛 들어오면…따복버스 타고 굽이굽이 파주 여행
286529,KTB투자증권 최대주주 지분 매각 보도 사실무근
286530,SNS돋보기 일확천금 비트코인 중독…도박보다 무섭네
286531,싸고 안전한 등록 임대주택 어디에 지도 서비스 나온다
286532,한국인 여행객 10명 중 6명 모바일로 여행 예약
286533,이해찬 선거법 오늘 표결처리…한국당과 합의못해 국민께 송구
286534,창비 세월호 유족 증언록 금요일엔 돌아오렴 이북 무료배포
286535,北김정은 남북관계 개선해 올해 사변적 해로 빛내야속보
286536,롯데카드 GS계열사 할인혜택 제공 GS앤포인트 카드 출시
286537,브렉시트 우려 탓…닛산 英 투자계획 철회 움직임
286538,북한 노동당 대회에 최소 2억 달러 이상 써
286539,우리은행 3조원 규모 혁신성장펀드 조성…투자 3종 완성
286540,대한제국을 헐뜯지 말라…대한민국 기틀 놓은 근대국가였다
286541,여교사는 마녀…아동문학에도 페미니즘을
286542,美매체 여성들이 김정은 싫어하는 이유 분석
286543,무약정폰 가격 담합 조사해 달라…녹소연 공정위에 신고
286544,착하면 정말 손해를 볼까…고선웅·이자람의 창극 흥보씨
286545,맨시티 아궤로 교통사고로 갈비뼈 골절…6주간 결장
286546,北 2분기 1인당 하루 식량배급 360g…유엔 권장량 60%
286547,영상 91m 원형 빙판에 관람객 휘둥그레…빙글빙글 회전까지
286548,고액·상습체납자 명단 기준 공개하는 국세청
286549,젭 부시 아들 트럼프 지지 호소…부시 일가 중 처음
286550,시위 고교생에 실탄 쏜 홍콩 경찰에 국제사회 비난 고조
286551,김관영 프랜차이즈 불공정 조항은 계약 원천무효 법안 발의
286552,文대통령 오늘 인도네시아 향발…7박8일간 동남아 순방
286553,대화면 갤럭시S8플러스 모델 인기…판매비중 50％ 넘을 듯
286554,살 곳이 없다 세계 집값 10년새 50%↑…韓 30년새 360%↑
286555,北매체 민족적 화해 분위기 조성 중요 주장
286556,과기부 자체 TF 10개→2개로 대폭 축소…규제혁신 TF 출범
286557,이혜훈 이효성 방통위원장 후보자 지명 철회해야
286558,아시안게임 토너먼트 앞둔 김학범호 아무리 강조해도 모...
286559,이란 외무 美 이란과 대화 불가능해지길 원해
286560,보이는 AI스피커 경쟁…KT 기가지니 테이블TV 공개
286561,軍 김정은 생일에 최전방 11곳서 대북확성기 방송 개시3보
286562,이탈리아입양가정협회 韓뿌리 기억 행복한 아이로 키우고 싶어
286563,5G 이동통신 시범서비스·상용화 전략 점검종합
286564,러시아 월드컵 본선 경쟁 최대 이변은 이탈리아 탈락
286565,朴대통령 안보·경제 이중위기에 국회서 초당적 단합 호소
286566,두다멜 지휘 LA필하모닉 서울서 존 윌리엄스 대표곡 연주
286567,文대통령 CEPA로 교역 증대할 것 조코위 양국 경제해방 상징
286568,사우디 주미대사에 여성 첫 임명…카슈끄지 사건 만회 시도종합
286569,조지아로 탈출 사우디 자매 트위터로 망명 요청
286570,신명나는 덕수궁 정오 음악회
286571,민주 황교안 민생투쟁 결산 회견에 국민 뜻과 거꾸로 간다
286572,아우베스 1골1도움 PSG 모나코 꺾고 슈퍼컵 5연패
286573,朴대통령여야대표 회동에 안보실장·외교·통일장관 첫 배석
286574,생활밀착형 인문프로그램 지원…참여기관 모집
286575,그래픽 조 후보자 사모펀드 블루코어 가족펀드·관급수주 논란
286576,朴대통령·반총장 라오스 EAS서 같은 테이블 건배만찬종합
286577,학교 석면 제거 규정 지키라
286578,비디오심판이 골무효를 선언했습니다 맹활약 VAR…논란도 분분
286579,LGU 사물인터넷 유망 기업에 이노베이션 어워드
286580,프로농구 LG 인삼공사에 15점 차 대승…메이스 22점
286581,문대통령·김위원장 2일차 정상회담 종료…70분 간 진행
286582,맨유 생테티엔 꺾고 유로파리그 16강 진출
286583,北 각계 김정은 신년사 실천 결의…충성 경쟁 나서나
286584,EU 이탈리아 과도한 채무·저성장·고실업으로 도전 직면
286585,FIFA K리그 구단에 월드컵 보상금 지급…전북 7억7...
286586,伊 베네치아서 대형 크루즈선 요트와 아슬아슬 충돌 모면
286587,미래부·방통위 6월 다양한 정보문화의 달 행사
286588,한진해운 법정관리 한달…부산항 위기감 속 수습국면
286589,동계올림픽 성공 기원…원주서 전국 연날리기대회
286590,北 병진노선은 항구적 전략노선 주장
286591,北 고려항공 대북제재에도 베이징 노선 주 5회로 증편
286592,재독시인 허수경 별세…향년 54세종합
286593,인민일보 역사 조류 거슬러선 안돼…전략적 오판 후폭풍 엄중
286594,국방부 북 동창리 미사일 발사준비 진행 중속보
286595,충북 추위 몰고 오는 가을비…주말 기온 뚝
286596,축구가 뭐라고…가봉 열혈팬 PSG 역전패 놀린 친구 살해
286597,제주 장마전선 영향 흐리고 비…최고 60㎜ 강수
286598,올 전통공예명품전 20일 김포아트빌리지 개막
286599,카카오 AI에 사활 건 투자…자동차·집에 집중종합
286600,문 대통령 신임 대사들과 함께
286601,보스니아서 사상 첫 성소수자 퍼레이드…2천여명 참가
286602,말컹 멀티골 경남 대구에 통한의 동점골…22 무승부
286603,미군 소말리아 알샤바브 공습…52명 사살
286604,北 반년 만에 완공 백두산영웅청년3호발전소 준공식
286605,레알 마드리드 40경기 무패 마감…세비야에 역전패종합
286606,아베 향해 정중히 답변하라…韓보복 주도 세코 존재감 키우기
286607,애플 아이폰X 공개 맞춰 아이폰7 7만9만원 인하
286608,올해 부산바다축제 50만명 참가…성황리 폐막
286609,한식·식당·술…책으로 떠나는 미식여행
286610,분실·파손 손실 3년간 보장…KT 폰안심케어3 출시
286611,발칸반도 세르비아 약 30년 만에 고교 군사 수업 부활
286612,한국당 文정부 2년 전방위 공세…손만 대면 마이너스정권
286613,구내식당 향하는 윤석열 검찰총장
286614,임창용 4천34일 만에 QS안치홍 만루포…넥센 2경기 연...
286615,KT·SKT 나란히 국제표준 생체인증 획득종합
286616,美 中 의존도 줄이려 타국 광물개발 지원 계획
286617,모래 수급 차질에 해운대·광안리 해수욕장도 비상
286618,행안부 폭염 피해 최소화 위한 회의 진행
286619,캐나다 여성 직장인 보수 남성보다 25% 적어
286620,스위스 상원 부르카 전면 금지 발의안 부결
286621,北매체 美 대북제재 인민 생존권 통째로 강탈 비난
286622,與의원 22명 김영란법 개정안 제출…국회의원 포함
286623,새만금 카지노 유치 제안도 안종범 개입 의혹
286624,맨시티 첼시 잡고 5연승…EPL 1위 질주
286625,中매체 맞불관세 옹호 미국이 원인제공·적반하장 맹비난
286626,총선 D3 판세 ① 서울 49곳중 아직 20여곳 예측불허
286627,프로농구전망대 현대모비스KCC 한 팀은 깨진다
286628,한국당 일각서 조건 없는 백지등원 주장종합
286629,특징주 트럼프 효과에 하나금융·신한지주 신고가
286630,현대차·LG·애플 삼성 하만 인수에 긴장…예의주시종합
286631,기다리는 이재영이 꼽은 PO 키플레이어는 알리와 파튜
286632,신간 경전의 힘
286633,예탁원 증권박물관 서울학생배움터로 인증
286634,한중일 통신 기술책임자들 5G·IoT 국제표준화 논의
286635,50년 출판외길 출판계 거목 민음사 박맹호 회장 별세종합2보
286636,다시 찾아온 비엔날레 계절…전국서 현대미술 축제
286637,이란 대통령 호르무즈 평화 구상 유엔에 제안할 것종합
286638,베스트셀러 김영하 여행의 이유 5주째 1위
286639,KB국민은행 청년 창업기업에 2천억원 규모 금융지원
286640,KBO 넥센 10년간 뒷돈 규모 직접 전수 조사하겠다
286641,KT 5G 기술 NFV 라이선스 관리 국제 표준 승인
286642,트럼프 미일동맹 강조했지만…무역적자 못 믿을 만큼 커 압박
286643,주말 N 여행 제주권 앗 추워 동굴에 막 들어서면 냉장고 바람이 슝∼
286644,국민의당 반통합파 개혁신당 로드맵은…20석 확보가 관건
286645,오재원 짜릿한 끝내기 홈런…한화 끝내기 내야 땅볼 승리
286646,여성과기인지원센터 여성 공학연구팀에 연구비 지원
286647,특징주 백기사 델타항공 지분 매입에 한진칼 약세
286648,베스트셀러 베르나르 베르베르 죽음 3위로 진입
286649,SK 문승원 두산 중심타선 못넘고 5이닝 4실점
286650,연합이매진 해남땅끝마을 희망의 시작점
286651,농장 체험하며 쉬는 여행 뉴질랜드 팜스테이
286652,펭귄 바다서 울음소리로 소통…국내연구진 처음 발견
286653,신간 색을 불러낸 사람들·서브컬처로 읽는 일본현대미술
286654,마크롱 이란·미국정상 연쇄회동으로 중재 나서기로
286655,평양정상회담 꿈도 하나 소원도 하나 평화번영통일
286656,구호외치는 범국민투쟁대회 참가자들
286657,아프리카연합 수단 군부야권 13일 권력이양 협정 서명
286658,신간 밥벌이의 미래
286659,아시안게임 남자 3대3 농구 키르기스스탄·대만 연이어...
286660,이란 탄도미사일 개발은 한계선…협상 대상 아냐 재확인종합
286661,프로야구보다 경기 많은 고교야구…한여름에 대회 집중
286662,정부 강남4구마용성 등 서울 27개동 분양가 상한제 지정2보
286663,그래픽 강남 4구 재건축부담금 최고 8억4천만원 예상
286664,애플닷카 등 도메인 등록완료…애플 자동차사업 진출설 관심
286665,삼성 손주인 시범경기 첫날부터 부상…병원 이송
286666,MLB 오티스 피습 후 첫 공식 석상…양키스전 시구
286667,인도 여신도 성폭행 종교인 이번엔 언론인살해 유죄선고 받아
286668,흥국운용 2천350억원 중순위 인수금융펀드 1호 결성 완료
286669,폼페이오 이란 사우디 석유시설 공격…평화적 해결 바라종합
286670,비수기 틈새시장 노린다…중저가 스마트폰 경쟁 치열
286671,LG전자 G6 안드로이드 오레오 30일 업그레이드
286672,주말 N 여행 강원권 올림픽 개막 평창은 눈의 나라…정선은 고드름 천국
286673,방통위 MBC 직원 이메일 사찰 의혹 진위 파악키로
286674,케이옥션 자선경매에 이승엽 특별판 시계 출품
286675,내일 서울 광화문·여의도 등 대규모 집회…교통혼잡 예상
286676,카자흐스탄 조기 대선 실시…토카예프 현 대통령 당선 확실시
286677,KT 미국에 데이터 센터 구축…하반기 확대 예정
286678,소말리아 호텔서 테러공격으로 5명 사망…알샤바브 배후 자처
286679,北 쿠바와 수교 시도에 방해 공작 나설까
286680,SK 로맥 시즌 8·9호포…호잉 제치고 홈런 단독 선두종합
286681,알투베 끝내기포 휴스턴 양키스 꺾고 월드시리즈 진출
286682,게시판 미래부 ICT 기업 글로벌 진출 지원 세미나
286683,줄기세포로 피부 만들어 유전병 환자에 이식 성공
286684,게시판 벅스 신한카드 결제시 이용권 할인 행사
286685,신간 율곡 인문학·너무 움직이지 마라
286686,청와대 국민청원 김어준 성추행 허위청원에 홍역 치러
286687,푸틴 터키 에르도안과 회담…美 철군 관련 시리아 정세 논의
286688,유엔 평화협정 중앙아프리카공화국 난민 귀국 시작
286689,음반 발표하는 첼리스트 양성원
286690,태양계 밖 지구 찾는 탐색 위성 테스 우주로
286691,확대간부회의 참석자들과 인사하는 이해찬
286692,월드컵 전력분석 C조 프랑스·호주·페루·덴마크
286693,아프리카TV 팟캐스트 앱 팟프리카 출시
286694,한국카본 필리핀에 100억원대 수출 계약
286695,손흥민 FA컵 64강서 시즌 8호골 폭발
286696,이달의 투수상 노리는 류현진 31일 메츠전 5월 마지막 등판
286697,일본 푸에르토리코 꺾고 프리미어12 슈퍼라운드 예약
286698,작년 집값 서울 3.6% 세종 4.3% 상승…울산·충청은 하락
286699,카페24 일본 전자상거래 플랫폼 론칭
286700,오바마 유산 만들기 절반의 성공…아베는 외교서 대어
286701,시리아 철군 발표 한달만에…IS테러에 곤혹스런 美정부종합
286702,더불어민주당 지침 안 따른 대전시의회 의장 제명
286703,게시판 LG유플러스 대리점 전용 채용 사이트 구축
286704,올레tv 운전자 시점으로 보는 자동차 예능 저스피드 공개
286705,민주 원내대표정책위의장 러닝메이트제 도입 검토
286706,동양자산운용 스튜어드십코드 도입
286707,지역 중소기업 연구문제 해결에 추경예산 39억원 투입
286708,팔레스타인 돈에 유혹 안돼…美 중동평화 워크숍 반대시위
286709,문 대통령 취준생 등 11명에 설 덕담…가수 서현과도 전화 통화
286710,위클리 스마트 월드컵 생중계 왜 아프리카는 되고 네이버는 안 될까
286711,현대홈쇼핑 감사한 마음 꽃으로 표현하세요
286712,지상 50ｍ 공중 레스토랑서 스릴 맛보며 식사를…
286713,갤럭시S8 마케팅 총력…출고가 낮추고 기어360 나눠주고
286714,한글로 손쉽게 읽는 멕시코 생활법률 책자 첫 발간
286715,DMZ 내 철수 GP 남북 상호검증 보고받기 위해 입장하는 문 대통령
286716,우리은행 19일 DLF 만기도래에 비상 대응체계 가동
286717,패럴림픽 개막 차질 없게
286718,미국 아프간서 발빼자…중국이 들어갔다
286719,美러 중거리핵전력조약 위반 논쟁 핵심 쟁점은
286720,대통령 즉각 퇴진하라…알제리 수도서 또 수만명 거리시위
286721,KT그룹 PP와 공동 광고 사업으로 상생 협력 나선다
286722,낙천 후폭풍 더민주 정청래 잔류에 그나마 안도의 한숨종합
286723,KBO 한국쉘석유주식회사와 2018 KBO리그 스폰서 협약
286724,SK케미칼 SK유화 흡수합병
286725,의원총회 입장하는 문희상과 박병석
286726,희망퇴직 삼성 계열사 1분기 인력 3천명 줄여
286727,킹 제임스 866경기 연속 두 자릿수 득점…조던과 동률
286728,국내서 이용시간 가장 긴 앱 유튜브…1년새 38%↑
286729,북한인권시민연합 창립 20주년 기념행사 열려
286730,태국 사우디 10대女 캐나다로 출발…캐나다 망명 허용종합2보
286731,월드컵 영상 안 봐 vs 안보면 그쪽 손해…스웨...
286732,이란 잠수함서 크루즈미사일 수중 발사 첫 성공
286733,독일서 첫 외국인 시장 탄생…덴마크 기업가 출신
286734,트럼프 비판해온 팔레스타인 고위인사 美 비자 거부당해
286735,한투증권 美 금리인상 내년 상반기 종료 가능성
286736,IBK기업은행 실업팀 수원시청과 1세트 듀스 끝에 30 승리
286737,더위 피해 떠나자 충북 유명 산·계곡 북적종합
286738,산불 피해현장 살피는 진영 장관
286739,트럼프의 홍콩인권법 서명에 中 패권 행위 강력 반발
286740,트럼프 美법무부 서열 3위에 아시아계 여성 검사 지명
286741,벤 알리 튀니지 전 대통령 사망
286742,나이지리아서 송유관 유출·폭발…50여명 실종
286743,알제리 새 대통령에 테분 전 총리 당선…시위 계속될 듯
286744,막말 英존슨 反브렉시트 운동중 피살 전직의원까지 조롱
286745,김종인 법인세론 분배구조 시정에 한계…기업지배구조 고쳐야
286746,레오 체력·세터 호흡·블로킹·서브 다 보완해야죠
286747,신태용호 국내파 생존경쟁…박주호·손준호 기회 잡을까
286748,글로벌경기 호황 사이클의 후반기…주식투자 유망
286749,방심위 방송심의 민원 대리 신청 팀장 파면
286750,올해 18월 국내 구글 플레이 결제금액 2조2천억 추정
286751,개소세 과세대상 주류·담배 등 유해품목 중심 개편 필요
286752,일자리 정책구상 발표하는 양승조 충남도지사
286753,예멘 반군 물류 요충지 호데이다에서 철군 개시
286754,세종 공시지가 15% 상승…대전·충남은 3% 올라
286755,산기협 40주년 기념식 참석한 기술강국 주요기업 CTO
286756,박홍근 정보화진흥원 평가위원 관리 강화해야
286757,베일 벗은 인삼공사 디우프 2세트 중반까지 13득점 합격점
286758,터키 에르도안 이달 시리아 난민 8만명 쏟아져…혼자 감당못해
286759,국내 주식형 펀드서 18거래일째 자금 순유출
286760,독일관광청의 올해 마케팅 주제 종교개혁 500년
286761,프랑스 노딜 브렉시트 대비 본격화
286762,LG전자 미국서 V30 셀프인터뷰·온라인경연 마케팅
286763,신간 에너지 빅뱅·플레이볼
286764,SK텔레콤 평창올림픽 KT중계망 훼손으로 피소…경찰 수사종합
286765,SNS돋보기 8·15 특별사면 대상 선정 엄격한 잣대로
286766,오스트리아 녹색당 국민당과 연정 협상할 것
286767,한국당 설훈·정청래·문정인·송영무 기밀누설로 檢고발
286768,김정숙 여사 TV특강 프로 출연…한부모 가정 관련 인터뷰
286769,신간 악성 나르시시스트와 그 희생자들
286770,대안정치 창당기획단 현판식…내분 바른미래 호남파엔 구애
286771,롯데 이대호 KIA 양현종 상대로 역전 투런포…시즌 9호
286772,수도권 곳곳 미세먼지 나쁨…내일까지 기승 부릴듯종합
286773,프로농구 DB 크리스마스에 김주성 은퇴식
286774,김관영 사법농단 판사 탄핵소추 국회 논의는 시기상조
286775,프로야구전망대 잔치 끝 레이스 재개…LG 넥센·두산...
286776,쇼핑몰 리뷰·네이버 지식인도 개인이 원하면 삭제
286777,경기도 10개 시·군 오전 11시 한파주의보 해제
286778,NBA 미네소타 버틀러 부상에 최악의 대진…올해도 PO...
286779,결국 터진 한국GM 부실 폭탄…군산공장 5월말 폐쇄종합2보
286780,박항서 매직 베트남 축구대표팀에 포상금 쏟아져종합
286781,에스원 2분기 영업익 445억원…11% 감소
286782,정의용·서훈 조만간 미국 방문속보
286783,연말에 몰리는 와인 수요…이마트24 와인 38종 최대 60% 할인
286784,터키 테러범 소탕 때까지 이라크내 쿠르드지역 군사작전 계속
286785,中 훈춘서 보트로 두만강 건너 북한 관광 홍보행사
286786,살해 1년이 지나도…카슈끄지 카드 놓지 않는 터키
286787,더위 식히는 장맛비…남부·제주도 밤에 대부분 그쳐
286788,北김영춘 전 인민무력부장 사망…김정일 시대 군부실세종합
286789,남북한 ICT 교류협력 심포지엄
286790,SK CC 롯데손해보험 전산시스템 AI로 고도화
286791,베어링자산운용 신흥시장 주가 향후 수년간 오를 것종합
286792,삼성카드 송금업체 토스와 손잡았다…제휴 카드도 출시
286793,禹수석·李특감 8곳 전격 압수수색…계좌추적·통화조회종합3보
286794,세계 비메모리 반도체 1위 인텔 메모리 분야도 적극 공략
286795,이집트 엘시시 정권 장기집권 개헌안 투표율 높이기에 안간힘
286796,속보 文대통령 정세균 후보자 국민께 신뢰와 안정감 드릴 것
286797,한국 웹툰 전 세계가 즐긴다…업체들 해외 보폭 확대
286798,짐 로저스 한국 역사상 유례없는 기회의 땅 된다
286799,아시안게임 차해원 여자배구 감독 태국 만나면 잘해왔다
286800,아프리카TV 프로야구 생중계·VOD 개시
286801,연정 해산 오스트리아 극우 소속 장관 줄줄이 해임
286802,韓 욱일기증오의 깃발 트윗에 日외무상 극히 유감
286803,폭염 늘었는데 대비 소홀…기상청 연구예산 중 0.5%만 폭염에
286804,저녁 있는 삶 잠시 보류
286805,朴대통령 에티오피아서 국회법 재의요구안 재가종합
286806,그래픽 차기대선주자 선호도…범진보 박원순 범보수 유승민 1위
286807,한광옥 국민대통합위원장 탈북민 지원보다 배려가 중요
286808,기성용정우영 없는 중원 구자철황인범 라인 뜰까
286809,외환보유액 4천억달러 첫 돌파…IMF위기 때보다 100배 늘었다
286810,서울∼강릉 KTX 하루 편도 51회로 늘려 운행한다
286811,北 외자유치 계획 잇단 발표…핵실험 여파로 성사 어려울 듯
286812,사법부 판결…불신 63.9% vs 신뢰 27.6%리얼미터
286813,정몽구 회장 작년 연봉 95억원…정의선 부회장 29억원
286814,표 朴대통령 멕시코 방문 계기 체결된 MOU 34건
286815,검찰 조국 재소환 후 신병처리 검토...동생은 오늘 기소
286816,조준호 LG전자 사장 LG페이 적용제품 확대할 것
286817,재건축 남풍에 서울 아파트 거래량 연중 최대
286818,금융감독원 외국계 금융회사 대상 업무설명회
286819,원유철 이번 임시회서 민생경제법안 반드시 처리
286820,북한날씨 찬바람 불며 기온 뚝
286821,성인 10명 중 7명 인공지능 비서가 사생활 침해할 수도
286822,외교부 상반기까지 정상 순방일정 없다…정상외교 공백 우려종합
286823,힐러리트럼프 벌써 신경전 분열발언 일삼아vs솔직하지 않아
286824,靑 세월호 7시간 성형시술 의혹은 근거없는 유언비어
286825,총리실 이총리 사퇴 보도 사실 아니다…일정에 변동없어
286826,우선협상대상자 선정 연기된 대우건설
286827,브라질 펀드 나 홀로 호황…한달 수익률 21%
286828,새해도 수출 씽씽…1월 수출 역대 최대 22.2%↑종합
286829,삼성전자 MWC 언팩서 증강현실로 갤럭시S9 알린다종합
286830,홍콩 이공대 시설물 복구작업
286831,KB금융 혁신금융 사업 진도율 102%…연간목표 조기 달성
286832,낙동강 철길 봄꽃놀이…양산 원동매화축제 18일 활짝
286833,北 김정은 신년사서 경제강국 건설 주문…전력문제도 언급
286834,녹차고을 장수보성 선포
286835,노벨상 日오스미 자가포식 50년 외길…파킨슨병 치료도 희망
286836,美뉴햄프셔 선택 대선 경선 판도 가를 5대 관전포인트
286837,1년 자격정지 김호철 감독 재심 청구해 판단 받아보겠다
286838,날씨 기온 더 올라…강원 영동 밤부터 눈·비13일
286839,3년 연속 매진된 한국춤 향연 예술의전당 무대에
286840,예그린뮤지컬어워드 올해의 뮤지컬상에 웃는 남자
286841,프로축구 수원 10월 홈 3경기 예매하면 2천원 할인
286842,올림픽 재정난 가나팀…韓기업가 후원받고 평창으로종합
286843,서플러스글로벌 공장 신축에 479억원 투자
286844,터키 에르도안 S400은 평화위한 것…트럼프가 타협점 찾아야
286845,예보 토마토저축銀 보유 캄보디아銀 매각해 117억원 회수
286846,산토스 콜롬비아 대통령 노벨평화상 상금 내전 희생자에 기부
286847,미·일 트럼프 5월 2628일 일본 공식방문 조율
286848,LIG넥스원 주당 940원 현금배당 결정
286849,北 신형 로켓엔진 성능 대폭 향상…ICBM 위협 현실화되나종합
286850,스위스·크로아티아 월드컵 유럽 PO서 먼저 1승씩
286851,무역전쟁 해소 조짐에 대중국 외국인 투자 늘어
286852,국회 선진화법 7년만에 무력화…편법·반칙 수단 전락
286853,朴대통령 몽골방문 경제사절단 109개사…유망 틈새시장 진출
286854,스마트폰 지문인식기능 탑재 대세됐다…세계 판매량의 55%
286855,삼성TV 3대 중 2대 中·대만산 패널 썼다
286856,게시판 교보문고 7월 수요낭독공감
286857,경기북부 강추위 기승…낮부터 점차 기온 올라
286858,앙숙 터키·그리스 화해 모색…그리스 총리 성소피아 방문
286859,아인슈타인 예측 중력파 발견 11일에 발표될듯
286860,前 시리아 정보요원 2명 독일서 반인도적 범죄 혐의로 기소
286861,주간 화제의 뉴스 北 귀순병 총상 포항 강진 등 관심
286862,우크라 대선 결선 앞두고 포로셴코젤렌스키 공개토론 신경전
286863,회사 동료들 샌드위치에 독 뿌린 獨 남성에 종신형
286864,갤노트10 이색 컬러 마케팅…SKT·KT 전용 색상 출시
286865,김양건 후임 北통전부장 김영철 정찰총국장에 무게종합
286866,이란 혁명수비대 반정부시위 강경 대처 경고…시위 위축종합
286867,SBS노조 태영건설 간부 아들 SBS콘텐츠허브 부정취업종합
286868,러 화재 참사 여객기와 같은 기종 또 회항…기체 장치 고장
286869,동국실업 이근활 단독 대표이사 체제로 변경
286870,WFP 北 170만 명에 식량지원 계획 승인 RFA
286871,조현우 월드컵 이어 아시안컵도 눈앞…쉴 틈 없지만 즐겨야죠
286872,통일농구 방북단 귀환…조명균 체육교류 계속 이어질 것종합
286873,여자농구 3일 개막…우리은행 vs 신한은행 2년 연속 개막전
286874,40년 北우방 앙골라 첫 대북제재 이행보고서 제출
286875,모리뉴 감독. 맨유 떠난 슈바인슈타이거에게 미안하다
286876,NBA 보스턴 어빙 무릎 수술로 플레이오프 못 뛴다
286877,NBA 워싱턴 샬럿 꺾고 플레이오프 진출 확정
286878,北 닷새 만에 또 달라진 숫자로 난수방송
286879,美민주대사직 직업외교관 70% 법안 추진…보은인사 제동
286880,5G 시대 LG전자 AI 컨셉은 개인화…정확도·속도 높여종합
286881,朴대통령 올해도 광복절 사면카드 꺼낼까
286882,SKT인텔 영상·음성 통화 가능 사물인터넷 개발
286883,잠잠했던 LG 타선 대폭발…시즌 첫 선발 전원 안타
286884,EU 英 브렉시트 대안 확신못해…아일랜드에 지지의사 확인종합
286885,올림픽 팀코리아 경기 보러가자
286886,네이버 지배구조 재벌과 달라…총수없는 기업 지정 촉구
286887,염상섭 탄생 120주년…현대적으로 재해석한 그의 문학세계
286888,갤노트7 리퍼폰 60만원 후반대로 판매될 듯
286889,YTN노조 2월 1일 0시부터 파업…2012년 이후 6년만
286890,박정아·이다영 합류 女배구 대표팀 12일 월드컵 위해 출국
286891,신간 북한 국가의 형성과 소련
286892,네이버 美 유명 인공지능 학회서 논문 2편 호평
286893,조동호 과기장관 후보자 낙마 결정타 부실학회는 영리단체
286894,저금리에 수익률 높은 경기 지역 오피스텔 관심↑
286895,원구성 협상 본격화…더민주 국회의장 새누리 법사위원장 유력종합
286896,교보증권 금호산업 저평가 요인 해소…주가 상승 기대
286897,아시안게임 3대3 남자농구 가볍게 8강 안착…몽골에 ...
286898,방통위 직권조정권 헌법 부합하는지 살펴야
286899,상반기 주택거래량 46만여건…작년보다 23.4% 줄어
286900,해수부 김 수출 5억달러 달성 기념행사 6일 개최
286901,내일 원샷법 통과 확실시…노동법·선거구는 2월
286902,朴대통령 국회·정부 가는길 다르지 않아…더욱 대화·소통
286903,美·탈레반 아프간 평화협상 삐걱…철군 시점 등 이견
286904,SKT 노키아·에릭슨과 5G 고도화 이어 6G 진화까지 협력한다
286905,카드뉴스 세 부모 아이 유전병 해방 vs. 비윤리적 기술
286906,유튜브 교육영상 시청으로 연30만원·월52시간 절약 효과
286907,신간 딸에 대하여·국화 밑에서
286908,이임 앞둔 한미연합사령관 北핵·미사일 강화에 대비해야
286909,기자 통신기록 조회는 언론자유 침해·수사권 남용
286910,청년 화가들이 재조명한 궁궐…경복궁을 기록하다展
286911,역주행 사고로 아들 잃은 英 부모 美서 트럼프 만나
286912,美 새 국가안보보좌관 첫 일성 힘을 통한 평화 강조
286913,가상·증강현실 기업 모여라…400억 펀드 조성
286914,대만 간밤에 규모 6.0 지진…발생 7분뒤 문자발신 논란
286915,신간 수직사회·하늘에서 본 강진
286916,그래픽 MLB 올스타전 내셔널리그 출전 선수
286917,고려대에서 열린 조국 법무부 장관 사퇴 촉구 촛불집회
286918,북한 김정은 추대 7주년 음악무용종합공연
286919,朴대통령 사드반대 의원 中동조…일부서 北같은 황당주장
286920,당대 최고 포수 양의지 125억원에 NC행…역대 두 ...
286921,쿠르드 총사령관 역사적 작전…IS 수괴 알바그다디 사망 암시
286922,SKT CJ헬로비전 인수합병 무산 가능성 첫 공식언급
286923,미분양 관리지역에 강원도 원주시 추가
286924,연합뉴스·대한응급의학회 응급환자 살리기 공동캠페인
286925,황금연휴 N 여행 연휴 생존 여행의 기술 십계명
286926,靑 감찰유출 의혹이 사실로…이석수 의도가 뭔가
286927,가을 정취 즐기자…충북 국립공원·축제장 나들이객 북적
286928,통신시장 뒤흔들 제4이통 탄생할까…내일 발표
286929,박항서 서로 도움 되는 경기…北 감독 박 뛰어난 감...
286930,與 分黨 하루 앞두고 의총…정우택 분열할 기세로 뭉치자
286931,신간 반철학 입문·국어 교과서의 탄생
286932,SK텔레콤 국가 간 5G 네트워크 연동 기술 공동개발
286933,인도시장을 잡아라…부산 관광객 유치 다변화 박차
286934,美뮬러 특검에 협력한 증인 아동 포르노 소지혐의로 체포
286935,신간 슬픈 옥수수·나의 이탈리아 인문 기행
286936,LG유플러스 갤럭시S8 사전 개통 시작
286937,현대차 부산모터쇼서 RM16 콘셉트카 등 고성능차 선보여
286938,게시판 KT SAT 포스에스엠과 선박 ICT사업 협력 MOU
286939,조국 여당에 새로운 일거리를 안겨 드렸다종합2보
286940,삼성 차기작 갤럭시S8에 일본 배터리 탑재하나
286941,갤럭시S7·G5 15만원…주말 휴대폰 불법보조금 대란
286942,토종 삼각편대 GS칼텍스 인삼공사 꺾고 선두 탈환종합
286943,고침 체육신인 1순위 펄츠 복귀…필라델피아
286944,K리그1 후반기 반격 노리는 대구 브라질 공격수 조세 영입
286945,KT 아현국사 화재피해 소상공인 5천300명 보상…41% 보상 완료
286946,2018 국제자동화정밀기기전시회
286947,넥센 안우진에게 50경기 출장정지 자체 징계
286948,지분 줄어든 재벌 총수 계열사 쥐고 지배력 유지종합
286949,갤럭시노트9 13일부터 예약판매…예정보다 하루 당겨
286950,PSG 네이마르 유니폼 하루 만에 1만장 판매…매출 13억원
286951,여자배구 대표팀 세터 이다영·안혜진 부상으로 조기 귀국
286952,네이버 AI 검색 주력은 이미지·자연어·자동추천종합
286953,지도 반출 안 되니…구글 카카오와 차량정보서비스 출시
286954,평양공동선언 문 대통령 대동강을 바라보며
286955,與 의원평가 앞두고 법안발의 2배 폭증…평가기준 불만도 폭주
286956,한화건설 도서나눔 캠페인…최다 기부자에 감사패 전달
286957,홍콩 캐리 람 행정장관 16일 시진핑 만나…재신임 여부 주목
286958,총선 D2 창원성산 강기윤·노회찬 지지 팽팽
286959,26일 프로농구 신인 드래프트…1순위 변준형이냐 박준영이냐
286960,판문점 선언 정상회담 환송공연
286961,여의도 촛불 앞에 부끄러워해야…전직 국회의장 쓴소리
286962,신간 작가님 어디 살아요
286963,주민 피해 없도록 조용히 관광해요…고교생들이 캠페인
286964,IPTV·인터넷 AS도 이제 영상으로…LGU 영상상담서비스 도입
286965,기립박수 받은 손흥민 매 경기 집중하겠다
286966,홍콩 정부 친중파에 불리한 구의원 선거 취소 검토
286967,北김정은 북남 화해·대화분위기 승화 중요…대표단 보고받아종합2보
286968,라이브 영상보며 그룹채팅…카카오톡 라이브톡 출시
286969,HMC증권 제일기획 매각 불확실성 제거…목표가 유지
286970,獨 항공대란 야기했던 보안검색직원 임금협상 타결
286971,中 좀비 국영기업에 보조금 지급 금지한다
286972,터키 동남부서 경찰 겨냥 차량폭탄 공격…3명 사망·45명 부상종합
286973,김진욱 감독 이대은 10승 목표 15승 하면 더 좋지
286974,보물 제1206호 공주 마곡사 괘불
286975,유승민 핵공격 징후 있으면 北 선제타격해야
286976,에스티아이 삼성전자와 711억원 반도체 장비 공급계약
286977,주간 화제의 뉴스 박 대통령 물러나겠다
286978,소상공인 정책공약 발표하는 김종인 전 대표
286979,올레tv 키즈랜드 2.0 출시…모바일 앱·육아 가이드 제공
286980,부산항 북항 크루즈 부두 넓힌다…대형선박 수용
286981,그래픽 서울 개별주택 공시가 13.95% 상승
286982,SK텔레콤 새 T포켓파이 2종 출시
286983,朴대통령 생애주기별 복지 실현하며 삶의 질 높이는 노력지속
286984,3점 슛 0개 현대모비스…2연패 빠지며 독주 주춤종합
286985,유승민남경필 이제는
286986,홍콩 시위 소강상태…24일 구의원 선거에 기대 걸기도
286987,롯데호텔월드 카카오프렌즈 캐릭터룸 열어
286988,프로농구 SK 9일 한강시민공원 세빛섬서 시즌 출정식
286989,KEB하나은행 여자프로농구 박신자컵 우승…MVP 김단비
286990,주말 N 여행 제주권 겨울 더 아름답다…온통 하얗게 덮인 눈 세상 올인∼
286991,판문점 선언 인사나누는 남북 정상 부부
286992,보수성향 여론조사서도 바이든 트럼프에 우세
286993,길에서 주운 150만원 주인 찾아준 초등학생에 경찰 표창
286994,박지성 국제축구평의회 자문위원 위촉…한국인 1호
286995,소말리아서 알샤바브 자처 폭탄·총격 테러…11명 사망
286996,안철수 국면전환·책임전가용 담화…朴대통령 즉각 물러나야
286997,게시판 중앙과학관 국가생물다양성기관연합 정기총회
286998,소프트뱅크 우버 최대 주주 됐다…지분 15% 확보
286999,사진현장 귀가 포기 수도권 폭설 퇴근길
287000,이재명 潘 신상품이어서 관심 높지만 자격 의심받을 것
287001,삼성전자 인도 시장에 삼성페이 출시
287002,하루키는 30대 남성 김영하는 30대 여성 독자 많다종합
287003,위키리크스 어산지 건강 문제로 美송환 심리 불응
287004,흥국생명 도로공사에 풀세트 역전승…통합우승까지 1승
287005,알뜰폰 고객 유치전 격렬…SK텔링크 가입비 폐지
287006,우크라 남부 교도소서 죄수들 폭동…교도관 4명 부상
287007,파업·테러 우려에 쓰레기대란까지…유로2016 앞둔 프랑스 비상
287008,가르시아·김현수 누가 4번 류중일 감독 주사위 던질까
287009,폴란드 집권당 첨단 감시도청 장비 도입 논란
287010,도시재생 사업 상가내몰림 막는다…상생협약 표준안 마련
287011,구테흐스 유엔총장 북미 합의는 없었지만 용기있는 외교
287012,호텔롯데 리조트 합병 관련 세무조사 받아
287013,단풍 정보 인터넷으로 확인하고 떠나세요…기상청 실황 서비스
287014,버려진 병원에 예술이 피었다…광주가 상처를 보듬는 법
287015,아사드 이미지 개선 위해 국제적 악명 고문 총책 해임
287016,5G 1호 가입자들 세계 첫 5G 가입 벅차다…생생한 서비스 기대
287017,집안 문제 시끄러운 유럽 정상들 올해는 다보스 패스
287018,이재영 박정아에게 판정승…흥국생명 2연승 질주
287019,터키 시리아 북동부에 쿠르드민병대 남아있으면 제거종합
287020,국내 첫공개 트루아현대미술관은 서양 현대미술 보고
287021,KT 2천600억 날렸다…주파수 미사용으로 이용기간 단축
287022,코오롱플라스틱 1분기 영업익 34억원…16% 감소
287023,구글홈에서도 뽀로로를
287024,정갑윤 배우자 없는 朴대통령 친인척 비리도 없어
287025,호날두 은퇴 후 지도자 생각해보지 않았다
287026,평양정상회담 각 차량으로 향하는 문 대통령과 김정은 위원장
287027,김정은푸틴 3시간여 단독·확대회담 종료…만찬 시작
287028,영국 청년 물 부족 알리려 4년간 1만3천700㎞ 도보여행
287029,영상 김광현 마침내 꿈을 이뤘다 명문 구단 입단
287030,레바논서 승객 성폭행·살해한 우버 운전사에 사형 선고
287031,단오제 등 전국 곳곳 축제…초여름 날씨에 때이른 피서 행렬
287032,케이프투자 NH투자증권 4분기 실적 부진…목표가↓
287033,北 김정은 자주통일 새시대 열어나가야1보
287034,美 뉴욕경선 트럼프 압승 괴력…힐러리도 샌더스에 큰 승리종합2보
287035,프로농구 현대모비스 인삼공사에 21점 차 대승
287036,LG화학 연매출 20조원 수성…수익성 대폭 개선종합2보
287037,NHN고도 홍익대·한양대와 쇼핑몰 창업가 육성 MOU
287038,이방카 건설노동자들이 휘파람…몇차례 성희롱 당했다
287039,이란 사우디 석유시설 공격 배후설 부인…미국이 거짓말
287040,페북 메신저 설치 권유 메시지 없어지나…송출·중단 반복
287041,강서브로 태국팬 매료시킨 문정원 신기했나 봐요
287042,미래에셋대우 한화테크윈 성장추세 여전…추가 하락은 기회
287043,SKT 누구에서 뮤직메이트 1천600만곡 들어요
287044,IS 유명 선전요원 美여성 깊이 후회…집에 돌아가고 싶다
287045,러 최고령 128세 할머니 별세…러측은 세계 최고령 주장
287046,정부 주택 수요규제 방침에 강남 부동산 시장 주춤
287047,한국당 진주시장 후보 당원투표·여론조사 각 50%로 결정
287048,SK 출신 켈리 범가너와 선발 맞대결서 승리…시즌 9승
287049,문제는 백악관의 트럼프가 아니라 우리 내면의 트럼프
287050,특검 뇌물죄 수사 공식화…최순실 뇌물 피의자 조사
287051,제2중동붐·북핵 압박…朴대통령 이란서 쌍끌이 외교 성과
287052,우리금융 그라운드X와 블록체인 기반 금융서비스 개발
287053,휴스턴 콜 앞세워 ALCS 진출…최지만 가을야구 마감
287054,저비용 항공사의 공습…입지 작아지는 대한항공·아시아나
287055,안종범 崔빌딩 마사지숍 단골손님 보도에 명백한 오보
287056,롯데하이마트 작년 영업익 1천602억원…11%↑
287057,靑 경찰청장 내정자 임명 질문에 법 절차에 따라 진행
287058,갤S8 미 컨슈머리포트 하반기평가 1위…갤노트8 6위 그쳐
287059,최지만 역전승 일등 공신…추격 3점포에 2루타 치고 쐐기...
287060,이란 사법부 축구장 입장 시도 분신 여성 혐의 자인
287061,조선총련 기관지 최순실 사태 보도…朴정권 붕괴 서막 주장
287062,르포 궁극의 화질 LG 올레드 TV 라인 베일 벗었다
287063,동해시 추암·대게마을·무릉계곡…KTX 개통 효과 관광 유치전
287064,성장 가능성 큰 유망 바이오분야 집중육성하기로
287065,20대 시청자 5명중 1명 스마트폰으로 방송 본다
287066,미래에셋 판교에 1조8천억 규모 4차산업 플랫폼 구축
287067,1608년 지도가 말하는 사실 남중국해는 상인의 바다
287068,농구 대표팀 소집…23일 홍콩·26일 뉴질랜드 일전
287069,지하철역 예술작품 AR로 본다…LGU 공덕 U5G 갤러리 개관
287070,인권위기자협회 제8회 인권 보도상 수상작 6편 선정
287071,당대 최고 포수 양의지 125억원에 NC행
287072,코웨이 3년 연속 DJSI 월드 지수 편입
287073,대학생 눈높이에 맞춰 쓴 중국역사 개설서
287074,스타트업 규제 논란 ③ 풀러스 기회조차 주지 않고 불법 딱지
287075,세탁기 파손혐의 조성진 LG전자 사장 2심도 징역형 구형종합
287076,승리와 즐거움 동시에…프로농구 10개 구단 감독 출사표
287077,中 美 국방수권법 강력 비판 매우 유감…엄중 교섭 제기
287078,미세먼지 전국에서 나쁨…충청·전북 산발적으로 비
287079,국립현대미술관 서울서 2019 현대미술 국제심포지엄
287080,단상 향하는 유승민 의원
287081,브라질 지방정부 재정난 가중…재정비상사태 잇따를 가능성
287082,北김여정 최고인민회의 참석 확인…대의원 가능성
287083,NH투자 SK디앤디 ESS 사업 확대로 이익 확보 가능
287084,美 獨에 호르무즈 호위 참여 요청…韓에도 요청여부 주목종합
287085,트럼프 또 시리아 철군론에 거센 후폭풍…공화당까지 반대종합
287086,청와대 한중일 정상회담 5월 초로 추진 중
287087,쑥쑥 크던 ETN 올들어 주춤…하루 거래대금 11%↓
287088,ICT 분야 협력 강화…정보통신방송 장관회의 개최
287089,황경민 2년 차 징크스는 없다…우리카드 해결사로 우뚝
287090,택시운전사 관람한 황석영 광주는 소중히 간직해야할 가치
287091,추미애 신임 주한영국대사에 英 한반도 평화에 역할 해달라
287092,콜로라도 오승환 샌디에이고전 ⅔이닝 4실점 부진
287093,朴대통령 대한민국 혼란벗어나 본궤도 돌아가길 바라는 마음뿐속보
287094,월드컵 러시아 팬도 손흥민 보러왔어요…인기 스타는 ...
287095,데이터로 보는 정치 현역 절반은 바뀐다…역대 물갈이율
287096,첫발 뗀 유럽·이란 전담 금융회사 운영 조건 놓고 삐걱
287097,중국 앱 개발자들 애플 갑질에 분노 폭발
287098,문성민·정지석 등 현대캐피탈·대한항공 FA 전원 잔류 확정
287099,긴급비상대책위 참석하는 김병준
287100,맵퍼스 아틀란 내비 SDK로 긴급차 사고 다발 구간 안내
287101,청각 지각 향상하는 백색소음 효과 확인
287102,이란 외무 지난달 美방문 때 트럼프 백악관 초대 거절
287103,그래픽 러시아월드컵 독일전 골 장면
287104,김광현 10승·김강민 만루포…SK 한화 꺾고 5연승
287105,문대통령 평화 이끄는 위대한 한미동맹…끝까지 같이 갑시다
287106,문 대통령 영화 1987 관람…블랙리스트 문화예술인과 오찬
287107,사우디 축구대표팀 런던 테러 추모 묵념 거부 논란
287108,트럼프 反유대인 트윗 논란…백인우월주의
287109,中 알리바바 티몰과 국내 200개사 일대일 상담회
287110,한화생명 63빌딩 계단 오르기 이색 마라톤 개최
287111,신한카드 상가 관리비 카드 자동이체 서비스
287112,美 이란 건설분야 등 추가 제재…핵 개발 지속시 고립
287113,네버 트럼프 외치던 美공화당 네버 힐러리 구호아래 결집
287114,김문수·안철수 박원순은 TV토론 나와라 합창
287115,남북정상 판문점 선언 임박… 비핵화 의지 명문화 가능성
287116,미디어가 다문화 부정적 프레임 만든다
287117,빅데이터로 맞춤형 여행정보 제공…관광공사 시범서비스
287118,2018 국제인문포럼 국내외 작가들 평화선언문 남겨
287119,美 제재에 이란 최고 인기 프로축구도 지장…외국인 감독 이탈
287120,우수 소설·시 등 문학나눔도서 500종 선정…전국 배포
287121,강민호 투런포 2방으로 KBO 최초 팀 4천500홈런 돌파...
287122,총선 D7 與 제2 이정현 만들어 전북에도 예산폭탄을종합
287123,올림픽 한반도기 게양한 만경봉호
287124,조선신보 北 경제개발 5개년 전략 선결 조건은 전력
287125,괴물 공격수 가빈·디우프 어느 팀의 우승 청부사 될까
287126,스포츠10대뉴스 ③한국축구 러시아 월드컵 16강 좌절…...
287127,사상 최대 예약판매 갤럭시S8 오늘부터 사전 개통
287128,삼부토건 삼부건설공업 매각 추진…법원에 허가신청
287129,도시철도에 찾아온 노란 봄
287130,농구장에 평균 65세 실버세대 도우미 10명 떴다
287131,롯데정보통신 등 43개사 주식 내년 1월 의무보호예수 해제
287132,마포서 향하는 손석희 폭행 고소 김웅
287133,여자농구 KEB하나은행 외인 없는 신한은행에 39점차 완승
287134,프랑스가 산 미국산 미사일 리비아 내전 촉발 군벌 손아귀에
287135,더위도 식히고 파도도 즐기고
287136,삼성 보급형 갤럭시M 시리즈 내년 1분기 출시 전망
287137,메이스 32점…SK KCC 꺾고 챔피언전 진출 1승 남았다
287138,정부 기초연구 과제평가 성공·실패 구분 없앤다
287139,2보 홍콩선거 범민주 압승·친중파 참패…사상 첫 과반
287140,주말 N 여행 호남권 야간스키 씽씽 눈 덮인 덕유산에 가장 긴 슬로프 무주
287141,女배구 대표팀 9월 1일 월드컵 대비 소집…박정아·이다영 합류
287142,북한은 국가 아냐 논란에 靑 헌법적 측면의 판단만 말한 것
287143,朴대통령 푸틴과 정상회담…주변4강 사드외교 돌입
287144,마을정비형 공공주택 옥천·고성·삼척 등 9곳에 짓는다
287145,중국 군사강국 박차…3번째 항공모함 2년내 진수할듯
287146,中 아세안에 RCEP 협상주도 제안…TPP 맞서 RCEP 속도
287147,콜롬비아 반군 지도자 정부와 평화협상 70% 마무리
287148,니벨룽의 반지 4부작 한국제작 초연 기자회견
287149,방통위 장애인용 화면해설방송 재방 비율 축소
287150,세계적 조각가 문신을 말한다 … 회고록 발간
287151,의원들 북유럽行 러시…한국 미래 롤모델 찾기
287152,파울링요 데뷔골·말컹 헤딩골 경남 전남에 30 완승...
287153,이해찬 내년 총선 녹록하진 않다…인재영입 직접 나설 것종합
287154,터키항공도 갤노트7 기내 반입 금지
287155,게시판 KT그룹 임직원 인천 교동도서 추석맞이 봉사활동
287156,휴대전화 소액결제·소상공인 매출정보 분석해 대출심사 활용
287157,양양군 일자리 안내시스템 키오스크 구축
287158,총선 D6 국민의당 수도권 주말에 골든크로스 있을 것
287159,스포츠 공정위 회부 김호철 남자배구대표팀 감독의 징계는
287160,대구·경북 전역에 오전까지 비…해갈에는 역부족
287161,이주의 뉴스키워드 세무조사 만기출소 대법원장
287162,불법 보조금에 이통시장 과열…번호이동 올해 두번째로 많아
287163,CJ ENM 2019 교육 크리에이터 선발대회 수상 10개팀 공개
287164,파키스탄 뭄바이 테러 주모자 또 체포…불법 단체 연관
287165,설설 끓는 여권…장관靑인사 총선차출·지역구 교통정리 촉각종합
287166,바른미래당 정경두 국방장관 해임건의안 제출키로종합
287167,4번타자 김하성 선제 투런포…장원준 4경기 연속 피홈런
287168,MLB 슈퍼루키 게레로 주니어 드디어 터졌다…멀티홈런 폭...
287169,조선중앙통신 삼지연관현악단 공연 보도
287170,홀 디스플레이 갤럭시A9프로 써보니…시원한 화면 눈길
287171,여행소식 2728일 청계광장에서 타이 페스티벌
287172,대구 아파트 전세가율 대도시 중 유일하게 하락세
287173,LG전자 2020년형 8K TV 美소비자기술협회 8K UHD 인증
287174,마늘주사 사망사건…경찰 인천의 개인 의원 압수수색
287175,배수 끝 국내 최장 해저터널 통행 재개…일주일 침수
287176,옥수수 빨리 먹기 대회
287177,삼성 VR기기·360 카메라도 갤럭시…기어 브랜드 폐지
287178,꽃다발 받은 유영민 전 과기정통 장관
287179,외교부 美대선 결과 상관없이 한미동맹 공고 확신
287180,하원 부의장 만들기 어렵네…獨극우성향 AfD 후보 잇단 부결
287181,아쿠냐 주니어 MLB 40홈런40도루까지 도루 3개
287182,우리나라 국민 스마트폰 보유율 90% 육박…역대 최고
287183,초고속인터넷 결합상품 경품 24만원 넘지 못한다종합
287184,고침 그래픽삼성바이오로직스 분식회계 판단 일지
287185,4·3국회의원 보선 후보등록 마감…창원성산 7대1 통영고성 3대1
287186,전북서 10년째 이동국 12일 홈 경기서 팬에게 자동...
287187,독일 주요 도시서 우버 반대 택시운전사 집회
287188,단통법 원년 통신사들 마케팅비 8천억 줄였다
287189,지방선거 D30 지방권력 재편…文정부 첫 심판대
287190,구자철 리그 3호 도움 아우크스 레버쿠젠에 13 패배
287191,이탈리아 브렉시트 부정적 영향 최소화 위해 노력 중
287192,금감원 작년 공시의무 위반 징계 65건…과징금 17건
287193,네이버 개인 취향 분석해 좋아할 만한 쇼핑몰 추천
287194,트럼프가 불붙인 바이든 의혹…2014년 우크라에선 무슨 일이
287195,삼성전자 재난안전망 시범사업서 중소기업과 협력
287196,국내 연구진 중력파 천문학 본격화…한국도 투자 절실
287197,게시판 NCCK 8월의 시선에 불평등의 세대 선정
287198,보아오포럼서 보호무역 해소·한중일 경제협력 한목소리
287199,게시판 경찰청한국심리학회 범죄피해자 보호 협약
287200,두산 PO 5차전 웃으면서 봤죠…SK 두산 만나면 좋...
287201,교도 김정은 2월 북미 정상회담서 일본인 납치문제 언급
287202,朴대통령 개원연설 입퇴장때 여야 기립…24차례 박수종합
287203,SKT 사물인터넷 공모전에 구조물 균열 감지 등 선정
287204,광주세계수영 코레일 광주수영대회 성공개최 기원 페스티벌 개최
287205,美연준 성장둔화·금융불안 우려…통화정책 인내 재확인
287206,외신 극찬 류현진 샌디 쿠팩스·커쇼 대기록 넘어서고 있다
287207,유전자 치료 연구제한 없앤다…국회 생명윤리법 개정 발의
287208,롯데자이언츠 성적 부진에도 부산은행 특판상품 완판
287209,신간 뉴욕인문융합여행
287210,중국 관광객 감소로 지난달 방한 외국인 관광객 11.2%↓
287211,비핵화 접점 찾아가는 남북미…靑 진지한 분위기 기대감
287212,카드뉴스 비즈니스석 손님 먼저…패스트트랙 차별일까요
287213,檢 朴대통령 제3자뇌물 혐의도 검토…대면조사 꼭 필요종합2보
287214,연습경기가 140분…한국전력 현대캐피탈에 풀세트 승
287215,YTN 새 사장 선임까지 수개월 걸릴 듯
287216,과학이 재해방지 원동력 세계과학한림원포럼 개최종합
287217,증인채택 충돌로 예결특위 파행…22일 추경처리 빨간불종합
287218,강우방 민화는 화원 작품…조형언어로 읽어내야
287219,열흘간 웃음바다…부산 국제코미디페스티벌 개막
287220,표 주요 여론조사기관들의 정당별 획득의석 추정치
287221,교육위 22일 독도 방문…일본 역사교과서 왜곡 규탄
287222,안보리 이사국 우크라이나 외교장관 안보리결의 긴밀 협력
287223,이란 핵합의 제한 우라늄 농축도 넘겨…20% 농축도 가능
287224,일본 지바서 최대 진도5약 지진…도쿄 일부 진도4 감지종합
287225,과속 차량 추격하던 스위스 경찰관 과속으로 처벌
287226,강원 스키장 막바지 겨울 통 큰 이벤트
287227,세계 외국여행객 많은 도시서 서울 13위·제주 94위
287228,추신수 시즌 7호 2루타 폭발…마이너 완봉승
287229,지구형 행성 초기 히트앤드런 충돌 과정서 물 확보
287230,IAEA 이란 우라늄 4.5% 농축 확인…저장한도도 넘겨
287231,국방위 北핵실험 사전포착 실패 한 목소리로 질타
287232,중국 해경국 선박 3척 센카쿠열도 日영해 일시 침입
287233,11월 14일 배틀그라운드 서비스 시작
287234,신간 옛이야기 공부법·호미곶 가는 길
287235,여자농구 우리은행 연장서 신한은행 누르고 10연승 질주
287236,전시관으로 탈바꿈한 국내 최초 호텔 대불호텔
287237,한국형발사체 2018년 10월 시험발사…10개월 연기
287238,스마트폰 사용자 72% 연말 기념사진 필요기능은 초광각
287239,경북지역혁신협 균형 발전 포럼…세계유산 활용 방안 모색
287240,카톡 친구 송금 서비스 먹통…카카오페이 긴급점검
287241,신간 버튼 터치 하트
287242,날씨 내일 더 추워요 중부 영하권…강원 한파주의보1일
287243,호주 기준금리 29회 연속 1.5%로 동결
287244,전자발찌 찬 채 선배 약혼녀 숨지게 한 30대 검찰 송치
287245,말로하는 대화형 AI 내비 나왔다…SKT T맵x누구 출시
287246,중국 동북 지역의 모든 것…종합입문서 출간
287247,후랭코프 5승 두산 20승 선착…SK·LG 맹추격
287248,NH투자 현대글로비스 수익개선·지배구조 변화 수혜
287249,3분기 무선이어폰 시장서 샤오미 애플 이어 2위 진입
287250,자율주행차 간 협력운행 세계 첫 시연…5G 통신기술 이용
287251,불확실한 미래 한진칼 대차거래 1위…공매도 40배 급증
287252,KT 글로벌 어워드서 5G 코어망 기술상 등 3개 수상
287253,한국기자협회 창립 55주년 기념식
287254,2주 부상 진단받은 표승주
287255,베트남 英에 냉동 트럭 희생자 수습팀 파견
287256,LG전자 G6 대화면 디스플레이 상표권 등록…풀비전
287257,중국 5·4 애국주의 강조하면서 민주화 운동은 탄압
287258,한달 스마트폰 데이터 4.5GB도 빠듯해요
287259,내일날씨 아침 최저 6도…전국 구름 많고 미세먼지 좋음보통
287260,FOMC 앞둔 국고채 금리 줄줄이 연저점…3년물 연 1.783%
287261,한국 인공지능AI 특허 경쟁력 확보 서둘러야
287262,권창훈 선제골 한국축구 북아일랜드와 11 전반 종료
287263,사진현장 슈퍼문에 소원 비셨나요
287264,전국 해수욕장서 5G로 논다…SKT 5GX 썸머 페스티벌
287265,이란 외무 혁명수비대 없었으면 IS 유럽 턱밑에서 위협
287266,신문협회 2018년 한국신문상 4편 선정
287267,불법광고 전화 마비시킨다…안산시 전화폭탄
287268,북 수소탄실험 지진감지에서 발표까지…긴박했던 순간들
287269,FIFA 새로운 랭킹 산정 시스템 도입 추진
287270,비선 실세와 갈라선 황태자…차은택 최순실 때문
287271,다음웹툰 줄줄이 영화·드라마로…K스토리 산업 이끌 것
287272,KT도 휴대폰 렌털 서비스…다음달 아이폰XS와 함께 출시
287273,더민주 경남 김해시장 후보 결선투표 갑자기 연기
287274,불법 보조금 조사거부 이통사에 5천만원 과태료 확정
287275,잉글랜드축구협회 심판 밀친 아스널 벵거 감독 징계 방침
287276,美 사우스캐롤라이나 경선 오바마 민 흑인 힐러리에 몰표종합
287277,더민주 광주선언에 꼬리 문 DJ·盧 적통논쟁
287278,인터넷신문 기사표절·불법광고 크게 늘어
287279,그래픽 지난해 생애 최초 주택마련 소요 연수 6.8년
287280,김영석 해수부 장관 한진해운 용선료 다양하게 협상
287281,퇴임 앞둔 英총리 트럼프 만나 기후변화 문제제기할 것
287282,인류와 2천년 함께한 편지에서 읽는 삶의 숨결
287283,바닷물도 얼리는 강추위…강원 곳곳 영하 20도 꽁꽁
287284,남북 정상 오전 회담 종료…100분간 진행속보
287285,그래픽 시중은행 DSR 적용 기준
287286,베스트셀러 나의 문화유산답사기 서울편 28계단 상승해 9위
287287,北 美에 뉴욕 접촉통로 완전차단 통보…김정은 제재 반발2보
287288,송희경 식품연구원 해임된 비리 연구원에 퇴직금 100%
287289,튀니지 해역 표류 이민자 75명 본국 강제 송환 위기
287290,與 국회 로텐더홀서 현장 최고위…개혁·민생법안 통과 촉구
287291,환영사 하는 문 대통령
287292,대북 소식통 중국내 북한식당 종업원들 또 탈북…2∼3명 수준종합
287293,현장 해설 이세돌 너무 빨리 실수…AI는 역시 강했다
287294,미래 국방기술개발에 올해 26억원 투입…과기부 시범사업 추진
287295,VR 관광·탄소섬유 온풍기…생활로 들어온 첨단기술들종합
287296,EU 가입 협상 앞둔 북마케도니아 사법농단으로 시끌
287297,中관영언론 일부 美외교관 홍콩·마카오에서 추방될 수도종합
287298,네이버 통·번역 앱 파파고 월간 사용자 1천만 돌파
287299,베네수엘라 과이도 귀국시 공항서 영접한 獨대사 추방
287300,갤노트7 리콜로 삼성전자 실적 3분기 하향…4분기 반등 전망
287301,황의조 우즈베크전도 선발 원톱…박주호·나상호 선발
287302,박원순 서울시장 선거사무소 개소
287303,안전하게 인터넷을 활용할 수 있는 방법은
287304,LG유플러스 공식 온라인몰서 아이폰6 0원에 판매
287305,AI스피커 카카오미니 18일 예판…음원쿠폰 포함 5만9천원
287306,국민의당 김수민 비례대표 당선…충북 첫 부녀 국회의원 탄생
287307,내일날씨 센 바람불고 추워요…아침 최저 2∼8도
287308,어린이날과 어버이날은 야구장에서…KIA 패밀리 위크 공개
287309,에티오피아 식민지배 伊도 아비 총리 노벨평화상 수상 환영
287310,통신재난 때 타사 통신망으로 전화·인터넷 쓴다
287311,방송소식 아리랑TV 중국 광동TV와 업무협약 外
287312,블랙홀·초신성·빅뱅의 비밀 풀어질 전망
287313,디젤게이트 VW 상대로 44만명 집단소송 재판 시작
287314,양진호 문학상 후원…주최측 상 폐지하기로
287315,놀 준비 되셨나요…추석 연휴 인천은 연일 축제
287316,LGU 경기 고양 IoT 융·복합 시범단지 조성
287317,2011년 내전 이후 시리아 쿠르드 관련 주요 일지
287318,아산무궁화 선수수급 중단 사태 해결 촉구 기자회견
287319,세종실록 영역본 출간·1989년 이후 아시아 미술 심포지엄
287320,창원서 후진 주차 봐주다가 차 사이 끼여 20대 부상
287321,켈리 호투·최정 홈런 SK 두산 꺾고 선두 자리 위협
287322,서울옥션 홍콩경매 나온 비너스
287323,아랍연맹 유엔 안보리가 터키의 시리아 군사작전 중단시켜야
287324,코스피 보합 마감
287325,위클리 스마트 30% 뚱뚱해진 PC 카톡 쓰기 편하십니까
287326,한미정상 한미 FTA 정상 공동성명 서명 후 악수
287327,삼성전자 갤노트7 교환·환불 2월 말까지로 연장
287328,김연경 13점 한국 女배구 올림픽 예선서 멕시코에 3...
287329,한아세안 베트남 총리 한국베트남 관계 격상 희망
287330,김정은 한미연합군사훈련 4월부터 예년수준 진행 이해
287331,SK텔레콤 ICT 체험관 티움에 동자승 초청
287332,올림픽 와우 개회식에서 터진 다섯 번의 탄성
287333,구의역 사고 2주기 하루 앞두고
287334,그래픽 롯데 금융계열사 매각 본입찰에 예비후보 대거 참여
287335,하나금융 부당대출 의혹 검사 주춤…지배구조 검사도 늦춰종합
287336,게시판 KT 제휴·개발사 대상 기가지니 AI 개발 키트 설명회
287337,폭력을 거부한다…메시·호날두 바르셀로나 테러 추모
287338,볼턴 트럼프 북한과 비핵화 추가 대화에 열려 있어2보
287339,中 포상관광객 65% 급감…동남아 관광객으로 빈자리 채운다
287340,넥센 첫판에 제압 vs KIA 5위의 반란 도전
287341,노주원 KIST 단장 몽골정부 우수과학자상 수상
287342,특징주 삼성전자 엿새 만에 약세 전환
287343,조태룡 강원FC 대표 사임 의결…대행체제로 남은 시즌 운영
287344,朴대통령 휴가에 참모진도 번갈아 휴가…사실상 대기모드
287345,정진석 정부에 님행진곡 합창 결론 재고 요청키로
287346,민주 문대통령 방미성과 띄우기…판문점선언 비준동의 압박도
287347,MLB 푸홀스 2천타점 기념구는 누가 소유하는가
287348,이탈리아 주택가 반反난민 부총리 비판 현수막으로 넘실
287349,갤S8 예약판매 노트7 40만대 넘긴다…판촉 공세
287350,국제 유소년축구 대회 첫날 경기…궂은 날씨속 수중전 펼쳐
287351,한국과기한림원 9대 원장에 한민구 박사 선출
287352,월드컵 전력분석 G조 벨기에·파나마·튀니지·잉글랜드
287353,조배숙 정상회담 편승해 드루킹 넘어가선 안돼…특검해야
287354,홍콩서 싱가포르로 자금 이탈…국제행사도 잇단 취소
287355,통신비 약정할인 고객도 추가 20% 할인…가짜 뉴스 확산
287356,나경원 이총리·강경화 순방 취소해야…순방 다닐 때인가
287357,문자로 카톡처럼 실시간 채팅…삼성·이통사 RCS서비스 출시
287358,암호자산 김치프리미엄 또 생길 수도…가격차 모니터링해야
287359,그래픽 정부 개헌안 및 문 대통령 주요 일정
287360,엘비세미콘 3분기 영업익 92억원…159% 증가
287361,김도읍 외국선박 침범 처벌 강화 영해법 개정안 발의
287362,가상화폐 거래 자제령 증권 유관기관 확산
287363,쿠쿠홈시스 최대주주 쿠쿠홀딩스로 변경
287364,시가 좋아서…블로거들이 무명시인 위해 시집 내줘
287365,트럼프 옛 변호사 코언 다음주 의회서 또 증언한다
287366,코오롱플라스틱 3분기 영업익 79억원 56.9%↑
287367,세계 최대 광산기업 CEO 서호주는 광산업계의 실리콘밸리
287368,영국에 마이클 잭슨은 결백 포스터
287369,오바마 북한 핵실험 대가 치러야…모두를 위험하게 해종합
287370,판문점 선언 이행 급물살…이달 중 후속회담 줄줄이 열린다종합
287371,中충칭서 임시정부 수립 100주년 기념공연 회상 개최
287372,김무성 김종인 국민 현혹…국민 살림 힘들게 해
287373,유엔 대북제재 중국 북핵 문제 6자 회담 재개로 해결해야
287374,기자회견하는 고 김용균 1주기 추모위
287375,삼성전자 멕시코서 디지털 교육 지원
287376,SKT 1분기 매출·영업익 동반 감소…전망치 하회종합
287377,특징주 두산솔루스 분할상장 나흘째 상한가종합
287378,한국인 10명 중 7명 CD 등 디스크 매체로 음악 안 들어
287379,춘천 청소년·어린이 체험관광코스 만든다
287380,잉글랜드 스페인 물리치고 U17 월드컵 첫 우승
287381,관광지 입장 무료…中 경기둔화 우려 속 관광소비 촉진
287382,샌더스의 막판 뒤집기 사실상 물건너가…그래도 끝까지 간다
287383,드론 교통관리체계 마련…5년간 437억 투자
287384,2018 KBO리그 3월 24일 플레이볼…역대 가장 빠...
287385,갤S8 사면 사은품이 이만큼…이통사 고객 유치전종합
287386,아시안게임 한국 남자배구 이란에 막혀 은메달
287387,北신문 올림픽 후 대규모 합동훈련 재개하면 북남관계 휘청
287388,야당탄압 수사관련 질문에 답하는 한국당 의원들
287389,한반도 해빙 민주 기대 이상 성과·한국 CVID 빠져 유감
287390,미래에셋 미국 아마존 본사사옥 일부 산다
287391,세기의 대국 자신감 회복한 이세돌 흑으로 알파고 사냥나선다
287392,정현 메이저 4강 신화 영향 테니스용품 매출 최대 85% 껑충
287393,靑 김정은 답방 여러 상황 고려돼야…재촉할 의사 없다종합2보
287394,김단비 트리플더블급 활약…신한은행 KB 꺾고 3연패 마감
287395,한투증권 포스코 업황 우려 지나쳐…매수
287396,강제징병 피해 유족 한일청구권협정 자금 반환 헌법소원 청구
287397,MLB 게레로 주니어 오타니 넘어 야구카드 판매 신기록
287398,대우조선 노조 내일 파업 찬반투표…가시밭 구조조정 예고
287399,SNS 선거운동 글쓰기만으론 부족…라이브 활용해야 효과↑
287400,거대양당 주도 曺청문정국…존재감 약했던 바른미래·정의·평화
287401,청와대도 김영란법 교육…밥 살 경우엔 해장국집에서
287402,세계은행 러시아 올해 경제성장률 1.5%→1.4%로 하향 조정
287403,日수출규제 정부 대응 잘하고 있다 54%한국갤럽
287404,중국 러시아판 사드 S400 2차분 계약보다 앞당겨 도입
287405,NH투자 KTG 주가·배당 매력 두드러져
287406,부산 시내면세점 특허 입찰에 컨소시엄 3곳 참여
287407,아시아 리우 원주 다이내믹 댄싱카니발 20일 개막
287408,SK텔레콤 T괌·사이판패스 본격 시행
287409,심상찮은 힐러리 이메일 수사…美FBI국장 보안조사 아닌 수사
287410,게시판 한은갤러리 지역화단의 거장을 만나다 기획전
287411,구원왕 정우람 40세이브 해보고 싶죠…그만큼 철저히 준비
287412,게시판 서울 한성백제박물관 사계 콘서트 여름 개최
287413,지역별 인기 관광지는…서울 경복궁 제주 성산일출봉
287414,美관리 이란 유조선 피격 몇시간 전 美드론 향해 미사일
287415,KT 아현화재 통신대란 1년…5G시대 재난 대응책 더 고민해야
287416,STX엔진 엔진 부품판매·기자재 공급 시장 진출
287417,특징주 성장성 특례 1호 셀리버리 코스닥 첫날 공모가 상회종합
287418,탬파베이 최지만 시즌 8호 홈런 작렬…대타 출전해 맹활약
287419,G2무역전쟁 한숨 돌렸지만…유럽서 경기침체 우려 고개
287420,1위표 22장…류현진 NL사이영상 경쟁서 셔저보다 2배 ...
287421,특징주 셀트리온 첫 26만원 돌파종합
287422,삼성바이오 비중 상위 5개 펀드 한달새 14% 손실
287423,야권 5·18 앞두고 광주에 집결…민심잡기 경쟁
287424,카메라로 담은 죽음 문화…돌아감의 의미를 찾다
287425,美공화·트럼프 사기꾼 힐러리부패한 케인 티켓 공세
287426,靑 朴대통령 총리에 권한 드렸다…김병준 국정 주도
287427,산체스 8회 2사까지 노히트 역투…워싱턴 NLCS ...
287428,윤이상 23년만에 바다 보이는 통영에 묻힌다종합
287429,北 이동식 미사일 발사대에 軍 킬체인 무력화 우려
287430,트럼프 법무장관이 힐러리우크라이나 연루 의혹 알아봐야종합
287431,오만해 유조선 피격 미스터리…공격 주체·동기 미궁 조짐
287432,LG 공식 사과 사인 훔치기 논란 불미스러운 일종합
287433,홍영표 한국당 교육장관 청문회 우려먹어…머릿속에 정쟁뿐
287434,전문가 트럼프 北과 비핵화대화 실패시 무력사용 가능성도
287435,MBC 지노위 계약직 아나운서 부당해고 판단에 재심신청
287436,맨유 부상 방출된 즐라탄과 이번 주 계약할 듯
287437,野 조윤선 청문보고서 단독채택…장관역량 인정하나 부적격
287438,베스트셀러 자기성찰 철학서 강세
287439,영화 개봉 앞두고 새삼 주목받는 원작 소설들
287440,국감현장 교문위 오늘도 반쪽…최순실 딸 학점특혜 공방
287441,2025년까지 일자리 55만개…혁신성장동력 13개 선정
287442,아스널 지루 허벅지 부상… 프랑스축구협회 독일과 A매치 결장
287443,추신수 3경기 연속 무안타…MLB 텍사스는 시애틀 제압
287444,한은 금리 인상에 이자 부담↑…투자보다 부채관리 우선종합
287445,주말 N 여행 수도권 독서의 계절…파주서 열리는 지식의 향연
287446,한국당 당대표 후보들 오늘 오후 2차 TV토론회 격돌
287447,삼성SDI 우시공장서 태양광 핵심소재 생산…中거점 확보
287448,소재부품 상반기 수출 1천218억달러…전년比 9.2%↓
287449,월드컵 본선 48개국 시대…한국 축구에는 득보다는 실
287450,왜 나이 어린 앵커만 선호하나…美 중년 여성앵커들 소송
287451,손시헌 밀어내기볼넷…NC 해커 앞세운 넥센에 역전승
287452,한국야쿠르트 4월부터 야쿠르트·윌 가격 인상
287453,삼성 빅스비 장터 이번주 개장…생태계 확장 본격화
287454,이동통신시장 설 대목 실종…번호이동 평일 수준 못미쳐
287455,월드컵 심판이 눈감은 반칙 휘슬…더 안타까운 태극전...
287456,방통위 인터넷시장 조사 이통사 단체에 맡겨…불공정 우려
287457,두 손 잡은 정의용 수석 대북특사와 김정은 위원장
287458,한·이란 반세기⑥ 폭격·경제제재 속 쌓은 신뢰가 최고의 자산
287459,디에스케이 종속회사 주식 157억원어치 취득
287460,소두증 확산에 콜롬비아·자메이카 임신하지 마라
287461,게시판 캠코 공유재산 위탁개발로 대통령 표창 수상
287462,美 실리콘밸리서 중국 맥 못 추지만 인도는 승승장구
287463,터키 러시아 SU35 도입 구체화…36대 구매 검토
287464,USB 발명한 이스라엘 기업가 실패 두려움 한국서 유독 심해
287465,두 野 광주 쟁탈전…경제공약 승부수 vs 친문패권 청산종합
287466,지소연 8월 초 영국으로 출국…새 시즌 준비
287467,김호철 감독 자격 박탈 남자배구 대표팀 향후 운영 방안은
287468,지난달 가계대출 6.2조원↑…7월까지 증가폭 작년보다 15조↓종합
287469,내일날씨 주말 전국 강풍·비 소식…낮 기온 뚝
287470,5대 마카오 행정장관에 친중파 호얏셍 당선
287471,미술시장 정통한 이들도 홍콩서 새로운 발견할 것
287472,슬로바키아 대선 1차 투표 진보정당 여성 후보 압승
287473,그래픽 치아 에나멜 구조 본떠 단단하고 진동에 강한 신소재 개발
287474,김영남 평양상봉 평화·공동번영·통일 여는 중요 계기 되길
287475,KT 인공지능 TV 기가지니로 옥션·지마켓 쇼핑한다
287476,IBK투자 IT 장비·소재 업체 테토스와 상장주관 계약
287477,예멘 반군 작전반경 1천500㎞ 자체개발 드론으로 사우디 공격종합
287478,온몸으로 한방 바이오를 느끼다…제천 한방엑스포 D20
287479,에르도안 러 S400 미사일 7월 인수 희망…트럼프 설득할 것종합
287480,최근 3년 국보·보물 100여건 내년 4월 한자리서 전시
287481,그래픽 운명의 9월 한반도 주변국 정세종합
287482,이탈리아프랑스 정상 EU 난민 자동 배분 시스템 도입 합의
287483,남태희 결승골 뒤 안타까운 부상…내일 호주 병원서 검사...
287484,박기원 감독 진지위 문서상 출전 가능하지만 훈련 더 필요
287485,토트넘 포체티노 감독 컵 대회 로테이션 방침 유지 시사
287486,KT 지능형 출동 보안 기가아이즈 아이가드 출시
287487,朴대통령 이번 주도 경제행보 가속…국회심판론 부각할듯
287488,환경조경전문가 17명 安지지선언…미세먼지 공약 공감
287489,경남경찰 마약사범 집중단속…238명 검거·54명 구속
287490,인도 위성격추 우주정거장 위협 안 돼…NASA 비판에 반박
287491,카카오게임즈 액션스퀘어에 200억원 지분 투자종합2보
287492,靑 한미정상회담 개최 발표…비핵화 공조·동맹 강화 논의종합
287493,보스니아 내전 전범 카라지치 옥중 전화로 외부행사 연설 논란
287494,승부사 모디 vs 황태자 간디 리턴 매치…인도 총선 D10
287495,문대통령여야 5당 원내대표 오찬…오색비빔밥 메뉴 협치강조종합
287496,북미정상회담 기대에 코스피 2480선 턱밑
287497,빗방울 머금은 옥수수들
287498,경기도 북부 8개 시·군 오존주의보 1시간 만에 해제종합
287499,KT 엠모바일 LTE 폴더폰 라디오 청춘2 출시
287500,사람 장기 내 500여 종 미생물 생태계 지도 만들었다
287501,후면 트리플·쿼드 카메라 탑재한 삼성 중저가폰 출격 대비
287502,특징주 신세계인터 신세계 화장품사업 통합에 이틀째 신고가
287503,김포국제공항 유관기관 합동 대테러 훈련 실시
287504,한국여자배구 VNL서 러시아와 도쿄올림픽 예선 전초전
287505,KT AI 전문기업 선언…인공지능 분야에 3천억원 투자종합
287506,코스피 보합세로 출발
287507,푸틴 살만 사우디 국왕과 통화…원유시장 공조 지속 합의
287508,광복절 늦은 오후부터 남해안·지리산 부근 강한 비
287509,봉화 등 경북 5개 시·군 올가을 들어 첫 한파특보
287510,카드뉴스 당신이 풍등 날리면…산불 나고 동물 죽고
287511,시장통 원룸건물서 펼친 현대미술 장터 솔로쇼
287512,한국 여자배구 김연경 없이 VNL 3주차 네덜란드 출국
287513,조영남 장애예술인과 한 무대…어울리는 자리 뜻깊다
287514,영상 오신환 6월 국회열차 출발…민주·한국 탑승하라
287515,여야 선거구 획정·쟁점법안 합의 또 불발
287516,신간 우아한 밤과 고양이들·소설가의 사물
287517,이윤택 굳게 다문 입
287518,브릿지경제신문 최종천 대표이사 재선임
287519,온라인 경매에 나온 토이와 피규어
287520,日아베 하메네이 핵무기 제조·보유·사용 의도 없다 말해
287521,이탈리아 부총리 EU 최악의 적 포퓰리스트 아닌 현 집행부
287522,與 日수출규제 대응 총력전 다짐…부품소재산업 자립 지원
287523,朴대통령 시도지사 오찬…중앙정부·지자체는 공동운명체
287524,키움증권 재건축 규제 신규 분양시장에 긍정적
287525,증시풍향계 투자 시작할 타이밍은 과연 언제일까
287526,인삼공사만 만나면 펄펄…KCC 선두 2.5경기 차 추...
287527,출판진흥원 찾아가는 북미도서전 LA서 개최
287528,과기부 연구개발특구 4차산업혁명 선도 지역거점으로 육성
287529,임시 1선발 류현진도 부상…다저스 선발진 비상종합
287530,1점차 신승 김승기 KGC인삼공사 감독 이 경기력으론...
287531,인스타그램서 무슬림 동성애 만화 사라져…인니정부 압박 논란
287532,獨주요도시서 형형색색 조끼 시위…노동조건 개선 등 요구
287533,류현진 광고모델료 가로챈 전 에이전트 법정서 혐의 부인
287534,시애틀 아트 페어 호기심과 경이로움 주제로 8월 1∼4일 개최
287535,의학·생명과학 분야 종합분석 논문 대다수 불량품
287536,EU나토 사이버 방위 협력협정 체결
287537,민생연석회의에서 발언하는 이해찬
287538,가을야구 포기 못해…롯데 레일리 호투로 한화 제압
287539,번즈·이대호 솔로포채태인 쐐기타…롯데 KIA전 3연패 탈출
287540,제10회 방송통신 이용자주간 기념식
287541,전문 朴대통령 국회 시정연설 개헌 관련 내용
287542,장병완 트럼프 무역조치 국제질서 어긴다면 WTO제소 검토해야
287543,귀화 농구 선수 라틀리프 라건아로 개명 예정
287544,K리그 IFFHS 선정 세계프로축구리그 순위 7년 연속 ...
287545,광화문에 붉은 함성…KT 축구협회와 월드컵 거리응원
287546,류현진 7이닝 무실점 완벽투…한미통산 150승 금자탑
287547,내 손글씨 AI가 글꼴로… 네이버 109종 무료 배포
287548,朴대통령 1년여만에 비즈상담회 참석…佛서 수출세일즈
287549,남북정상회담 후 첫 수석ㆍ보좌관 회의
287550,자유한국당 중앙선대위 회의
287551,신간 그녀 아델
287552,ICC 아프간 미군 전쟁범죄 의혹 조사착수 요청 거부
287553,7경기 연속포 두산 김재환 기록에 특별한 욕심 없다...
287554,대한항공 인천∼바르셀로나 노선 첫 취항
287555,퀄컴 5G 커넥티드 차
287556,침팬지 공격후 안면이식 美여성 얼굴피부 거부반응으로 입원
287557,이집트 법원 알자지라방송 언론인 석방 명령
287558,충북 맑고 더워…아침 안개 주의
287559,나경원 김학의 특검·드루킹 재특검 맞바꾸자…與 어불성설종합
287560,이재영·톰시아 쌍포 GS칼텍스 사각 편대 압도종합2보
287561,신간 나는 미니멀리스트 이기주의자입니다
287562,만트럭버스코리아 부산모터쇼 참가…중소형 카고트럭 전시
287563,63아트 신진작가와 대화의 자리 마련한다
287564,유진투자 헬스케어 코스닥 활성화정책 수혜…비중확대
287565,미중 무역협상 재개 기대감…원달러 환율 상승폭 2.2원 그쳐
287566,NBA 서부 1위 덴버 댈러스 잡고 4연승 질주
287567,아파트 리모델링 8월부터 소유자 절반 동의로 가능
287568,네이버 상반기 급여 평균 5천300만원…카카오보다 40%↑종합
287569,청바지에서 찾아낸 근대성의 의미…신간 청바지 인류학
287570,조명균 남북 선수들처럼 함께한다면 화해·평화도 성큼
287571,미국관광청 한국인 공략 키워드로 탈출 제시
287572,탈원전 정책 폐기 촉구 기자회견하는 한국당
287573,이란 억류한 英유조선 선원 23명 안전…신속히 조사종합
287574,스페인 의회 사회당 산체스 내각 불신임…좌파연정 구성 실패
287575,상반기 펀드시장 안전자산 인기…국내 채권형 8조 유입
287576,개인 전문투자자 요건 완화…혁신기업 투자세력 육성
287577,한국투자 FTSE 지수 편입 효과 GS리테일보다 오뚜기가 크다
287578,관광객으로 붐비는 화천 토마토축제
287579,북한 전문가 北 제7차 당 대회 계기 대화공세 나올 것종합
287580,프로농구 다음 시즌부터 외국인 선수 키 200㎝ 이하로 제한
287581,대범한 19세 신인 안우진 경기 끝내고 싶다고 말씀드렸죠...
287582,이병기 국회의장·여야대표 찾아 테러방지법 처리 요청
287583,거래소 라이트론 상장적격성 실질심사 사유 추가
287584,프로농구 SKKCC 정규리그 최종일 4강 직행 티켓 맞대결
287585,특징주 두산 연료전지·소재사업 분할에 강세종합
287586,4월 양주시장 재선거…새누리 과열 vs 야권 인물난
287587,게시판 한국외국어신문협회 창립 3주년 기념식
287588,모바일 동영상 최강자는 여전히 유튜브…점유율 43%
287589,발목 부상 오세근 전자랜드전 결장…대표팀은 참가
287590,자금 투입하고 수입 길 터준다…日규제 피해기업 지원 즉시 착수
287591,AWS 클라우드는 대세…거스르지 말고 같이 가자
287592,프로농구 SK 5월 7일 홈 코트서 팬들과 우승 파티
287593,레모나 경남제약 상장 유지…5일 매매거래 재개
287594,LG폰 이용자 의견 제시할 때마다 마일리지 드립니다
287595,EPL서 강등 헐 시티 실바 감독 사임
287596,류현진 부상 후 이틀 만에 투구 훈련…복귀 청신호
287597,국회 오늘 정보위 업무보고…北대사관 침입 사건 논의
287598,코스피 13.29p0.70% 오른 1917.62장종료
287599,정해구 대북제재 해제 대비한 남북 경제교류 대응방안 구상
287600,삼성 갤럭시S9 사전 체험존에 5일간 160만명 방문
287601,갤럭시노트8 소개하는 고동진 사장
287602,게시판 올해 1등 KT인상에 5G 경쟁력 강화 TF
287603,SNS돋보기 한중관계 정상화 합의…민생 숨통 트였으면
287604,한강·김언수 등 유명작가들 예테보리도서전서 문학행사
287605,검증된 거포 가빈·산체스 V리그 유턴 유력…낙점팀 관심
287606,하루키 신작 기사단장 죽이기 문학동네서 6∼7월 출간
287607,7월 1314일 과총 창립 50주년 기념사업
287608,美매체 다저스 류현진과 장기계약하면 효과 분명해
287609,안철수 北 군사적 협박으론 아무것도 못얻는것 깨달아야
287610,이집트 피라미드 위로 떠오르는 태양
287611,세기의 로맨스 끝나나…퇴위 말레이왕 결혼 두 달만에 불화설
287612,이스트소프트 개인정보 13만건 유출…비밀번호 바꿔야
287613,北종업원 소송 재판부 기피신청 중앙지법 형사1부가 판단
287614,가난한 사람들이 복지혜택 줄이려는 정당에 투표하는 이유는
287615,올림픽 펜스와 아베 뒤로 김영남과 김여정
287616,한국당 남북대화 첫째도 둘째도 북핵 포기여야
287617,한진그룹 3세 조원태 대한항공 총괄 부사장에 선임
287618,민주당 전국노동위원회 노동절 기념 기자회견
287619,손혜원 부친 유공자 선정 의혹 국가보훈처 압수수색종합
287620,사회정의를 분배 문제에 가두지 말라…지배와 억압 제거해야
287621,유진테크 209억원 규모 반도체 제조장비 공급계약
287622,오승환 복근 부상 후 첫 투구 훈련 시작할 듯
287623,군부 조롱 미얀마 풍자극단 단원 5명에 징역 1년 형
287624,한국남자배구 8강 라운드 첫 경기서 대만 완파
287625,생명이 살아 숨 쉬는 새만금…2019 풍경화 공모전 개최
287626,오바마는 푸틴보다 한 수 아래…트럼프 또 오바마 비난
287627,핑크퐁부터 신데렐라까지…가정의 달 공연
287628,엘 에리안 은행불안 확대되면 국제경제 충격 엄청날것
287629,서울옥션 김환기·앤디워홀 등 270억 출품
287630,게시판 미래부 기후기술협력 시범 프로젝트 진행
287631,신년사 손경식 경총회장 기업의 기 살리기에 힘 모으자
287632,구글 유튜브 보이콧 광고시장 판도에 영향 없을 듯
287633,트럼프 대통령 에어포스원 새 디자인 실현 힘들 듯
287634,특징주 中 기업 골든센츄리 상장 첫날 약세종합
287635,박수치는 만해언론인상 참석자들
287636,이란 혁명수비대 공격 자살폭탄범은 파키스탄인
287637,이스라엘에 로켓 떨어져 7명 부상…이스라엘 가자지구 공습종합3보
287638,지성규 하나은행장 사과…고위험 상품 가입에 본점 승인 추가
287639,中 사드보복 6개월 방한 동남아 관광객도 줄었다…1.5% 감소
287640,伊 스키리조트 1회용 플라스틱 사용 전면금지…유럽 첫 사례
287641,베트남전 찾은 박항서 감독 베트남 강합니다
287642,올해 과학계 최고 혁신성과는 사상 첫 블랙홀 직접 관측
287643,리버풀 전설 제라드 다음 시즌 리버풀 U18팀 사령탑
287644,ICC 민주콩고 전 반군지도자 은타간다에 징역 30년형
287645,한반도 화교 용어 1천648개 해설한 사전 출간
287646,캐나다 필리핀에 불법 수출한 쓰레기 6월까지 회수
287647,北 기자·작가에 1970년대 역할 주문…그 시절 어땠길래
287648,다음 창업자의 네이버 응원…한국경제의 새 모범
287649,올해 현대시작품상에 오은 시인
287650,조명균 평창회담 北연락 곧 올 것…이번주내 개최 가능성종합
287651,안보리 터키에 외교적 해결 촉구 성명 검토…미국 주도
287652,남북간 中선양 민간접촉 공동보도문 내용에 차이
287653,이란 탄도미사일 모형 전시
287654,北당대회 김정은 양복차림 눈길…직책·대외정책 바뀌나종합
287655,방통위 결합상품 해지 방해 통신사업자 단속
287656,네이버 사용자 월드컵 우승 후보 독일·프랑스·브라질순종합
287657,중러 수교 70주년…美 압박 맞선 시진핑·푸틴 밀월 가속
287658,교착상태 빠진 남북교류 강원도에서부터 활성화해야
287659,김무성·이한구 공관위원장 최고위 출석 놓고 또 설전
287660,1906년 일제 병영공사 이후 용산 40년사 자료집 발간
287661,경기 북부권 8개 시·군 오존주의보 두시간만에 해제종합
287662,돈되면 몰린다…부동산 분양시장 단타족 기승
287663,역대 NBA에 가장 큰 영향 끼친 선수는 조던…2위는 제임스
287664,이라크서 새해 첫날 유람선 침몰…관광객 90명 이상 사망종합3보
287665,한화 두산 꺾고 3천661일 만의 단독 2위…SK는 6연패
287666,주말 N 여행 호남권 깊은밤 밝힌 야시장…막걸리 한잔에 어깨 들썩 북적북적
287667,에이앤티앤 임시주총 소집허가 신청 제기돼
287668,SKT 5G 월드 어워드서 최우수 엣지 컴퓨팅 부문 수상
287669,KT 기가지니 100만 가입자 돌파…기가지니2 스노우민트 출시
287670,靑 이틀째 北당대회 예의주시…도발 가능성에 대비
287671,네이버 제록스리서치센터유럽XRCE 인수…AI 연구 박차
287672,올림픽 팀 코리아 감독은 나
287673,김부겸 200만 국민 모였지만 탄핵 쉽지 않아
287674,朴대통령 여름휴가 마쳐…우병우 파동 속 향후 정국해법은
287675,네이버 TV캐스트 광고 줄인다…150초 이상만 15초 광고
287676,주말 N 여행 수도권 춥다 따뜻한 커피향에 푸∼욱…인천 송도 카페페스티벌
287677,공개 탄핵조사에도 트럼프 지지율은 소폭 상승…43% 기록
287678,화신테크 20억원 규모 전환사채 발행 결정
287679,조현우 현재 몸값 20억원…AG결과 따라 폭등 가능성
287680,KBO 선수 뒷돈거래 특별조사결과 28일 발표…상벌위도 개최
287681,주말 N 여행 제주권 겨울바다 힘찬 새해를 펭귄수영대회…해녀문화 뮤지컬
287682,오늘의 투자전략 어닝쇼크 피하기 위한 실적 점검 필요
287683,네이버 유럽진출 1호 투자기업은 프랑스 음향기술업체
287684,주말 N 여행 강원권 1년을 손꼽아 기다렸다 은빛 슬로프 질주에 갈증 싹∼
287685,특징주 분할 상장 SK케미칼 약세…지주사는 강세
287686,게시판 코스닥협회 2019년 제1차 코스닥 내부 감사 포럼 개최
287687,식전 공연 펼쳐지는 AG 폐회식
287688,中 7월 산업생산 4.8% 증가…17년래 최저
287689,호주 청년층 시골 떠나 도시로…지방인구 6년 새 30% 급감
287690,SK텔레콤삼성전자 업무협약 체결
287691,4년 연임제·수도조항 명시 등 개헌초안 문 대통령에 보고
287692,베네수엘라 중부 교도소서 폭동…진압발포로 수감자 23명 사망
287693,다시 기지개 켜는 김무성 2017 대권 플랜 작동하나
287694,산탄젤로 30점 삼성화재 한국전력 꺾고 3위 도약
287695,인민일보 美 신장 인권 공세에 발끈…음흉한 속내
287696,과기부 적극행정 사례로 세계 최초 5G 상용화 선정
287697,밤에 즐기는 6.25 피란수도 정취…23∼24일 부산 야행
287698,KT 보험 판매점 통합청약 서비스 출시
287699,이란 외무 지난달 美상원의원 만나…볼턴 영향력에 대응 위해
287700,난처한 시리즈가 내놓은 클래식 교양서…울렁증 극복
287701,이병기 北 국지도발·후방테러 감행 가능성
287702,정진석 靑 회동서 김영란법 관련 문제도 논의될 것속보
287703,野 감사원 대우조선해양 사태 정부 책임에 면죄부
287704,평양정상회담 평양 시민들에게 인사하는 문 대통령
287705,신한금투 GS건설 2분기도 호실적…목표가↑
287706,A8 고객이 더 많아요…갤S9 개통 첫주말 집단상가 차분
287707,靑 한미 정상회담 사드 배치 입장 분명했다는데 의미
287708,朴 임기 맞춰 앞당겼던 한국형발사체 일정 원위치종합
287709,드라마에 시대의 메시지를 담다 불꽃 당신 김종학
287710,장하성 한반도 비핵화 진전시 한중협력서 中랴오닝 가장 중요
287711,SKT 결합시장 점유율 50％ 넘었다…M＆A에 변수 되나
287712,EU 인도·파키스탄 군사적 충돌에 양국 최대한 자제해야
287713,ECB 양적완화 반대해온 獨측 집행이사 전격 사퇴
287714,할로웨이·팟츠 더블더블…전자랜드 삼성 꺾고 3연승종합
287715,KTB투자 대림산업 2분기 호실적…목표주가↑
287716,삼성 아이폰X 견제 프로그램 가동…갤럭시 체험 행사
287717,손흥민의 토트넘 FA컵 8강서 3부리그 밀월과 격돌
287718,코스피 배당락일 효과에 하락 출발…장중 2180선 등락종합
287719,신간 뇌가 지어낸 모든 세계
287720,바른미래 국감 종합상황실 현판식…바로잡는 국감
287721,공연소식 유쾌한 사랑 쟁탈전 연극 쉐어하우스 外
287722,국민의당 靑여야 지도부 회동에 할 이야기는 할 것
287723,카드뉴스 시청자에게 막말 방송 처벌은 솜방망이
287724,월드컵 신태용호 태극전사 컨디션 관리에 주력
287725,유전자교정 인간배아 대상 치료연구 허용해야
287726,프로배구 2라운드 종료…우리카드 도약·GS칼텍스 강세 지속
287727,게시판 NH투자증권 21·27일 100세 시대 아카데미
287728,신간 중국의 리더들·땅의 역사
287729,아궤로 맨시티 통산 177골…78년 만에 구단 최다골 타이
287730,공시가격 인상 올해 개별주택·아파트·토지 공시가격도 오른다종합
287731,에버턴 득점왕 1순위 루카쿠 몸값으로 1천422억원 책정
287732,여자배구 대표팀 VNL 1 2주차 선수 14명 확정…1...
287733,朴대통령 北 최소한 외교관계도 어려워질 것…외교봉쇄 경고
287734,은행 금리도 줄줄이 내릴 듯…이르면 금주 수신금리 인하
287735,거래소 휴온스 분할 재상장 승인
287736,문 대통령 여야정협의체 첫 회의
287737,삼성전자 베트남서 갤럭시S10 박항서 에디션 출시
287738,니카라과서 정치범 석방 촉구 총파업 부분 참여 속 진행
287739,멕시코 범죄 총기 70% 미국서 유입…美에 총기밀매 차단 촉구
287740,英여왕 SNS 관리할 전문가 찾습니다…공짜점심에 휴가 한 달
287741,롯데건설 원주 롯데캐슬 더 퍼스트 2차 이달 분양
287742,날씨 투표소 가는 날…비 오다 오후부터 그쳐13일
287743,KT엠모바일 SKY 폴더폰 단독 출시
287744,대신증권 삼화콘덴서 MLCC 호황…목표가↑
287745,경남에 6일부터 많은 비…강풍 동반 최고 100㎜
287746,김정태 회장 관련 채용비리 추정되지만 특정된 바 없다속보
287747,네이마르 공백 실감한 바르셀로나…고개숙인 메시
287748,통일농구 성공 이끌고 다시 서울로
287749,KT 인공지능 TV 기가지니 어린이 콘텐츠 추가
287750,치안불안 아프리카 말리 새 총리에 시세 전 재무장관
287751,슬로바키아 첫 여성 대통령 눈앞…여당 후보 패배 인정종합
287752,佛 파리시장 선거전 집권당 분열상…현 시장 어부지리
287753,커리듀랜트예렙코 74점 골든스테이트 댈러스에 역전승
287754,화웨이 1분기 영업익 3배 뛰었지만…美제재로 전망 흐림
287755,화이트삭스 디트로이트전서 탈삼진 20개…역대 타이기록
287756,키움증권 현대제철 2분기 실적 부진…목표주가↓
287757,탈북 도와온 한국계 영국인 英왕실 국가공로훈장 받아
287758,여유 있는 김태형 감독 반 슬라이크 8일 등록 안 할 수도
287759,그래픽 민주당 새 원내대표 홍영표 프로필
287760,삼성엔지니어링 구주주청약 99.9%…유상증자 성공종합2보
287761,칠레 북부 해안서 규모 6.7 지진…쓰나미 경보 없어
287762,朴대통령 분열 꾀하며 북한 옹호하는 세력 막아야
287763,이종찬 한일관계 최악…레이와 시대 맞아 뉴파트너십 모색을
287764,갤럭시S8 시리즈 글로벌 판매량 500만대 돌파종합
287765,위기의 트럼프 위스콘신 총력전 내가 이기면 나쁜일 다 바뀔것
287766,러시아行 23인에 들어라…태극전사들의 마지막 오디션
287767,우크라 대선 1차투표 개표 종료…젤렌스키·포로셴코 1 2위
287768,네이버 유료 오디오북 서비스 개시…첫날 630권 판매
287769,대신증권 제이콘텐트리 어벤져스 효과 기대…매수
287770,날씨 내일도 쾌청…수도권 오존 나쁨·일교차 주의
287771,이스라엘 대법원 反아랍·선동 극우 후보 총선 출마 제동
287772,朴대통령 北미사일 선박항행 안전위협…IMO 메시지 당부
287773,반구대 암각화를 위한 헌사…36명의 육필 詩 전시된다
287774,국감현장 단말기 완전자급제 도입 공세에 과기정통부 쩔쩔
287775,LG유플러스 기업용 U클라우드 보안 서비스 출시
287776,과천과학관 과학송 경연대회 개최
287777,SK증권 지정학적 우려 완화…수급 대폭 개선은 미지수
287778,바른미래 반시장적 추경 실패 예정돼…반드시 막아내겠다종합
287779,죽음의 초고압 송전선로 현수막 찢는 주민들
287780,DB KCC 꺾고 기분 좋은 4연승…김주성에 은퇴 선물
287781,미중 갈등 속 푸틴 시진핑 생일 축하로 밀월 과시
287782,무역전쟁에도 中관광객 춘제연휴 장거리 여행지로 미국 선호
287783,한화MGI스팩 우정비에스씨 흡수합병 결정
287784,게시판 인터넷진흥원 개인정보 보호 상담사례집 발간
287785,포스트 4·13…與 파워 시프트 조기 전대로 공 울린다
287786,北 美 B1B 한반도 출동에 미제의 허세 주장
287787,유아교육정책과 직원들과 셀카찍는 문 대통령
287788,LG V50S 다음달 4일부터 예판…가격 119만9천원 전작과 동일
287789,SKT 갤럭시 폴드 5G 전국 당일 개통 진행
287790,프로배구 KGC인삼공사 20192020시즌 새 유니폼 공개
287791,유진투자 아시아나항공 실적개선…목표가↑
287792,키프로스 다국적 기업에 가스 시추 허가…터키 강력 반발
287793,사우디 실세 빈 살만 왕세자 오늘 방한…文대통령과 회담
287794,불그레한 갤럭시S8 화면 대처 방법은
287795,멕시코 정부 구스만 탈옥후 작년말 미국 방문은 사실무근
287796,김천서 27∼28일 드론 축구대회…국내외 60개 팀 열전
287797,미래부 RD 연구 서식 대폭 간소화
287798,홍콩 경찰 송환법 시위 관여 입법회 의원 2명 추가 체포
287799,SK·넥센…플레이오프서 멋진 승부 기대하세요
287800,하나금융지주 준법·부패방지 경영 국제표준 인증
287801,카카오 카풀 시범서비스 개시…17일 정식 오픈
287802,정은원 추격포결승타 한화 두산 꺾고 2연승
287803,코스피 미국발 훈풍에 2210선 회복…코스닥도 1%대 상승종합2보
287804,하나금투 메디아나 2분기 사상 최대 실적 예상
287805,이라크군 시리아서 철수한 미군 이라크 주둔 승인안해종합
287806,천도재 현대음악으로 재탄생…악보집 왕생가 발간
287807,靑 철도공단 이사장 첩보 인사라인서 검증…비위 증거 없었다
287808,중앙선관위 28일부터 지방선거 투표용지 인쇄
287809,두산그룹 이웃사랑 성금 30억원 사회복지모금회 기탁
287810,준비 부족 세계 첫 5G 서비스…LTE 서비스에 요금만 올렸나
287811,니카라과 언론 줄줄이 폐간 위기…정부 통제에 자금난 심화
287812,팩트체크 포토라인 선 정경심 모자이크 처리는 특혜
287813,블랙박스 이렇게 당당할 수가…주차장 출구로 들어선 차량
287814,전 국민 인터넷 시대…60대 이상도 2명 중 1명꼴종합
287815,EPL 맨시티ㆍ리버풀 OGC니스 미드필더 세리 눈독
287816,日 10세 여아 학대사망 일파만파…부친 스마트폰에 학대영상
287817,여자축구 대표팀 30일 소집…AG 메달 사냥 담금질
287818,상하이 오바메양 몸값 1천881억원 제안설…도르트문트는 부인
287819,과기부 4차산업혁명 대비 초고성능컴퓨팅 육성 공청회
287820,셀리드 코스닥시장 신규상장 기념식
287821,에넥스텔레콤 알뜰폰도 홈 IoT 시장 가세
287822,추신수 1회초 선두타자 초구 홈런…시즌 17호
287823,방통위 방송사 재허가·재승인 과정에 국민 의견 듣는다
287824,알뜰폰업계 보편요금제로 경영악화 위기…추가 지원 달라
287825,카카오 전국 지도 3m x 3m로 쪼개 고유 이름 붙인다
287826,日 사이버 공격 대응 반격용 바이러스 보유키로
287827,말컹 5·6호골 경남 강원 31 격파…선두 복귀종합
287828,벨·뮬로바·마이스키…클래식 스타 일주일 간격 줄내한
287829,대표팀 트라우마 메시 해트트릭으로 월드컵 우승 재도전
287830,구찌 또 구설…구속복 디자인 불만 모델 캣워크 중 침묵시위
287831,트리플캠·지문인식 갤럭시A50 14일 출시…47만3천원
287832,우리은행 이어 하나은행도 DLF 분조위 결정 수용종합
287833,SK텔레콤 IoT 청년 기업가 발굴 대회 개최
287834,경기·강원에 빗방울만 약간…낮 최고 33∼38도 폭염 지속
287835,멕시코 구멍난 송유관에 700명 몰렸다가 순식간에 아비규환종합
287836,코스피·코스닥 1% 동반 하락 출발
287837,5G 실감콘텐츠 산업경쟁력 강화해야…4차위 회의
287838,이호준 코치 NC 마무리캠프 합류
287839,더 강력한 온열 암치료 방법 찾았다
287840,유진투자 지분 재편 모비스에 불리…주총 부결될 수도
287841,UEFA 챔스리그 4강 마드리드 더비 성사…레알 vs 아...
287842,블록체인 활성화위해 금융IT 감독체계 분산·개방형으로
287843,사람 돌연변이로 유전자 기능 확인…파키스탄 1만여명 조사
287844,하프라인도 넘기 힘들었던 우즈베크…골키퍼 경쟁은 다시 원점
287845,브라질 법원 네이마르에 탈세 관련 13억원 벌금 부과
287846,中 RCEP 추진 박차…아태지역 통합에 TPP보다 유리
287847,LGU 도서·산간지역 잇는 국산 LTE 중계기 상용화
287848,北 평양서 김정은 신년사 관철 군중대회
287849,FIFA 랭킹 가장 낮은 러시아사우디 월드컵 개막전
287850,내년 북한인권 예산 152억원 첫 편성종합
287851,황동일 문성민·신영석과 한 팀에서 은퇴하는 꿈 있었다
287852,키움·토스뱅크 컨소시엄 인터넷전문은행 심사서 모두 탈락
287853,MB 재산관리인 모두 구속…검찰 수사 향배 이들 입에 달려
287854,아시안게임 2연패 도전 남자농구 라틀리프 앞세워 ...
287855,朴대통령 지지율 11.5%…60대 이상ㆍ與지지층 재결집 현상
287856,음악스트리밍 최강자 스포티파이 이달하순 뉴욕증시 직상장 전망
287857,신간 감세국가의 함정·BTS 예술혁명
287858,추신수·강정호·최지만 MLB 시범경기서 나란히 2타수 무...
287859,中본토 여행객 대만서 레넌 벽 훼손으로 첫 출경 제한
287860,한국방문위원회국립중앙박물관 외국인 관광객 유치 활성화 업무협약
287861,해리 케인 EPL 신기록…사우샘프턴전 2017년 37호골 작렬
287862,대만 총통후보 지지율 조사마다 달라…차이·한궈위 선두경쟁
287863,강원 홍천 내면 19.4도…낮부터 추위 풀려
287864,음악으로 승부한다…인공지능 스피커 각축전
287865,내달 1일부터 4개 지방銀서도 사잇돌 중금리 대출
287866,네이버TV캐스트 네이버TV로 새 단장…모바일 편의성↑
287867,세계 첫 5G폰 갤럭시S10 5G 출고가 139만7천원 확정종합
287868,벤투호 축구대표팀 11월 17일 호주와 원정 평가전
287869,한미정상 핵우산 확장억제 조치…안보리 새결의 강력압박종합
287870,EU 골란고원에 대한 이스라엘 주권 인정 안 해
287871,트럼프 北핵실험·미사일발사 안해…제재위반 아베와 온도차종합3보
287872,휴스턴 벌랜더 개인 통산 3번째 노히트노런…사이영상 굳히기
287873,중국 아랍어로 뉴스 전하는 AI 앵커 UAE에 수출
287874,신간 돈·나를 위해 살기로 했다
287875,IS 알바그다디 사망 확인…미국에 보복 위협종합2보
287876,이란 테헤란 심각한 스모그에 소개령 소문까지
287877,춘제 끝난 베이징에 모처럼 눈…일부 도로 운행중단
287878,스팩 상장 4년 만에 최대…중위험·중수익 기대
287879,헝가리 총리 예루살렘에 무역사무소 설치…이스라엘과 밀착
287880,얘기 나누는 조명균 장관과 송영길 위원장
287881,미래에셋 LG생명과학 1분기 실적 기대 이상
287882,ETRI 사물인터넷 가전 제어 앱 개발 경진대회
287883,한숨돌린 獨 경제…8월 산업생산 0.3% 증가
287884,혹시나 했더니 역시나…또 불발된 제4이통
287885,ECB 출구 전략 신호…원달러 환율 3주 만에 1070원 밑으로
287886,게시판 방통위서 위치정보사업자 허가 신청 접수
287887,갤S8 출시 첫 주말 이통시장 정중동…개통 지연종합
287888,노벨상 비결은 호기심…남들 하지 않은 연구 해라
287889,사우디·UAE 적대 관계 이란에 수해 지원 절차 착수
287890,걷기의 제왕 한국 100km 걷기대회 15일 원주서
287891,신간 유령이미지·중국인 이야기
287892,KIST 연구진 줄기세포 표지 기술 개발
287893,트럼프 우크라 대통령 통화 며칠전 원조중단 지시…탄핵론↑
287894,A대표팀 첫 발탁 이진현 어리니까 거침없이 당돌하게 할래요
287895,손학규 정부 김정은 답방을 지지율 제고수단으로 여기면 오산
287896,가는 여름이 아쉽다…해수욕장·계곡마다 피서객 북새통
287897,칼더 정지된 조각 보러 삼청동 갤러리 갈까
287898,피서는 경남으로…해수욕장 17곳 일제히 개장
287899,피츠버그 강정호 올 시즌 첫 2루타…타율 0.286
287900,러 남부서 또 아파트 폭발·붕괴 사고…1명 사망 6명 실종
287901,신태용 감독 수원대구전 관전…갈비뼈 다친 염기훈과 대화
287902,日아베 한국 상대 경제보복 조치에 WTO 규칙에 맞다 주장종합
287903,울산옹기축제 성공 기원 퍼레이드
287904,목포 관광객 1분기 60만명…대한민국 핫플레이스 떠올라
287905,연말연시 사진 재밌게…LG V40 크리스마스 스티커팩 공개
287906,증시신상품 DB금투 연 6.5% 수익 추구 ELS 등 2종 출시
287907,트럼프 총기난사는 惡의 공격…신속한 처형법 추진
287908,멕시코 女상원의원 접촉사고 항의하려다 묻지마 집단폭행 봉변
287909,유엔총회 12년연속 北인권결의안 채택…3년연속 ICC 회부 권고종합
287910,춘천국제레저대회 KPOP 콘서트로 축제 열기 후끈종합
287911,뼈아픈 대북제재로 北핵포기 추진…中에 행동 촉구
287912,종합건설업체 하도급 대금 직불 철회해 달라
287913,서울 낮 11.6도 큰 일교차…중서부 밤부터 미세먼지↑
287914,고양 오리온 농구단 국제꽃박람회장서 팬 사인회
287915,부영 내부거래 공시의무 위반으로 과태료 11억3천만원
287916,사이클링히트에 단타 부족 김현수 홈런치고 싶었는데요
287917,푸틴 미러 핵감축 논의 개시…사우디와 원유감산 연장 합의
287918,나이스신평·한신평 현대로템 신용등급 하향
287919,유럽축구 수장 트럼프 행정명령 美월드컵 개최에 도움안돼
287920,잠은 잘 자는지 KAIST 학생들 생체신호 수집한다종합
287921,MBC 세월호 왜곡 보도 전직 간부 해고
287922,2년만에 돌아온 창작 뮤지컬 아리랑…업그레이드가 중요
287923,게시판 NHN엔터 추석맞이 보드게임 4종 경품행사
287924,美 제재 첫달 이란EU 교역액 3분의 1로 감소
287925,컨테이너선 운임 2주째 상승세…한진해운 여파 가시화
287926,페이스북 브라질서도 개인정보 유출로 과징금
287927,남관표 2차장 인사시키는 정의용 실장
287928,북한단신 김영남 이집트 대통령에 생일 축전
287929,휴대전화 요금 20% 할인 1천만명 이상이 혜택 놓쳐
287930,마에다 6실점으로 무너진 다저스 컵스에 완패
287931,갤럭시S8 예약판매 72만8천대 돌파…혁신 통했다종합
287932,신간 앞서가는 아이들은 어떻게 배우는가
287933,美상원 실종 美대학생 납북 가능성 재조사 결의
287934,김판곤 위원장 후보 면담 후 귀국…새 감독 선임 초읽기
287935,한국 ICT RD 투자 세계 4위…삼성전자 2위로 1계단↑
287936,KT 아시아 최고 5G 상용화 상 수상
287937,칭기즈칸이 제국을 유지한 비결은 종교적 관용
287938,삼성증권 대형 조선사 간 통폐합 가능성 제한적
287939,정부 정책 따라 부동산 용도 변경…세금 부과는 위법
287940,내년 1월 임기 끝나는 헌재소장 후임 문제에 최순실 불똥
287941,SK텔레콤 5G 장비업체로 삼성전자·에릭슨·노키아 선정
287942,유엔 5년째 기록적 폭염 예고…건강·환경 위협
287943,우편배송·야간산불대응… 무인이동체 개발에 50억원 투입
287944,트럼프 덴마크 총리의 터무니없다 발언에 형편없다 비난
287945,게시판 금투협 채권 운용 교육과정 개설
287946,사우디 인근 홍해서 이란 유조선 폭발…이란 미사일 공격종합2보
287947,박순녀 작가 제1회 춘원문학상 수상
287948,소비심리 3달째 악화…집값상승 기대 늘어
287949,특징주 경동나비엔 3분기 실적 실망에 급락
287950,기로에 선 한반도 ④김정은 집권 5년…민생·대외관계 파탄끝
287951,다음 메일 1시간 20분간 일부 장애…네트워크 과부하 탓종합
287952,내주 러일 외무장관 회담…日 영토문제 협의하고 싶다
287953,가트너 올해 세계 드론 판매 300만대 육박…39％↑
287954,공군 탄약고 인근에서 화재
287955,장위뉴타운 래미안 장위1 계약 5일 만에 완판
287956,중동 순방 폼페이오 이란은 최대 위협 반복
287957,게시판 미래부 공공연구성과 기술사업화 지원 정책 모임
287958,뉴스 손 떼고 댓글 조작에 칼 빼 든 네이버…논란 잠재울까종합
287959,美 쿠슈너 모로코·요르단 잇달아 방문…중동평화안 논의
287960,국제인권단체들 터키 분쟁지역에 시리아 난민 강제송환
287961,법원 2년 전 경기 몰수패 요구한 성남FC 소송 각하
287962,힐러리 사우스캐롤라이나 경선서 샌더스 꺾고 승리2보
287963,中수출길 막히자 인니로 몰리는 선진국 쓰레기…3.5배로 급증
287964,프로농구전망대 파죽의 10연승 현대모비스 선두권 진입할까
287965,갤러리북 낸 인쇄장인 감동 주는 인쇄 꿈꾸며 15년 버텨
287966,삼성화재 4일 홈경기서 5천득점 달성 기념 박철우 데이
287967,전광인 왼쪽 무릎 연골 수술 성공적…재활에 5개월 걸려
287968,MBC 배현진 아나운서 현재까지 발령대기 상태…사직서 제출
287969,한국GM 수입차협회에도 가입…쉐보레 수입 판매 늘린다
287970,김호철 감독 계약서 위약금 조항은 이적 막기 위한 안전장치
287971,NBA 샌안토니오 제임스 33점 클리블랜드 격파
287972,박영수 특검 금명간 수사기록 검토 착수…사무실 계약
287973,게시판 중국기자단 한국언론 취재 시스템 견학
287974,폰데어라이엔 차기 EU 집행위원장 16일 인준투표 통과할까
287975,민음사 오늘의 작가 시리즈 해변·물놀이용 방수책으로 나와
287976,트뤼도 총리 캐나다 테러단체에 몸값 지불 안 한다
287977,안희정의 위력 1·2심 판단 존재…행사는 안돼→행사했다
287978,악성 댓글 다 먹어치울게요 착한 고래 웰리 첫선
287979,피츠버그 강정호 복귀 후 첫 홈런포 작렬…시즌 5호
287980,부상 병동 NBA 클리블랜드·골든스테이트 나란히 승리
287981,카카오톡서 無 다운로드 간편 게임 비중 늘릴 것
287982,푸틴 김정은과 정상회담 위해 블라디보스토크 도착
287983,北매체 지난달 中서 안중근 의거 기념 남북 공동행사
287984,비싸도 잘 나가는 스마트폰…지난달 고가폰 판매 연중 최고치
287985,北 신형 지대공유도무기 시험발사…공중목표 정확타격종합2보
287986,추락한 日 F35A 전투기 이전에도 2차례 긴급착륙 전력
287987,떠나자 인천공항 휴가 인파로 북적…출발 여행객 10만9천명
287988,출범 앞둔 과학기술혁신본부 …역할·인선 놓고 벌써 잡음
287989,美 경찰 저격 용의자 흑인 개빈 롱…경찰 단독범행종합2보
287990,SKT 데이터로밍 가입하면 해외 음성로밍 통화 공짜종합
287991,올림픽 물방울 피하는 북한 응원단
287992,SK텔레콤 포켓몬고 데이터 무료 9월까지 3개월 연장
287993,하현회 신입사원에 팀워크 발휘해 5G 1등 매진해야
287994,텔레그램 메신저 다운2보
287995,與 징역형 이상 사건·한국당 불법·무효…패스트트랙 공방종합
287996,예금보험공사 우리금융지주 지분 18.32% 보유
287997,현대건설 이도희 감독 선발 기용한 정지윤 자기 역할 했다
287998,신간 늙은 여자를 만났다·너무 늦은 연서
287999,힐러리 美 네바다서 샌더스 꺾어…아웃사이더 돌풍 차단종합
288000,강원 쯔엉 베트남 원소속팀으로 복귀…더 성장하겠다
288001,므누신 美재무 IT기업 주가 너무 비싸…이해 곤란
288002,추신수 첫 시범경기서 3타수 무안타 침묵
288003,朴대통령 신뢰·소통 중요…푸틴 한국은 아태지역 파트너종합
288004,무제한 요금제 가입자 월평균 데이터 사용량 20GB 돌파
288005,득점 1·2위 난타전…LG 메이스가 삼성 펠프스에 판정승
288006,사물인터넷 보안 빨간불…취약점 신고 1년만에 2.8배
288007,목소리로 IPTV 켜고 내비 검색…음성 AI 서비스 봇물
288008,데이터 공짜 제로레이팅 확산…5G 통신비 인하 대안 될까
288009,미중 무역전쟁 어부지리 대만 사무실 공실률 뚝
288010,한국당 비바람만 기다리는 정부 미세먼지 대책 매우 나쁨종합
288011,요스바니 26점·서재덕은 5점…OK저축은행 한국전력 완파
288012,日NGO 안보법 시행은 폭거…시행일에 국회 앞 항의
288013,신간 맛있는 맥주 인문학
288014,우간다 학자 페이스북에서 대통령 비난했다가 징역형
288015,조선신보 중국의 변절 지적 목소리…中 제재동참 우회 비난
288016,문대통령 한반도·동북아 번영 출발선…놓쳐선 안 될 기회
288017,15년 만에 류경정주영체육관에 선 허재 감회가 새롭네요
288018,강풍·폭우 동반 솔릭 온다…전국 축제·행사 올스톱
288019,제주도농심 4년 끈 삼다수 분쟁 다시 원점으로
288020,그래픽 과징금 대상 이건희 차명계좌 잔액 61억8천만원
288021,네이버 창업·경영 지원공간 파트너스퀘어 서울에 3곳 신설
288022,삼성 갤노트10 국내 사전판매량 130만대…전작 대비 2배↑
288023,일본은 미국의 속국…日 학자들이 분석한 일본의 대미종속체제
288024,KT 화상회의 가능한 기업용 전화 출시
288025,日구마모토 2차 강진때 동시 두곳서 진도 7…첫사례
288026,삼성전자 IM 조직개편 소프트웨어 혁신 강화
288027,朴대통령 제1당 더민주부터 악수…우상호는 협치 넥타이
288028,기업은행 주포 김희진이 단 1득점…의욕 없어 보여 뺐다
288029,GS칼텍스 이재영 앞세운 흥국생명에 진땀승…1위 탈환종합
288030,주말 N 여행 강원권 물안개 은빛섬 둥둥 소양강 상고대…햇살비추니 더 영롱
288031,노웅래 복수국적자 전역하면 한국국적 자동유지 법안 발의
288032,美 독립리그에서 프로야구 최초로 타자가 1루 도루
288033,서울 아파트 경매시장도 과열…8·2대책 이전수준 회복
288034,KT 전 과정 암호화 유클라우드 PC 백업 출시
288035,채은성 결승 2점 홈런…LG 넥센 꺾고 시범경기 2연승
288036,게시판 SKT 한국산업고객만족도 22년 연속 1위
288037,우산 쓴 홍콩 평화시위 행렬
288038,서민금융협의회 주재하는 손병두 금융위 부위원장
288039,신간 지구적 정의란 무엇인가·레비나스 철학의 맥락들
288040,北 620상무 신설해 함북 주민 불법영상물 대대적 단속
288041,머니무브 금리 낮고 안정적 고정형 주담대 석달새 6조↑
288042,주말 N 여행 수도권 드론 나도 날려보자…조종법 강습·레이싱 대회 풍성
288043,한신평 앱티브와 합작 현대·기아차에 긍정적이나 투자 부담
288044,한라 회계처리기준 위반 2심서 유죄 판결
288045,위클리 스마트 어떤 앱을 쓸 때 가장 행복할까
288046,한중 군사핫라인 北 핵실험에도 뚜뚜뚜…
288047,돌이킬 수 없게 진도내겠다…문대통령 연내 종전선언 앞으로
288048,北핵탄두 있다면 어디다 숨겼나…한미 정보당국 추적중
288049,朴대통령 할랄·반려동물 산업 육성…투자활성화 당부
288050,삼성전자 美서 존경받는 기업 3위…애플은 100위밖
288051,한반도평화 심포지엄에서 특별강연하는 문정인 특보
288052,美·터키 시리아 안전지대 합의…공동운영센터 설치키로
288053,시리아 반군 주축 정부 측 조건부 휴전 제안 거부
288054,중국 진출 유럽기업 20% 강제 기술이전 경험
288055,통일부 개성공단 중단은 北 비핵화 위한 정치적 결단
288056,화천산천어축제 성황…15일만에 관광객 100만명 돌파
288057,사상 초유 피의자 대통령 남긴 최순실 국정농단 수사
288058,우리카드 KB손해보험 완파…중위권 도약 희망종합
288059,LG화학 인터배터리 2019서 배터리 25년 성과 전시
288060,ECB 내년 유로존 물가상승률 전망치 내려
288061,프로축구 개인상 투표 종료…말컹 첫 1 2부 MVP 석...
288062,美 시리아 또 화학무기 사용 의심…확인시 즉각 대응
288063,1분기 스마트폰 스팸신고 41% ↑…오후 3∼4시 가장 잦아
288064,프로농구전망대 12연패 kt 10일 2승 제물 삼...
288065,英 광고감시 기구 전자담배 업체 아동 유인 마케팅 조사
288066,유진투자 삼성물산 삼바 불확실성 커…목표주가↓
288067,외양간 고치자…배구연맹 경기구 점검 또 점검
288068,12월 서울 아파트값 초강세…전국도 4년반 만에 최대 상승
288069,손경식 경총 회장 공정한 인사체제 만들고 회계 투명성 강화
288070,프로 2년차 최익제 형들 제치고 올스타전 서브킹종합
288071,게시판 6·13 지방선거 보도상 제정
288072,MBC 김영희 전 PD 이사로 내정…콘텐츠 경쟁력 강화
288073,윤석열 공방 가열…개혁 최적임자 vs 정치보복용 코드검찰
288074,박수치는 2019 세계기자대회 참석자들
288075,LG전자 배터리 뭉개고 찌르고 불붙이는 극한의 검사 공개
288076,충북 첫 관광특구 증평 블랙스톤 벨포레 18홀 골프장 개장
288077,삼성·LG 트리플 카메라 장착 중저가폰 잇달아 출시
288078,로이터 ECB 금리인하 포함 경기부양책에 기울어
288079,통일부 北 도발 엄중성 고려 현 대북정책 계속돼야
288080,표창원 탄핵 반대·불참 30인 안팎…역사가 심판할 것
288081,이라크 시위 사망자 40여명…시아파 지도자 정부 비판종합2보
288082,美 테러조직 지정 이란 혁명수비대 대규모 군사행진
288083,北선원 8명 동해서 최대 3개월 표류하다 구조…北귀환 희망종합
288084,작년 신용조회사 순익 28% 증가…기술신용평가 수익 덕분
288085,국립국악원 정악단 예술감독에 피리연주자 이영
288086,이란 볼턴은 호전광…경질에도 美와 대화 안 해종합
288087,한전 김철수 감독 세터 이호건 지금까지 80∼90점
288088,다저스 악재에 타선도 침묵…연승·홈런 행진 중단
288089,인간컴퓨터 바둑대결 이세돌 56% vs 알파고 31% 우세 점쳐
288090,대한항공 중국·동남아 4곳 신규 취항
288091,이세돌 2국서 돌 가리기로 흑 잡아…한돌은 백
288092,협치 위기 속 朴대통령·野대표 같은 행사에…인사 못나눠
288093,나이지리아 대선 1주일 연기…여야당 모두 비난종합
288094,LG G7 홍채인식 탑재할까…LG전자 관련 특허 출원
288095,30년 지기 최태웅석진욱장병철 감독 사령탑 지략 ...
288096,트럼프 경합주 오하이오 승리속보
288097,소프트웨어 기술자 평균임금 월629만원…작년보다 4.6%↑
288098,美 무역협상 실무협의서 日에 농산물 조기 개방 요구
288099,北 당대회 맞아 식량배급 책임 기업소에 떠넘겨데일리NK
288100,만트럭버스코리아 페어 2018 기자간담회
288101,朴대통령 국회연설 북한 54회·핵 23회…대화는 제로
288102,포근한 가을 막바지 단풍인파 절정…강원 스키장도 인기종합
288103,윤병세 국제사회 대 북한 구도…中의 북핵접근법에 일침
288104,신간 바이오 사이언스의 이해·목수일기
288105,日관방 미쓰비시 재산 압류결정에 매우 심각…적절히 대응
288106,금융위원장 우리은행 지배구조 관련 의견 전달할 것
288107,본격 장마 시작…수요일 전국에 장맛비
288108,포털 등의 부당행위 금지 고시 시행…네이버 등 책무 강화해야종합
288109,국내 주식형 펀드 하루만에 자금 순유입
288110,北 새 포스터 잇달아 공개하며 자주통일 공세
288111,대전충남 비 내리며 더위 주춤…금산 92㎜종합
288112,젊은이들 지지한다 홍콩서 송환법 반대 실버 시위종합
288113,양현종 좌완투수 롤모델 넘어 KBO리그의 얼굴로 우뚝
288114,LG전자 2년 만에 폴더형 스마트폰 내놓는다
288115,삼성전자 갤S8 첫날 26만대 개통…사상 최고기록
288116,국민은행장 디지털화 기본닦은 수준…훨씬 많이 보여드릴 것
288117,2018 KBO리그 관중 200만명 돌파에 10만6천...
288118,명의 차용·재하도급…국비보조금 47억 챙긴 5명 징역형
288119,정선 고드름축제에 뮤직페스티벌이 보너스
288120,언론재단 바르게 읽고 보고 듣는 문화 전략 수립
288121,프로축구 전북 국가대표급 센터백 홍정호 영입…1년 임대종합
288122,朴대통령 대국민담화…북핵 강력대응·경제입법 호소
288123,美증시 강세에 코스피 상승…나흘 만에 2090대 마감종합
288124,네타냐후 극우 정당과 제휴했다 국내외 집중 비난 직면
288125,한국당 제2기 혁신위원회 제1차 전체회의
288126,EU지역 수출점검 간담회 참석한 성윤모 장관
288127,빅데이터가 돈이다…MWC서 본 4차 산업혁명
288128,SK텔레콤 해킹불가능 장거리 양자암호통신 성공
288129,한화자산운용 글로벌 리츠펀드 직접운용 전환
288130,서울대 연구진 기억 형성 과정의 단서 찾았다
288131,다저스 커쇼 개막전 선발 불발…대체자는 뷸러 또는 힐
288132,정 의장 멕시코 상원의장 접견…양국은 최적의 경제 파트너
288133,벤투 축구대표팀 감독 서울포항전 찾아 K리거 점검
288134,한진해운 글로벌 해운동맹 합류…현대상선 일단 제외종합2보
288135,미 전문가 터키 나토 회원국 지위 재고해야
288136,인터넷기업협회 망중립성 유지해야 글로벌 경쟁 가능
288137,손님이 주운 1억 은행이 6개월 뒤 신고…둘 다 소유권 없어
288138,민주 새로운 100년 의제 띄우기…키워드는 포용
288139,日자민당 간사장 올해도 대규모 의원단 방한 추진
288140,러시아 월드컵 공인구 텔스타18 K리그서도 사용
288141,다우디 23점 현대캐피탈 한국전력 꺾고 4위로 도약
288142,美 시리아 주둔 이유는 석유뿐…쿠르드 가라 배신자종합2보
288143,NC 출신 왕웨이중 ⅔이닝 던지고 승리투수…MLB 3승째
288144,日 프로야구 전인미답 400승 한국계 가네다 마사이치 별세
288145,LGU 증거인멸 우려…조사 사전 통보 없어도 돼종합
288146,터키 러·시리아 정부군 공격받는 이들립 반군에 무기지원종합
288147,헤지펀드 4개사 추가 등록
288148,선서문 전달하는 김동연 부총리
288149,속보 文대통령여야 5당대표 日조치 즉각 철회해야
288150,베트남서 한국 큰손…2년 연속 외국인 투자 1위
288151,전국 민간아파트 분양가 3.3㎡당 1천65만원…0.88% 하락
288152,게시판 키움증권 자산관리 앱 리뉴얼 기념 이벤트
288153,소말리아 수도 모가디슈 시장 집무실서 자살폭탄 테러
288154,최지만 휴스턴 게릿 콜 상대로 시즌 12호 홈런 쾅
288155,AI 확산 무섭지만…그래도 정유년 새해엔 희망을
288156,제주공항 체류객에 김포공항서 무료셔틀 서비스
288157,반정부 시위 혼란 아이티 총리 취임 6개월만에 경질
288158,자유한국당 의원총회
288159,IPC 위원장 곧 남북한과 도쿄 패럴림픽 남북단일팀 3자협의
288160,금융당국 이번엔 예보에서 금융그룹 통합감독 세미나 열어
288161,힐러리 내각은 여풍당당 …국무·국방·재무장관 여성 거론
288162,날씨 내일 비 그친 뒤 쾌청…미세먼지도 주춤
288163,마제스타 세무조사로 추징금 102억원 부과
288164,주말 N 여행 호남권 생명의 빛…가을 반기는 반딧불이 반짝
288165,이탈리아 경기침체 진입…작년 3·4분기 연속 역성장
288166,하나금투 삼성전기 2분기 실적 기대 이하…목표가↓
288167,KB증권 에이블 어카운트 잔고 3조원 돌파
288168,시위 정국 레바논서 새 총리 지명 협의 시작
288169,인도 이어 네팔도 배틀그라운드 금지령…10대에 악영향
288170,강정호·최지만 주전 경쟁 시작…MLB 시범경기 열흘 앞으로
288171,인도네시아 12개 무역협정 연내 타결키로…수출 되살리겠다
288172,北억류 임현수 목사 아내 화났지만 지금은 감사한 마음
288173,합참 北 풍계리서 인공지진파 감지…핵실험 여부 분석중
288174,내년 과기정통부 예산 16조3천억원…9.8% 증가
288175,1g석유 8t 에너지…핵융합에너지 볼 날 멀지 않았다
288176,금호아트홀이 선정한 올해의 클래식 유망주
288177,무게단위 ㎏의 정의 130년 만에 개정될 듯
288178,이란 외무장관 G7 회담장 깜짝 방문…美와 만남은 불발종합
288179,절대 1강 전북 AFC 챔스리그 3연승 도전…이동국...
288180,무역 특혜 유지하려면 인권 개선해…EU 캄보디아 압박 강화
288181,동양피엔에프 75억원 투자 공장신설
288182,터키군 시리아 진격…에르도안 평화의 샘 작전 개시 선언종합2보
288183,새 정부 4차산업 정책 미래부가 총괄…예산권도 부여종합
288184,北 올해 자연재해·사고 사망자 세계 4번째
288185,수현재컴퍼니 연극·뮤지컬 창작자 모집…500만원 지원
288186,카드뉴스 초겨울 가볼 만한 새만금 생태여행지 4선
288187,봄하늘 아래 흥겨운 책잔치…책도 보고 꽃도 받고
288188,KFM 경기방송한국일보 신문 방송 상생발전 MOU 체결
288189,특권귀족노조 대책 세미나 자료 살펴보는 황교안
288190,美하원 법사위 특검보고서 전체 내라 강제제출 승인안 가결
288191,지난 5년간 과학기술 연구기관 해킹 시도 1만여 건
288192,2019 K리그 공식 사용구에 아디다스 커넥스트19
288193,크로아티아 대선 야당 후보 앞서…결선 치를 듯
288194,미군 병사가 본 6·25전쟁 휴전 무렵의 한국 모습
288195,美시카고컵스 구단주 억만장자 부친 反오바마 발언 후폭풍
288196,獨언론 북미 합의결렬에 성과없지만 갈등증폭 가능성 작아
288197,시진핑·김정은 회담 1시간만에 종료…북미회담 사전 조율종합2보
288198,콜 PS 3승·ERA 0.40 괴력…휴스턴 양키스에 1...
288199,이스라엘 네타냐후 이란 새 핵무기 개발시설 발각되자 파괴
288200,평양정상회담 백두산 오를 준비
288201,伊 살비니 로마서 열린 우익 집회서 재집권하겠다
288202,갤S9 자급제 전용패키지 나온다…5천대 한정 판매종합2보
288203,일문일답 靑 인사 의미 체감할 성과 속도 내자…활력도 필요
288204,330년전 승려 6명이 그린 마곡사 괘불 서울 나들이
288205,올봄 클래식 발레에 취해볼까…국립발레단 잠자는 숲속의 미녀
288206,알뜰폰 SK텔링크 갤럭시S8 중고폰 최대 66% 할인
288207,조태용 1차장 내일 방미…美와 사드·북한 문제 포괄 협의
288208,NBA 오클라호마시티 하워드 복귀한 워싱턴 대파
288209,갤럭시노트8 예약판매 열기…노트7과 비슷한 수준
288210,갤노트9 출격 앞두고 갤노트8 출고가 인하…99만8천800원
288211,신중국70년 ②죽의 장막 걷고 일대일로…美와 패권경쟁
288212,제로페이 소비자 유인 없어…소득공제 혜택 더 줘야
288213,적자 빠진 팬택 MWC 불참키로…조인트벤처로 재기 노려
288214,애플 올봄 출시 iOS 11.3 공개
288215,신간 이상한 정상가족·고전에 기대는 시간
288216,美전문가 미국 강제조치 등 강경 대북정책 검토 상황 올수도
288217,돌아온 추위 전북 최저 영하 7.8도…2∼5㎝ 눈
288218,한중일 관광대전 日여행 한국인 31% 급증…승자는 일본
288219,장수동물 벌거숭이두더지쥐가 통증 못 느끼는 이유는
288220,문 대통령 중소 벤처기업 및 소상공인과 악수
288221,KBO 사무총장·KBOP 분업…야구 산업화 초석 다지기
288222,이산화탄소로 유용 화학물질 만드는 새 촉매 개발
288223,광주 등 대설주의보 해제…밤부터 다시 예비특보종합
288224,두산중공업 두산밥캣 지분 전량 처분키로…재무개선종합
288225,중기중앙회 필승코리아 펀드 가입
288226,트럼프 볼턴 北에 리비아 모델 언급한 건 큰 잘못…차질 빚어종합
288227,동해 탄생의 비밀 간직한 비경 강릉 바다부채길 6월 정식 개방
288228,한국이 월드컵 F조 최약체 골로서 답한 손흥민
288229,동맹보다 돈 트럼프 고립주의 시리아 사태로 또 시험대
288230,송파구 건물 옥상 화재...인명피해 없어
288231,11월 한·아세안 특별정상회의서 日 경제보복 이슈 다룬다
288232,아시안게임 한국축구와 또 8강전 우즈베크 유린보예프 ...
288233,정의장 교섭단체 대표연설 박수는 몰아서 한 번만종합2보
288234,北 나흘째 대남전단 살포…고양서 1만여 장 또 발견
288235,스마트폰 저장용량 애플 1위·삼성 6위…중국폰 2∼5위
288236,트럼프와 회담 앞둔 에르도안 미국이 약속 안 지켜
288237,내일 꽃샘추위 절정…다음 주부터 완연한 봄
288238,고강도·고전도 신소재 탄소나노튜브 섬유 제조법 개발
288239,내주날씨 장마전선 영향으로 24·26일 전국에 비
288240,MBC 사내 블랙리스트·방출대상명단 존재 확인
288241,전국 곳곳 가을비 흠뻑…밤부터 남해안·제주 호우
288242,대우조선 소난골 드릴십 내달 30일 인도키로 협의
288243,프로농구 KBL 팬 의견 수렴 창구 개설
288244,대만 연예계도 유명 MC 성폭행 사건으로 시끌
288245,넷플릭스 고위급 방한 취소…방통위 면담 불발
288246,카프카적 질문과 톨스토이적 대답이 만날 때
288247,붕괴된 伊 모란디 다리 25년간 제대로 유지보수 안했다종합
288248,신간 그래서 그는 바다로 갔다
288249,국립오페라단 한일 위안부 이야기 담은 창작오페라 초연
288250,한국 가면 꼭 경험하고 싶은 것 1위는 길거리 음식
288251,미국 내 히스패닉 증가세 주춤…이민감소·출산율저하
288252,KBS 일본해 지도 사용에 재발않게 노력 사과
288253,김연경 18득점…엑자시바시 터키리그 챔프전 진출
288254,실리콘밸리 간판 VC 바이오 스타트업 육성 프로그램 발표
288255,우리은행 무인환전 핀테크업체 벨소프트와 업무협약
288256,엠넷 국내 방송사 유튜브 중 최초 천만 구독 돌파
288257,5년간 탈북민 고용지원금 부정수급 23곳 2억6천만원
288258,與 대구·경북 공천면접심사…현역 vs 진박 격돌
288259,알리바바 마윈 연봉 1달러짜리 유엔 특별고문 임명
288260,대신증권 현대글로비스 현대모비스 합병 수혜 예상
288261,가성비 좋은 LG V30 내일부터 예약판매…프로모션 풍성
288262,흐리고 한때 빗방울…충북 유명산·유원지 한산
288263,中 부동산 불황 쇼크…관련기업 주가 하루 80% 폭락
288264,여야 남북고위급 회담 성과 환영… 한국당은 공식논평 자제
288265,SK CC 게임사 전용 클라우드 패키지 출시
288266,中 최대 한류상품박람회서 1천500만달러 MOU 성사
288267,케이뱅크 1천500억 유상증자 불발…300억 전환주만 발행
288268,기재부 국감 주제 소득과 취업
288269,국립현대미술관 2018년 전시 라인업 공개
288270,더민주 위안부 합의 수용불가 입장 불변…김종인 발언 해명
288271,K7 7년만에 풀 체인지…내일부터 사전계약 돌입종합
288272,NC 나성범 5년 연속 150안타…박용택·최형우 이은 3번째
288273,가을야구 나서는 류현진 초반 경계령…워싱턴 1회 타율 1위
288274,민생연석회의 참석하는 이해찬
288275,월드컵 진출 견인한 조소현 태극마크 경쟁 끝나지 않았다
288276,소리길 홍류동 계곡
288277,美 풀려난 이란 유조선 돕지 말라…이란 재압류 안돼종합
288278,中 우주굴기 또 이정표…지름 500ｍ 세계최대 전파망원경 가동
288279,네이버 美 음성인식 기술 기업에 전략적 투자
288280,방심위 협찬사 광고효과 SBS골프에 주의 결정
288281,사기꾼을 안보강사로 선정…탈북민 경찰 감사 청구
288282,해킹 페이스북서 개인정보 털린 한국인 계정 3만5천개
288283,朴대통령 노사가 조금씩 양보하는 게 애국하는 길
288284,한국당 국토위원장 버티기 박순자 징계 재심청구 기각
288285,라틀리프 43점…한국 남자농구 홍콩 완파하고 조 2위
288286,최지만 볼티모어전 멀티히트…탬파베이는 2연패
288287,국립현대미술관서 미술과 판타지 학술대회
288288,북미정상회담 북미정상 확대정상회담
288289,손흥민 첼시와 FA컵 4강 선발 제외 전망영국 가디언
288290,평양정상회담 장군봉에서 대화나누는 남북정상
288291,블랙베리 퀄컴과 특허료 분쟁에서 승리…8억달러 돌려받는다
288292,WNBA 박지수 미네소타 상대로 리바운드 1개…팀은 4연승
288293,김장겸 전 MBC 사장 손해배상소송 패소…법원 해임 정당종합
288294,게시판 KBS클래식FM 세상의 모든 음악 10집 발매
288295,이집트 엘시시 장기집권 개헌안 찬반 국민투표
288296,포스코건설 엘시티 더샵 책임준공 약속 반드시 지킬 것
288297,회로 집적도 2배 향상 고성능 신축성 전자 플랫폼 개발
288298,강경화 中에 한일 갈등상황 설명…中 자유무역 중요종합2보
288299,고위당정청회의 오늘 개최…최저임금 정책 등 논의
288300,축구 용품 수집 과정의 담은 축구수집가의 비밀창고
288301,여행소식 뉴욕 관광명소 입장권 21 이벤트
288302,네이버 공공기관용 클라우드 서비스 개시
288303,정부 北 개성공단 임금전용 다양한 경로로 추적·분석
288304,2018 평창 예약 안받아요…60평 객실요금 180만원 육박
288305,애플 아이폰 X 방문고객에도 판매…3일 매장 앞 장사진 예고
288306,세운메디칼 2분기 영업익 38억원…14% 증가
288307,정호성이 증언한 朴대통령과 최순실 그리고 세월호 당일
288308,멕시코 대통령궁 근처서 대낮 총격…용의자 포함 5명 사망
288309,공천개입 논란 이번엔 현기환…나와 약속이 대통령과 약속
288310,과기정통부 5G 적정 보안수준 확보 추진
288311,이동국 제주전 선발…필드플레이어 최다 502경기 출장 예약
288312,아프리카 언론들 한국 경험에서 많은 것 배우자
288313,메르켈 독일 방문한 절친 오바마와 해후
288314,朴대통령 새해 화두로 던진 평화통일…남북관계 구상은
288315,佛공무원 30여명 25년간 근무 안하고 월급에 승진까지
288316,로페즈 멀티골 전북 2위 경남 꺾고 선두 질주종합
288317,2.8독립선언이 일어났던 재일본도쿄조선YMCA회관의 과거와 현재 모습
288318,이스라엘 총리직 도전 야당인사 팔레스타인 점령지 철수 거론
288319,시스코 삼성 스마트싱스서 보안 취약점 발견…조치 완료
288320,시위 격화에 홍콩 초·중·고교 17일까지 전면 휴교령
288321,만국우편연합 우편요금 타협안 도출…美 탈퇴 안할 듯
288322,당정 오늘 강원산불 피해 복구·지원 대책 논의
288323,대우증권 2월 코스피 1830∼1950…오를 때 팔아라
288324,삼성기어 VR체험
288325,美 함정 남중국해 항행에 중국 도발행위 결연히 반대
288326,국제유가 경기우려 속 연이틀 약세…WTI 1.7%↓
288327,세계 첫 5G폰 갤럭시S10 5G 출고가 140만원 이하
288328,늦어지고 있는 단풍…오대산·설악산은 절정종합
288329,KT한국관광공사 업무협약 체결
288330,한미 대규모 연합훈련 시작…北 핵심시설 타격 초점
288331,연합이매진 천년고도의 맛 나주곰탕
288332,문대통령 김정은 연내답방 가능성 열려있다…그의 결단에 달려
288333,최지만 5타수 1안타…SK 출신 켈리 4이닝 7실점 패전
288334,中언론 밀입국 중국인 참사 영국이 책임져야종합
288335,청명한 하늘 초가을 정취 물씬…충북 산·유원지 북적
288336,한반도평화 심포지엄 참석한 민경욱 대변인
288337,한국 17세 이하 여자배구 인도 꺾고 준결승 진출
288338,오승환 3루타 맞고 1이닝 1실점…무실점 4경기서 중단
288339,힙합 스타 위즈 칼리파 9월 내한공연
288340,폼페이오 중장거리·ICBM 아냐…北과 협상할 모든 의사있어종합2보
288341,퀄컴 한국전자통신연구원과 ICT 기술협력
288342,커리 35점…골든스테이트 휴스턴에 41점 차 대승
288343,강원 사흘간 200㎜ 폭우…내일까지 최고 100㎜ 더 내려
288344,소방차 출동시 자동으로 녹색불…LGU 서울시와 실증
288345,귀화한 라틀리프 친정팀 현대모비스로 복귀
288346,게시판 하나금융투자 14일 2019 리서치 전망 포럼
288347,그리스 아테네서 규모 5.3 지진…별다른 피해 보고 없어종합2보
288348,신작 질문에 답하는 베르나르 베르베르
288349,민주 김경수 보복성 재판 매우 유감…사법농단 대책위 구성
288350,덴마크 팝스타 크리스토퍼 6월 첫 단독 내한공연
288351,게시판 구글플레이서 할인·캐시백 행사
288352,폭증한 신용대출도 가상화폐 시장으로 갔나
288353,역시 믿을맨 롯데 오현택 가을야구 진짜 하고 싶거든요
288354,벌써 이렇게 덥다니…32도 폭염 서울 곳곳에 이른 피서 인파
288355,베트남 히딩크 박항서 아쉬운 1분…그래도 잘 싸웠다
288356,인천 서해 5도·강화군 대설주의보…백령도 7cm종합
288357,7연패 도전 우리은행 vs 박지수의 KB…여자농구 내달 3...
288358,광주·전남 가습기 살균제 피해신고 284명…79명 숨져
288359,中 독자 항모 산둥함 랴오닝함과 함께 대만 투입될 것
288360,상반기 대학로 무대…데이트용·마니아층 공연 인기
288361,굿닥터 미국 진출로 본 한국 방송콘텐츠 미래
288362,새 일왕 즉위 계기 여성 왕위계승 허용 요구 되살아날 듯
288363,황의 법칙 통신판에서도 통했다…KT 5G 속도전 달성
288364,경부선 천안∼청주공항 복선전철화 본격 추진…2022년 완공
288365,갤S9 조기 출격에 삼성 스마트폰 약진…영업익 3.77조종합
288366,중국필리핀 남중국해 영유권 갈등 고조…설전 가열
288367,한국전쟁 소설 美서 출간…글쓰기는 내 정체성 이해하는 수단
288368,정태호 제 이름걸고 일자리 10만개 더…동맥경화 뚫겠다
288369,문희상 의장 손잡는 정갑윤 전 국회부의장
288370,2월 광고시장 평창동계올림픽 특수 기대
288371,네이버 키보드앱 스마트보드 iOS 버전 출시
288372,베일 벗는 헤일 24일 KIA·29일 두산전 등판종합
288373,주터키한국문화원 한글날 기념 한글서예 전시회 개최
288374,내주날씨 포근한 봄 날씨…29일 서울·경기도 비
288375,IAEA 이란 우라늄 농축 준비했지만 농축은 안했다종합2보
288376,조성진·정명훈 티켓 파워 5분만에 1천400석 매진
288377,특징주 파인텍 흑자전환 소식에 강세
288378,류현진 경쟁자 셔저 마지막 주 최고 선수로 선정…6월...
288379,타인 고통 망각은 내 고통의 시작…전쟁 비극 잊지말아야
288380,경도 인지장애 환자 치매 가능성 예측 바이오마커 발견
288381,논문·특허 등 연구 결과 활용 극대화 환경 조성
288382,웅진씽크빅 오바마 부부 자서전 한국어판권 계약
288383,軍 북한 靑타격연습에 도발시 北지도부 치명적 응징종합
288384,이정후 이택근 선배 위해서라도 한국시리즈 가야죠
288385,20대 국회 마지막 정기국회서 소상공인기본법 제정해야
288386,미래산업 294억원 규모 주주배정 유상증자 결정
288387,김종인 朴대통령 외교안보 라인 교체 용단 내려야
288388,미국서 인기 높은 LG폰…1분기 시장점유율 20％종합
288389,세계적인 아티스트 스티븐 윌슨
288390,코스피 사상 최고치 코스닥 15년9개월만에 910 돌파
288391,美 구금 이란 국영방송 앵커 구금중 히잡 벗기고 괴롭혀
288392,아주IB투자 1천억원대 벤처펀드 조성·운용 나서
288393,최양희 청년 창업으로 기회 일구고 같이 성장해야
288394,靑 朴대통령 지지율 최저치 기록에 국정운영 고심
288395,태풍 남테운 영향 2∼3일 광주·전남 최고 150㎜ 폭우
288396,임종석 한·UAE 포괄적·전면적인 전략적 동반자 관계로 발전종합
288397,백악관 비서실장대행 잇단 총기난사 책임론 트럼프 엄호
288398,민주·평화·정의 태안화력 노동자 사망에 위험외주화 막아야종합
288399,신림동 강간미수 30대男 구속기소…檢 강간 고의 인정
288400,SKT 5G 단독 규격 이용 통신 첫 성공…내년 상용화 예정
288401,北 김정일 국방위원장 추대 23주년…김정은에 충성 다짐
288402,벤투호 4일 조기소집 명단 발표…11일부터 울산서 담금질
288403,부산시 원아시아페스티벌 준비 총력…숙박업계 대상 설명회
288404,필리핀 중국 여대생 무례에 발칵 뒤집혀
288405,고지서 문자 발송 가능해질까…신기술·서비스 심의위 개최
288406,피격 日유조선 UAE 근해에 정박…사건 경위 본격 조사종합
288407,NBP 인텔과 클라우드 협력 강화…서버 제품 출시
288408,이스라엘 네타냐후 미 폼페이오에 이란 더 비틀거리게 하자
288409,인터넷진흥원 MS 윈도 원격관리기능 취약점 포착
288410,신간 인간의 흑역사·남자로 산다는 것
288411,文대통령 김복동 할머니 문병…위안부문제 해결 최선 다할 것종합
288412,남아공 의회 라마포사 대통령 재선출…경제회복 책무
288413,월드컵 손흥민 만회 골 한국 멕시코에 12로 패...
288414,브룩스 한국 주도 대북 경제개발펀드로 北비핵화 이끌어야종합
288415,SK이노베이션 2분기 연결 영업익 8천516억원…103%↑
288416,北당대회 중앙TV 오후 5시보도서도 대회 언급 안해
288417,미 인도에 베네수엘라 석유 구매중단 압박…마두로 돕지말라
288418,MLB 샌디에이고애리조나 내년 4월에 멕시코시티에서 2연전
288419,4.19 영령 기리는 방명록 작성하는 문 대통령
288420,트럼프 이란 비핵화하면 부유해질수 있어…北도 엄청난 잠재력종합2보
288421,여자농구 외국인선수 드래프트 115명 신청…커리 6년 연속 도전
288422,터키 동남부서 폭탄 테러로 7명 사망·9명 부상
288423,朴대통령 약속지킨 시도교육청에 예비비 3천억원 우선배정속보
288424,추신수 볼넷 2개…연속 안타는 7경기로 중단
288425,충북 곳곳에 소나기…무더위 지속
288426,올림픽 개막식 참석하는 김여정
288427,평양정상회담 북 리룡남 내각부총리 만난 경제인 사절단
288428,LG전자 제작 영상 유튜브 광고 리더보드 1위에 올라
288429,최고위원회의 참석하는 이해찬
288430,최고위원중진의원 연석회의에서 발언하는 황교안
288431,원달러 환율 6.5원 상승 마감…도이체방크 불안에 달러 강세
288432,진화의 비밀 탐구하는 로봇물고기…신간 다윈의 물고기
288433,4년만에 돌아온 아가메즈 한국팬들이 그리웠다
288434,디지털성범죄물 첫 유포 24시간내 신속 대응해야종합
288435,삼성바이오 삼성그룹株 공매도 거래 비중 상승폭 1위
288436,한반도평화 심포지엄 박원순 시장
288437,이승우 측 바르셀로나 잔류이적 가능성 다 열려 있다
288438,올림픽 문화로 물들이다…강원국제비엔날레 내달 개막
288439,北 김정은 중·단거리 미사일 이어 추가도발 카드 빼들까
288440,3점슛 12방 현대모비스 프로농구 6강 PO 2차전 설욕
288441,중동의 알프스 테헤란 스키장
288442,초과이익환수 피하나 했는데… 강남 재건축 소송이 발목잡나
288443,삼성과 적으로 만난 류중일 LG 감독 기분이 묘하네요
288444,캐나다 외국인 부동산 거래에 양도소득세 부과키로
288445,한은 단기 원화강세 수출 영향 약화…車·기계류엔 부정적
288446,트럼프멕시코판사 신경전…트럼프대학 내부자료 공개 명령
288447,낮 최고 33도 찜통…안산 제외 경기 전역 폭염주의보
288448,與 탄핵정국때도 예산 시한내 합의…국정 발목잡기 안돼
288449,2차 전훈 황선홍 서울 감독 조직력 완성에 중점
288450,日 또 고령자 교통사고 공포…이번엔 80대 역주행으로 2명 사망
288451,2.8독립선언의 산실 재일본한국YMCA회관
288452,힘내라 비주류…구글 인디 게임 전시회 열어
288453,멀티캠퍼스 주당 500원 현금배당 결정
288454,중국서 전 지하철 노선 얼굴인식 결제 도입한 도시 탄생
288455,두 野 靑회동서 임을 위한 행진곡 5·18 공식기념곡 관철종합
288456,여섯번째 대멸종 위기…지구의 절반은 인류 외 다른 생물체에
288457,朴대통령 긴장속 북핵대응 올인…미르 해법도 내놓을까
288458,노무라 코스피 올해 상단 전망치 2600…내년 3000종합
288459,베네수엘라 원조물품 반입 차단위한 카리브해 봉쇄 재확인
288460,커쇼 올 시즌 첫 무실점 투구…다저스 샌프란시스코에 완승
288461,신비아파트 게임 다운로드 150만 돌파
288462,KBO 개막엔트리 평균 연봉 2억8천443만원…작년보다 1...
288463,LGU 사물인터넷 헬멧 출시…산업 안전 돕는다
288464,옛 동료 박철우스승 임도헌 첫 승 막은 V리그 득점왕 타이스
288465,유럽서 거대 산업된 난민 밀입국 알선…연 7조원 규모
288466,1분기 경기 분양권 거래 26%가 화성·김포서 이뤄져
288467,추신수 벌랜더는 어려워…3타수 무안타 뒤 교체
288468,터키 유럽행 시도한 불법 이주민 250여명 체포
288469,홍기택 산업은행 회장 사즉생의 각오로 다시 태어나자
288470,배터리 오래가는 스마트폰은…LG 2위·삼성 4위
288471,청년일자리 대책 보고대회
288472,네이버 모바일 검색 의도 중심 개편…뷰 영역 신설
288473,현장 러시아에 울려퍼진 붉은 함성…졌지만 빛난 응원
288474,방심위 5·18 북한 개입설 유튜브 영상 77건 차단
288475,그래픽 대기업집단 소속 공익법인 운영실태 분석 결과 주요 내용
288476,돌아온 스카이…무선이어폰 스카이 핏 프로 28일 출시
288477,박근혜 비방 기소 박지원 무죄 확정…검찰 항소 포기
288478,여야정협의체 오늘 첫 회의…탕평채 오찬하며 협치 모색종합
288479,가을에 블랙프라이데이·그랜드세일 통합축제 열린다
288480,IS에 납치된 이라크 소수종족 어린이 4년반만에 가족 품에
288481,MLB 보스턴 총격당한 오티스 위해 구단 비행기 보내
288482,美유권자 다수 지지후보 선택의 이유 상대 후보 싫어서
288483,출력 20배 높인 마찰전기 발전기 개발
288484,청탁금지법 1년 맞은 공연계…최대 위기 vs 티켓값 정상화
288485,농구국가대표 전준범 상무 불합격…인·적성 검사 밀려 쓴 듯
288486,日국민 87% 새 연호에 호감…아베 지지율도 상승종합
288487,이집트서 이례적 대통령 퇴진요구 시위…수십명 체포돼
288488,외교차관 총리 방일 앞두고 어제 도쿄行…日과 진지한 협의
288489,6·15남측위 2021일 남북 해외위원장회의 추진
288490,레스터시티 마레즈 2016 올해의 아프리카 선수 선정
288491,방통위 이통사와 부적절 오찬 간부 대기발령
288492,손준호 전북과 1차 협상 결렬…계약기간·연봉 이견
288493,이탈리아 북부 폭설·폭우 등 악천후로 몸살
288494,부자 무슬림이라더니…中 사기결혼에 우는 파키스탄 여성들
288495,NBA 골든스테이트 뉴올리언스에 완승…PO 2라운드 기선...
288496,눈뇌 잇는 시각통로 게임으로 찾았다…집단지성의 힘
288497,4월 나주에 가면…유채에 홍어 보리까지 축제가 즐비
288498,국내 주식형 펀드서 6거래일째 자금 순유출
288499,KBS 단막극 공모 최우수작에 그렇게 살다
288500,미술소식 독일 추상화가 이미 크뇌벨 리안갤러리 개인전
288501,상장·신작 대박 겹경사에 넷마블 첫 깜짝 보너스
288502,게시판 KT 에어맵코리아 개편…미세먼지 생활 가이드 제공
288503,선동열 감독 최종 엔트리는 최고의 선수로 뽑는다
288504,신간 문학관을 생각한다
288505,대우조선 감사위원회에 노조 참여…투명경영 강화종합
288506,이스라엘 이란·헤즈볼라 레바논에 미사일 생산시설 건설시도
288507,한국태국 여자배구 올스타전 4월 태국서 개최
288508,美 마이애미 비무장 흑인 경찰 총격사건 논란 격화
288509,고침 그래픽난방비 0원 아파트 실태조사
288510,에르도안 美 러시아제 S400 미사일 구매말라 강하게 압박
288511,게시판 미래부 KGlobal 스타트업 공모전 출범식
288512,LG유플러스 청주맹학교에 보조공학기기 지원
288513,北 당대회 앞두고 김정은 중심 단결 주문
288514,여야 北 금강산 행사 일방취소에 한 목소리로 비판
288515,페이스북·인스타그램도 이용자보호 평가대상 포함 검토
288516,뉴질랜드 테러범 호주 가족 희생자 유족들에게 사과의 뜻 밝혀
288517,키신저 만난 시진핑 美中 소통 강화해 오해·오판 피해야
288518,SKT 다음 달 5G 100만 가입자 예상…카운트다운 이벤트
288519,강원 올가을 들어 가장 추워…설악산 영하 2.4도종합
288520,일본 아베 내각 불신임 결의안 부결
288521,치유·감동의 하모니 제주국제합창축제 막 올라
288522,SKT 가족 커뮤니티 앱 케이크 출시
288523,북한날씨 흐리고 비 또는 눈
288524,신한카드 개인사업자 신용평가 브랜드 마이크레딧 선봬
288525,최강한파 속초 영하 16.1도…1월 최저기온 경신
288526,게시판 인터넷진흥원 KISA혁신참여단 모집
288527,친환경에너지 수소 싸게 만든다…재료硏 물 분해 촉매 개발
288528,쿠슈너 2국가 해법 말 쓰지 말자…내달 중동평화안 제시할듯
288529,태국 하원의장도 군부가 미는 인사 당선…군부 연립정부 초읽기
288530,근로자에 20만원 휴가비 10만명 신청…지원 대상 규모의 5배
288531,아이리버 작년 영업익 3억…79.7% 감소
288532,국립현대미술관장에 미술평론가 윤범모 씨
288533,한국 국제생물올림피아드 9위
288534,되는 집안 두산의 고민 외국인 타자 파레디스
288535,네이버 1분기 영업익 2천568억원 …32.1%↑
288536,中CCTV 한국전쟁 영화 긴급 편성…반미감정 자극 조치
288537,증시신상품 유안타증권 홈런 ELS 3종 공모
288538,문 대통령 중소.벤처기업 및 소상공인 여러분 반갑습니다
288539,OK저축은행 우리카드 꺾고 개막 후 2연승…송명근 25득점
288540,고유정 우발적 범행…저지르지 않은 죄로 처벌받기 싫다
288541,토종 포켓몬고 열풍 일으키자…카카오 지도 도구 제공종합
288542,사면초가 朴대통령 靑개편→개각 인적쇄신 수순밟나종합2보
288543,SK텔레콤 T건강걷기 가입자 두 달 만에 20만 돌파
288544,황총리 국민이 체감하는 금융개혁 속도감 있게 해야
288545,새누리 이르면 7일 총선후보 접수 공고종합
288546,한중일 정상 특별성명 채택…비핵화목표 환영·3국 공동노력
288547,우루과이 미국 여행 자국민에 증오 범죄 주의 당부
288548,美국무부 미·일 주둔군지위협정 개정 여부 검토할 것
288549,테헤란 다녀온 오만 외무 이란 美압박 없어야 협상한다더라
288550,신간 지금까지의 사진
288551,첼리스트 송영훈 베토벤·슈만으로 3년만에 독주회
288552,독일 유니테크 방문한 성윤모 장관
288553,싱크홀 발생한 인천 지하철 공사장 인근 아파트서 균열 발생
288554,安 공직자 이해충돌 방지 담은 김영란법 개정안 발의종합
288555,디바이스이엔지 188억원 디스플레이 제조장비 공급계약
288556,SKT 15∼26일 0틴위크…중고생에 데이터·먹거리 제공
288557,게시판 발레드라마 단 하나의 사랑 발레협회서 감사패
288558,김포 한강시네폴리스 조성 사업 경기도 심의 통과
288559,배구 용병 거포 속속 입국…아가메즈 5일 대표팀과 평가전 출격
288560,與 26일 첫 영입인사 발표…선거법 개정 따른 비례 축소 고민
288561,프로야구 잠실 kt두산 경기 우천 노게임
288562,北 3월부터 주민들 중국 개별여행 불허 RFA
288563,中 최초로 고양이 복제 성공…1마리에 4천만원 상업화 계획
288564,중국인 단체 4천200명 크루즈타고 부산 관광
288565,英 엘리자베스 2세 여왕 65번째 여왕연설 치러
288566,美서 국적없이 떠도는 韓입양인 구제法 통과…주지사 서명완료
288567,트럼프 탄핵 찬성 44% vs 반대 40%…청문회 여론영향 미미
288568,대북제재 속 평양 상품전에 中업체 100여개 참가 성황
288569,트럼프 측근 주도권 다툼에 국무장관 등 핵심 인선 지연종합
288570,MLB 홈런 공장 시애틀 개막 이래 15경기 연속 홈런
288571,단말기 보조금만 떠들고 요금할인 침묵하면 과징금
288572,급류에 실종된 어머니·아들을 찾아라
288573,삼성전자 3.5㎓ 대역서 최고 5G장비 공급…실물 첫 공개
288574,SKT 이동통신·신사업 분야로 이원화…박정호 사장 유임
288575,아마존 뉴욕 제2본사 백지화…지역정치인 반대 때문
288576,北 평양서 김정은 신년사 관철 다짐 군중대회
288577,LG CNS 서비스 로봇 운영·관리 플랫폼 오롯 출시
288578,게시판 EBS 미국 줌바 본사와 MOU
288579,시리아 정부군 터키 공격목표 만비즈 진입…확전 우려 커져종합
288580,바른미래 국회서 권력형 성폭력 근절 토론회
288581,간판 가려진 캄보디아 최대 북한 식당
288582,野 위안부 재협상 촉구…합의 평가한 반기문까지 비판
288583,연세대 고려대 26점 차로 꺾고 대학농구 3년 연속 우승
288584,태국 정부 사우디 10대女 망명 허용한 캐나다로 출발종합
288585,신화 속 도시 트로이의 건립연대는 기원전 3천500년
288586,양자컴퓨터 개발 게임으로 아이디어 얻는다
288587,유엔 북한대표부 외교관 29명 모두 남성 VOA
288588,시진핑 새해 기강 잡기…강력한 반부패 사정 예고
288589,시리아 정부군 폭격에 주민 23만5천명 피란…구호품도 끊겨
288590,제주도 동부 호우주의보…소나기 물폭탄 쏟아져
288591,이집트 카이로서 케이팝 페스티벌…1천명 관중 열광
288592,전해철 법무장관 후임설에 유력했던 것들은 많이 없어졌다
288593,남북정상회담 평가…잘했다 72% 잘못했다 22%리얼미터
288594,속보 아베 北 미사일발사 유엔 결의 위반…매우 유감
288595,이통 3사 갤노트7 대책 고민되네…이미 팔린 50만대는
288596,네이버 작년 신기술 분야에 4천억원 넘게 투자
288597,화웨이 창업자 美시장 없어도 세계 1등…5G는 정치 아닌 도구종합
288598,한곳에서 쇼핑 끝…원스톱 라이프스타일숍 뜬다
288599,중국 집중호우에 홍수 등 피해 속출…항공기 수백편 결항
288600,공공운수노조 과기계 출연연 용역근로자 정규직 전환 촉구
288601,트라우트 MLB 역대 최연소 200홈런200도루 달성
288602,LG유플러스 원격 제어 IoT숙면등 출시
288603,네이버 아웃링크 전환 사용자 불편 우려…타당성 검토중종합
288604,최지만 고교 선배 류현진 앞에서 16호 홈런…다저스 98...
288605,PO 2차전 영웅 현대캐피탈 허수봉 겁 없이 때렸습니다
288606,모리뉴 중국서 거액 영입 제안…아직 젊어서 거절
288607,전북 대체로 흐리고 낮부터 비…5∼20㎜
288608,월드컵 붉은악마 러시아서 소수 정예로 태극전사 응원
288609,메리츠종금증권 여의도 IFC로 본점 이전 완료
288610,우리카드 세터 노재욱 누구에게 올려도 공격 성공 믿어
288611,SK 와이번스 2018 KBO 마케팅상 수상
288612,남자배구 임도헌호 아시아선수권 대비 막바지 담금질
288613,황교안 대한민국 위기…경제 너무 어렵고 서민 참 힘들어
288614,이해찬 한반도평화 관련 위원회 연석회의에서 인사말
288615,‘진짜친구’ 캠페인 협약식
288616,MBC 아나운서들 청춘 위로하는 낭송회 연다
288617,SK텔레콤 한국형 5G 생태계 구축 앞장
288618,케인 멀티골 토트넘 에버턴에 32 승리…손흥민 결장
288619,연합이매진 다크 투어리즘 어두운 역사현장 돌아보기
288620,이란 사우디 공격 전면 부인…美 압박 심각 판단했나종합
288621,고동진 삼성전자 무선사업부문장 기자간담회
288622,코스피 2120선 회복…40여일 만에 최고종합2보
288623,HDC그룹 휴식력 높여 업무능률 올린다
288624,인사말 하는 신좌섭 교수
288625,KJ프리텍 전환사채 담보제공설 사실 아니다
288626,NH저축은행 영업점에서 양파 사은품 받으세요
288627,신간 마블이 설계한 사소하고 위대한 과학
288628,北김정은 삼지연군 찾아 김정일 추모…염원 이뤄야종합
288629,靑 감찰유출은 국기 흔드는 일…禹수사의뢰 정면돌파
288630,IAEA 이란 포르도 시설서 우라늄 농축 시작
288631,美의회 中화웨이·ZTE에 美반도체 판매금지 법안 발의종합
288632,옛 직장 핵심기술 빼돌린 경동나비엔 연구원 2심도 실형
288633,단돈 5천원으로 한국 최고의 맛을 코릿제주페스티벌 개막
288634,NH투자증권 신임 사장에 정영채 IB대표 내정종합
288635,과기정통부 세종청사 이전
288636,월드컵 고개 숙인 손흥민과 이승우
288637,산업생산 두달째 줄고 제조업가동률은 금융위기 수준종합2보
288638,포르투갈 유조차 총파업…정부 비상 배급제 실시
288639,서해안·내륙 황사…낮부터 맑아져 해넘이 관측 가능
288640,신한금투 증시 급락세 일단락…주식비중 확대하라
288641,세인트루이스 1회에 10점 대폭발…5년 만에 NLCS 진출
288642,北 김정은 청년운동사적관 시찰…최룡해 3개월만에 수행
288643,갤S8 1호 개통하겠다…SKT 매장 앞 5박6일 노숙 돌입종합
288644,하이투자 한진칼 경영권 분쟁에 주가 높게 형성
288645,인도 부부 쓰레기장에 버려진 아기 SNS서 발견해 입양
288646,NHN엔터 1분기 영업익 154억원…66.6%↑
288647,용산 나인원 한남 결국 임대후 분양 전환
288648,아시안게임 농구 단일팀 이문규 감독 대만전 두 번 ...
288649,포근한 날씨에 산천어축제 인기 절정
288650,강제징용 유골 발굴 계기 된 1945년 잡지 라이프 사진
288651,손학규 지명직 최고위원에 김관영 임명…인재영입 하겠다종합
288652,한인 60여명 거주 조지아서도 박근혜 퇴진 촛불
288653,류현진 아…양키스 폭탄에 잃어버린 1점대 ERA
288654,잊히지않는 기억 홀로코스트 추모일에 反유대·극우확산 경고
288655,전화번호로 송금…삼성페이 러시아서 간편이체 서비스
288656,朴대통령 안보·경제 더블위기 규정…국민이 나서달라
288657,친박계 의원들 광화문 촛불집회 날 단양서 골프 회동종합
288658,국민은행 정맥인증 활용 손으로 출금 서비스 전국으로 확대
288659,軍 서해 최전방서 해상사격훈련…포탄 400여발 발사
288660,中 국영석유사 5월 이란산 원유 수입 중지
288661,KT 유심 재고 보상 불가 방침에 유통점 부글부글
288662,아시안게임 여자축구 윤덕여 감독 선수들이 새 역사 써...
288663,늙어서도 젊은 외모 강요받는 슬픈 사회
288664,새누리 거창군수 후보 결선 김창호·박권범 대결
288665,中 작년 상품교역 사상 최대 4조6천억 달러…전년비 12.6% ↑
288666,부산관광공사 10월 동래읍성·영도다리 축제 오세요
288667,터키 불법 세금 갈취한 IS 추종자 14명 체포
288668,민주 김정은 평창 성공언급 긍정적…도발중단 진정성 보여야
288669,K리그도 경기력 분석에 GPS 장비 도입…포항·전남 사용
288670,문대통령 9월5일 특사단 평양파견…정상회담 일정·비핵화 협의종합
288671,김지한 19점 현대캐피탈 KB손보 제압…인삼공사도 승...
288672,호주 중앙은행 33개월 연속 기준금리 1.5%로 동결
288673,100달러 실질가치는 美미시시피서 115.3달러 뉴욕서 86.4달러
288674,朴대통령 10년뒤 무엇으로 먹고살지 두려워…4대개혁 절박
288675,국경없는기자회 글로벌 정보와 민주주의 위원회 발족
288676,문대통령 오늘 산업·농림·환경부 업무보고…정책행보 가속
288677,더위 날리는 화끈한 해운대 격투기 9∼10일 열려
288678,대통령 개헌안에 공무원 노동3권 인정…검사 영장청구권 삭제
288679,코트라 서비스산업 中企 수출 지원 강화한다
288680,다저스 로버츠 감독 커쇼 몸 상태 좋아지고 있어
288681,계약과 다른 요금 청구…유료방송 고객피해 38.6%↑
288682,EU 伊 선박에 체류 중인 아프리카 난민 131명 분산 수용 합의종합
288683,게시판 SKT 스마트폰 교실 수강생 7명 시니어 강사 채용
288684,테헤란 공항서 100명 탄 항공기 착륙중 화재…전원 대피
288685,지구의 종말 위기…인류는 우주에서 살아남을까
288686,정부 北기관 朴대통령 비난은 김정은 향한 충성경쟁
288687,삼성증권 LG전자 가전마진 개선…실적 전망치 상향
288688,종편 6월 25일부터 순수 외주제작 방송 편성 의무화
288689,LG 구본무 회장 빈소 준비하는 관계자들
288690,내주 한은 국감서 통화정책 힌트 나올까…이주열 총재 입 주목
288691,광복절 맞아 초등생 260명 상하이 독립사적지 답사
288692,유엔 대북제재 블랙리스트 누가 올랐나…北현직대사 첫포함
288693,北외무성 美 제재 지속하면 비참한 결과 초래할 것
288694,SK텔레콤 기기5천500원이면 스마트홈 요금 걱정 끝
288695,MLB 다저스 에이스 커쇼 16일 신시내티 상대로 시즌 ...
288696,국내 클라우드SW 시장 2천억원…작년 35.1% 급증
288697,박항서 감독의 베트남 미얀마와 00 무승부…조 2위 유지
288698,팔꿈치 가격 맨유 즐라탄 3경기 출전정지 징계
288699,LG도 G7 씽큐 구매시 중고폰 보상…전원만 켜지면 OK
288700,광주과학관에 7층 건물 높이 스테인리스 미술작품 설치
288701,CJ헬로 노키아 바나나폰 27일 출시…출고가 13만9천700원
288702,저출산으로 아이 웃음 줄어든 日…아동수 30년새 3분의1 줄어
288703,與 최고위 대구 동을·서울 은평을·송파을 의결 보류
288704,이해찬 상황 엄중한 때 개각…청문회 잘 통과해야 국정 순조
288705,NBA 골든스테이트 LA클리퍼스 제압…커리 45점 폭발
288706,V리그 개막과 함께 달라진 공…적응이 필요해
288707,與 몽니·꼼수…두려우면 선거제 패스트트랙 동참 한국당 압박
288708,음담패설파일이 바로 트럼프 vs 여성 최고학대자는 빌클린턴종합3보
288709,푸틴 방러 시진핑과 정상회담…러中 한반도 정세 평가 일치종합
288710,朴대통령 청탁금지법은 건전한 활동·교류 규제안해속보
288711,KB투자증권 벌크 화물선 경기 바닥…반등 준비
288712,랜섬웨어 피해 웹호스팅 업체 매각 수순…해커와 협상 중
288713,현장 목소리 듣고 기초연구 장기비전 세운다
288714,동탄2기 주민들 세종청사에서 교통대책 요구
288715,심상정 오전 중 41 협상 해야…그 결과 따라 최종방향 결정
288716,아시안게임 이란 상대 고군분투한 라건아 오늘 경기는 ...
288717,다저스 감독 류현진 힘든 상황 6회까지 완벽히 통제
288718,첫 3연승한 LG 현주엽 감독 현재 전력 어느 팀에도 ...
288719,프로농구 SK 현대모비스에 시즌 첫 패 안기고 2연승
288720,주간 화제의 뉴스 국정농단 재판 이국종 등 관심
288721,北매체 탄핵가결 4시간만에 신속보도…南시민 일제히 환호
288722,데얀 PK 실축 수원 AFC 챔피언스리그 가시마에 패배
288723,호주리그 코리아팀 감독 구대성의 야구 인생에 한계는 없다
288724,경남제약 BW 발행 않기로 결정
288725,방통위EU 개인정보보호 적정성 평가 가속화 합의
288726,평양교원대 방문한 김정은
288727,평창문화올림픽 흥 돋운다…전국 14개 대표축제 앞장
288728,LG V35 출시 앞두고 V30 공짜폰 됐다…공시지원금 90만원
288729,김성태 노前대통령 탄핵 당시 군사계획 문건 존재…국조해야
288730,프로배구 한국전력 새 감독에 왕년 스타 장병철 코치
288731,키움·토스 인터넷은행 진입 불발…인가 3분기 재추진종합2보
288732,경찰 KT 화재 방화·실화 가능성 작아…합동감식 결과
288733,과학 수업 받는 북한 어린이들
288734,모바일 채팅형 소설서비스 채티 운영사 20억원 투자유치
288735,황총리 추석 성수기 농수산물 수급불안에 선제적 대응
288736,22일 다케시마의 날 행사에 日 중앙정부 차관급 참석
288737,러 극동 캄차카 반도 인근서 규모 6.3 강진…피해는 없어
288738,주말 N 여행 초유의 폭설 제주…온 섬이 하얗게 뒤덮히다
288739,美 대선포럼에 참석한 힐러리 귀에 이어폰
288740,미국의 對이란 강경책은 이라크전 데자뷔…트럼프 속내는
288741,니스 테러 프랑스 3일간 애도 기간 선포
288742,朴대통령여야 지도부 회동 일지…현 정부들어 7번째
288743,홍콩 시민단체의 중국인 관광객 반대 시위를 보도한 SCMP
288744,LH 창립 10주년 기념 도시투어 프로그램 개최
288745,한국인 가장 오래쓰는 소셜앱은 페이스북…4월 56억분 이용
288746,주말 N 여행 강원권 붓칠한 듯 울긋불긋 가을옷 단풍 입은 천의 얼굴 설악산
288747,KT 5G 기반 AI 음성인식 드론 개발 추진 MOU
288748,KT 초등생도 배울 수 있는 AI 에듀팩 초급 패키지 출시
288749,신간 남미 히피 로드·미치지 않고서야
288750,5·18 님을 위한 행진곡 논란으로 협치 순항 암초
288751,통신사 서비스 품질정보 알기 쉬워진다
288752,남북 과학기술 교류 필요…공동 RD 추진해야
288753,EPL 에버턴 결국 빅샘 앨러다이스 사령탑 영입
288754,2018년 피날레도 화려했던 황의조 아시안컵 준비 잘...
288755,경남제약 작년 영업익 40억원…24.5% 감소
288756,북유럽 국가들 화웨이 견제…노르웨이 간첩활동 경고
288757,게시판 평통 16∼7일 전국 청년분과위원장 정책회의
288758,악재 끊이지 않던 히어로즈 스폰서 계약으로 모처럼 웃을까
288759,문 대통령 신혼부부 및 청년의 행복을 위하여
288760,기초연구 성과 내려면 적정연구비 개념 도입 필요
288761,남자부 MVP 경쟁…센터 첫 수상 신영석 vs 3년 ...
288762,아시안게임 김학범 박항서 감독께 죄송…끝까지 정신력 ...
288763,경제부총리 첫 정례보고 브리핑하는 김의겸 대변인
288764,2019년 문학계 부흥 이어갈까…여성작가 강세·중견 작가도 저력
288765,북한날씨 맑다가 차차 흐려져
288766,신간 도쿄의 밤은 빨리 찾아온다·하루키 월드
288767,허창수 GS 회장 준우승 쾌거 베트남 축구대표팀에 격려금
288768,신간 집중과 영혼·발해와 일본의 교류
288769,KB국민은행 기업대출 사업계획서 온라인으로 받는다
288770,다시 반등한 코스피 2380선 회복…코스닥은 강보합종합
288771,北 美민간단체와 미군유해 발굴 논의…조건 제시
288772,김수영문학상 이소호 일상의 폭력에 대한 이야기
288773,러 우랄 아파트 붕괴 현장서 11개월 남자아이 기적적 구조종합2보
288774,페이스북 한국 VR·AR 기업의 글로벌 진출 후원자 된다종합
288775,기초과학이 중요…응용만 집중하는 현실 안타까워
288776,이 총리 세종서 국무회의 주재
288777,우리은행 AI 신용평가로 베트남서 개인 신용대출 본격화
288778,중동평화 워크숍 반대 이라크 시위대 바레인 대사관 난입
288779,스마트폰 없이 못사는 대한민국…60대 10%가 중독위험
288780,가상화폐 가상계좌 막으니 법인 벌집계좌…당국 고강도 조사
288781,이케아 시대의 비참 민낯 비춘 소설 쇼룸
288782,표 주요 경제지표 및 행사일정12월 31일∼1월 4일
288783,손흥민 케인 빠진 토트넘에서 새 역사 쓰나
288784,미국 남성잡지 플레이보이 한국판 창간…누드는 없어요
288785,삼성 갤럭시S10 100만대 판매 돌파…5G 단말이 23만대
288786,라틀리프 30점…한국 남자농구 요르단 원정 경기서 승리
288787,동장군 귀환 강원 내륙 산간 오후 11시 한파 특보
288788,女배구 라이벌 러시아 올림픽 세계예선서 멕시코에 30 완승
288789,통계청 10월 소비자물가동향 발표
288790,일본인 관광객에 눈 돌리는 대구시…직항도시 5곳이 타깃
288791,리드코프 2분기 영업익 110억원…5.76% 줄어
288792,터키 시리아 접경서 국적 불명 무인기 격추
288793,산업구조 고도화·환경 안전에 3년간 15조원 공급
288794,2018 캐치프레이즈 잃은 kt…미투 고은 헌정시 폐기종합
288795,與 이한구式 현미경 심사…현역들도 대거 탈락하나
288796,슈퍼문 관측 암호 12040047
288797,고침 그래픽남북통일농구대회에 북측 리선권·최휘 참석
288798,벤투호의 보물 황인범 내년엔 더 성장할래요
288799,포르투갈 스위스 꺾고 극적으로 월드컵 본선 직행
288800,날씨 미세먼지 주의보…수도권 새벽에 빗방울14일
288801,환경부5대 발전사 통합환경허가 MOU
288802,트럼프 쿠바와의 조건부 관계단절도 불사…쿠바정책 뒤집나
288803,남산예술센터 우연 극장장 2020년 이후 임차운영 불가능
288804,홍준표 친박 내가 나가면 당 지지율 오른다 해…한번 보겠다
288805,롯데건설 의정부 롯데캐슬 골드파크 내달 분양
288806,짐바브웨 전 독재자 무가베 95세로 사망…37년 철권통치 불명예종합2보
288807,美 문 익스프레스 민간기업 세계 최초로 달 탐사
288808,SKT버라이즌 5G 공동연구 손 잡는다
288809,국보 반구대 암각화 닮은 문양 개발해 울주군 홍보
288810,IMF총재 브라질·러시아 올해 역성장…中 경착륙 피할 듯
288811,현대백화점 팝업스토어 기프트 랩 진행
288812,레바논전 앞둔 김상식 농구대표팀 감독 리바운드 싸움 관건
288813,朴대통령 우병우는 檢수사 진행중이니 결과 지켜보자속보
288814,아이서울유 2주년 맞아 29일 문화비축기지서 시민축제
288815,증권가 조양호 영향력 여전 분석…한진그룹주 약세종합
288816,유엔 기밀보고서 10년 동안의 유엔 대북제재 실패했다
288817,안 쓰는 TV주파수 지자체 복지·안전사업 활용
288818,그래픽 스톡옵션 부여 현황 및 바이오기업 비중
288819,이스라엘 연정협상 끝내 불발…1년새 세번째 총선
288820,정부 개성공단 철수·폐쇄 현재까지 검토하고 있지 않다종합
288821,테헤란은 지금 화훼 전시회
288822,네이버 공공·금융 클라우드 집중 공략…AWS·MS와 본격 경쟁종합
288823,현대중공업 4천만달러 규모 산업용 로봇 대량 수주
288824,국민의당 창당 1주년 기념식 개최
288825,전국 오후부터 맑아져…중부지방 미세먼지 나쁨
288826,스페인 축구스타 토레스 日 사간도스로 깜짝 이적
288827,황총리 위안부 피해 할머니 문병 빨리 쾌유하셔야
288828,美에 일격 이라크 친이란 민병대 가혹한 응답 경고종합
288829,신태용 감독 UAE 아시안컵 조 추첨식 참석 이유는
288830,북한 유엔 대북제재 결의에 아직 무반응
288831,한자리서 만나는 고려 금속공예와 조선 사각함
288832,정부 北 미사일발사 강행시 혹독한 대가 치를 것종합
288833,화신테크 작년 영업손실 74억원…적자확대
288834,김황식 대북 인도적 지원은 어떤 경우에도 포기해선 안돼
288835,손흥민 이제 차붐의 유럽 리그 98골 넘는다
288836,기념촬영하는 정재숙 문화재청장
288837,게시판 인터넷진흥원 한전과 데이터 안전활용 지원협력 확대
288838,전문 문대통령 트럼프 대통령·김정은 위원장과 함께 새로운 미래로
288839,LGU·예술의전당 문화예술 콘텐츠 보급 업무협약
288840,성폭행 혐의 상주 김병오 K리그 60일 출장 금지
288841,주택대출 너무 조였나…금융당국 정밀분석 착수
288842,시즌 개막 앞둔 지메시 지소연 목표는 당연히 우승이죠
288843,과이도 멕시코·우루과이 대화 중재 거부…옳은 편 서달라
288844,에티오피아 총리 북부서 쿠데타 시도 저지…육군참모총장 피살
288845,강정호 5월 첫 출전서 실책 2개…피츠버그는 대패
288846,FIFA 월드컵 개최지 비리 폭로에 부랴부랴 보고서 공개
288847,우리카드 신영철 감독 전반기 만족하지만 아쉬워…80∼90점
288848,구글플레이 등 앱마켓도 이용자 보호 평가받는다
288849,KT 이어 LGU도…갤럭시S10 5G 공시지원금 최대 76만원으로 상향
288850,태극마크 달고 평양까지…국가대표 라틀리프의 색다른 경험
288851,류현진 야속한 수비에 시즌 첫 3실점…세번째 10승 실패
288852,동정 허욱 방통위원 EBS 방송재난 대응훈련 점검
288853,대신증권·신한금투 올해 금융투자 우수광고 수상
288854,특징주 GS리테일 저평가 영역 진입…오름세
288855,눈으로 덮힌 경복궁 지붕들
288856,충북 대체로 맑다가 밤부터 구름…출근길 안개 조심
288857,광복회모잠비크 독립유공자회 자매결연
288858,국민소환 투표 갈등 베네수엘라 정부야당 제3국서 대화
288859,中환구시보 테러와의 전쟁 성과 美만 누려선 안 돼
288860,대중교통 파업에 파리 시내 자전거사고 급증
288861,주말 N 여행 꽝 없이 겨울 빙어낚시 제대로 즐기는 법
288862,AI 대가 톰 미첼 일자리 감소 등 미래 변화 대비 필요종합
288863,그래픽 삼성전자 갤럭시S8 주요 제원
288864,증시신상품 코스피200 총수익지수 추종 ETF 2종
288865,프로배구 결산 ④박철우·문성민·한선수 최초가 되다
288866,이해찬 환경미화원 격려 민생 행보…경제 활성화에 주력
288867,국악이 90년대생에 다가갈 방법은…남산국악당 토론회
288868,문대통령·시도지사 靑 집결…중앙·지방 일자리 협치 총력전
288869,LG전자 잠실구장서 G6 체험공간 운영
288870,부동산캘린더 4월 맞아 활기 도는 분양시장…내주 11곳 청약
288871,NBA 휴스턴 오클라호마시티 꺾고 16연승…50승 고지...
288872,홍콩 행정수반 송환법 추진 보류…사실상 무기한 연기종합
288873,단풍물든 숲에서 수림문화재단 10주년의 밤 즐겨요
288874,문 대통령 누구도 4·3 폄훼 안돼…정부가 책임있게 해나갈것
288875,많이 컸네…30년 지기 김종민·차상현 감독의 봄 배구
288876,WNBA 박지수 7일 중국 국가대표 상대로 첫 시범경기
288877,국립현대무용단 신작 검은 돌 모래의 기억 내달 개막
288878,아직 때 아니다…단독집권 야망 극우 伊살비니 조기총선 부인
288879,알프스 산악 달리고 스위스 음식 즐긴다
288880,한자리에 모인 민주당과 국민의당
288881,조배숙 개혁에는 협치하지만 우리는 근본적으로 야당
288882,트럼프 캠프 재편은 억만장자 후원자 부녀 작품종합
288883,에티오피아서 취약종 하마 최소 28마리 떼죽음…원인 불명
288884,28일∼내달 13일 봄여행주간…에버랜드 등 770곳 할인 풍성
288885,사우디 피폭으로 주목받는 이란의 드론·미사일 전략
288886,상향식 공천 흔들리나…김무성이한구 신경전 고조종합
288887,재활용로켓 역사적 첫 비행…스페이스X 발사후 회수까지 성공
288888,사이버 총력전 러 정부 범죄자까지 해커부대에 편입
288889,월드컵 빛나는 선방 조현우 후회없이 뛰려 했다
288890,김부겸 성주군민 목소리 아랑곳않는 통치는 8·15정신 부인
288891,한화 이용규 번트 후 던진 배트에 공 맞아 수비방해
288892,인도 프리미엄폰 시장 잡아라…삼성·애플·샤오미 한판
288893,힐러리샌더스 CNN 토론서 자유무역 견해차 놓고 격론
288894,평양정상회담 기념촬영 권하는 김정은
288895,미니 슈퍼화요일 첫 여성 美대선주자 사실상 굳힌 힐러리
288896,러 외무차관 美에 베네수엘라 사태 개입 불가 경고할 것
288897,얘기 나누는 홍준표유승민
288898,마두로 과이도 출금·자산동결 맞불…美 심각한 결과 경고종합
288899,대구·경북 11일 최대 100mm 비…피해 예방해야
288900,美대선 D3 세계가 주시하는 美대통령 어떤 자리인가
288901,코스피 외인·기관 매수에 상승 마감…7개월만에 2200대종합
288902,대우조선 5조 회계사기·21조 사기대출…檢 경영비리 수사종합
288903,아시안게임 지소연 결승골…여자축구 3회 연속 동메달 ...
288904,대통령개헌안 ⑨선거제도 개혁…선거연령 18세로 하향비례성원칙 명시종합
288905,너무 더워서…경북 동해안 해수욕장 올해 장사 망쳤다
288906,등록금에 허리휜다…美 차기대선서 대학 무상교육 쟁점화
288907,구글 국립공원 탐방로 파노라마 이미지 제공
288908,日 아베 만난 美국방 北 여전히 큰 우려 사항종합2보
288909,충북기자협회서원대 평생교육 네트워크 비전 포럼
288910,삼성 1분기 국내 스마트폰 시장 점유율 60%대 회복
288911,게시판 페이코 쥬씨 500원 할인 행사
288912,리얼리티 vs 미스터리…소설이 전쟁터를 그리는 방법
288913,北 당대회 열리는 4·25문화회관은…7층짜리 대중문화시설
288914,MS 나델라 CEO AI가 가장 중요한 기술…사이버보안 대응해야종합
288915,외국 의·치대 나왔는데…국내 의사고시 합격률 30% 불과
288916,모스크바 연방보안국 인근서 총격…보안국 요원 1명 사망종합
288917,SK 김광현 한화전 5이닝 무실점…통산 110승째 눈앞
288918,제주시 2천㎡ 미만 토지 3필지 이상으로 분할 금지
288919,서울 공공임대주택 비율 OECD 수준으로…올해 1만5천호 공급
288920,현대차그룹 현대중공업·현대상선 인수 관심없다
288921,세비 깎고 국감갑질 막는다…의원 특권내려놓기案 확정
288922,朴대통령 유승민 복당 새누리당서 협의해 판단할 문제
288923,이제는 싼커시대 단체 깃발 관광 옛말…소규모로 몰려온다
288924,깊어진 우정·깊어진 선율…김영욱·김다솔 듀오 연주회
288925,이란 첫 女권투선수 해외경기 뒤 체포영장 소문에 귀국취소
288926,사우디 드론 공격 자처했던 예멘반군 모든 공격 중단 선언
288927,日 P1 초계기 비행 중 날개부품 분실
288928,디지캡 7일 코스닥 신규 상장
288929,쪽무이 그림부터 태양상까지…북한미술의 다채로운 얼굴
288930,與 검찰 피의사실 공표 혐의 고발키로…위법행위 심각
288931,MLB 컵스 여성 출입금지 옛 간판 전시 하루만에 철거
288932,국민의당 朴·金 영장심사 앞두고 선관위 편파조사 반격
288933,수은 대우조선해양 전환사채 인수…지분율 27.43%
288934,우주 알려진 것보다 10% 빨리 팽창하고 있다
288935,뉴스테이 인기 업고 건설사들 하반기 공급 박차
288936,코스피 미국발 악재에 2170대 후퇴…코스닥 1%대 하락종합
288937,고르바초프 거대한 핵전쟁 위험 여전 미러 신냉전 경고
288938,블로킹 133…삼성화재 한국전력에 시즌 3전 전승
288939,가을 정취 담은 광화문글판…나뭇잎이 벌레 먹어서 예쁘다
288940,사우디 10·11월 산유량 석유시설 피폭 이전 상회할 것
288941,성남∼여주 전철 개통 앞두고 광주 역세권개발 본격화
288942,갤럭시 S9·S9 디즈니와 손잡고 AR 이모지 선보여
288943,언론단체 프레스센터 언론계 품으로…서명운동 시작
288944,알제리 대통령 5선반대 시위대 비판…대혼란 초래될 수도
288945,대신증권 현대차 판매량 늘었지만 투자환경은 좋지 않아
288946,과기부 SW 품질인증 현장심사 폐지
288947,신간 월인석보 훈민정음에 날개를 달다
288948,프로축구 제주 9명이 싸운 대구에 41 완승…권순형 2...
288949,MLB닷컴 박찬호의 한 이닝 2개 만루포 허용…다신 없을 일
288950,이란 휘발유 가격 50% 인상…한달 60L 초과때는 200%↑
288951,해운대 물총 피서
288952,첼시 콘테 최고 대우 재계약 임박…연봉 145억
288953,세계 평균 기대수명 2000년보다 5년 늘어…71.4세
288954,코스닥 2% 하락해 870대 후퇴…셀트리온 3사 급락
288955,카이스트 융합형 인재 기른다…내년 무학과 융합기초학부 도입
288956,바른미래당 최고위원회의
288957,정부 업무보고 익명화한 개인정보 기업이 동의없이 활용 가능
288958,배터리 제조사에 법적책임 안묻는 삼성전자…이유는
288959,러시아 보스토치니는 우주대국 위상 회복 전초기지
288960,아크테릭스 신세계사이먼 아울렛 파주점 오픈
288961,질문에 답하는 이해찬
288962,CMB광주방송 올해도 프로야구 기아 홈 경기 생중계
288963,여자배구대표팀 라바리니 감독 입국 무척 흥분된다
288964,이청용 미들즈브러전 출전명단서 제외…4경기 연속
288965,금감원장 DLF사태 영업관행은 투자자와 금융사 모두에 큰 피해
288966,日 300조원 경기부양책 실효성 의문…엔高 달러당 80엔대 전망도
288967,경남에너지 상장폐지 결정
288968,중앙선관위 선거구 실종 장기화 대책 논의
288969,임명장 수여식 참석하는 홍준표 대표
288970,갤럭시S8랑 G6는 언제 나오나요…대기 수요 눈덩이
288971,터키 에르도안 휴전합의 완전이행 않으면 작전 재개할 것종합
288972,한국당 독소조항 주장에 반박하는 41 협의체
288973,생활과 더 가까워진 IoT…가스 검침·맨홀 관리도 OK
288974,손흥민 5경기 연속골 사냥 실패…맨시티 16연승 질주
288975,LGU 생체인증 국제표준규격 FIDO 인증 획득
288976,메르켈 美올랜도 테러에 충격과 슬픔…너무나 무서운 일종합
288977,재난현장 뚫고 평창 성화 봉송하는 휴보
288978,아프간 대선 무난 종료에도 평화 정착까지 난관 수두룩
288979,필라델피아 엠비드 디트로이트 드러먼드와 앙숙 대결서 압승
288980,프로야구전망대 선두경쟁 가늠할 두산과 SK의 시즌 첫 맞대결
288981,인간과 퀴즈 대결…인공지능은 어떻게 문제를 풀까
288982,KTB투자증권에 최대주주 변경 조회공시 요구
288983,서울 행복주택 189세대·장기전세 26세대 공급…내달 청약
288984,美민주 트럼프 탄핵안 곧 공개…권력남용·의회방해 혐의 포함
288985,WNBA 박지수 21일 새벽 코네티컷과 정규리그 첫 경기
288986,코스피 닷새 만에 하락…2190대로 후퇴종합
288987,VOD 매출 쑥쑥 늘었지만…IPTV만 나 홀로 성장
288988,힐러리 납세논란 트럼프 맹공…조작된 제도의 대표자
288989,스마일게이트 에듀테크기업에 지분투자…영어학습 콘텐츠 개발
288990,람보 슈터 문경은 감독이 만든 SK의 외곽 화력
288991,올림픽 인공기 흔드는 북한 응원단
288992,갤노트7 배터리 2종 결함 어떻게 다른가
288993,대한항공 우리카드 꺾고 2년 만에 정규리그 우승…챔프전 직행
288994,카카오 사회적경제 주간 캠페인…댓글 1개당 200원 기부
288995,이집트서 버스 사고 2건 잇따라…관광객 등 모두 28명 사망
288996,권창훈 73분 디종 PSG에 12 패배
288997,특징주 완리 중국 기대감에 나흘째 급등
288998,NHN엔터 투자전문 자회사 통해 가상화폐 거래소 투자 추진
288999,10∼20대는 유튜브 세대…하루 4.4회 52분 본다
289000,대전코레일 3년 만에 내셔널축구선수권 왕좌 탈환
289001,저무는 PC 시대에 맞춘 마우스의 다양한 변신
289002,보이스피싱 계좌정보 공유…간편결제 충전한도 상향 추진
289003,특징주 현대차증권 2분기 호실적에 신고가
289004,김문수 52개 대학 주변 4차산업 특구 조성
289005,충북 괴산 15.3도…낮부터 날씨 풀려
289006,삼성 3분기 스마트폰 불안한 1위…화웨이 또 애플 따돌려
289007,靑 감찰유출 의혹이 사실로…이석수 의도가 뭔가종합
289008,국채금리 치솟자 미국 주택대출금리 2년만에 최고
289009,美中 무역전쟁 막상 시작되자 원달러 소폭 하락 출발
289010,英 브렉시트 입법절차 당분간 중단…연기 가능성 커졌다종합2보
289011,박지원 대통령 변하지 않고 책상만 내려치면 협력 못해
289012,주간 화제의 뉴스 블랙리스트 사건 1심 선고 등 관심
289013,정부 北핵실험장 폐기 환영…완전한 비핵화 첫 조치
289014,바른미래 판문점선언 비준동의 논의…통일장관 참석
289015,애경산업 1분기 영업익 230억원…5% 증가
289016,광화문광장 떠나는 영정
289017,DJI 장애물 피하는 접이식 드론 매빅 에어 출시
289018,신간 안티 젠트리피케이션·두 어른
289019,靑수석 이틀만에 이정현 또 방문…강제로라도 병원 옮겨야
289020,WNBA 시범경기 블록슛 4위 박지수 14일 댈러스와 2차전
289021,과기부 연구자 중심 RD 프로세스 혁신 토론회 개최
289022,MLB 사무국 최초로 올스타 팀 선정…류현진 선발 투수 후보
289023,음악 선율로 새기는 화합과 평화…2019 신년음악회
289024,SK 김동엽 스리런 대포로 한화 1선발 샘슨 강타
289025,인터뷰 류현진 5월 한달 굉장히 잘 던져…이상하게 잘...
289026,바람의 언덕 모래의 향연…태안 모래조각 축제
289027,러 S400 미사일 구매 이란 요청 거부…중동 긴장 악화 우려종합
289028,트럼프 납세내역 대선전 공개 어려워 vs 힐러리 왜 안하나종합
289029,NH투자 포스코케미칼 2차전지가 성장 견인…매수
289030,터키 시리아구호단체 하얀헬멧 설립자 사망 수사 착수
289031,위기의 아르헨티나·기적의 시리아…월드컵 꿈 이어갈까
289032,잠금화면 광고 보면 통신비 할인…LGU 앱 출시
289033,아파트 공시가격 QA 공시가는 매년 1월1일 가격 기준종합
289034,MLB 슈퍼스타 트라우트 시즌 42호 홈런 폭발…개인 최다
289035,스웨덴 어산지 성폭행 혐의 수사 재개키로…英 신병 인도 주목
289036,5선발 꿰찬 한현희 동료들이 자꾸 뒤로 가라고 한다
289037,北핵·미사일 개발 강력규탄 ASEM 의장 성명 채택종합
289038,비누향 감도는 유적지서 굳어가는 시간을 발견하다
289039,디지털스토리 로봇애인 인공고기… 우리가 만날 미래
289040,내년 실제 공휴일 67일…올해보다 1일 늘어…추석 5일 쉰다
289041,北 회고록논란에 입열까…NLL 대화록땐 사흘만에 반응
289042,네이버 AI 스피커 프렌즈 미니 5월 2일 출시
289043,맨시티 사우샘프턴 30 격파…EPL 3위로 올라서
289044,가상화폐 실명전환 1주일…전환율 10%도 안 돼
289045,영상 문대통령 연내답방 가능성 김정은 결단에 달렸다
289046,안철수 국회의장 의원사직서 독단적 처리 옳지 않아
289047,경찰 손석희 폭행혐의 내사…사실무근 취업청탁 협박받아종합
289048,손흥민 이제 차붐의 유럽 리그 98골 넘는다종합
289049,야스쿠니에 전범과 합사된 아버지 빼달라 유족소송 28일 결론
289050,신간 세계체제와 아프리카·인도양에서 본 세계사
289051,강릉 경포 정자에서 선비의 풍류를
289052,광고로 편견과 싸울래요 소아암 여중생 공익광고 제작기
289053,곤경의 페이스북 왓츠앱 통해 수익 창출 나선다
289054,에미레이트항공 공동운항 노선 티켓 할인판매
289055,올해 구글 국내 인기 검색어 1위는 타노스
289056,소원 빌러 왔어요…강원 해돋이 인파로 인산인해
289057,조동호 장관 후보자 낙마 결정타 부실학회…돈만 내면 참가종합
289058,과거에 묶인 미국과 미래에 사는 북유럽
289059,이번엔 나이지리아서 남아공인 상점 약탈…제노포비아 확산 우려
289060,만 18세 선거권 토론회에서 박수치는 심상정
289061,LGU U골프에서 일반인도 해설위원과 함께 중계 참여하세요
289062,삼성SDS 3분기 영업익 1천923억원…12.7%↑종합
289063,멀베이니 묻어가지마 퇴짜에 탄핵증언 거부 독자소송
289064,카카오 020 파트너용 구매·결제 인프라 마련할 것
289065,30년전 베를린 통합 비결은 교류와 다름에 대한 인정
289066,필리핀 호텔서 30대 한국인 형제 2명 추락사종합
289067,국민바른 통추협 신설합당 방식…개혁적 3세력 대통합 추진속보
289068,손흥민 기성용 앞에서 EPL 아시아선수 한시즌 최다골 기...
289069,폼페이오 방러 전 브뤼셀서 이란문제 논의…전쟁이 목표 아냐종합
289070,증시신상품 동양자산운용 차이나 전환사채 펀드
289071,SF창극에 도전하는 연출가 김태형 소리로 시공간 표현
289072,사랑앵무새 외모보다 머리 좋은 수컷 좋아한다
289073,증권거래세 축소·폐지하고 양도소득세 확대해야
289074,中 근로자 2.9명이 노인 1명 부양…독거노인 1억명 육박
289075,게시판 KT 5G 스마트노래방 싱스틸러 실시간방송 추가
289076,10연패 김철수 감독 포지션 변경·베스트6 변화도 고려
289077,게시판 한국원자력학회 2016춘계학술발표회 개최
289078,빙그레 제과형 아이스크림으로 가격 정찰제 확대
289079,경주 월성 유적과 현대예술의 만남…고궁박물관서 기획전
289080,3년 만에 부활한 인제 빙어축제…첫 주말 8만여명 성황
289081,코웨이 신입사원 CEO와 함께 봉사활동
289082,이해찬 소통 행보로 내부 결속…인위적 합당·이합집산 안 해종합
289083,영상 박항서 베트남 국민에게 행복을 가져다준 사람
289084,홍콩 1분기 GDP 0.5%로 추락…2009년 3분기 이후 최악
289085,민영방송대상에 UBC울산방송 태화강 다리위의 인문학
289086,이해찬 10·4선언 정신 잘 잇자…리선권 뿌리없는 줄기없어
289087,통일농구 환송만찬…北 경기는 승패있지만 통일의 길엔 없어...
289088,36년 장기집권 카메룬서 반정부 시위자 26명에 1년 징역형
289089,박지원 추경심사·증인논의 병행해야…양당 원내대표 만날것
289090,금융위 소비자 눈높이에 맞춘 보험약관 마련 간담회
289091,힐러리 본선에 성큼…트럼프 자력후보 희망 살려 전망은 불투명
289092,내일날씨 전국 구름 많아…아침 12∼1도 한파 이어져
289093,게시판 삼성증권 임직원 걷기 이벤트로 기부금 조성
289094,안철수 이번 선거 7년 서울시정·文정부 경제정책 평가
289095,올림픽 마이크 펜스 뒤로 김영남과 김여정
289096,삼성 인도 스마트폰 시장 1위 위태…샤오미 1%p차 추격
289097,베를린필 최연소 악장 출신 블라허 내달 독주 무대
289098,가격보다 기술력…건설엔지니어링 분야 입찰방식 바꾼다
289099,네이버카카오 성적표 엇갈린 희비…올해 전략도 딴판
289100,고침 그래픽무선통신 트래픽 동영상과 SNS 비중 크게 늘어
289101,베네수엘라 군사봉기 실패 뒤엔 키맨 대법원장의 변심
289102,SKB·EBS·연세대·경찰청 학교폭력 예방 스쿨 콘서트 개최
289103,2018 세계기자대회 개막…한반도 비핵화 언론 역할 논의
289104,北당대회 김정은 핵경제 병진 항구적 전략 선언…핵보유국 굳히기
289105,구글플레이 결제액 포인트로 쌓인다…1천원당 최대 2p종합
289106,연합뉴스TV 신임 사장에 조성부 연합뉴스 사장 선임
289107,성균관대 단국대 꺾고 종별농구선수권 대학부 우승
289108,주말 N 여행 제주권 한라산 정상 해맞이…겨울바다 펭귄수영대회
289109,삼성자산운용 ETF 3종목 24일 신규 상장
289110,2007년의 문재인과 송민순
289111,美 허리케인 매슈로 16명 사망…노스캐롤라이나 홍수
289112,美 역대최장 22일 셧다운…트럼프 비상사태선언 당장은 안해종합
289113,확대간부회의 참석하는 이해찬
289114,갤럭시 S9 사전 체험존 닷새 만에 160만명 돌파
289115,아일랜드 反유대·反동성애 美목사 입국 거부…20년만에 처음
289116,보도사진전 피플인더뉴스 최우수상에 연합뉴스 김주성 기자
289117,미래부 공대혁신 사업단 선정…성균관대·부산대 등 19곳
289118,현대건설 댜우존스 지속가능경영지수 6년 연속 1위
289119,웨스트햄과 충돌 토트넘 3천만원 벌금 징계
289120,러 전략폭격기 Tu95MS 2대 동해 상공 등에서 정기 훈련비행
289121,예탁원 외화증권 39조5천억원 보관…상반기에 5.8% 감소
289122,꽃 나들이 원활한 통신 서비스로 즐겁게
289123,갤럭시S8 출시까지 한 달…고객 유치전 벌써 후끈
289124,SK텔레콤 5GX 인빌딩 솔루션 개발 성공
289125,한국여자배구 태국과 올스타 매치에서 23 석패
289126,툴로위츠키마저…양키스 개막 1주 만에 11명 부상자 명단
289127,스페이스X 두번째 재활용 로켓 발사…ISS 화물 첫 탑재
289128,대신證 아모레퍼시픽 신고점 경신 임박…목표가↑
289129,임창용의 42세 투혼…KIA 짜릿한 역전승으로 화답
289130,中 전현직 지도부 베이다이허회의 개막…사드 대응도 논의하나
289131,게시판 벅스 12월 VIP 회원 대상 해피벅스데이 행사
289132,문재인 총선 승리에 김홍걸 위원장 큰 도움 줬다종합
289133,인천 연고 프로스포츠단 발달장애 스포츠교실 공동 운영
289134,강원도 자율적 내부통제로 행정 투명·효율성 높인다
289135,美연방하원서 3·1운동 100주년 기념 결의안 잇단 발의
289136,태극기 앞에 선 문 대통령
289137,SK 로맥 비거리 140ｍ 시즌 31호포…홈런 공동 선두
289138,과학기술정보통신부 현판 제막식…미래부 이름 소멸
289139,단독 북한군 대남전단 살포작전 서부전선 2군단 주도
289140,NH투자 CJ제일제당 저평가 매력 돋보여
289141,신태용호 다음 상대 모로코 월드컵 예선서 가봉 30 제압
289142,中 해군 70주년 맞아 세계 해군 불러모은다…군사 굴기 과시
289143,SKT·KT MWC19 상하이서 혁신상 수상종합
289144,장관후보 송곳검증 예고…이념편향·꼼수증여·땅투기 논란 쟁점종합2보
289145,승부처에 강한 대한항공 우리카드 꺾고 2위 탈환
289146,도쿄올림픽 도전 남녀배구 대표팀에 격려금 줄이어
289147,메르켈 브렉시트 연장에 동의…英 합리적인 시간 줘야
289148,충주세계소방관대회 전국시도기자단 초청 팸투어
289149,애플 디지털TV 新전략…아이폰·아이패드 소유자 콘텐츠 공짜
289150,카카오내비 말로 명령한다…AI 플랫폼 카카오i 적용
289151,황금연휴 N 여행 강원권 천 년 숲길서 걷기 힐링하고 청정해역 대문어 맛보고
289152,무역전쟁 휴전 끌어낸 시진핑 中공산당 중심 중화민족 부흥종합
289153,멕시코 정부 마약왕 구스만 집 3채 경매로 매각
289154,LG Q9 체험단 모집에 100대 1 경쟁률
289155,이마트 950억원 상당 자사주 90만주 매입…주주가치 제고종합
289156,속초해경 안전성 검사받지 않은 요트 운항 20대 입건
289157,MMF 순자산 3월 한달간 13조 넘게 줄어
289158,마카오에서 만끽하는 파리의 낭만과 문화
289159,과학 콘텐츠 플랫폼 사이언스 레벨업 오픈
289160,전광인 우승하러 왔습니다…최태웅 감독 MVP 받으러 ...
289161,WNBA 박지수 LA 원정 경기에서 6점·6리바운드
289162,한국사람들도 모르는 북한 사투리 번역 어려워요
289163,공인중개사도 빌딩·토지 직접 매매 가능해진다
289164,스페인 프로축구 사무국 네이마르 이적료 지급에 제동
289165,두산 반슬라이크 1군 복귀…처음보다는 좋아져
289166,리비아서 튀니지인 근로자 14명 무장단체에 피랍
289167,가을 깊어갈수록 詩 찾는다…한달새 판매량 29％↑
289168,北당대회 新실세 조용원 부장급 승진하나…세대교체 주목종합
289169,伊 연정 내분 속 극우정당 동맹 유일한 대안은 새 총선 강조
289170,연합뉴스·통일부 오늘 2018 한반도평화 심포지엄 개최
289171,세균으로 세균 잡는 크림 나왔다…아토피피부염 치료
289172,최승호 MBC사장 연임 않기로 결정…적폐청산 이뤘다
289173,카카오 전자상거래 사업 확대…카카오톡 스토어 오픈
289174,박수에 답하는 안철수 후보
289175,남자배구 최태웅 현대캐피탈 감독 안정적으로 가고 있다
289176,법조계 언론계 포토라인 문제점과 대안 모색
289177,中 최고령 출산 기록 67세 할머니 벌금 부과 위기
289178,프로농구 결산 ④ 20172018시즌을 달군 화끈한 기록들
289179,작년 코스닥 IPO 공모 2조1천억원…15년만에 최대
289180,투표거부는 율법 위반 인니 이슬람계 총·대선 투표 독려
289181,이 총리 국정현안점검
289182,10년간 중고생이 가장 많이 빌린 책은 엄마를 부탁해
289183,블룸버그통신 美대선 출마한 사주 관련 심층보도 안하기로
289184,우주에 존재의 목적이란 없다 138억년 우주·생명의 연대기
289185,자리에 앉는 오신환과 이동섭
289186,해외투자은행 올 한국 2.6% 성장 코스피는 2000∼2200
289187,일본 축구 코스타리카에 30 대승…압도적인 경기력
289188,문대통령 순방중 北 비핵화 협상중단 시사 내용 보고받아
289189,삼성 SUHD TV 북유럽 소비자연맹지 평가 1위
289190,혈액도핑 영상 유출 오스트리아 경찰관 재판 넘겨져
289191,미 공화당전국위원회 트럼프 재선 지지 결의안
289192,北 북미 뉴욕채널 완전차단 美에 통보…김정은 제재반발종합
289193,美 차기정부 대북정책은 대화 중심 관여가 현실적
289194,추신수 3년 연속 20홈런…미네소타전 동점 홈런 쾅
289195,LG V30 오늘 안드로이드 8.0 오레오 업그레이드
289196,국립현대미술관 창동레지던시 상반기전 약속된 미래
289197,국경절 행사에서 공연 중인 한·터키 우정의 합창단
289198,사전투표 대구 투표율 22.28％로 전국 최하…경북 27.25％
289199,신간 천사의 사슬
289200,부산 해운대에 가로 1.5ｍ 깊이 2.5ｍ 싱크홀 발생
289201,3연패 당한 류현진 8월 힘드네요…포수 스미스 잘못은...
289202,미술관 동물원이 환기하는 인간과 동물의 관계
289203,국내 주식형 펀드에 사흘 만에 자금 순유입
289204,세기의 대국 다음엔 바둑이 도전장 딥마인드에 재대결 제안
289205,미래창조과학부 홈페이지에서 창조경제 삭제
289206,北 고려항공 中 칭다오 운항…관광객 수송 목적
289207,SK텔레콤 T멤버십 고객 영화·놀이공원 할인 이벤트
289208,그래픽 삼성전자 갤럭시노트9 공개
289209,NBA 골든스테이트클리블랜드 결승 4년 연속 성사될까
289210,박명재 윤리위 자문위에 26일까지 합의해오면 심사기한 연장
289211,SKT 2020년 20개국 이상 5G 로밍시대 연다
289212,KT 갤럭시 S9 예약판매 시작… 카드 더블할인 플랜 혜택 제공
289213,민주 5·18 망언 최고수위 맹공 거듭…반역사적 막가파종합
289214,대한항공 센터 진성태 왼쪽 팔 근육 손상…2주 치료
289215,日 북핵수석도 스웨덴행…비건 美특별대표와 회담
289216,창간 50년 앞둔 월간 샘터 무기한 휴간
289217,게시판 원안위 평창올림픽 방사능테러 대비훈련
289218,수아레스 핵이빨 논란으로 딸과 아내까지 고통
289219,로마 한복판에서 온전한 형태의 로마제국 시대 조각상 발굴
289220,선서하는 은성수 금융위원장 후보자
289221,게시판 KIST 중학생 사이언스 캠프
289222,우리銀 설연휴 금융거래 중단 안해…차세대시스템 도입 미뤄져
289223,선관위 유권자의 날 맞아 다채로운 기념행사
289224,이공대 내부 살펴보는 홍콩 경찰
289225,알파고는 어떻게 강해졌나…자신 스승삼아 셀프대국 무한 반복
289226,잡스가 자녀들에게 아이패드를 못 쓰게 한 이유
289227,프로농구 DB 4강 PO 1차전에서 인삼공사 격파 기선제압
289228,홈런 장면 10초 먼저…KT 5G IT 에지 클라우드 구축
289229,美 원유수출 전면 제재 첫날…이란 휘발유배급제 소문 흉흉
289230,주말 N 여행 영남권 세계 유명 조각가 11명 작품 선보인 해운대 모래축제
289231,넷마블 작년 매출 1조5천억원 돌파…해외 비중 51％
289232,황창규 KT회장 위기대응역량 높여야…임직원 130명과 도상훈련
289233,캐나다 페이스북 개인정보법 위반 제소…국민 위험 처해
289234,野 일각 先총리 논의론 부상…국면전환 될라 주류는 부정적
289235,엠게임 1분기 영업익 21억원…17.8%↑
289236,KIA 윤석민 올해 첫 2군 선발 등판…1군 복귀에 시동
289237,포그바 부친상으로 토트넘전 결장…맨유 전력 공백 비상
289238,태양전지 수명과 효율 높이는 기술 개발
289239,7월 평균 최고기온 30.6도…역대 네 번째로 더웠다
289240,북한의 맛은 유별날 거란 사람들을 위한 전시
289241,농구대표팀 존스컵 인도네시아와 연장 혈투…9286 신승
289242,시리아 정부·러시아군 공습으로 어린이 등 14명 사망
289243,저물어가는 TV의 시대…40대도 모바일로 영상 더 많이 봐
289244,멕시코에 골프대회 빼앗긴 트럼프…일자리 넘어가 슬퍼
289245,이낙연 총리 양향자 국가공무원인재개발원장에게 임명장
289246,靑 국방비서관에 임종득 소장 내정
289247,해외여행 갈 때 한 푼이라도 아낄 수 있는 꿀팁은
289248,토트넘 라멜라 1년 만에 복귀…손흥민과 다시 경쟁구도
289249,개인정보 팔아넘기려면 당사자 고지하고 동의받아야종합
289250,AG 축구 4강 신화 박항서호 베트남 특별기로 금의환향
289251,황총리 여론조사 악용한 불법선거운동 많아…철저 수사
289252,분단 뚫고 온 탈북자들과 먼저 소통했으면
289253,버튼 43점 폭발…프로농구 DB LG 잡고 거침없는 1...
289254,패닉 美공화 트럼프낙마 대비까지…측근 깅리치프리버스도 비판종합
289255,김연경 없는 한국 아르헨티나와 맞대결에서 첫 패배
289256,카카오 존댓말 번역기 내놓는다…자막도 자동 번역
289257,강정호·추신수·최지만 장타쇼…류현진은 복귀전서 홈런에 눈물
289258,여자농구 아시안게임·세계선수권 국가대표 감독 공개모집
289259,다저스 샌디에이고에 9회말 역전극…먼시 끝내기 적시타
289260,아시안게임 여자농구 Uified Korea 첫 경...
289261,양의지 올해는 계속 2등 했는데 골든글러브만 1등이네요
289262,LGU 내년 U5G 3.0 서비스 출시…교육 등 생활에 집중
289263,中언론 재미 중국인 유학생 일주일 넘게 실종상태
289264,총선 D6 더민주 與 과반 경제에 독…가계부채대책 발표
289265,프로의 매서움 알린 문정원 서브는 내게 큰 무기
289266,희생제 기간 소 잡다가…터키서 3만5천명 병원행
289267,JTBC 손석희 체제 공고화…대표이사 승진
289268,금감원 제7기 대학생 금융교육 봉사단 출범
289269,6월은 정보문화의 달…청소년 SW 대회 등 열려
289270,녹색성장→창조경제→4차산업혁명…정책 변경에 혼란
289271,화려한 피날레 준비하는 DB 김주성·벤슨…기회 놓치지 않겠다
289272,호날두메시네이마르 2017년 최고 삼각편대
289273,스타크래프트 4대 천왕 장충체육관서 맞붙는다
289274,YTN 사장 선임절차 확정…25일 공모 시작
289275,청년 기본법 토론회에서 축사하는 황교안
289276,더민주 선거법·원샷법 일괄타결 역제안…본회의 불참
289277,3년 만에 수장 바뀌는 미래부 산적한 현안 풀릴까
289278,괴로운 꼴찌팀의 주포 송명근 아쉬움이 너무 큽니다
289279,북마케도니아서 불법 이주민 100명 적발…트럭타고 밀입국 시도
289280,김병원 농협중앙회 회장 취임 3주년 회견
289281,오전에 수도권 등 미세먼지 나쁨…낮에는 내륙 소나기
289282,축구협회 봉사활동 서류조작 장현수에 대표팀 자격 영구박탈
289283,평창대관령음악제 오늘 개막…강원에 펼쳐질 젊은 클래식
289284,게시판 과천과학관 과학·예술 융합 전시회
289285,라건아 라틀리프 친정팀 현대모비스로 복귀종합
289286,프로농구 KCC NBA에서 16년간 뛴 오그먼 코치 선임
289287,특징주 제주항공 항공기 대량 구매계약에 강세
289288,네이버 브라우저 웨일 정식 출시…모바일은 12월에종합
289289,순방 마친 朴대통령 院구성·북핵 파고 어떻게 넘을까
289290,날씨 맑고 선선한 9월 첫날…일교차 주의 10도 안팎
289291,기후변화를 성장기회로…온난화 대응 기술 개발
289292,부울경 LGU 휴대전화 40분간 먹통…신고 잇따라종합
289293,라임자산운용 환매 연기된 펀드 한 달간 회계 실사
289294,자유연대 사법부 개혁 촉구 공수처 반대
289295,문대통령 기자단과 2시간 산행…바쁜 탓에 기자들도 고생많다종합
289296,코소보 자국민 IS 전투원·가족 110명 시리아서 데려와
289297,올해 소규모 농어촌 마을 1천460곳에 광대역망 구축
289298,대한상의 기업활력법 사업재편전략 세미나 17일 개최
289299,KT도 무제한 데이터…월 6만9천원에 100GB 기본 제공
289300,아베 총리 소비세 증세 2년반 연기…2차 추경도 검토
289301,아시안게임 여자농구 코리아 금메달로 가는 길 박지...
289302,與 비례대표 여성 리더·노동계 전진배치…과학자 배려종합
289303,위안화 역내서 2011년 4월 이후 최저치로 개장종합
289304,폭염이 바꾼 휴가 풍속도…야간 공연·영화 즐기는 올빼미족↑
289305,고개 들지 못하는 부산버스운송조합 이사장
289306,영국인 독립유공자 후손 독립유공자 집 명패 받는다
289307,최형우 투런포한승혁 5승…KIA 이틀 연속 kt 제압
289308,게시판 KIST 여성기업 성장지원 업무협약
289309,홍종학 소상공인 만나 경기부양·종합대책 내놓겠다종합
289310,롯데 사상 첫 총수 부재 예상못해 충격…주요 사업 멈추나종합
289311,개막식 줄이고 체험행사 늘렸더니…영취산 진달래축제 20만 대박종합
289312,英 카슈끄지 피살후 6개월간 사우디에 1조원 규모 무기 판매
289313,맛있는 제주 만들기 20호점 돌파
289314,일 자율주행차 안전기준 윤곽 드러나…주차 리모컨은 6ｍ이내
289315,SNS돋보기 최고가 아이폰X 예약 완판에 해석 분분
289316,美 이란·터키·UAE 금융기관 제재…혁명수비대에 자금 지원
289317,충전 빠르고 수명 긴 리튬전지용 유기반도체 음극재 개발
289318,주말 N 여행 호남권 산정상 물 들인 철쭉의 막바지 화려한 자태
289319,SK텔레콤 중고생 대상 0 틴 위크 개최
289320,독신서약 위반 성직자 증가…교황청에 처리지침 존재한다
289321,스타일러·건조기 세탁기만큼 팔렸다
289322,SK CC 청각장애인 AI 문자통역서비스 제공
289323,유엔 특사 시리아 헌법위 직전 터키·이란·러시아와 회동종합
289324,페르시아 여행기로 돌아온 황금빛 모서리 김중식 시인
289325,헝가리 망명한 마케도니아 전 총리 세비 등 혜택 박탈돼
289326,태평양서 2개월 넘게 표류한 콜롬비아 어부 구조
289327,녹색 세로줄이 나타난 아이폰X
289328,방송대 청각장애학생 위한 매체강의 자막 서비스 제공
289329,데얀 결승골 수원 가시마 꺾고 AFC 챔스리그 16강...
289330,신한금투 수출 부진 완화…2분기부터 점차 회복 전망
289331,출판사 매출액 1위는 문학동네
289332,MBC 조직개편…최승호 사장 콘텐츠 경쟁력 극대화
289333,추신수 3연타석 삼진…MLB 텍사스는 대패
289334,알뜰폰도 이통사 자회사가 싹쓸이…순증 가입자 70% 차지
289335,R의 공포에 韓금융시장도 출렁…주가·원화 가치↓
289336,MLB 전설 지터 리베라처럼 만장일치로 명예의 전당 ...
289337,아시안게임 목소리 높인 박항서 베트남이 일본 못 이길...
289338,라바리니 여자배구 감독 과도기라 실수 당연하다
289339,시진핑 세계군인체육대회 참가 지도자 접견…협력 계기 되길
289340,與 19대 국회서 무산된 중점법안 20대 국회서 당론발의종합
289341,인판티노 FIFA 회장 비디오심판 축구의 미래
289342,농업 해외 진출 곡물 중심에서 연관 산업으로 확대
289343,이란 핵합의 제한 넘겨 우라늄 농축…美 최대압박 지속종합
289344,터키 전훈 신태용호는 E1 챔피언십 멤버 업데이트 버전
289345,치차리토 웨스트햄 이적 완료…EPL 복귀 기쁘다
289346,배구 간판 김연경 4강 희망 상대 일본 시원하게 꺾고 ...
289347,문정인 특보 아리랑TV 출연해 한반도 정세 전망
289348,전모 드러난 넥센 뒷돈 게이트…KBO 리그가 공범
289349,다저스 버두고 부상으로 디비전시리즈 못 뛴다
289350,프란치스코 교황 방북 공식 초청장 보내주면 좋겠다속보
289351,갤럭시S8 첫날 20만대 개통…단통법 이후 번호이동 최대
289352,MWC19 하현회 LGU 부회장 B2C 서비스 통해 5G 주도할 것종합
289353,GS칼텍스 러츠 이탈리아에서 뛸 때보다 재미있어요
289354,껍데기는 가라 세계 IT 시장 주인이 바뀐다
289355,회생절차 진행 디엠씨 매각 추진
289356,신라스테이 간절곶 포켓몬 고 헌터 지원
289357,스쿨버스에 폭발물 방치…美CIA의 어이 없는 실수
289358,남북정상 백두산 정상서 손 맞잡다…하나 된 두 손 번쩍
289359,케인 공백 속 빛난 손흥민 활약…기회 주면 넣는다
289360,트럼프 골란고원 주권 선언은 즉석 결정 짧은 역사수업했다
289361,인제 자작나무 숲 입산통제…15일부터 2개월간
289362,아시안게임 여자축구 김혜리 2차전 상대 누구든 120...
289363,코미디언 출신 우크라 대통령당선인 기존 집권세력과 세 대결
289364,넥슨 빠져도… 올해 지스타 작년 이상 규모 될 듯
289365,블랙리스트 후폭풍…전통의 문예지들 재정난에 휴간
289366,하나금투 국제유가 60달러 중반서 소폭 등락 예상
289367,바른미래 선거제·공수처 패스트트랙 합의안 추인2보
289368,여자농구 우리은행 하나은행 잡고 매직넘버 4
289369,유조선 피격 이튿날 中이란 정상회담…美 일방주의 비판
289370,폭우 피해 충북 찜통더위 기승…청주 낮 최고 34도
289371,대신證 日백색국가 제외 단기 불확실성…확대해석 자제
289372,러시아 저강도 핵실험 美 주장 강하게 반박…심각한 도발종합
289373,美불법이민자 단속작전 개시…뉴욕·LA 등 9개 도시서 진행
289374,AP통신 북한 핵·미사일 실험 은폐 갈수록 치밀해져
289375,신간 철학자의 개·무례한 사람에게 웃으며 대처하는 법
289376,남자농구 월드컵 예선 2R 한국시리아전 내달 17일 고...
289377,갤럭시S8 예약판매 100만대 목표…노트7 악몽 씻는다종합2보
289378,안개 사이로 뜨는 해
289379,MLB 윈터미팅 9일 시작…보라스 독무대 될 듯
289380,숙박 앱 여기어때 카카오택시·내비 서비스 제공
289381,이총리 독립유공자와 후손에 정부 차원 노력 계속할 것
289382,美 볼턴 이란은 미국의 신중함을 약함으로 오해해선 안 돼
289383,LG전자신한카드 사회공헌 공동모금 협약식
289384,뉴스에서 대주주 아파트 광고 G1에 경고
289385,아시안게임 2연패 노리던 한국 남자농구 이란에 막혀 ...
289386,보조금 2천800만원 부정수급 전직 어린이집 운영자 집유
289387,클래퍼 美국가정보국장 방한…北 핵실험 동향 등 논의
289388,투타 균형 두산·SK 양강체제…기울어진 NC·롯데는 고전
289389,판문점 선언 대담·긴장·여유·감성…김정은의 다양한 얼굴종합2보
289390,GS건설 한강메트로자이 오피스텔 200실 분양
289391,국회의원 당선인 권칠승 보육대란 막을 관련법 만들겠다
289392,프로농구 kt 삼성 꺾고 33일 만에 승리…12연패 탈출
289393,막바지 피서인파로 고속도로 정체…오후 6∼8시 해소종합
289394,아프리카 앙골라 동성애 처벌법 폐지…인권단체 환영
289395,게시판 아리랑국제방송 인권윤리경영 선언
289396,벼랑 끝 삼성화재 한국전력에 30 완승…송희채 18득점...
289397,고예림 18점 현대건설 인삼공사에 31 역전승…시즌...
289398,대기업 휴대전화 판매 금지…완전자급제법 추가 발의
289399,민주 선거제 개혁 의원 토론회…당내 의견수렴종합
289400,말레이시아 총리 美재무장관 면전서 對이란 제재 반대
289401,방러 시진핑 판다 외교…모스크바 동물원에 2마리 장기임대
289402,내주 가상화폐 실명제 실시…주택대출 규제도 개시
289403,세계 1억4천만 가구가 보는 아리랑TV로 서울 알린다
289404,北매체 美 원하는 어떤 전쟁도 다 상대 주장
289405,2017 인문독서예술캠프 책마을해리 등 10곳 사업자 선정
289406,日 모델 출신 女후보 참의원 당선…전직 아이돌은 낙선
289407,아스팩투자조합 231억원 규모 리드 지분 처분
289408,구호 외치는 민주노총 간부들
289409,게시판 KIST 전통문화융합연구사업단 출범
289410,카타르 IAEA에 UAE 원전 안전 대책 요구
289411,AFP 아프리카 베냉서 시위대와 군·경 충돌…사상자 발생
289412,韓 글로벌 밸류체인이 美·中으로 양분될 가능성 대비해야
289413,신간 선사 고대 회화·시민의 확장
289414,거래소 돈육선물 시장 휴장…아프리카돼지열병 여파종합
289415,서울 아파트 전세가율 평균 53.6%…7년전 수준 회귀
289416,주제네바 한국대표부 유엔서 2019 한국영화주간 개막
289417,北매체 작년 발명 건수 전년보다 111% 증가
289418,중소조선 생태계 고려해 STX 자구노력 결론…산은회장 문답
289419,전월세도 실거래가 신고 의무화…상반기 법 개정 추진종합
289420,튀니지 공공근로자 파업…항공기 운항 차질 예상
289421,입장권 1장에 6개 관광지…순천시 통합입장권 운영
289422,한국뮤지컬협회 티켓 불법거래 근절 캠페인
289423,제2회 충무로 뮤지컬 영화제 폐막
289424,NBA 미네소타 덴버 꺾고 14년 만에 플레이오프행 감격
289425,해리 해리스 주한 미국대사 프로야구 ktLG전 시구
289426,평양공동선언 내일 국무회의 심의…국회동의 없이 바로 비준
289427,무용계의 살아있는 역사 NDT1
289428,예멘 반군 사우디 공항 공격…1명 사망·7명 부상
289429,블록처럼 뗐다 붙였다…모듈형 공기청정기 삼성 큐브 출시
289430,탄핵위기에 다급해진 브라질 호세프 상원에 직접 출석할 듯
289431,朴대통령 남수단 대통령에게 파병 감사서신 받아
289432,게시판 방송통신위원회 정부3.0 국민디자인단 출범식
289433,류현진 라이벌 셔저 복귀전서 5이닝 3실점…10승 실패
289434,이라크 티그리스강서 배 침몰로 54명 사망·28명 실종
289435,200승 문경은 감독 구단·선수·팬 덕분…새해에는 부상 없이
289436,이노션 작년 4분기 영업익 356억원…9.5%↑
289437,10일 새벽 부산지하철 파업 초읽기…막판 노사협상 난항
289438,프로야구 롯데 소외계층에 야구관람 티켓 2만석 기탁
289439,美 北 해외노동자 수익금 핵개발 전용 정보 수집중 VOA
289440,서예가 정도준 표절 논란…작가 공개토론서 다른 작품 부인
289441,특징주 한미약품 기술수출 신약 임상중단에 급락
289442,김봉길호 AFC U23 챔피언십 첫판서 베트남에 힘겨운...
289443,이인영 檢 수사 냉정하게 주시…국민심판대에 오르는 일 없길
289444,박항서호 화이팅…중국 원정응원 특별기까지 띄우는 베트남
289445,남북 오늘 동해선 연결구간 공동점검…철도협력 스타트
289446,한상혁 방통위원장 보니하니 논란 EBS에 개선대책
289447,與野 대표 예선 이변 속출…본선 판도에도 영향미칠까
289448,김태형 감독 이영하 힘 빠져도 요령 있게 던지더라
289449,웨스트브룩 23점…오클라호마시티 4연패 후 첫 승
289450,현장의 눈빛 광주전남 보도사진전 개막
289451,美 네바다 경선 개표 7%…힐러리샌더스 오차범위 초접전
289452,보수표방 단체 DMZ 다큐 상업광고 사용 JTBC 검찰 고발
289453,김정남 암살 인니 여성 석방 배경은…말레이 정부 입김 탓종합
289454,문 대통령 신임대사 신임장 수여식 참석
289455,러시아 극동 산불…中 지린성 쪽으로 번져
289456,그리즈만 흑인 농구 선수 분장했다가 논란 일자 사과
289457,美ISIS 北영변 핵단지 활동 지속…재처리 일단 종료된듯
289458,신종·변종도 막는 보안솔루션 안랩 EDR 30일 출시
289459,시진핑 시리아내전 해결·팔 국가수립 중동서 외교 보폭 확대
289460,창업 열기 식었나…부산지역 신설법인 감소
289461,전국에 구름 많고 낮기온 어제보다 올라…안개 조심
289462,中企 비은행대출 75조 돌파…구조조정 여파
289463,힐러리 문고리 권력 애버딘 이혼으로 재조명…캠프에도 파장
289464,주말 N 여행 강원권 구와우 100만송이 해바라기…야생화 넘실 천상의 화원
289465,런던지하철 8월부터 24시간 운행…런던시장 야간경제 활성화
289466,회의실에 들어서는 김동철
289467,기자 통신내역 조회 검찰 규탄 회견
289468,예금보험 적용 금융사 정보 개방 추진
289469,프로농구 서울 삼성 에너스킨과 훈련용품 후원 계약
289470,가을이 간다…포근한 날씨에 전국 유명산 단풍 인파 북적
289471,美민주 전당대회 트럼프 민주 전당대회 완전 엉망 조롱
289472,영상 경상수지 80개월 연속 흑자행진…10월 수출액 역대 최대
289473,중남미 9개국 쿠바 불법이민 조장 美 이민정책 변화 촉구
289474,광장의 홍콩시민들
289475,국립현대미술관 미술은행 8개 지자체 돌며 기획전
289476,미일 북핵 수석 전화통화…북중 정상회담 정보 공유
289477,kt 강백호 데뷔 전 스포트라이트에 기죽지 않는 이유
289478,중국 600억불 미국산 제품에 6월부터 최고 25% 관세2보
289479,신간 3월 1일의 밤·조선의 페미니스트
289480,오바마 내년 말까지 미군 8천400명 아프간에 주둔
289481,대전소식 대전테크노파크 경영혁신 결의대회
289482,게시판 관훈클럽신영기금 지원 기금교수 선정
289483,與 국회법 논란 끝내고 민생살리기 협치정신 이어가야
289484,한상혁 방통위원장 후보자 가짜뉴스 규제할 것
289485,에버턴 발달장애축구팀 내한 23일 인천서 친선경기
289486,이란 유조선 공격 배후 주장 볼턴에 전쟁광 맹비난
289487,아프리카·중동 한인들 시리아에 태권도 전자장비 지원
289488,인천 옹진군 오전 11시 30분 호우주의보 해제
289489,박지원 의원과 인사하는 조배숙 대표
289490,U20월드컵 맨유 등 빅클럽들 차세대 스타 보자
289491,아차 잘못 보냈는데…카톡 이미 보낸 메시지도 삭제된다종합2보
289492,도요타 개방형 자율주행차 플랫폼 공개
289493,올해 법원경매 진행건수 12만6천여건…역대 최저
289494,첫 한국 전시 여는 스티븐 윌슨 콜라보 매력은 균형 찾기
289495,아시아인권의원연맹 한일의원 간담회
289496,佛노란조끼 시위서 유대계 철학자에 혐오발언…당국 수사 착수
289497,코픽스 상승세에…변동형 주택담보대출 금리 또 뛴다
289498,10·4 선언 9주년…野잠룡들 남북관계 회복 한목소리
289499,대우건설 노조 박창민 사장 후보 추천철회 촉구
289500,김종인 경제민주화 상법 개정안 발의…120명 대거 참여
289501,덥다 더워…강원 영서 3개 시·군 올해 첫 열대야
289502,검은 월요일 주식 공매도 6천억원…전월비 47% 증가
289503,기무사 계엄 문건 애초 비밀문건 아니었다속보
289504,美연구원 北 김정은 생모 무덤 출신배경 때문에 공개못해
289505,머스크의 스페이스X 올해 18번째 로켓 발사…최다기록
289506,인스타그램만 나홀로 성장…국내 이용률 15%P 급증
289507,마크 테토가 본 한국의 미…서울옥션 한 달간 부산 특강
289508,SK증권 민앤지 가입자 증가 추세…실적 호조 기대
289509,랜드리·허훈 47점 합작…프로농구 kt 인삼공사 꺾고 첫 승리
289510,조성진 LG전자 부회장 지난해 연봉 25억2천500만원
289511,뉴욕 우린 아마존을 원한다…제2본사 유치 무산될라 초비상
289512,뛰는 아파트값 기는 분양가…강남 로또 아파트 줄 이을 듯
289513,건강문제로 한달만에 업무복귀 베트남 국가주석 반부패 강조
289514,中여학자 성폭행·살해한 미국인에 美법원 무기징역 선고
289515,취임 소감 밝히는 하현회 LG유플러스 부회장
289516,인종 장벽 허문 로빈슨 탄생 100년…살아있으면 분노...
289517,WP 트럼프 향한 백인 표심 과대평가됐다
289518,한국 지난해 세계에서 국제회의 가장 많이 개최했다
289519,천금의 스틸 SK 김선형 말로 표현 못 하겠다는 것이...
289520,유엔 북한 체포 이후 실종된 5명 행방 밝혀라
289521,음주운전 은폐 이상호 상벌위 회부될 듯…활동정지 징계도
289522,개헌 드라이브 건 문 대통령…삶의 질 높이기에 국정초점종합
289523,완성된 박항서 매직…베트남전 실시간 시청률 16.31％
289524,伊 난민 구조 NGO에 벌금 부과 추진…1인당 최대 730만원
289525,베네수엘라 극심한 전력난에 쇼핑몰 영업시간 단축
289526,특징주 현대상선 2M 가입 기대감에 이틀째 강세
289527,호날두 vs 메시 266번째 엘클라시코가 온다
289528,건강 회복한 피아노 시인 머레이 페라이어 3월 내한
289529,美핵항모 로널드 레이건호 한국 출동…北도발 응징 의지
289530,제주도에 강한 비바람…항공편 100여편 결항·지연종합
289531,새누리당 전북 10개 모든 선거구 단수후보 확정
289532,특검 조윤선 장관 위증 혐의…국회 국조특위에 고발 요청
289533,KBL군산시 유소년 클럽농구대회 개최 협약
289534,中 종전선언 패싱 우려…방북 왕이 대북 설득총력전 펼듯
289535,중진공 사회적경제 활성화 지원위한 업무협약 체결
289536,삼성 글로벌 프린팅 콘퍼런스…B2B시장 성장전략 도출
289537,프로배구 차기 시즌 비디오판독 횟수 현행 유지 의견이 대세
289538,처음 중력파 발견소식 들었을 때 나도 안 믿어종합
289539,SK텔레콤 G7 예약 고객에게 누구 미니 제공
289540,삼성전자 게이밍 노트북 오디세이 Z 출시
289541,덕성 작년 영업이익 35억원…549.7%↑
289542,장세욱 동국제강 부회장 상반기 8억7천400만원 받아종합
289543,문재인 전북서 세 확장…모임 6개연대 새로운 전북포럼 출범
289544,SC제일은행 캡틴 마블 디자인 체크카드·통장 출시
289545,박범계 검경 수사권 조정안 발의…경찰에 수사종결권 부여
289546,朴대통령 개혁절박 정의장 和가 으뜸…野는 불참종합
289547,필라델피아 브루클린 꺾고 11연승…8명 두 자릿수 득점
289548,문택규씨 군산시장 출마 선언
289549,신영철 감독 정규리그 1위는 쉽지 않을 것 같다
289550,北 무수단 발사 핵 기폭장치·대기권 재진입체 시험 가능성…전문가 진단
289551,일본과 평가전 허재 감독 센터진 부상 공백 우려보다는 잘했다
289552,김성태 남북 기대 이상 합의 환영…곳곳에 지뢰
289553,알뜰폰 1만원대 데이터 요금제 등 실속형 대거 출시
289554,진해 명동 마리나 방파제 준공
289555,김장수 주중대사 세월호 7시간 청문회 참석차 귀국
289556,대권도전 시사한 반기문 과잉 확대해석됐다종합
289557,국립민속박물관 아카이브 만들기 특별전 개최
289558,인도령 카슈미르서 차량폭탄 공격…경찰 최소 36명 사망종합
289559,연합뉴스 OANA 신임 의장사로 선출
289560,금감원 핀테크기업 대상 제도 개선 설문조사
289561,특징주 유한양행 매출 신장 기대감에 상승
289562,독일 병력 증원 이어 무기체계 증강 나서
289563,수림문학상 짠하고 아린 이 시대 청춘의 초상 콜센터
289564,에이수스 휴대용 모니터 젠 스크린 MB16AC 출시
289565,특징주 엘리엇 재압박에 현대차 그룹株 등락 엇갈려
289566,정책기획위원들 박수받으며 입장하는 문 대통령
289567,삼성전자 삼성페이에 쇼핑·포인트 적립 기능 추가
289568,경찰 손석희 JTBC 대표 폭행 혐의 내사…출석 요구
289569,국회 대정부질문 남북정상회담 이후로 연기…10월 1·2·4일종합
289570,선거구 획정위 오후 전체회의서 획정안 도출 시도
289571,차라리 아사드와…시리아 쿠르드 안전보장 담판 나서
289572,미운오리새끼에서 백조로…미래부 파워부처로 부상
289573,네이버·라인 글로벌 해커톤 AI 러시 2019 개최
289574,獨 브레멘주서 좌파3당 연정 구성…옛 서독지역 첫 좌파연정
289575,서민 주거안정 금융지원 어떻게…1분기 성장률은
289576,게시판 KT VM웨어와 클라우드 서비스 출시
289577,충북 장맛비 지속…호우특보는 해제
289578,거래소 삼성전자에 인적분할 추진 조회공시 요구
289579,국내 주식형 펀드서 사흘 만에 자금 순유출
289580,부동산시장 불확실성에 연말 주택사업 경기 급랭 전망
289581,크렘린궁 쿠릴섬 반환 러일 협상 의제아냐…평화조약 논의 중
289582,첫 우주왕복선 지휘 미국 우주비행사 존 영 별세
289583,대만 진먼다오 마주 보는 중국 샤먼 해변
289584,남도국악원 전통 음악 재해석한 젊은 연주자 초청 공연
289585,월드컵 전국 뒤덮은 붉은 물결…패배 아쉽지만 다음...
289586,하나금융그룹 프로축구 대전시티즌 인수…대전시와 투자 협약
289587,코스피 대내외 리스크에 이틀째 장중 2000선 붕괴종합
289588,더민주 보수 결집용 북풍…국민의당은 정부비판 자제
289589,프로농구 1라운드 최우수선수에 현대모비스 라건아
289590,FC바르셀로나 회장 카탈루냐 독립해도 라리가 남을 것
289591,황금색 갤럭시S8도 나오나…6가지 색상 출시 관측
289592,일본 진출 이민아 15일 출국…22일 고베 입단식
289593,여야정협의체 오늘 첫 회의…문대통령·여야 원내대표 한자리
289594,여야 개헌 기싸움 팽팽…정의장4개 교섭단체 원내대표 첫 회동
289595,언론노조 노동시간 단축 유예 안돼…불법 조장
289596,오늘의 투자전략 중국소비 관련株 하락 변동성 경계할 때
289597,KT 비즈메카 이지 이용고객 10만명 돌파
289598,이글스파크를 잡아라 대전 자치구 야구장 유치 경쟁
289599,유진테크 1분기 영업익 149억원…510%↑
289600,신한은행 5천377억원 상각형 조건부자본증권 발행 결정
289601,최재성 군의관 당직·출장 중 골프장 이용 등 다수 적발
289602,모바일 거인 페이스북 한국 사용자·정부와 잇단 마찰
289603,안철수 단일화 유권자가 판단…김문수는 확장성 제한
289604,초연결 시대 본격화 올해 IoT 기기 84억개로 늘어난다
289605,北 유엔 대북제재 비난전에 주민 동원
289606,태풍 차바 역대급 강풍 2003년 매미 이후 가장 강해
289607,현대엔지니어링 1조2천880억원 폴란드 플랜트 공사 수주
289608,터키 에르도안 5∼6년 내 자체 전투기 개발할 것
289609,북한 올해 4월부터 12년제 의무교육 전면 시행
289610,판다인줄 알았는데…中카페 애완견 염색했다가 뭇매
289611,가자지구서 또 이스라엘에 로켓공격…시위 사망자 3명으로 늘어
289612,블랙코미디로 다시 기억하는 1980년 5월…연극 짬뽕
289613,안동 시내 유치원 강사 결핵 확진…어린이 등 282명 감염 조사
289614,선플재단 필리핀에서 제3의 한류 이끈다
289615,LG전자 간편결제 LG페이 공개…내달 출시
289616,6·19대책 효과 끝났나…서울 아파트값 오름폭 확대
289617,한국 커넥티드 카 산업은 구멍가게…평균 연구비 10억
289618,SKT통인익스프레스 이주 관련 O2O 플랫폼 개발 추진
289619,美뉴햄프셔 선택 아웃사이더 돌풍 2차 시험대…대선판 향배 분수령
289620,맨유아약스 경기 시작 전 1분간 테러희생자 묵념
289621,미국인 75% 특검보고서 전면공개 요구…공화지지층도 54% 원해
289622,작년 국내 PC 시장 8%↓…울트라슬림 나홀로 성장
289623,관광공사 후쿠오카서 신한류 페스티벌…한국매력 소개
289624,공영방송 이사 후보자 검증 결과는
289625,中 무기거래조약 이른 시일 내 가입할 것
289626,LGU 휴가철 해외로밍 이용하면 면세점 혜택 풍성
289627,KAIST 이사회 신성철 총장 직무정지안 결정 유보종합
289628,유엔 1위원회 核결의안에 北 5차핵실험 규탄 포함종합
289629,돼지심장 이식받은 원숭이 2년 넘게 살았다
289630,세원셀론텍 115억원 규모 플랜트 기기 공급 계약
289631,WP 푸틴·오르반이 트럼프에 우크라 조사 분위기 조성
289632,특징주 제주항공 1분기 호실적 기대감에 신고가
289633,中企·소상공인 설 지원자금 27조6천억원 투입
289634,페이스북 청소년 디지털 소양 증진 교육 프로그램 공개
289635,공연소식 그랜드오페라단 봄봄·서울오페라앙상블 돈 조반니
289636,트럼프·시진핑 오사카서 역사적 무역담판 돌입종합2보
289637,프로축구 부산 FA 시장에서 베테랑 수비수 김치우 영입
289638,프로농구 현대모비스 13연승 마감…KCC에 완패
289639,美 인도에 카슈미르 주민 통제 조속한 완화 희망
289640,요시다 만루홈런…일본 야구대표팀 멕시코에 설욕
289641,나뭇잎처럼 광합성하는 인공장치 개발
289642,난민송환 타결 모색 중에도 伊에 난민 계속 유입
289643,최양희 장관 SKT 인수 심사 인위적 시기조정 없다
289644,펠리페나경복 쌍포 우리카드 시즌 3승…한국전력 3연패...
289645,靑 대통령 대면조사 檢방침에 일정 등 조만간 입장정리
289646,황교안·나경원 패스트트랙 사건 경찰 출석통보에 불응 입장
289647,유엔개발계획 내년 대북사업 중단 계획 없어
289648,지상파 전면에 나서는 장외논객들…반가움과 우려 교차
289649,이라크 북부 터키군 기지서 유혈충돌…사상자 발생
289650,황총리 대우조선·롯데 MB 정부 연루설에 증거따라 수사
289651,산학협력 국내연구진 배터리 용량 늘릴 저장 메커니즘 발견
289652,2년전 탐사기자 피살 사건 몰타 정권 흔드나…핵심인사 줄사퇴
289653,여자축구연맹 북한과 올스타전 추진했다가 취소
289654,특징주 휴젤 모건스탠리 5% 지분 취득 소식에 강세
289655,문대통령 특사외교로 비핵화 군불…평양회담 준비도 박차
289656,위기의 FC서울 해결사된 고요한…아내 뱃속 둘째에 승리 선물
289657,사우디발 위험 우려로…노르웨이 아랍계 활동가 긴급보호조치
289658,푸틴 풍력발전에 새들이 죽어간다…대체 에너지 비난
289659,수원시민단체 여당 압승 막아야…야권 단일화 촉구
289660,게시판 NST 출연연 우수연구원 정년연장제 개선 토론회
289661,원달러 환율 주문실수에 개장가 혼란…1227.0원 정정 개장종합2보
289662,방심위 일베·워마드 등서 패륜·혐오표현 497건 삭제
289663,코스피 2574.76으로 또 최고치
289664,과달라하라 국제도서전 한국 그림책 전시 성황
289665,전국 호우특보 모두 해제…내일 새벽 경남·전남 발효 가능성
289666,뮤지컬 타이타닉 제작발표회
289667,시범 보이는 북측 태권도시범단
289668,네이버 AI 탑재 손목시계형 키즈폰 아키 출시
289669,사막체험 소원 이룬 문 대통령…왕세제가 리조트·헬기 내줘
289670,올해 30개 대표 공공 웹사이트서 ActiveX 제거
289671,삼성·현대차 등 국내 5개 대기업 기업가정신 보통
289672,韓 2021년에도 인터넷이용률 아태 1위…스마트폰이용률은 6위
289673,우크라 동부 분리주의 지역 주민에 발급된 러 여권 인정못해
289674,날씨 전국 흐리고 비…일부지역 시간당 20㎜16일
289675,FOMC 3월 금리인상 유력…채권시장 당분간 숨고르기
289676,LGU 5G 이노베이션 랩 2개월동안 200여개 기업 이용
289677,배당금 해외송금에 원달러 환율 소폭 상승
289678,KT 차이나모바일과 5G 로밍·블록체인 협력
289679,한국 여자배구 네이션스리그 5승 10패로 마무리종합
289680,러시아 새 국제우주정거장 2024년 이후 출현
289681,남북공동연락사무소 설치 준비인력 19·20일 개성공단 방문2보
289682,선택 4.13 고려인 동포들도 국민으로서 한 표
289683,하나금투 코리안리는 숨겨진 남북 경협 수혜주
289684,북한 미술 매력은 희귀성…진위 문제 해결해야 성장할 것
289685,크루즈 선박에 노숙자 1천명 수용…美오클랜드서 깜짝 제안
289686,정규리그서 28점 차 역전패 되갚은 SK…이제는 반격이다
289687,미세먼지 싫어요
289688,바르사 개막전 유니폼에 선수명 대신 바르셀로나…테러 추모
289689,산체스 선발 제외는 동료와 언쟁 때문…이적 가능성
289690,日방위상 군사정보보호협정 파기 고려 안해…한일 연대 중요
289691,黃 권한대행 오늘 첫 번째 국정현안 관계장관회의
289692,4·19혁명 일기부터 대한민국 1호 기술사까지
289693,태아에게 첼로 연주를…광주문화재단 13일 음악여행
289694,축구대표팀 9월 고양·부산서 코스타리카·칠레와 대결
289695,헝가리 총리 터키의 시리아 공격 공개 지지
289696,배신의 정치 그후 1년…靑 국회심판론서 협치 손짓으로
289697,경기도 6개 시·군 20시 오존주의보 해제
289698,힐러리 북한의 가학적 독재자 美 향한 핵미사일 개발 위협종합2보
289699,9·13대책 영향 서울 주택가격 상승폭 절반 이하로 줄어
289700,문대통령 북미정상회담 반드시 성공시켜야 한다종합
289701,자사주 매입 코스피 상장사 10곳 중 6곳만 주가 점프
289702,날씨 수도권 미세먼지·오존 나쁨…낮최고 24∼33도31일
289703,우주 풀어야 할 숙제 많은 곳…95%는 몰라
289704,하림홀딩스 주당 50원 배당 결정
289705,지폐 속 사임당의 그림
289706,1차 대전 직후 혼돈의 세월을 살아간 사람들
289707,프로농구 페이크 파울 경기 종료 후 비디오 분석으로 징계
289708,이란 의회 강경보수파 로하니 탄핵 도모…실현 가능성 작아
289709,임지훈 카카오 AI 기술력 자신…삼성과 협업 계속 기대
289710,LG 마운드의 힘으로 8연패 탈출…삼성 첫 3연승
289711,필라델피아 구단주 급거 라스베이거스행…하퍼 계약 임박했나
289712,EU 차기 집행위원장 후보 인선 난항…후보 결정 늦어질 수도
289713,5G 상용화 69일만에 가입자 100만 돌파…연내 500만 도달할까종합
289714,두꺼운 외투 입으세요…수도권 올가을 첫 한파주의보
289715,GM 실리콘밸리 자율주행차 사업부문 대규모 투자
289716,국감현장 기재위 미르發 공익법인 관리문제 도마 위
289717,朴대통령 여소야대 협치 시동…민생·경제 협조 요청
289718,제21대 국회의원선거 선거방송심의위원회 위원 위촉식
289719,법사위 與요구로 개의했지만 1분만에 산회종합
289720,이정현 대통령과 수시로 통화하고 필요시 면담 신청할 것속보
289721,北 최룡해 김양건 공백 메우나…북중관계 특명 가능성
289722,北 적대세력 날뛸수록 핵공격 능력 강화 대미 위협
289723,남부지방 폭염특보 해제…중부는 내일까지 찜통더위
289724,잉글랜드 EFL컵 승부차기 ABBA룰 도입
289725,LG 권봉석 사장 G·V 시리즈 유지…4G·5G 투트랙 전략
289726,투표소 갈 때 우산도…오후 비 그치면 옅은 황사
289727,웃음끝에 다다르는 감동…연극 앙리할아버지와 나
289728,이스라엘 여군 전차부대 창설 논란…일단 유보
289729,위기에 더욱 강한 류현진…실점권서 37타수 2안타
289730,대리점이 해리포터게임 스테이지로…SKT·나이언틱 공동마케팅
289731,경기북부 6개 시·군 빼고 한파주의보 해제…건조해 화재 조심
289732,IOC 리우올림픽 기간에 대통령 탄핵안 표결 피해달라
289733,전북 대체로 흐리고 빗방울…군산 11.4㎜
289734,KBS 주관 세계공영방송총회 폐막…공영방송 존재가치 확인
289735,대신증권 1분기 실적 전망 하락 코스피 하락 압력 증가
289736,美공화 前의원 30명 동맹 공격하는 트럼프 반대종합
289737,행성직렬 우주쇼
289738,미 5대 IT기업 트럼프 정권 3개월간 로비자금 153억 원
289739,손학규 대표 축사 경청하는 이낙연 총리 조성부 사장
289740,비리논란 넘어 이스라엘 최장수 총리 예약한 네타냐후
289741,스웨덴언론 시리아서 숨진 IS조직원 자녀 7명 스웨덴행 진전
289742,그것이 알고 싶다 5·18편 휴스턴영화제서 특별상
289743,伊 정부 4월부터 빈곤층 1인당 월 최대 100만원 기본소득 보장
289744,與국회혁신특위 회의 10%이상 불출석 시 세비 단계적 삭감
289745,삼성화재 KB손보에 역전승으로 3연패 끝…KGC인삼공사 ...
289746,비핵화 의지 확고 밝힌 김정은 친서에서 결단 보여줄까
289747,구글 안드로이드 Q 공개…실시간 자동자막·폴더블·5G 지원
289748,SNS돋보기 베트남서 박항서 열풍…최고의 민간외교관
289749,프로농구 kt 외국인 선수 즉각 교체…로건 영입
289750,채태인 만루포로 개인 통산 1천 안타 장식…7년 만에 만루홈런
289751,크리니티 스팸차단 솔루션 스팸브레이커 V7.0 CC인증 획득
289752,당정청 추경 이달말까지 처리…신공항 후속협의체 가동
289753,손학규 예방해 인사말하는 윤석열
289754,계곡 위로 붉은 단풍
289755,KISA 클라우드 보안 지원사업 5개 과제 선정
289756,바르사알라베스 국왕컵 결승 레알 마드리드 안방에선 안돼
289757,靑 우간다서 38억원 성과…韓 SUV 동아프리카 진출
289758,케이티스카이라이프 1분기 영업익 18% 감소
289759,시진핑 영웅 존경해야 영웅 생겨…충성해야
289760,네이버 신·구버전 골라쓰는 모바일 듀얼앱 iOS용 출시
289761,네이버 소상공인·창작자 돕는 AI 도구 본격 출시
289762,한국 축구 가상 스웨덴 북아일랜드에 아쉬운 역전패종합
289763,랜섬웨어의 습격 ②이제부터가 시작 스마트폰도 위험
289764,황희찬 대표팀 합류 직전 리그 경기 결장…구단 무릎 이상
289765,올림픽 롯데월드몰 미니 컬링 경품 이벤트 진행
289766,美 中 위구르 탄압 맹공…중국은 종교와 전쟁 중
289767,카메라 4개 달린 스마트폰 지오니 S10
289768,손흥민 일대일 기회서 하늘로 슈팅…번리전 8호 골 사냥 실패
289769,고 김윤식 문학평론가 측 재산 30억원 문화예술위 기부
289770,전 울산시장 동생 수사한 경찰관 압수수색한 검찰
289771,인류 생명 편집의 기술을 얻다…혁명일까 재앙일까
289772,꿀잼여행 영남권 지름 400ｍ 초대형 불꽃쇼…3시간 황홀한 경험
289773,류현진 에러나도 또 잠재울까…포수 스미스와 호흡
289774,삼성 갤럭시S10 3월 8일 출시…최소 89만∼최대 174만원
289775,그래픽 문 대통령 지지율 67%…지난주보다 6%p 하락갤럽
289776,번호표시 조작 방지조치 미흡 통신업체들에 과태료
289777,그래픽 금융상황지수 추이
289778,유니세프 부모 없이 멕시코로 이민 온 청소년 2년새 333% 증가
289779,9월 증시 하루 8.5조원 거래…올해 들어 가장 저조
289780,게시판 서울북인스티튜트 출판인력양성과정 교육생 모집
289781,MLB닷컴 류현진 다저스에 남으려면 몸값 양보해야
289782,배우 리처드 기어 伊 람페두사 방문…지중해 난민구조선 지지
289783,모비스行 라틀리프 고향 돌아가는 기분…다시 우승까지
289784,남아공선관위 집권당 ANC의 총선승리 발표
289785,최강한파 대구 낮 최고 기온 영하 7.6도...83년만에 가장 낮아
289786,김판곤 위원장 축구대표팀 감독 외국인 후보와 협상차 출국
289787,유엔 이집트 무르시 사망에 대한 투명한 조사 촉구
289788,靑 새누리 환골탈태 계기되길…혁신ㆍ화합 기대
289789,솔브레인 3분기 연결 영업이익 249억원…7.5% 감소
289790,돈도 실력 니네 부모 원망해…국정농단 중심에 선 정유라
289791,도로공사 FA 리베로 임명옥 연봉 1억8천만원에 잔류
289792,남북 외교수장 아세안 회의장서 조우…반갑습니다 인사종합
289793,삼성 스마트폰 작년 영업익 12조 육박…3년만에 최대
289794,해운동맹에 간신히 올라탄 현대상선…실리추구에 방점
289795,신간 지나치게 불안한 사람들
289796,부산글로벌테크비즈센터 둘러보는 유영민 장관
289797,이건희 회장 사망 발표설에 삼성그룹株 출렁…삼성은 부인
289798,최태웅 감독 정규리그 남은 2경기 우리의 경기력 보여주길
289799,대전시티즌 응원갈 때 지하철 타면 입장권 2천원 할인
289800,서유럽 때이른 폭염…프랑스 네덜란드 등 폭염 경보 발령
289801,카카오모빌리티 OECD 국제교통포럼 기업협력이사회 가입
289802,소말리아 괴한 케냐서 납치한 쿠바 의사들 몸값 18억원 요구
289803,트럼프 히스패닉 공략 시동…히스패닉 기독교단체에 첫 메시지
289804,LG 스마트폰 부진의 늪…4분기 적자 폭 커져
289805,LGU 더블미와 5G 기반 원격 3D 홀로그램 콘텐츠 공동 개발
289806,과학기자협회 인간과 인공지능의 조화와 대결 토론회
289807,이다영·안혜진 부상…여자 배구 세터 이효희·이나연으로 교체
289808,도쿄서 B20 서밋 개최
289809,北 美블링컨 북핵 비판에 오바마 패거리 참견 말라
289810,랜섬웨어 변종 줄줄이 등장…킬 스위치 무력화종합
289811,NHN 기업 클라우드 시장 본격 공략…美·日도 진출종합
289812,비행금지구역 서울광장서 첫 드론레이싱 국제대회 열려
289813,신간 다운빌로 스테이션 1·2
289814,아기상어 파라 일본 요미우리 눈독…영입 추진
289815,취준생도 LH 전세임대주택에 입주 가능해진다
289816,터키인·여행객 한마음 한국 응원…잘하는데 골 안 나 답답
289817,文대통령 오늘 중앙亞 3개국 순방길…新북방정책 외연 확장
289818,영상 5G 세계 첫 상용화 한 달…가입자 늘었지만 품질불만 여전
289819,저만 영웅 된 것 같아서… 우승 뒤에 터진 이한샘의 눈물
289820,SKTCJ헬로비전 M＆A…독과점 강화 vs 이용자 편익종합
289821,메르켈펜스 뮌헨안보회의서 이란·獨러 가스관 충돌종합
289822,게시판 과기정통부 제13회 대한민국 인터넷대상 공모
289823,긴장감 도는 박대통령 사저
289824,AG 야구 공인구 대만 제품…KBO리그 공인구보다 작고 가벼워
289825,이란·이라크 IS 수괴 사망 정보 확보종합
289826,LG V30S 씽큐 9일 출시…기존 V30도 동시 AI 업데이트
289827,홍남기 미래부차관 과기위성 3호 연구용으로 최선 다했다
289828,세계 최대 모바일 축제 MWC 내일 개막…AI·5G에 관심 집중
289829,KT 라인프렌즈 스마트폰·스마트워치 출시
289830,신간 프랑켄슈타인 콤플렉스
289831,신한금융 카드 결제시 자동 소액 펀드투자 서비스 출시
289832,경기북부 대설주의보 전역 확대…양평 5.5㎝
289833,골고루 터진 삼성화재 한국전력 완파…4위로 도약
289834,경기 24개 시·군 미세먼지 주의보…야외활동 자제
289835,강원영서·남부내륙 오후 소나기…서울 낮 최고 26도
289836,홍준표 친북좌파 폭주 막을 마지막 방법은 지방선거 승리뿐
289837,NC 48일 만의 연승…베렛은 49일 만의 승리투수
289838,아바스 팔레스타인 수반 미국 정책 바뀌지 않으면 계속 보이콧
289839,홈런 선두 벨린저 34호포…하퍼 역전 끝내기 2루타
289840,더민주安측 이희호 安 지지 사실 여부 놓고 신경전
289841,출판 양대 단체 이기성 출판진흥원장 즉각 퇴진 요구
289842,SNS돋보기 한국 남성 비만율 40%대…식사조절·운동이 답
289843,이란 북부서 이란군 미그29 전투기 훈련 중 추락
289844,김인혁 토종 최다 서브 10개 폭발…한국전력 현대 31...
289845,세계 AR시장 VR의 6배로 커진다…한국형제품 개발 시급
289846,여야 3당 원내대표 회동…선거제 패스트트랙 이견 재확인
289847,손석희 불법취업 청탁받아…폭행의혹 제기자 고소종합
289848,세대교체 송영길 선전…친문핵심 지지 김진표는 3등
289849,후쿠시마 수산물 분쟁 패배한 日아베 EU서 WTO 개혁 성토
289850,1위 팀의 일등 세터 한선수의 자기 암시 힘들지 않다
289851,영상 대표팀이 멕시코팀 말고도 싸워야 할 3가지
289852,아랍의 봄때 축출된 벤 알리 튀니지 전 대통령 사망종합
289853,與 본회의 열어 패스트트랙法 상정…41 단일안 도출 안간힘종합
289854,예술의전당 8년 연속 공공기관 고객만족도 우수
289855,게시판 Btv 뽀로로TV 앱·핑크퐁 튜브 출시
289856,국정현안점검 조정회의
289857,차이잉원 지지 호소하는 라이칭더 전 대만 행정원장
289858,강정호 킴브럴과의 첫 대결서 행운의 2루타·결승 득점
289859,드루킹 공범 영장실질심사
289860,北 김정은 대북제재 맞서 전쟁예비물자 비축 명령
289861,FAO 작년 북한 곡물 생산량 가뭄으로 18% 감소
289862,일확천금의 꿈…20대·저소득층 가상통화 보유의향 가장 높아
289863,조국 인사청문회 오후 시청률 14.29％종합
289864,남부 곳곳 시간당 20mm 강한 비…장마전선 중부로 북상
289865,국내 방산업체 해킹 국가주도 첩보전일 수도…대책 시급
289866,신형 크리스퍼 유전자가위로 대두·담배 유전자 교정 성공
289867,유엔인권대표 IS 포로·가족들 재판받거나 석방돼야
289868,KB운용 해외부동산운용본부 신설…새 투자처 발굴
289869,홈런 2방에 벌랜더 와르르…MLB 양키스 ALCS서 기사회생
289870,손흥민 20호골…차범근 넘어 역대 한국인 시즌 최다 기록
289871,인텔이 개발중인 자율주행 센서
289872,제임스 부상 투혼에도…클리블랜드 보스턴에 2연패
289873,의원총회 입장하는 박병석
289874,투자유치 위해 감세카드 꺼낸 쿠친스키…마약ㆍ범죄와 전쟁 선포
289875,미래에셋 농심 2분기 실적 기대 이하…목표가↓
289876,부상병동 넥센 초이스 4번 배치…박병호 고척서 훈련
289877,캄보디아 건물붕괴 참사 지역서 무허가 건축 기승…위험천만
289878,靑 김정은 가까운 시일 내 답방 평양선언 약속 지켜질 것
289879,겨울과 봄의 경계
289880,개막전 20점 우리은행 박혜진 우승 후보 아니어도 괜찮아요
289881,국회 예결위 내년도 예산안 심사 계속…비경제부처 심사 마무리
289882,AIA생명 달러 강세 전망에 달러보험 판매 급증
289883,요스바니 27득점 OK저축은행 외인 없는 한국전력에 역전승
289884,7호선 예타 면제 만세 외치는 포천
289885,달라진 黃 박근혜 끌어안고 장외투쟁 주도…보수통합 시동거나
289886,편혜영 내부고발 이야기 쓰고 싶었죠
289887,수단 반정부 시위대 100여명 사망…나일강에 시신 40여구 던져종합
289888,누구나 책을 쓸 수 있다…초보저자 20여명의 이야기
289889,SK텔레콤 모바일 결제 T페이 2.0…1주년 기념
289890,남자배구 대표팀 코치진 구성 완료…트레이너에 정기혁
289891,구글의 AI 진화 어디까지…당신 얼굴 알아보고 일정 알려준다
289892,아웃사이더가 장악한 트럼프 정부…정적 배제 통합과는 거리
289893,프로축구 성남 대전 꺾고 개막 8경기 무패…선두 도약종합
289894,마라도나 22년 만에 방한…15일 U20 월드컵 조추첨 참석
289895,KT 데이터 공유플랫폼 400만 가입자 돌파 경품행사
289896,伊서 스시 먹은 주민 12명 식중독 증세…노로바이러스 감염인듯
289897,네이버랩스 인공지능 국제대회 VQA 챌린지 2위
289898,北 무수단 발사 대기권 재진입 기술 확보 여부가 관건
289899,獨 통일 29주년에 메르켈 통일 여전히 진행 과정
289900,박지수 WNBA 시범경기 데뷔…중국 대표팀 상대로 8득점
289901,올림픽 동장군 물러난 개막 첫 주말…개최도시 관광객 북적
289902,오만해서 한달만에 유조선 2척 또 피격…선원 전원 구조종합2보
289903,트럼프 상원서 탄핵 속도전으로 선회하나…증인없이 표결
289904,터키 에르도안 반대하든 말든 이스탄불 운하 건설할 것
289905,퇴장 공방 전북 신바람 6연승…최강희 감독 통산 2...
289906,게시판 제17회 우정사업본부장배 휠체어 농구대회 개회
289907,시중은행 수익성 美 비해 크게 낮아…전망도 밝지 않아
289908,아시안게임 한국 2차전 상대 말레이 키르기스스탄에 3...
289909,15년 기다린 지메르만의 내한…최상급 보석처럼 빛을 발한 음색
289910,녹소연 개인정보 유출 논란 콜앱 방통위에 신고
289911,디스플레이산업협회 中전시회 한국관 구성 참가
289912,유비쿼스홀딩스 작년 연결 영업익 16억원…94% 감소
289913,KISO 검증위 기자간담회
289914,신동엽 50주기 맞아 학술회의·문학제 등 개최
289915,韓·中·日 커넥티드팜… 시설하우스 IoT로 연결
289916,美 이라크 침공 전 이란과 비밀 협의
289917,트럼프아베 5번째 골프 외교…손흔드는 두 정상
289918,그래픽 남북이산가족 상봉행사 대상자 수 및 일정
289919,남성가족 억압 피해 도망친 사우디 자매 제3국 망명 성공
289920,차세대 안테나 개발 지원…미래부 7개 업체 선정
289921,신태용호 최종엔트리 23명 대신 28명인 이유는
289922,게시판 예보한국감정원 부동산 자산회수 협력 업무협약
289923,삼성증권 롯데하이마트 과매도 국면…실적도 회복 예상
289924,이통사 5G기지국 송수신장치 10개 중 9개 대도시 설치
289925,정지윤 맹활약 현대건설 도로공사 제압…탈꼴찌 보인다
289926,박쥐처럼 나는 소형 로봇 배트봇 개발
289927,朴대통령 공직사회가 유리천장 깨트리기 모범 보여야
289928,공기업 보조금 관리 부실…남은 예산·이자수입 반납 안해
289929,朴대통령 동아프리카 중심 케냐 도착…내일 정상회담
289930,이야기하는 이해찬과 홍영표
289931,U프로야구는 시작…LGU 킬러 콘텐츠에 힘 싣는다
289932,바가지 요금에 올림픽 손님 떠났다…대규모 공실 사태 현실로
289933,본격적인 2019시즌 준비 류현진 30일 미국 출국
289934,어빙 28점 NBA 보스턴 브루클린 꺾고 3연승…시즌...
289935,거포 아가메즈 허리 통증 호소…우리카드 교체 결정
289936,방통심의위 2월 이달의 좋은 프로그램 6편 시상
289937,갤노트9 개통행사 밤샘 줄서기 사라졌다…KT도 파티로 대체
289938,또 시작됐다…손흥민의 무서운 몰아넣기
289939,역시 홈런군단…SK 김성현 스리런 홈런 폭발
289940,강원 유명산마다 북적…설악산 3만7천명 찾아
289941,우루과이ㆍ아르헨 내주 2030년 월드컵축구 공동개최 발표할듯
289942,FA 스트라스버그 워싱턴과 7년 2억4천500만달러에 계약
289943,신간 만들어진 질병
289944,나경원 대법원장 침묵…정권에 사법부 바치려 하면 탄핵 대상
289945,올해 이동통신 가입자 50억명 돌파…선진시장 이미 포화
289946,민주 부산시당 성추행 사건 가해자 징계 절차 착수
289947,최신 구글 OS 오레오 V30·갤S8서 미리 체험하세요종합
289948,IEA OPEC 감산연장 합의해도 공급과잉 해소 쉽지 않다
289949,모디 인도 총리 4개월이면 카슈미르 상황 정상화
289950,佛 극우정치인 르펜 백인우월주의 OK 손동작으로 구설
289951,현대상선 채권단 선주들과 용선료 인하액 출자전환 논의
289952,한국전력 4R 최종전서 시즌 2승째…OK저축은행 범실로 자멸
289953,캉테 잉글랜드축구기자협회 선정 올해의 선수상
289954,V리그 대한항공 한국전력에 대역전극…2위 포기 못 해...
289955,모두투어 홍콩법인 설립
289956,의총에서 발언하는 노회찬
289957,지주회사 해외사례 공부하는 공정위
289958,한투증권 신세계인터내셔날 화장품 실적개선…목표가↑
289959,그래픽 U20 월드컵 새 승부차기 방식
289960,아쉬운 7회 후랭코프 6⅓이닝 2실점 호투에도 패전 위기
289961,LIG넥스원 국가유공자 어르신 돌봄 봉사활동
289962,통증 참고 뛰는 박병호…장정석 감독 정말 고맙다
289963,KT IPTV 아동권리 영화제 개최
289964,MBC 방문진 보궐이사에 김상균 전 광주MBC 사장
289965,한국남자배구 인도와 8강전…4강 오르면 이란대만 승자와 격돌
289966,ASF 민통선 통제에 뿔난 주민들
289967,자리에 앉는 이낙연 국무총리 후보자
289968,점점 빨라지는 인도 철도…시속 160㎞ 준고속열차 도입
289969,강연하는 김애란 작가
289970,평화당 오늘 서대문형무소 역사관서 창당 1주년 기념식
289971,전세진조영욱 99년생 골잡이 경쟁 내가 슈퍼루키
289972,미국·캐나다·멕시코 2026년 월드컵 공동개최 신청할듯
289973,카드 IC단말기 전환율 98.5%…미전환 단말기 보안 조치
289974,게시판 관훈클럽 외국 언론인 연수 수료식 개최
289975,BBC 특파원 베트남 당국이 오바마 방문 취재 제한
289976,국정현안점검회의 입장하는 이 총리
289977,문 대통령 국방부 장관에 정경두
289978,관광객 인제 그만 네덜란드 초강력 관광 억제책 모색
289979,홍남기 미래부 1차관 과기한림원 등 방문
289980,기업은행 3분기 순익 3천819억원…작년 동기 대비 27%↓
289981,터키 갈라타사라이 홈 록키 그림 응원현수막이 테러 메...
289982,올림픽 김정숙 여사 간절한 마음
289983,몸속 효소 원리 모방한 광촉매 제작…수소생산효율 50% 향상
289984,삼성 2분기 세계 스마트폰 점유율 1위 지켰다…중국 맹추격
289985,130 만든 NBA 르브론 제임스…인디애나 격파
289986,국제유가 미중 무역전쟁 확전 우려 급락…금값 초강세
289987,현충의 노래 부르는 여야 지도부
289988,터키 새해맞이 테러 막아라…군·경 30만명 배치
289989,시진핑 하반기 경제기조 안정 속 진전 내걸어
289990,아시안게임 이승우·황희찬 연속 골 한국 축구 일본에...
289991,MBN 기자협회 회사는 자본금 편법 충당 여부 밝혀야
289992,폴크스바겐 터키 신공장 건설 보류…쿠르드 공격 영향
289993,살찌우는 NC 김성욱 중요한 시즌인 것 알고 있다
289994,구글 AI 진단은 의사 대체 못한다…판단 보조 역할
289995,美 지중해변 국가에 이란 유조선 조력은 테러지원 통보
289996,수림문학상 콜센터에서 일하며 복수 꿈꿨던 경험 썼죠
289997,소설가 한강 25일 연세대서 특별강연
289998,시리아인권단체 하얀헬멧 설립자 터키서 숨진 채 발견
289999,20승 향한 류현진 이닝·투구수 계획대로 준비 착착
290000,10년 공공임대 사실상 종료…분양전환 방식 안바꾼다
290001,프로농구 10일 개막 미디어데이 개최
290002,인사말 하는 김태영 은행연합회장
290003,김기태 KIA 감독 임창용 대단해…당분간 마무리로
290004,北 김영철 17일 워싱턴행 유력…최선희는 스웨덴행종합
290005,20년 만의 잠실 홈런왕 김재환 KBO리그 MVP로 우뚝
290006,신간 노예국가
290007,北 한미훈련에 반발…사소한 기미 보이면 선제타격전 돌입
290008,아프리카 돼지열병 예방관리 안내
290009,朴대통령 취임후 5번째 대국민담화…기자회견 병행은 처음
290010,휴온스글로벌 휴톡스 수출용 허가 취득
290011,치아 에나멜에서 답을 찾다…단단하고 진동에 강한 신소재
290012,이란 인공위성 발사체 폭발 사고 자인…기술 결함
290013,신간 사랑의 이해
290014,백악관 中 전략물자 대북수출 차단 안보리결의 충실 이행해야
290015,정부 국정 전반 청문회로 업무위축 가능성 높다
290016,다문화가족 음악방송 11주년 기념식
290017,권창훈도 쓰러졌다…아킬레스건 부상으로 월드컵 빨간불종합
290018,아시안게임 3대3 농구 김낙현 통한의 반칙…나 때문...
290019,아 홈런…류현진 NLDS 3차전서 5이닝 2실점 호투
290020,세미콘라이트 직무집행 가처분 피소
290021,이탈리아 中일대일로 프로젝트 참여 계획…G7 중 처음
290022,제주 시티투어버스 정착하나…이용객 2배 이상 늘어
290023,충북 대체로 맑다가 밤부터 구름…낮 최고 17∼21도
290024,KAIST이사회 총장 직무정지 결정 유보…공석사태 일단 모면종합2보
290025,여자농구 삼성생명 KB까지 대파…파죽의 5연승
290026,U프로야구 앱 이틀 만에 이용자 10만명 돌파
290027,역대 최장 추석연휴에 10월 여행사 해외여행객 6∼19% 증가
290028,北 유엔서 인권보장·인민생활 향상에 최선 주장
290029,오바마가 2013년 시리아공습 포기한 이유…리비아 실수 피하려
290030,5인 미만 사업장에도 근로기준법 전면 적용 촉구
290031,성화 넘기는 휴보
290032,서양 최고 요리서로 맛보는 고대 로마 진미
290033,한국전력 가빈 39점 맹폭에 KB손보 속수무책 11연패
290034,전복 참사 이라크 유람선 승객 더 태우려고 무리한 개조
290035,호잉 연타석 홈런…한화 LG에 역전승
290036,거래소 하이트론에 주가 급등 조회공시 요구
290037,EU 英에 후속조치 명확히 하라 압박…노딜 대비 강화할것종합
290038,네이버강원창조경제혁신센터 빅데이터 스타트업 공모
290039,수도권·제주·남부에 오전 11시 폭염주의보 발효
290040,강원도 고속도·국도 피서객·귀경객 몰려 답답종합
290041,날카로운 풍자 번득이는 소설 3차 면접에서 돌발행동…
290042,신형 아이패드 프로 오늘 국내 출시…93만5천원부터
290043,獨프랑크푸르트공항 드론 출현에 한시간 이착륙 중지
290044,여야 원내대표 정면충돌…국회 성과내야vs대통령위한 국회냐
290045,日법원 한국인 야스쿠니 합사 취소 소송서 원고 패소 판결
290046,게시판 창립 10주년 인터넷진흥원 미래위원회 발족
290047,김장겸 안철수 논문 표절 보도 조작 지시한 바 없다
290048,내일날씨 구름 많음…낮최고 22∼29도
290049,군사봉기 실패후 반격나선 마두로 정권…野의원 외국공관 피신
290050,휴대전화 구매 일단 9월 15일 이후로…대기수요 증가종합
290051,두산 승부조작 제의받은 이영하 단호하게 거절
290052,강정호 결장·모란 2안타 2타점…피츠버그는 역전패
290053,靑 민생·국민대통합 사면…선거사범 불이익 원칙 훨씬 강화종합2보
290054,이병권 KIST 원장 남이 할 수 없는 연구 수행하겠다
290055,목숨걸고 밀입국…영국행 선박 냉동컨테이너에 이주민 25명
290056,카카오 개인 맞춤 콘텐츠로 다음 뉴스 다양성 확대
290057,오승환 MLB 시범경기 첫 등판서 1이닝 퍼펙트 투구
290058,영화 한 편을 10.4초에 전송 소형 기지국 기술 개발
290059,경찰서 민원상담도 AI시대…카톡 메신저 기반 챗봇 도입
290060,시리아 북서부 정부군반군 충돌 지속…20일에도 50여명 사망종합2보
290061,버튼 원맨쇼 프로농구 DB SK 꺾고 챔피언결정전 2연승
290062,광주 북구 상가 밀집 지역 3곳 주차 홀짝제 운영
290063,문 대통령 인천공항 제2도약 준비…세계적 허브공항 거듭나야
290064,빈 집은 홈IoT에 맡겨요…설 앞두고 가입자 급증
290065,날씨 맑고 큰 일교차…낮 2∼9도 평년기온 회복27일
290066,게시판 서점조합연합회 서점학교 운영
290067,이스라엘 또 시리아 공습…최대 17명 부상 사망자도
290068,트럼프 드론 격추에 對이란 보복공격 승인했다 돌연 철회종합2보
290069,이란 미국인 1명 체포…미 정부에 즉시 통보
290070,올해 주총서 상장사 102곳 의결권정족수 확보 비상
290071,네덜란드 노예제도 되새기는 국가 시설 건립 추진
290072,정두언 전 의원 사망현장 수습하는 경찰
290073,제6회 수림문학상 작품 7월 20일까지 공모
290074,서울시 올해 들어 두 번째 미세먼지 주의보 발령
290075,MLB 최초 흑인 감독이자 양 리그 MVP 로빈슨 별세
290076,시흥시 국제안전도시 공인 추진
290077,웨이모 애리조나서 운송사업 인가…우버와 전면전 예고
290078,정부 4차산업혁명 따른 일자리 감소 대응책 연내 마련종합
290079,포클랜드 영유권 갈등 영국아르헨티나 해빙 무드
290080,수안보 온천 명성 되찾자 관광인프라 구축 나서
290081,SICAF 2019에서 만나요
290082,임도헌 감독 올림픽 예선 상대 이란·호주 약점을 찾아라
290083,인도 정부 전자담배 전면 금지 결정…어린이·청소년에 유해
290084,이재용 부회장 2천억원 규모 삼성물산 주식 취득종합
290085,당국 카드수수료 협상결과 조기 조사 검토…고강도 예고
290086,신임 EU 수장 브렉시트 연기 근거 타당하면 열어둘 것
290087,中 지난달 차이신 제조업 PMI 49.7…1년반만에 경기위축 진입종합
290088,지도 앱은 네이버·구글 경합…교통 앱 1위는 카카오 택시
290089,文대통령 한·UAE 잡음있었지만 훼손안돼…특사논란 종지부종합
290090,블록체인협회 새 감사·이사 선출…내부 정비 마무리
290091,이란 외무부 아베 日총리 이란방문 날짜 조율중
290092,노조 활동 방해 구글 직원 사찰 프로그램 논란
290093,처서 날씨 양극화…한반도 둘러싸고 세 기류 충돌
290094,유전병 고통 끊어주려고… 7살 딸 살해한 엄마 구속영장
290095,진해 벚꽃 벌써 폈네
290096,얼어붙은 세종시 부동산 시장
290097,프로농구 SK LG 잡고 3위 도약…4강 PO 직행권 불씨
290098,여야 정우택 국회운영위원장 선출…개헌특위도 구성
290099,남북관계 내년 3분기부터 교류·협력으로 선회 가능성
290100,차세대 유망분야 드론 특허권 확보경쟁 치열
290101,터키 선수 거수경례 비판에 터키 국방부 맞불
290102,北매체 개성공단 입주기업 벼랑으로 떠밀어 주장
290103,현대해상 암 예방 지원하는 보험 출시
290104,與 투톱 남경필 원희룡 오세훈과 만찬…무슨 얘기종합
290105,김명자 전 장관 한국과학기술단체총연합회장 취임
290106,카톡 이모티콘 이집트 통화로 헐값 구매 이제 안돼종합
290107,무형문화재 작품 100여건 모은 전통공예명품전
290108,美 437개 중국산 품목 관세면제…트럼프 협상 많은 진전
290109,朴대통령 김일성 만났던 하메네이와 첫 면담…北압박외교
290110,한국기업 남겨둔 개성공단 상품 北장마당서 유통 RFA
290111,홍콩 정부 강온양면 전략…대화 제의하면서 실탄 사용 경고
290112,스마트폰에 설치 후 잘 지우지 않는 앱은 교통 앱
290113,손흥민 스카이스포츠 선정 TOP 100 중 26위…아시아 유일
290114,편집권독립이 신문지원 근거 돼야…언론노조 모레 토론회
290115,갤노트9 출시 임박 예판량 S9 웃돌아…이통사 고객 유치전
290116,신영철 우리카드 감독 오늘 작전은 신나게 하는 것
290117,윤덕여 감독 여자월드컵 조추첨식 참석차 출국…사전캠프 답사
290118,국제유가 이란발 충격서 숨고르기…WTI 연이틀 하락
290119,경기 초미세먼지 주의보 24개 시·군으로 확대종합
290120,장수폰 갤노트5 막판 재고떨이…최저 10만원대 구매 가능
290121,엄격해진 포털 뉴스제휴…언론사 자정능력 기대
290122,트럼프 NFL경기와 겹치는 TV토론 수용못해…토론일정 논란
290123,국감 내일 끝…사립유치원 비리·고용세습 해법 고민 끌어냈다
290124,LGU 프로야구 오키나와 연습경기 독점 생중계
290125,류현진 13일 2019 MLB 최고 연봉 스트래즈버그와 ...
290126,여자농구 대표팀이 꼽은 단일팀 성공의 열쇠 의사소통과 시간
290127,프로농구 KBL 제9대 총재에 이정대 전 현대모비스 부회장...
290128,NBA 유타 재즈 OKC잡고 PO 2라운드 진출…미첼 38득점
290129,박정아 24점 도로공사 인삼공사 완파하고 선두 굳히기
290130,RFHIC 과천지식정보타운 토지 225억원 양수 결정
290131,폭우와 함께 마무리되는 아시안게임
290132,이집트 정부 카이로 인근 기자지역에서 사제폭탄 공격 저지
290133,이란 오만해 유조선 공격 배후로 CIA·모사드 지목
290134,정의장 호주출국 앞두고 이정현 문병 쾌유하시라종합
290135,금융위원장 자동차 부품업체 현장 방문
290136,책의 해 개막…SNS·서점·도서관 1년 내내 풍성한 독서축제종합
290137,청소년신간 택시소년 지지 않는 잎
290138,정의용 트럼프 옆자리에서 브리핑…美 고위급 20여명 귀 쫑긋
290139,대구경북 투자자 작년 12월 주식 거래액 10.4% 줄어
290140,외칠 2016 올해의 독일축구선수 선정…통산 5번째
290141,통일부 개성공단 폐쇄·철수 말할 수 있는 단계 아니다종합
290142,伊 민주당 오성운동과 새 연정 협상 긍정적이었다
290143,언론노조 모범조합상 시상
290144,도박 전창진 전 농구감독 무죄 뒤집고 2심 유죄…반성...
290145,신태용호 국내 평가전서 임시 등번호 사용
290146,그래픽 2026년 월드컵 대륙별 티켓 배정안
290147,삼성물산 삼성엔지니어링 증자참여…855억원 규모
290148,삼성전기 2분기 영업이익 152억원…84% 감소종합
290149,원전 역할 감소세 뚜렷…세계 원전비중 21년새 17.5%→10.3%
290150,중이온가속기 라온 2021년 구축…완공까지 최선 다할 것
290151,이스라엘 네타냐후 유럽은 핵합의 위반한 이란 제재해야
290152,게시판 금투협 대체투자 심화 교육과정
290153,낮 최고 35도 경기 전역 폭염주의보→폭염경보 대체
290154,과방위 김경수 국감 호출 공방에 증인채택 무산
290155,배구협회 최초로 남녀 국가대표 전임 감독제 시행
290156,그래픽 태양광 발전시설 관련 산지 훼손 현황
290157,코스피 하락 마감
290158,롯데 3연승 속에 6위 도약…5위 KIA 1경기차 추격
290159,원금보장 안돼도 수익성이 우선…MMF·채권펀드에 몰리는 돈
290160,1234.한국 1588.kr…숫자 도메인 내년 도입된다
290161,캐나다 빈곤층 감소세…아동 빈곤 개선 두드러져
290162,류현진 보스턴 프라이스와 9개월 만의 WS 리턴매치
290163,선동열 감독 야구대표팀 선발 관련 4일 기자회견
290164,벤투호 아시안컵 C조 최종전 상대 중국 UAE에 도착
290165,프로축구 상주강원 37라운드 경기 폭설로 2시간 늦춰
290166,베스트셀러 82년생 김지영 영화 개봉 앞두고 역주행
290167,미래부·방통위 제29회 정보문화의 달 기념식
290168,카카오 카카오M 합병…카톡·멜론 시너지 효과 강화종합
290169,AI·블록체인으로 가짜 프로필 거른다 데이팅 앱 연내 출시
290170,中 무역대표단 일부 워싱턴 남아 논의 지속
290171,대한항공 9천억원 규모 ABS 발행
290172,평양정상회담 함께 손 흔드는 남북정상
290173,日 프로야구 전인미답 400승 한국계 가네다 마사이치 별세...
290174,김연경 폭발 한국여자배구 중국 완파하고 아시아선수권 3위
290175,KBO 신임 사무총장에 장윤호 스타뉴스 대표종합
290176,이해찬 중진들 향해 신뢰 못받는 분들 아닌가 뼈있는 농담종합2보
290177,KIA 타이거즈 광주 영아일시보호소에 사랑의 기금 전달
290178,KBS 사장 후보 정책발표회
290179,미래에셋 SK 올해 1분기 실적 회복 예상
290180,코트디부아르서 외딴 시골 환자 돌보는 원격진료시스템
290181,무라카미 하루키 내 소설 여성주의 부족 미안합니다
290182,3분기 CB·BW 등 주식 권리행사 급감…주가 하락 영향
290183,토트넘 해리 케인 지금 이적하는 건 어리석은 일
290184,세네갈 컵대회 결승서 담장 붕괴사고…최소 8명 사망
290185,민식이법 통과 지연에 눈물만
290186,간직하고 싶은 이중섭의 소
290187,게시판 STEPI 414회 과학기술정책포럼
290188,美국방장관대행 아프간 깜짝방문…미군 감축명령 받지않았다
290189,포털 이용자 63% 검색어 서비스 유지해야
290190,BMW 끝나지 않은 불 자동차 오명…판매지장 불가피
290191,출판사·인쇄사 각종 신고 절차 간소화
290192,伊연정위기 틈타 부활노리나…극우정당과 밀착하는 베를루스코니
290193,정부 내달 6일 임시공휴일 지정할듯…나흘 황금연휴
290194,靑檢 대립 속 돌고돌아 법무 원포인트…총리 등 후속 인선은
290195,게시판 NH투자증권 주주총회 전자투표 참여 이벤트
290196,교황청 언론 프란치스코 교황의 판문점선언 1주년 축사 조명
290197,순창 채계산에 국내 최장 270ｍ짜리 구름다리 놓인다
290198,한국문학관 용산 건립 문제 논의로 해결…협의체 곧 구성종합
290199,UMBC 전체 톱 시드 버지니아대 제압…美 대학농구 최...
290200,WHO 알제리·아르헨티나서 말라리아 박멸…역사적 성취
290201,통일부 北 막대한 수해에도 핵ㆍ미사일 도발…개탄스럽다
290202,코리아스타트업포럼 의장에 우아한형제들 김봉진 대표
290203,시리아 북부 철수 미군 동부 유전지대로 재배치
290204,아시안게임 황재균 연타석포 한국야구 인도네시아에 ...
290205,시진핑푸틴 밀월 가속…서로 상대 모교 명예박사 학위 받아종합2보
290206,가을바람 타고 돌아온 중소형 창작뮤지컬 3편
290207,김정은 비핵화 목표는 선대의 유훈으로 변함 없다속보
290208,주파수 전쟁 윈윈 게임…황금대역 2.1㎓은 LGU종합
290209,태영건설은 지상파 방송 지배주주의 자격 있는가
290210,탄핵소추위원단 朴대통령측 입장 반박의견 22일까지 제출
290211,토트넘 해리 케인 EPL 9월의 선수…리그 4경기서 6골
290212,朴대통령 광복절 경축사서 노동개혁 지속 추진 강조
290213,중국 자생식물서 항염증 효과 물질 찾았다
290214,JTBC 아시안 텔레비전 어워즈 대상 등 4관왕
290215,가빈 35점…한국전력 범실 쏟아낸 OK저축은행 제물로 첫 연승
290216,내 목소리가 시각장애청년들을 퓨처메이커스로 만든다
290217,정부국가기구 격상 北조평통 첫 성명에 핵보유국 주장 궤변
290218,朴대통령 印尼와 포괄파트너십 조코위 한국은 중요 우방
290219,LIG증권 엔씨소프트 올해도 안정성장…목표가↑
290220,알뜰폰 AI에 물어보세요…CJ헬로 상담 챗봇 도입
290221,국기에 대한 경례하는 황교안 대표
290222,폼페이오 라인이 나섰다…북미정상회담 물밑 조율 본격화
290223,中 美의 무역협상 백서 비난에 사실 왜곡 억지 주장종합
290224,유바이오로직스 1분기 영업익 48억원…133.7% 증가
290225,통일부 北 식당종업원 납치 주장에 논평 가치 없다
290226,프로축구 FC서울 새 주장에 고요한
290227,작년 실적 호조에 은행주 콧노래
290228,10월부터 기상예보관 증원…업무 줄여 예보정확도 높인다
290229,美 사무실 공유업체 위워크 뉴욕증시 상장 신청
290230,北 당대회 참가자에 청와대 타격 훈련 공개 가능성
290231,은성수 후보자 위기라고 하다 보면 정말 위기가 온다
290232,열차를 놓쳤다면 연주를…프랑스 기차역에 피아노 100대 설치
290233,게시판 제1기 EBS 청년미래대학생 기자단 모집
290234,北 美 대북 사이버공격 준비 보도에 전쟁도발 범죄
290235,美 반발에도…터키 S400 상자에 넣어둘 생각 없다
290236,콘테 첼시 감독 잉글랜드축구협회 징계위 회부
290237,4·13 격전지 3선 고지 누가 오르나…재대결 부천 소사
290238,정동영 선거제도 개혁 없이 개혁입법연대 동참 못 해종합
290239,SK텔레콤 전용폰 쏠 프라임 출시…43만3천400원
290240,북미정상회담 2주전 베트남 외교장관 의전장 대동 방북종합2보
290241,고집 버린 로버츠 감독 커쇼·뷸러 없이 개막 맞을수도
290242,11월 9일은 소방의 날…소방청 제56회 기념식 개최
290243,朴대통령 시진핑에 강력한 유엔결의 등 적극협조 요청
290244,세계야구연맹 한국 포함 내년 프리미어 12 출전국 발표
290245,영상 김여정 비서실장 역할 눈길…꽃다발 받아주며 밀착보좌
290246,구글 내년 초 서울 클라우드 데이터센터 가동
290247,일본 중의원 의장과 대화하는 이낙연 총리
290248,삼성 갤노트8 8월 하순 미국 뉴욕서 공개한다
290249,흐리고 곳곳 비…봄꽃 행락 인파 북적 한라산에선 눈 속 등반
290250,LG 스마트폰사업 대대적으로 손본다…넛크래커 탈출시도
290251,여자농구 국민은행 하나은행에 버저비터 역전승
290252,하나금투 반도체 업황 회복 가시화…SK하이닉스 최선호
290253,신협·금고 집단대출 고강도 규제…자영업대출 연체 집중감시
290254,눈시울 붉어진 유영민 전 과기정통 장관
290255,배낭 메고 자전거 출근 북유럽 의원처럼…韓국회 특권 버려야종합
290256,발등에 불 떨어진 제2당 새누리 탈당파에 문호 대개방
290257,주말 갤노트8 시장과열…방통위 KT에 구두경고종합
290258,인제 빙어축제 개막 첫 주말 흥행 예고
290259,검찰 내일 MB 조사 과정 영상녹화…촬영 동의받아
290260,오승환 3경기 연속 실점…다저스전 1이닝 4피안타 3실점
290261,ML 올 시즌 최고연봉선수는 스트라스버그…432억원 받는다
290262,무릎 부상으로 시즌 아웃 구자철 재활 위해 귀국
290263,북한인권법 시행 한 달…北인권재단은 출범도 못해
290264,악기의 제왕 파이프오르간 봄을 연주하다
290265,朴대통령 北도발 억지하고 강력한 제재·압박 지속
290266,김정남 살해 베트남 여성 석방 불발 충격에 정신과 진료
290267,금감원장 즉시연금 약관설명 부족…보험사가 책임져야
290268,프로농구 MVP 두경민 올 시즌 마치고 상무 입대
290269,美유럽 이란 문제 불협화음…英 우발적 충돌 우려 경고
290270,강원소식 전국 여성축구대회 23일 철원서 열전
290271,난민 유입이 문제라지만…이탈리아 남부는 인구 유출로 고민
290272,전국 대체로 흐려…남부서 충청까지 가을비
290273,그래픽 빚에 허덕 취약차주 부채 87조
290274,월드컵 통쾌한 반란이 시작된다…스웨덴전 앞두고 마지...
290275,정부 도전적 RD 주제 찾는다…발굴협의회 17일 출범
290276,해양경찰청장 동해해역 항공 순찰
290277,北정치범수용소 수감자 29% 연좌제 적용…가해ㆍ피해자 공개종합
290278,美사령관 베네수엘라에 러시아 군인 등 수백명 여전히 주둔
290279,더위 탈출 가자
290280,소니 엑스페리아XZ 프리미엄 출시…G6·갤S8과 경쟁
290281,미 학자들 수용소 비교 거부 홀로코스트 기념관 비판
290282,이번엔 4살꼬마가…IS 영상서 인질 탄 차 폭파시켜
290283,SNS돋보기 볼거리 풍성 평창올림픽 개막식…상상 이상
290284,광주시립미술관 관람객 4명 중 3명 여성…자녀 동반 관람 많아
290285,부산 해양사고 작년 19건…안전역량 부족이 주된 원인
290286,울릉도 28.5㎝ 큰 눈…경북 의성 올겨울 최저 11.8
290287,여야 양승동 KBS 사장후보 인사청문회 초반부터 신경전
290288,최영미 시인 호텔방 요청으로 구설…공짜 요구하지 않았다
290289,여야 지역구 253석 잠정 합의…충북 8석 유지 청신호
290290,남산예술센터 공공극장으로 정상화해야 연극계 공개토론회
290291,현대중 설비지원 분사해도 임직원 100% 고용보장
290292,퇴출설 딛고 2연승 듀브론트 이게 본연의 내 모습
290293,양정철 이번엔 4대그룹 싱크탱크…재벌·대기업 분리해 봐야종합
290294,사드 혼선에 수위조절 나선 靑 내년말 사드배치 변함없다
290295,스마트폰 방수 기능 믿지 마세요…침수 시 기본 유상수리
290296,코스피 상승 출발 뒤 혼조세…2050대 등락종합
290297,코리아세일페스타 첫날 백화점 매출 쑥…작년보다 40%↑
290298,與 U턴기업·관광산업 활성화로 200만 일자리 더할것
290299,LG 고품질 오디오 갖춘 60만원대 스마트폰 Q8 내일 출시
290300,KBO 신임 사무총장에 장윤호 스타뉴스 대표
290301,예우받은 사바시아 45번 단 트라우트…감동의 MLB 올스타전
290302,美 시리아 철군 후폭풍…IS 외국인 포로 운명도 불투명
290303,민주콩고 독립 뒤 59년만에 첫 정권교체…충격적 승리종합
290304,골침묵 손흥민 리버풀 상대로 정규리그 첫 골 재도전
290305,朴대통령 언제든 갑작스러운 北도발 있을 수 있어종합
290306,내일날씨 새해 첫날 전국 가끔 구름 많음…아침 기온 영하 10도
290307,워싱턴 아기상어 도가니…WS 우승 안긴 행운의 뚜루루...
290308,삼성폰 일본서 상승세…3분기 점유율 전년 동기의 3배
290309,이스탄불서 카슈끄지 1주기 추도식 개최…베이조스 참석
290310,도서 앱도 양대 포털이 지배…월 실사용자 최다
290311,작년 억만장자 富 10년만에 감소…무역갈등·정치불확실성 탓
290312,하이투자 대외 불확실성 커지면 성장률 1%대 가능성
290313,구글에 알파고가 있다면 IBM엔 왓슨이 있다
290314,추미애號 한달 수권·실용 노선…대선경선 공정관리 난제
290315,아스널 벵거 감독 EPL 810번째 경기서 승리…퍼거슨...
290316,SK텔링크 KSSQI 국제전화 서비스 1위 기념 이벤트
290317,유엔 수도 트리폴리 점령 공방 리비아 내전 장기화 우려
290318,과기정통부 망 중립성 원칙 유지…변경 계획 없다
290319,음바페 데뷔골·네이마르 4호골…PSG 메스 51 대파
290320,콘퍼런스서 국민의례하는 유영민 장관
290321,새 소설로 돌아온 중견작가 4인
290322,대권도전 시사한 반기문 확대해석돼 곤혹종합2보
290323,여자배구 고교 최대어 정호영 신인 1순위로 KGC인삼공사행
290324,오바메양 PK 실축 도르트문트 벤피카에 01 패배
290325,크리스토퍼 힐 트럼프 미숙한 김정은과 공통점 많아
290326,담배연기 연기 닿는 곳에 특정유형 돌연변이
290327,택시단체 광화문 화재 택시기사 카풀반대해 분신
290328,모바일 격전장 MWC 갤럭시S8 빈자리 누가 채울까
290329,상쾌하기 이를데 없는 서울 도심의 하늘
290330,또 만났다 레알·AT마드리드 3일 챔스리그 4강 격돌
290331,與 패스트트랙法 13일 상정 전망…선거법 17일 이전 처리 기조종합
290332,부동산114 매물 연동 대출설계 서비스 제공
290333,과학기술의 힘으로 인간 150세 시대 실현될 것
290334,대출규제에도 끄떡없는 3분기 분양시장…10만6천가구 쏟아져
290335,암 집단발병 장점마을에 콩으로 가득 찬 창고
290336,포항 바다 보트 전복 헬기 구조
290337,삼성전자 470개 1차 협력사와 소통의 장
290338,선고공판 출석하는 주진우
290339,고동진 갤럭시S8 삼성이 다시 시작하는 첫 제품
290340,김동철호 바른미래 위기 수습 고삐…절박한 심정종합
290341,구독료 인상·주5일 발행…신문들도 주52시간 대응종합
290342,트럼프 내달 다보스포럼 간다…경제성과 부각할 듯종합
290343,SK텔레콤 올해 MWC에서 차세대 인공지능 로봇 공개
290344,과기정통부 이통사에 공문…25% 요금할인 의견내라
290345,MSCI 한국지수 내 SK텔레콤 비중 높아져
290346,배구 남자대표팀 임도헌 코치 사퇴…전임 감독 공모 참여할 듯
290347,게시판 예탁원 KSD나눔재단 학생 64명에 장학금
290348,인도 실업률 45년만에 최고…정부 발표 보류 압력 논란
290349,카카오페이지 동영상 첫발…영화 서비스 출시
290350,美 사상 최대 규모 자폐증 연구…5만명 유전자 분석
290351,석현준 신태용 감독 앞 다시 골대 불운…팀은 역전패
290352,국민의당ㆍ바른정당 통합 지지자 새 중도 정치세력 탄생 소망
290353,6기 도서관정보정책위 출범…위원장에 신기남 변호사
290354,오리온 초코파이 바나나 6개월만에 1억개 판매
290355,북미정상회담 비서실장 김여정 김정은 곁에서 맹활약종합
290356,팔레스타인 서안병합 발언 주이스라엘 美대사 ICC 제소 검토
290357,평창올림픽 땐 언어장벽 없다…통번역 IT기술 봇물
290358,헝가리 우파 여당 부다페스트 시장 선거서 패배종합
290359,사드 후폭풍에 강원경제 휘청…관광·투자유치 직격탄
290360,북아프리카 알제리서 병원 화재로 신생아 8명 사망
290361,총선 사전투표율 오후 5시 현재 4.97%…전남 8.58% 최고속보
290362,한중정상 北핵실험 한달만에 통화…北핵·미사일 의견교환
290363,美 北 핵보유국 인정 공세에 정책 바뀌지 않아
290364,미래부 평창 동계올림픽 D2년 특별세미나 개최
290365,정의당 정치개혁·사법개혁 법안통과 촉구 농성 계속
290366,게시판 미래부 기술사업화 경진대회 개최
290367,네이마르바르사 소송전에도…MSN 트리오는 화기애애
290368,여자배구 드림팀 5일 태국과 대결…1승 1패 한국 이...
290369,CNN 간판앵커 앤더슨 쿠퍼 8월 방한
290370,허츠렌터카 북미 여행객 할인 상품 출시
290371,알림톡 비용 부담 논란 방통위 카카오톡 조사종합
290372,관광올림픽에 승부…강원도 외국인 관광객 300만명 유치
290373,한솥밥 동지서 정치적 대척점에 선 문재인·김병준종합
290374,인천 문선민 전북과의 대결서 또 멀티골…내가 전북 킬러
290375,브랜드 파워 여전한데…與 예전같지 않은 박근혜 마케팅
290376,축사하는 강경성 정책관
290377,홍영표 북미대화 인내심 갖고 지켜봐야…남북특위 꾸려야
290378,듀랜트 43점 골든스테이트 3연승…우승까지 1승종합
290379,여행소식 캘리포니아 명소 감상하는 사진전
290380,지상파 중간광고 도입 움직임에 신문협회 특혜 완결판
290381,부마민주항쟁 국가기념일 촉구대회
290382,게시판 구글코리아 온라인 수업 코딩 야학 2기 모집
290383,파란만장 노인의 따스한 위로…창문 넘어 도망친 100세 노인
290384,경기도 8개 시·군 대설주의보…3∼10cm 내려
290385,LG유플러스 5G 시대 맞아 임원 승진·신규 인사
290386,MLB 에인절스 FA 시장 큰 손 되나…구단주 게릿 ...
290387,中 화웨이 성장속도 거북이걸음…지난해 순이익 0.4%↑
290388,손석희 하차 JTBC 경영진 판단…기자들 거센 반발
290389,에어부산 대구공항 취항…대구∼제주 하루 2회 왕복 운항
290390,광화문에 모인 요가인들
290391,여자농구 우리은행 삼성생명 꺾고 9연승 선두 질주
290392,SK텔레콤 갤럭시노트8 사전예약 개시
290393,우스꽝 호날두 흉상 작가 예수님도 모두를 만족 못시켜
290394,종목장세에 액티브펀드 선전…석달 수익률 인덱스 추월
290395,날씨 12일 아침 전국 영하권…미세먼지 농도 좋음보통
290396,대전세종충남 내륙 한파주의보…내일 최저 영하 7도
290397,박기원 감독 2년 전 정규리그 작년 챔프전 올해는 모...
290398,黃권한대행측 여·야·정 시간소요되면 정당별 회동 가능속보
290399,리니지M 상반기 국내 구글 플레이 매출 1위
290400,지방이전 공기관 부동산 절반은 다른 공기관이 매입
290401,여자배구 러시아에 져 4연패…세계선수권 16강 실패
290402,태백 오투리조트 스키장 15일 오픈…4년 만에 개장
290403,갤노트7 28일부터 사용 못 한다…충전율 0％로 제한종합
290404,더민주 여당에 포문…남탓하는 정권 총선서 바로잡아야
290405,바다로 실려 간 꽃들이여…광주전남 곳곳 세월호 5주기 추모종합
290406,넷마블 작년 앱수익 전세계 3위…엔씨 12위·게임빌 24위
290407,제주에 요란한 봄비…항공편 운항 차질 침수·고립도종합
290408,신간 성숙한 신앙생활·그대로 행복하기
290409,지자체 공무원 소통·공감 토론회
290410,내주부터 증권사도 점포 안 가고 계좌 틀 수 있다
290411,3월의 남도에 내린 눈
290412,군항제 주말 승용차 통제·일부 유료화 성공할까
290413,김신욱 헤딩골 더 넣겠다…손흥민 오면 내 골 결정력에도 도움
290414,멕시코 네덜란드에 102 대승…프리미어12 예선 전승
290415,월드컵 태극전사 출사표…손흥민 내가 웃게 해준다고 했지
290416,北 탈북종업원가족 대면 요구…가족 서울에 보낼 것 성명종합2보
290417,이스라엘가자지구 교전격화로 사흘간 수십명 사상 참변
290418,아프간 女 축구대표팀 성폭행 파문 확대 조짐
290419,WP 트럼프 변덕스러운 정책 변화 美안보에 위험
290420,라바리니 여자배구대표팀 감독 러시아 이길 수 있었는데…
290421,관광한국③쇼핑천국으론 한계…추억을 팔자
290422,자산운용사 1분기 순익 2천197억원…전분기의 4.7배
290423,198개 연구기관 실험실 중 11곳 안전에 심각한 문제
290424,포스코 2008년부터 여성 채용 비율 20% 이상
290425,中 감시 피하려…홍콩 시위 필수품 된 마스크·우산·검정옷
290426,무용계 아카데미상 후보 오른 국립발레단 무용수들
290427,대북특사단 오전 9시 평양 안착…10시부터 회담 중2보
290428,北 유엔서 최순실 사태 우회거론…南당국자 무당에 현혹
290429,장기이식을 둘러싼 가족 갈등극 피와 씨앗
290430,네이버 포스트 연재 글에 후원 가능해진다
290431,김정은 위원장 이른 시일내 만날 용의…문 대통령에 방북 요청종합
290432,베스트셀러 김영하 여행의 이유 출간 즉시 1위
290433,북한날씨 대체로 맑다가 낮부터 구름
290434,다저스 꺾은 MLB 워싱턴 창단 50년 만에 첫 내셔널리...
290435,냉전 아이콘 감시초소 예술품·문화재로 거듭난다
290436,한일시멘트 영등포 공장 2천억원에 처분
290437,SKT만 가입자 통신비 연체 신용등급에 반영
290438,브라운 30점 보스턴 밀워키 꺾고 플레이오프 2연승
290439,힐러리 IS 트럼프가 대통령 되길 간절히 기도하고 있다
290440,불법지원금 이통3사에 과징금 506억원…단통법 후 최대종합
290441,KT 이제 iPhone에서도 휴대폰 결제 이용하세요
290442,G8 씽큐 정맥인증
290443,석진욱 감독 데뷔승 OK저축은행 삼성화재에 역전승
290444,이란 러터키 시리아 합의 환영
290445,2020 한국경제는 오리무중 속 고군분투
290446,기미독립선언서가 남긴 유산…KBS 역사저널 그날
290447,제2의 리보 사태 없도록…국내 대체 지표금리 선정해야
290448,봄비와 장미
290449,광화문광장이 도서관으로…세계 책의 날 축제 첫날 5천명 참여종합
290450,LG전자 G6 24일 유럽시장 출사표
290451,대만과 단교…바티칸 대만 부총통 면전서 중국과 대화 필요
290452,유영민 장관 산하기관 임원 대규모 물갈이 예고
290453,위클리 스마트 스트레스 해소엔 휴가·면역강화엔 명상 과학적 입증
290454,행복얼라이언스 청계천 징검다리 도시락 기부 이벤트
290455,베스트셀러 철학은 어떻게 삶의 무기가 되는가 6주째 1위
290456,LG 추석 앞두고 협력회사에 1조3천억원 앞당겨 지급
290457,르포 60년 만에 월드컵 좌절…충격에 할말 잃은 이탈리아
290458,회삿돈 생활비 사용 신문사 대표 징역형 집행유예 확정
290459,삼성증권 8월 코스피 지지선 확인 후 반등 예상
290460,전시를 기념하는 KT 임직원들
290461,주간시황 코스피 연휴 경계심에 약세…대형주 상승률 1위 에스원
290462,현대건설 잔류 FA 원톱 양효진 다음 시즌 좋은 성적으로...
290463,감독을 울린 세터 이승원 저도 울컥하고 감사했어요
290464,국민의당 더민주 호남행 촉각…텃밭사수 경계령
290465,사우디 남성 허락 없어도 여성 무슬림 성지순례 허용 추진
290466,우원식 방송 정상화 논의 즉각 시작…독립성 담보안 만들자
290467,해킹·광고문자 호텔·외식업체 개인정보 관리실태 점검
290468,NBA 골든스테이트 새크라멘토 제압…듀랜트 33점
290469,화천기계 자사주 56억원어치 처분 결정종합
290470,18월 탈북민 15% 늘어…이민형 탈북 급증 추세
290471,문대통령 자랑스런 조국을 위해 평화·번영의 한반도로
290472,팬그래프닷컴도 놀란 2019년의 류현진…너무 비관적으로 예상
290473,安통합 7부능선 넘었지만…불법전대 저지 반대파 저항에 험로
290474,유럽축구 전직 심판 손흥민 인종차별 구호는 경기 중단 사유
290475,미국 주요매체 파워랭킹 발표…류현진으로 도배
290476,국민의당 원구성 지연에 이달부터 세비 국고에 반납종합
290477,당정청 모레 새해 첫 정책조정협의회…노동법 핵심의제
290478,탈당 반대 구호 외치는 정동영 대표와 회의 참석자들
290479,올여름 세상 떠난 옥인콜렉티브 이정민 유작전
290480,인천공항에서 올림픽 패밀리 환영
290481,작년 프리미엄폰 시장 20% 성장…애플이 출하량 절반
290482,대신증권 한세실업 환율여건·주문량 양호…목표가↑
290483,망명한 태용호 駐英 북한 공사 가족과 함께 한국 입국2보
290484,朴대통령 내주 수석회의서 포스트 총선 첫 메시지
290485,탄소섬유 온풍기·반려동물 장난감…아이디어 제품 다채
290486,中 김정은 신변위협 네티즌 첫 처벌…당국 이례적 공개종합
290487,토트넘 구단주 알리 2천200억원 줘도 안 판다
290488,북한단신 파키스탄 대통령 김정은에 9·9절 축전
290489,이해찬 정부 버스준공영제 지원방안 찾으려 협의 중
290490,K리그2 부산 EPL 경험한 베테랑 공격수 맥도날드 영입
290491,바른미래 남북정상회담을 쇼로 만드나…협치에 도움 안 돼
290492,정의 소상공인 생존권 위협하는 것은 최저임금 아닌 임대료
290493,LG G6 삼성 갤S8 제치고 바이럴 영상 1위
290494,규제 완화했지만…파생상품시장 회복 쉽지 않네
290495,아시안게임 태극전사들의 승리 기원 외침 원팀
290496,사이테크 플러스 노화로 인한 운동기능 저하·수명단축 원인 유전자 찾았다
290497,취임 3주년 朴대통령 일자리 창출 창조경제 거점 방문
290498,카카오 스토리펀딩 944일만에 누적 후원금 100억원 돌파
290499,애플 국내서도 아이폰 보상판매…아이폰XR 69만원부터
290500,KT 2019년 상용화 겨냥 5G 사업본부 신설…AI조직도 확대
290501,강원기자협회 2019 강원기자상 12개 작품 선정
290502,영상 PD수첩 방용훈 부인 사망 재조명…재수사 국민청원 쇄도
290503,배구협회 러시아 코치 눈찢기 세리머니에 항의키로종합
290504,터키 벨기에 출신 IS 포로 2명 송환
290505,공개된 공주 마곡사 괘불
290506,베트남 엑스포에 한국기업 최다 참가…첫날부터 문전성시
290507,NBA 폴 벌금 2천600만원 징계 동료에게 내가 내줄게
290508,3·1절 기념사에 여 新 100년 구상 vs 야 反 국민통합종합
290509,호세프 탄핵 추진하는 브라질 의원들은 비리종합세트
290510,침묵은 이제 그만 인도네시아 여성작가들 위안부 전시전
290511,두산 한가위 이벤트 개최
290512,불안한 휴전 지속…터키·쿠르드 서로 합의 위반 비판
290513,케냐서도 에볼라 감염 의심환자 발생…병원서 격리치료
290514,서방과 핵합의 성사 주역 이란 외무장관 전격 사의종합
290515,이해찬반기문 대망론에 외교관은 국내정치와 캐릭터상 안맞아종합
290516,LG전자 스마트폰사업 10분기 적자…3Q 영업손실 3천753억종합
290517,동남합성 보통주 90% 감자 결정
290518,베를린 장벽 붕괴 30주년 기념 리본 하늘 전시
290519,약 10억년 전 곰팡이 화석 발견…진화 역사 바뀌나
290520,과학기술인 전문성 바탕 국민적 관심사항에 목소리 낸다
290521,OK저축은행 새 사령탑에 석진욱 수석코치 선임
290522,무제한 토론 나선 더불어민주당 송기헌 의원
290523,中코트디부아르 4조7천억원 건설계약 놓고 상반된 주장
290524,에스엔텍 213억원 디스플레이 제조장치 공급계약
290525,정진석 우병우 결심해야 할 시점…사실상 사퇴요구
290526,세기의 대국 허사비스 할 말 잃어…알파고 한계 알고 싶다
290527,박항서 매직 지상파 SBS로 생중계한다
290528,와이드 오픈 KBL 슬로건 내건 프로농구 변화의 시즌 예고
290529,北김정은 삼지연군 찾아 김정일 추모…인민낙원 염원 이뤄야
290530,FBI처럼 상대 마음 간파하면 당신 사업은 성공
290531,쌍용차 호주서 자동차딜러대회 참가
290532,KT도 요금제 개편 가세…약정없이도 데이터 최대 3.3배↑
290533,마스크 착용하세요…전북 황사 기승
290534,美 제재 여파…이란 국민차 가격 하루만에 71% 인상
290535,얼어붙은 대출
290536,콜롬비아 반군 FARC 정전협정 준수…평화협정 수정 용의종합
290537,68억 전세금 빼돌려 해외로 달아난 공인중개사 검거
290538,사물놀이 이름 붙인 1인극 거장 심우성 선생 별세종합
290539,北예술단 서울 공연 전날 8시간여 국립극장 리허설·점검종합
290540,슈퍼위크 돌입한 문 대통령…남북관계·위안부 문제 분수령
290541,문 대통령 세계 한인 여러분
290542,與 23일 봉하마을 총집결…盧 서거 8주기에 최대규모 추도식
290543,시민단체 전남도의회 누리예산 추경심의 보류하라
290544,가슴 쓸어내린 양의지·최정…FA 개편안 연내 도입 무산
290545,美 北 중거리 탄도미사일 발사실험했으나 실패
290546,특검 삼성 합병 외압의혹 문형표·김진수 자택 압수수색
290547,미국 38노스 북 동창리에서 로켓발사준비 의심 움직임
290548,거장 데이비드 호크니 전시
290549,신경민 버림받는 공중전화…66% 월매출 1만원 이하
290550,국내 주식형 펀드서 8거래일째 자금 순유출
290551,LG 박용택의 짜릿한 끝내기…두산 10연승·NC 5연승종합
290552,감 작가 김한숙 전시회
290553,LG전자 광주디자인비엔날레서 관람객 맞이
290554,대한민국 국민 절반 모시자…충북 관광객 유치 팔 걷었다
290555,슈퍼에이전트 멘데스 팔카오 71억원 탈세 난 모르는 일
290556,이수화학 주당 300원 현금배당
290557,신간 김 부장은 왜 꼬마빌딩을 사지않고 지었을까
290558,KT 말레이시아서 VR 테마파크 브리니티 오픈
290559,한국당 원내대표 경선 중진 4파전…재선 다크호스 주목종합
290560,미·러 외교수장 소치서 회담…한반도·이란 등 현안 논의종합2보
290561,데이터 소진 후 속도제한 1∼2만원대 알뜰폰 요금제 출시
290562,동정 손병우 충남대 교수 한국언론정보학회장 취임
290563,후랭코프 KBO리그 개인 한 경기 최다 실점…3⅔이닝 6실점
290564,주말 N 여행 강원권 신선되는 즐거움 3樂 화천에 2만7천 산천어燈 불 밝혀
290565,NH투자 외국인 한국채권 순매수 전환…자금 이탈 진정
290566,中 양회 기간에 북한 고위급 추정 인사 베이징 도착종합
290567,LG V40 씽큐 24일 출시…출고가 104만9천400원
290568,퓨처스 최고 인기 롯데 한동희 1군 그리워요
290569,갤럭시 폴드 2차물량도 오전중 완판…자급제 15분만 매진
290570,브라질 탄핵정국 또 반전…대통령 이어 부통령도 탄핵 위기
290571,세월호 참사때 머리손질 vs 靑 보고받으며 20분 소요종합
290572,현대캐피탈 챔프전 1차전 승리우승 좌절 징크스 깰까
290573,이대훈 농협은행장 투 앱 전략 추진…올해 순익 20% 늘릴 것
290574,추미애 국민연금 개혁 필수…국민부담 최소화하되 대타협 필요
290575,그래픽 MLB 디비전시리즈 LA다저스 예상 선발투수
290576,셀트리온 작년 영업익 5천174억 사상 최대…1년새 2배종합
290577,위클리 스마트 무선 이어폰도 노이즈 캔슬링이 대세
290578,홍콩 첫 동성결혼 소송 기각…정부 정책 검토해야
290579,미래부 다부처 RD 기획방향 발표회 개최
290580,KT 스마트워치 새 요금제 출시…스마트폰과 데이터 공유
290581,SKT·MS 엑스클라우드 시범 서비스 개시…오늘부터 신청
290582,페이코 신용관리 출시…횟수 제한없이 신용등급 무료조회
290583,경북·여수·정선·창원 관광발전지수 1등급 지역에 새로 선정
290584,기본료 폐지 막아라…이통 3사 대관 조직 초비상
290585,마카오 카지노 수입 21개월째 감소…0.1%↓
290586,전직 빅리거 향한 기대감…김현수 0.350·박병호초이스 ...
290587,니스 테러 오토바이 탄 시민 범인 막으려다 트럭바퀴에 치여
290588,독립기념일로 살핀 세계 역사…한국 독립운동과 비교
290589,靑 김무성 대표에 부글…결국 자기정치 위해 흥정
290590,금융투자협회 새 협회장에 권용원 씨 선출종합2보
290591,카카오 프렌즈 사천성 넵튠에 100억원 투자종합
290592,트럼프 김정은 더이상 나가도록 내버려둬선 안돼종합2보
290593,이학주 등 삼성 선수 32명 11월 2일부터 오키나와 마...
290594,국가대표 합류 앞둔 손흥민 시즌 첫 선발 출전…70분 소화
290595,마약혐의로 美서 기소된 베네수엘라 장군 법무장관에 임명
290596,유류피해 10년…태안 만리포서 9월 희망나눔 한마당 열린다
290597,LG전자 중저가폰 K10 KT에서 가장 싸다종합
290598,김종인 무슨 진정성이 없어…와서 뭘하는지 다 알텐데
290599,얘기 나누는 임종석전병헌조국
290600,北김정은 신년사로 본 2016년 남북관계…대화모멘텀 유지될 듯
290601,국회의원 재보선 사전투표율 오후 3시 현재 6.71%
290602,짧지만 강렬하게…작가들 개성 담긴 손바닥소설집
290603,정수빈 홈런에 날뛴 린드블럼 아이가 된 것 같았다
290604,레프트 송희채 삼성화재 품에…센터 김규민은 대한항공으로
290605,세종이 남긴 문화업적 창작 콘텐츠로 세계에 알린다
290606,SK텔레콤 버라이즌·도이치텔레콤과 5G 협력 확대
290607,연구장비 예약·등록 한 번에 가능…이용자 편의↑
290608,1천여개 알뜰폰 요금제 비교·추천 서비스 개시
290609,7월 주식형 펀드 국내보다 해외가 성적 우수…브라질 1위
290610,UEFA 챔스 결승 R.마드리드 창 vs 유벤투스 ...
290611,나경원 與 모병제 검토에 선거 위한 도구 우려 크다종합
290612,靑 정상회담 준비 종합상황실 가동…실장에 윤건영
290613,美 매체 피츠버그 강정호와 결별할 것
290614,삼성전자 자급제 전용 갤럭시J4 출시…26만4천원
290615,프로배구 우리카드 아가메즈 출국에도 재계약 협의하지 않아
290616,U19 대표팀 베트남전 졸전…11 무승부
290617,삼성 제품 안전성 최종 검증 못한 책임 통감
290618,전국 오전에 짙은 안개…낮에는 황사 통과로 미세먼지 나쁨
290619,날씨 흐리고 곳곳 비나 눈…꽃샘추위 한풀 꺾여13일
290620,방송사 재허가·재승인 심사 강화…오보·부당징계도 점검종합
290621,내일날씨 반짝추위에 아침기온 뚝…일부 영하권
290622,문 대통령의 취임 축하 난 받은 이해찬 대표
290623,홍남기 2차 공공기관 이전 검토 중…굉장히 신중한 입장
290624,클래식계 슈퍼스타 랑랑 소니서 다시 유니버설뮤직으로
290625,게시판 유안타증권 해외주식 비과세펀드 출시 이벤트
290626,남해·하동 호우주의보…최고 100㎜ 많은 비
290627,영국거주 탈북민 태영호 북한 사람같지 않았다
290628,힐러리 부통령 후보 압축…샌더스 지지층 흡수 vs 중도층 공략종합
290629,KBL출신 버튼 NBA에서도 통하네…덴버전 8득점
290630,삼성 갤S11 새 카메라 기능 대거 탑재…상표 출원 잇달아
290631,신간 내 몫의 사랑을 탕진하고 지금 당신을 만나
290632,기준금리 인상에 코픽스 2% 안팎으로↑…주택담보대출도 오른다
290633,케이블TV CEO와 간담회
290634,하나금투 위험자산 기대 수준 과해…잠시 관망할 필요
290635,브렉시트 여야 한목소리로 우려…경제 악영향 최소화해야
290636,롯데면세점 2년만에 일본 단체관광객 1천600명 유치
290637,휴대전화 3∼6만원 요금제 가입자 지원금 더 받는다
290638,국민이 나선다…대통령 서명정치 식물국회 깨우나
290639,김정태 하나금융지주 회장 3연임 확정
290640,北김정은 평양에 제2의 미래과학자거리 건설 지시
290641,유로 2016 프랑스 준우승 효과…올랑드 지지율 반등
290642,게시판 KT파워텔 2만원대 무전 무제한 요금제 출시
290643,춤의 바다로…부산국제무용제 내달 2일 개막
290644,오바마측 北과 전쟁준비 없었다…트럼프 주장 잇단 일축
290645,코스피 갤노트7 쇼크에 2030선 후퇴…삼성전자 8%대 폭락
290646,시진핑 오사카 G20 정상회의 참석차 27∼29일 일본 방문
290647,새해 상장 1호 한솔씨앤피 세계 최고 코팅기업 목표
290648,문 대통령 제 답변은
290649,UAE 홍콩 여행 자국민에 검정·흰색 옷 입지 마라
290650,日기업 2분기 설비투자 둔화 속 수익 급감
290651,이달의 편집상에 한국일보 등
290652,구글 3세대 크롬캐스트 국내 출시
290653,경기장 안 온 브람…권순찬 감독 외국인 선수 알아보는 중
290654,獨 자폭·도끼만행범 사우디 IS 접촉…명백해진 테러 정황
290655,올림픽 북한 응원단 밝은 표정으로 손인사
290656,포스코ICT 새로운 스마트 X 솔루션 개발 추진
290657,에르도안 美 러시아 방공미사일 구매 관련 터키 제재 않을 것
290658,터키 에르도안 내년 2월 이스탄불로 영·프·독 정상 초청
290659,과기정통부 연구개발 보상금 가이드라인 만든다
290660,네이버 부동산 중개사 매물 등록 거부에 등급제 폐지
290661,여러 생물 유전자 가진 프랑켄슈타인 바이러스
290662,4년 논란 승무·태평무·살풀이춤 보유자 9명 인정 예고
290663,연구재단 노벨상 근접 한국 학자 놓고 타당성·적절성 논란
290664,김진태 공공기관 일자리 증원 1위 마사회
290665,SK 잡은 두산 영건 이영하 매번 마지막 등판이라고 생각
290666,이집트 야당 엘시시 대통령 임기연장 반대
290667,네이버 기사배열 공론화…실검 알고리즘 검증위 구성종합
290668,황석영·베르베르·하루키…움츠렸던 문학출판계 여름대전
290669,반기문 시대 유엔 정리한 백서 더 나은 유엔을 위하여 출간
290670,시즌 아웃 즐라탄 더 강해져서 돌아오겠다
290671,내주 경제이슈는 한은 금통위…금리동결 관측 속 경제전망 주목
290672,베네수엘라 야권 2인자 전격 체포…군사봉기 시도 보복
290673,독립운동가·위안부피해자 모욕한 인터넷게시물 단속
290674,임도헌호 남자배구 대표팀에 송병일 코치 합류
290675,현대차그룹 주주 권익 요구 엘리엇과 회동
290676,올림픽 평창올림픽 상징 조형물·문화관광자원 선보여
290677,기업거버넌스포럼 출범…투자자 목소리 대변하겠다종합
290678,돼지 콜레라 막아라 덴마크 국경 70km 장벽 건설
290679,대용량 배터리 스마트폰 LG X500 출시 첫날부터 공짜폰
290680,SK 우승 반지 끼고 ML 입성한 켈리 기대감 만발
290681,美 오하이오주립대서 총격…8명 부상…1명 중태1보
290682,글쓰기와 고치기에 관심 있다면 이 책을
290683,전쟁에 대한 경계가 동아시아 지식 유통 촉발했다
290684,文·安 자리 신경전…야권 광주서 5·18 민주대행진
290685,ML 크리스 데이비스 44타수 연속 무안타…역대 최악 기...
290686,KT 스마트시티 통합 플랫폼 TTA 표준 인증 취득
290687,차세대 마이크로LED 대량생산 기술 국내 개발
290688,9월 인구이동 21.8% 급감…9·13대책·추석연휴 영향
290689,이란 美에 협상 전 제재 해제 원칙 고수
290690,WP 공화당 중재 전당대회 열어 트럼프 대선후보 막아라
290691,김무성 대권행보 몸풀기…포럼 민심투어에 중국행까지종합
290692,노트르담 붕괴 위험 여전…佛당국 구조물 긴급 보강 작업
290693,프랑스 마크롱의 이란 대통령 G7 초청설 부인
290694,사우디에 돈빌린 파키스탄 이란과도 관계 개선 모색
290695,경기도 6개 시·군 오후 10시 대설주의보 해제
290696,情의 다큐멘터리…사진으로 맛보는 장터이야기
290697,18개국 젊은 작가들 평화를 외치다…서울·평창 국제인문포럼
290698,美 새 일자리 15만1천개↑ 그쳐…9월 금리인상 가능성 남아종합
290699,다시 대기업 찾은 문대통령…일자리 난제 돌파 민간역할 강조종합
290700,김동연 2022년까지 스마트공장 2만개보급…올해 3천300억 지원종합
290701,프로농구 김도수 은퇴 선물로 선수·직원에 일일이 손편지
290702,北리용호 美 몸서리치는 대가 치르게 될 것…北매체 보도
290703,신간 밥보다 일기
290704,KT 1등 고객 서비스 기념 2만명에 감사 이벤트
290705,갤S10 5G 예상밖 인기…사전예약량 LTE모델의 30∼40%
290706,태권도 품새 남자단체전 시상하는 이낙연 총리
290707,안보리 대북제재결의안 만장일치 통과…석탄 수출 정조준2보
290708,반부패정책협의회 참석한 검찰총장과 경찰청장
290709,유럽증시 4거래일 만에 반등…프랑스 1.59% ↑
290710,캠코 보령시 주거 단지 등 수탁재산 150건 공매
290711,CJ제일제당 비비고 CJ컵 나인브릿지 공식후원
290712,종교극단주의 반대 파키스탄 저명 인권운동가 탈레반에 피살
290713,윤관석 중도금 대출 보증금액·보증사고 급증
290714,오승환 ⅓이닝 2피안타 1볼넷 2실점…ERA 10.57종합
290715,평양정상회담 평양공항 환송 시민들
290716,아시안게임 남자배구 결승 이끈 김호철 감독 내 역할은...
290717,손흥민 시즌 5호골 폭발…토트넘 왓퍼드와 11로 비겨종합
290718,문 대통령 신년인사회의 이유있는 포옹
290719,北 김정은 미심쩍은 행보
290720,일시 대체 외국인 선수 윌리엄스 진짜 귀한 몸 될까
290721,여행소식 루프트한자 A380으로 인천프랑크푸르트 매일 운항
290722,한국거래소 유럽 국제파생상품 엑스포서 홍보 활동
290723,한국의 투호 즐겨요
290724,여자배구 대표팀 대체 세터 이효희·이나연 31일 출국
290725,NH투자 엔터테인먼트 업종 악재 줄이어…투자의견↓
290726,젖은 곳에서도 붙였다 뗄 수 있는 인공 문어 빨판
290727,경제위기 레바논 미국·프랑스 등 외국에 도움 요청
290728,파푸아 소요사태 SNS 여론 조작에 K팝스타 이미지 등 도용
290729,신영철 감독 펠리페 80 훈련 소화…일단 웜업존에서
290730,파주 출판도시서 대남전단 1천여장 발견…군 당국 수거
290731,문대통령 호주 총리와 축구 평가전 1대1 무승부 축하
290732,헝가리로 도주한 마케도니아 전 총리 생명 위협 느껴 망명
290733,대신證 실적발표 기업 4분기 순익 전망치 32% 하회
290734,北매체 南단독·한미훈련 비난…군사분야 합의 위반행위
290735,하나금투 로엔 올해도 성장세 지속…매수 추천
290736,한국피자헛 2019 최우수 매장 시상식 개최
290737,이란군 걸프 해역서 훈련…단거리 크루즈미사일 발사
290738,신간 오직 스스로의 힘으로 백만장자가 된 사람들의 52가지 공통점
290739,꿀잼여행 영남권 해운대 해변에 8ｍ짜리 플라스틱 물고기가 등장한 이유
290740,노조 불매 대상됐던 콜로라도 40∼50대 남성 개인사업자에 인기
290741,특징주 코데즈컴바인 다시 코스닥 시총 3위로종합
290742,5∼7월 입주예정 아파트 8만575가구…85㎡ 이하 90%
290743,통일부 사회통합형 탈북민 정책방향 다음달 발표
290744,게시판 신문협회 신문의 날 기념세미나 내달 4일 개최
290745,국제 수소연료전지 파트너십IPHE 운영위원회 회의
290746,통일부 北 반발한다고 인권개선 노력 멈출 수 없다
290747,5G·UHD·IoT 접목 평창올림픽 준비 착착
290748,독일 유럽의회 선거 앞두고 사이버 보안 강화방안 마련
290749,두테르테 필리핀 대통령 방한…내일 문대통령과 정상회담
290750,주말 N 여행 제주권 늦여름 아름답게 물들일 뮤직 페스티벌
290751,홍천강 인삼송어축제 폐막…인삼사료 송어 차별화 성공
290752,트럼프 이란과 전쟁 안 바란다…난다면 전례없는 말살 될 것
290753,2019 국제현대무용제 기자간담회
290754,홍문종 이스라엘 前대통령 장례식에 대통령특사로 조문
290755,빨라진 개막…LG 4월까지 6선발 체제로 간다
290756,文대통령 서훈·정의용 대북특사 파견키로…이르면 내일 평양行
290757,사퇴의사 밝히는 이효성 방송통신위원장
290758,254년전 변방 화가의 조선통신사 사행길 10개월
290759,터키 북서부서 폭우로 7명 실종·219명 구조
290760,메시 해트트릭 아르헨 힘겹게 월드컵 본선 티켓 획득
290761,신세계 인천 송도에 복합쇼핑몰 건립…5천억 투자
290762,고양시 어울림누리서 연예인 풋살대회…5개 팀 참가
290763,무디스 정크 터키 신용등급 추가 하향…터키 반발
290764,대진침대 현금자산 바닥…라돈침대 배상액 많아야 18만원
290765,미국 운동 천재 머리의 선택은 MLB보다 NFL로 가닥
290766,프로농구 LG 현대모비스 벽 못 넘고 5연패 수렁
290767,김종인 소련 핵 없어 무너진것 아냐…유엔제재 강화 불가피
290768,푸틴 내달 6일 아베와 소치서 정상회담
290769,카카오는 네이버와 한집안 주요 CEO 절반이 NHN 출신
290770,한아르헨티나 과학기술 MOU 체결식
290771,미인대회 이란 대표 망명 신청한 필리핀 공항에 억류
290772,방송·통신 기금 1조4천억중 이용자 예산 고작 16억…0.001%
290773,새 잔액기준 코픽스 예전보다 0.30%p 낮아…이자부담 완화종합
290774,얼음상태 이상무…화천산천어축제 개막 준비 착착
290775,챔프전 미디어데이에도 등장한 웃지 못할 프로농구 2ｍ 논란
290776,정부 광고 조중동에 집중…동아일보 가장 많아
290777,美 대선주자 트럼프와 연방항소법원 판사인 친누나는 딴판
290778,FIFA 부패 스캔들 연루된 아르헨티나 전 공무원 자살
290779,골득실·득점까지 같은 맨유맨시티 알파벳 순으로 1·2위
290780,이란 중거리 탄도미사일 시험발사…對서방 메시지
290781,마두로 8일내 대선계획 내놔라 유럽 요구 거부…너무 무례종합
290782,미투 보도·댓글 2차 피해 심각
290783,롯데카드인터파크 제휴 협약 체결
290784,日 여당의원들 주한 일본대사 만나 한국 돌아가지 말아야
290785,靑 님∼행진곡 논란에 민생안정 위해 노력해야
290786,여자농구 삼성생명 KDB생명 23점차 대파
290787,한화전 불운 끝 LG 소사 볼넷 없는 경기 만족
290788,홍용표 납북은 인권문제…北 정치적 접근 탈피해야
290789,한수원 경주시 등과 문화예술후원사업 협약
290790,아이폰7 32GB 86만9천원…공시지원금 최대 12만2천원
290791,경기도 의정부남양주권역 18시 오존주의보 발령종합
290792,이탈리아 전설의 골키퍼 부폰 올 시즌 마치고 은퇴하겠다
290793,SKT·KT 글로벌 26개사 참여 개방형 5G 네트워크 표준 도입종합
290794,현대상선 3분기 영업손실 2천303억원…적자 지속1보
290795,원달러 환율 상승 반등하며 1139원에 마감
290796,평양정상회담 문 대통령 연설에 박수치는 평양시민
290797,신간 한국사회 어디로·합리적 의심
290798,네이버 AI 활용 실내지도 구축…지도업체 히어와 MOU
290799,팬텀싱어 우승팀 포르테 디 콰트로 데뷔
290800,기상·해양환경 관측 천리안위성 2호 조립 착수
290801,美 이란 혁명수비대 외국 테러조직으로 지정한다종합
290802,이재영 33득점 폭발…흥국생명 루시아 없이 2연패 탈출
290803,보잉 737맥스 사고 유족에 1억 달러 전달키로…소송과는 별도
290804,황총리 국회 서비스법 이번 임시국회내 통과 협조해야종합
290805,출범 열흘 혁신위 좌초 위기에 바른미래 또다시 내홍 조짐종합
290806,한광옥 최순실 사건 확실하게 수사해야 하는 건 분명속보
290807,과천과학관에 연내 국방체험관 조성…과천과학관·방사청 협약
290808,아베 오사카 G20 정상회의서 강력한 메시지 보내고 싶어
290809,공동의 위협 미국 맞서 중국·이란 부쩍 가까워져
290810,이범호·김주찬 쾅쾅…KIA kt 꺾고 4연승
290811,캐세이패시픽 인천홍콩 왕복항공권 특가 판매
290812,나이스신평 화신 신용등급전망 부정적으로 하향
290813,감세 추진해놓고…트럼프 관세장벽으로 대규모 증세 효과
290814,PC 웹 브라우저 최신 업그레이드하세요
290815,조배숙 대표 625 참전 용사들 문제 해결에 최선을 다하겠다
290816,프로배구 현대캐피탈 초등부 초청해 훈련 지도
290817,秋 언급한 1월말 퇴진3월말 대선 실현가능성 있을까
290818,평양 거리의 여성들
290819,스트리플링 8이닝 1실점…다저스 6연패 탈출
290820,춘천 아파트서 불…주민 1명 연기흡입·9명 대피
290821,의원총회 참석하는 황교안과 심재철
290822,書香萬里 성공과 행복의 열쇠는 호감도
290823,게시판 카카오 3월10∼11일 인공지능 공개강좌
290824,류현진 2014년 이후 매년 부상에 시름…9번째 DL 오르나
290825,녹색 지갑 고르는 민주평화당 의원들
290826,추미애 평창올림픽 색깔론 불 지피기 벗어나야
290827,LG유플러스 비즈스카이프 다섯 시에 퇴근하세요
290828,중국인 관광객 메뉴에 없는 음식 무조건 가져오라 하네요종합
290829,거래소 CJ ENM에 덱스터 인수설 조회공시 요구
290830,그리스총리 사상 첫 북마케도니아 방문…양국정상 셀피 찰칵
290831,신간 문명은 지금의 자본주의를 견뎌낼 수 있을까
290832,삼성 갤럭시S10 내달 20일 미국 샌프란시스코에서 공개
290833,가속기 핵심부품 검증 시설 구축 완료…세계 8번째
290834,현대차 8월 국내 판매 전년비 17.6%↓
290835,MSCI 신흥시장에 사우디 등 편입으로 한국서 8조 유출
290836,프로축구2부 부산 이랜드에 31 완승…3위 도약종합
290837,추방됐던 극우성향 러 축구팬연합회장 프랑스서 다시 체포종합
290838,이해찬 강원 상생형 일자리 찾아달라…강원도와 예산협의회
290839,北 홍수 피해복구에 총력…생필품·식량·전기 보급
290840,첼시 테리 다음 경기 후 은퇴 여전히 배제 안 해
290841,긴급 당정청회의 참석하는 김동연과 홍영표
290842,美대선 경합 3개주 재검표할까…개표 결과에 잇따라 의문 제기종합
290843,미국민 53% 민주 러시아문제 이제 손떼고 다른 이슈로 가야
290844,강정호 밀워키와 마이너리그 계약…빅리그 재도전종합
290845,산업은행 현대상선 해운동맹 제외돼도 계속 정상화 지원종합
290846,이스라엘 시리아 내 친이란 표적 공습…임박 드론공격 저지
290847,제16회 사계절문학상에 정은 작가
290848,인공지능 특허 최다 확보는 MS…韓 AI 기술력 中에 추월당해종합
290849,한화케미칼 종속회사 한화큐셀앤드첨단소재 분할후 합병종합
290850,SK텔레콤 갤럭시 S9 예약판매 시작
290851,태풍 타파 폭우 몰고 한반도 온다…22일부터 제주도 영향종합
290852,직업방송 JOB스타 고졸 출신 대기업 취업기 방송
290853,NBA 클리블랜드 감독 교체 후 첫 경기서 6연패 마감
290854,부산 올해 들어 가장 추워…영하 1.3도 기록
290855,국감현장 위원장 나와요 법사위 야당 위원들 연서 팩스
290856,국민과의 대화 文대통령 최저임금 인상·노동시간 단축 가야할 길5
290857,트레이드설 단골손님 추신수 정말로 생각해본 적 없다
290858,NH농협은행 판매액 0.01% 농산물기금 쌓는 정기예금 출시
290859,탬파베이에서는 중심 선수 최지만 여유 넘치는 스프링캠프
290860,DSR규제 가동하니 대출자 소득대비 원리금 ⅔ 로 툭
290861,야외활동 자제하세요 대구 07시 미세먼지 주의보 발령
290862,황창규 KT 2019년 세계 최초 5G 상용화 선언종합
290863,오바마 올랜도 총기참사 테러 행위이자 증오 행위
290864,최고급 갤럭시S8플러스 115만5천원…6GB 메모리 탑재
290865,서울대 연구팀 신소재 그래핀 상용화 기술 세계 최초 개발
290866,구글 캠퍼스서울 스타트업 작년 112억 투자유치
290867,갤럭시S8 전작 판매량 넘어설까…엇갈린 관측
290868,강릉출신 이순원이 사실에 가깝게 복원한 신사임당
290869,北 미국 선제타격 명분으로 북 인권 문제 삼아
290870,남아공 모델 미스 유니버스 1위 차지…8년만에 흑인 왕관
290871,6월 미분양주택 6만가구 육박…전월보다 4천500여가구↑
290872,LGU 동네 상권 활성화 위한 우리동네 멤버십 출시
290873,트럼프 전국 지지율서 힐러리 3%P 앞서…힐러리가 더 비호감종합
290874,지카 치료제 후보물질 발견…뇌세포에서 효능 확인종합
290875,재산공개 국회 최고갑부 4년 연속 김병관…2천763억원
290876,독일 언론 김정은 방중 2차 북미회담 논의에 초점
290877,구미 영천 등 경북 9개 시·군 폭염주의보
290878,광주수영대회 앞두고 서·고·요 캠페인
290879,은성수 투자공사 사장 금투업계에 해외인프라 사업 공조 제안
290880,EU 주택가격 2010년 이후 작년까지 평균 15% 올라…유로존 11%↑
290881,중국 기업들의 모바일 굴기
290882,러·佛 외교 갈등 속 파리에 러시아 정교회 성당 문열어
290883,한반도평화 심포지엄 축사하는 문희상 국회의장
290884,특징주 셀트리온 3형제 외국계 보고서 충격에 하락 지속
290885,이란 영국에 나포 유조선 풀어줘라 거듭 요구
290886,孫측 새누리 비대위원장 후보 거론에 성찰부터 하라
290887,이란 최고지도자 이라크·레바논 시위는 미국의 공작
290888,국회 외통위 핵실험 규탄·핵폐기 촉구 결의안 의결속보
290889,靑 최저임금 긍정효과 90% 근거자료 공개…개인별 소득 분석종합
290890,과기정통부 설 연휴 택배회사 사칭 스미싱 주의
290891,옐런 저금리정책 위험 경고…오래 지속되면 손실 더 커
290892,남아공서 탄자니아 여객기 1대 압류…법원 명령
290893,서브 압도 현대캐피탈 KB손해보험 꺾고 5연승 질주
290894,길따라 멋따라 얼음 녹으면 깊은 물속으로 사라지는 빙어…낚시 지금이 좋다
290895,갤S9 자급제 전용패키지 나온다…5천대 한정 판매종합
290896,화성착륙선 스키아파렐리 화성표면 불시착…폭발한듯종합
290897,中인민일보 美 환율조작국 지정 모두에 손해…금융시장 혼란
290898,中 관광객 무역전쟁 중인 미국 대신 유럽으로 발길 돌려
290899,금융보안원장 빅데이터 중개 플랫폼 운영…레그테크 구축
290900,중국인 떠난 자리 동남아·중동 관광객이 채웠다
290901,국제사회 北인권문제 대응 잰걸음…국내외서 잇단 행사
290902,ITU 전파통신 의장단에 국내 7명 부의장 진출…역대 최다
290903,단독 특검 정호성최순실 단골 성형의사 긴밀 접촉 확인
290904,연합뉴스교도통신 양자회담
290905,대선출마 앞둔 바이든의 나쁜손 또 폭로…코 비비려고 했다
290906,북한과 대화 가능성 열어둔 미국…원달러 환율 하락
290907,국내 주식형 펀드 하루 만에 자금 순유입
290908,EU 英에 안전장치 양보안…EU관세동맹 일방 탈퇴 권한 부여
290909,美 이란 도발 우려로 중동에 1만4천명 추가 파병 검토
290910,프로농구 SK 김민수 우승 반지 딸에게 선물하겠다고 약속
290911,LG폰 2년만에 일본 재도전…소니는 하반기도 국내 신제품 안 내
290912,獨 외교 이라크 도착…유럽 미·이란 갈등사태에 관여해야
290913,4천200석 매진·지상파 중계…여자배구 인기 상승
290914,SK텔레콤 국내 최다 갤럭시노트8 체험존 운영
290915,한풀 꺾인 추위에 나들이 물결…축제장·스키장에 인파
290916,유엔주재 이스라엘 대사 서안 정착촌 합병 당장 추진 안해
290917,팝의 황제 마이클 잭슨 8주기 추모 전시회 열린다
290918,양향자 국가공무원인재개발원장…삼성 첫 고졸출신 여성임원
290919,영상 1천원을 1원으로 화폐단위 변경 시민들의 생각
290920,SK텔레콤 아모레퍼시픽과 MOU 체결
290921,쌍용차 임직원 가족 초청행사 진행
290922,日유권자 과반 아베 장기집권으로 느슨해져…지지율 급락
290923,靑 秋 계엄령 발언에 매우 유감…무책임한 정치적 선동
290924,문 대통령 문화재청장에 정재숙
290925,KT G7 ThinQ 예약판매 실시
290926,신간 고양이와 배우는 기발한 미술사
290927,北 남측 DMZ에 심리전 전광판 설치…軍 사실과 달라종합
290928,변재일 청주공항∼오송역 셔틀열차 도입 공약
290929,중국내 北식당 종업원에 집단탈북 여파로 외출금지령 RFA
290930,朴대통령 북핵성격 근본적 변화…강력한 대북제재 조치
290931,日 증시 미·중 무역전쟁 휴전에 닛케이 2.13% 급등 마감
290932,카카오미니에 카톡 읽어주기·빠른답장 기능 추가
290933,MWC19 결산 ② 접고 펼치고·접었다 떼고…스마트폰 전쟁 시작
290934,이해찬 5당 대표회담 조속히 개최…민생경제연석회의 가동
290935,문 대통령 야당 의원들과 악수
290936,무더웠던 8월…부울경 폭염일수 44년간 두번째 많아
290937,KT 지능형 영상 보안 솔루션 기가 아이즈 출시
290938,김정훈 1년이상 미거래 잔액 0원 계좌 해지 법안 발의
290939,일상의 중력에서 벗어나려는 샐러리맨의 이야기
290940,롯데건설 하·폐수 슬러지 건조기술 환경부서 녹색인증
290941,충북 지칠 줄 모르는 한파…내일 제천 영하 20도
290942,작년 1인당 국민소득 2만9천745달러…올해 3만달러 돌파할 듯
290943,LG G6에 넣는다는 히트파이프 갤노트7에 먼저 썼다
290944,삼성 갤럭시 타조의꿈 美 광고제 13개 부문 수상
290945,박정호 SKB 방송·통신융합 서비스 1등 회사 만들 것
290946,3차전서 위닝샷 SK 김선형 5년 전 아픔 되풀이하기 싫었다
290947,이탈리아 로마의 마지막 유대계 홀로코스트 생존자 별세
290948,5년 만에 2월에 던진 류현진 표현할 수 없을 정도로 기뻐
290949,대전 찾은 세계기자단 코리안 하트
290950,가자지구 공습에 이스라엘은 안보정국…대연정에 힘 실릴까
290951,아시아 남자배구 강호 이란 올림픽 예선서 쿠바에 3...
290952,41 30석만 연동형 캡 적용…기소심의위 없는 공수처 도입종합
290953,문 대통령·여야 대표 靑서 오찬회동…초당적 안보협력 논의종합
290954,과기정통부 올해의 기초연구자 10명 선정·시상
290955,다산네트웍스 통신 품질 측정 기술 日 통신사에 공급
290956,중계권 수입 증가 EPL 에이전트 지급액도 한해 2천억...
290957,에티오피아서 부족간 충돌로 최소 17명 숨져
290958,IS 테러리스트 비틀스사형제 존속 미 버지니아서 재판받을 듯
290959,부상 투혼 파다르·미친 선수 허수봉…우승의 숨은 주역들
290960,삼성전자 갤노트7 사과에도 中 소비자들 불만 여전
290961,올해 과학기술유공자에 故 김시중 고려대 명예교수 등 12명
290962,디에스케이 프로톡스 주식 110만주 취득
290963,이야기하는 나경원과 윤상현
290964,성범죄 약물 검출 키트·산불 확산 예측 시스템 개발 추진
290965,이스라엘 트럼프 이름붙일 골란고원 정착촌 결정…절차 착수
290966,페이스북 분기매출 47% 늘었지만 불투명한 미래에 주가 하락종합
290967,베네수엘라 남부 브라질 접경서 군 발포로 1명 사망·12명 부상
290968,예결위 조국 공방…與 국민 선동 vs 野 기득권 민낯종합2보
290969,삼성重 유상증자 흥행…구주주 청약률 100% 넘어
290970,캐나다 중국인 유치 확대위해 현지 영사관 2배 증설
290971,그래픽 류현진 샌프란시스코 자이언츠전 투구내용
290972,현대캐피탈 2년 연속 우승 vs 대한항공 올해는 설욕
290973,스트레스가 건강 해치는 생리적 메커니즘 규명
290974,캠코 건설계약 운용에 사회적 가치 투영…심의위원회 발족
290975,가정의 달 5월 T멤버십 혜택 누리세요
290976,파리바게뜨 갈등 봉합됐지만…긍정적 발판 vs 부정적 선례
290977,구조조정 내홍 아시아나항공 노사 폭행시비까지
290978,러시아에서 6번째 우승을…브라질 2018 월드컵 플랜...
290979,G6에 LG 로고 꼭 넣어야 했나…조준호 사장의 대답은
290980,전남 동부권 5개 지역 폭염주의보…광양 35.4도
290981,이동통신에서 미디어로…통신 3사 본업 탈출 가속도
290982,北 핵실험 국방위도 규탄결의안 채택…北 파탄 경고
290983,탄자니아서 유조차 폭발로 최소 60명 사망종합
290984,교육 서비스에 5G 접목…KT·LGU EBS와 콘텐츠 제작 협력
290985,함평에 기아타이거즈 2군 전용구장 들어선다
290986,뉴욕 언론 류현진 양키스 오면 포스트시즌 1선발 나설 것
290987,월드컵 한국 1차전서 103㎞ 뛰어…32개국 중 20위
290988,남자배구 최하위 한국전력 리빌딩 작업 착수…전력 보강
290989,아시안게임 김연경 32점 대폭발…한국 여자배구 일본 ...
290990,선택 4.13 500m에서 50m까지…출구조사의 변천사
290991,경북 성주 노상에서 60대 남성 숨진 채 발견
290992,권칠승 상가임대료 현금 말고 카드로도 납부…법안 발의
290993,구글 모기업 알파벳 아람코와 합작 데이터 센터 건설 추진
290994,SK텔레콤 대한골프협회에 국가대표 발전기금 전달
290995,노약자 실외활동 자제 경기 17개 시·군 오존주의보종합
290996,가을 눈과 입이 즐겁다…정읍 구절초축제의 선물은
290997,경기북부경찰 폭발물 처리 로봇 첫 시범 훈련
290998,한국 국제한림원연합회 이사국 선임
290999,샤페코엔시 생존선수 걸음마 시작…곧 복귀하겠다
291000,한국여자청소년배구 카자흐 꺾고 아시아선수권 B조 2위
291001,게시판 과학관 역할 제고 워크숍
291002,프로야구결산 ① 두산 독주·한화 도약…KIA 부진·NC 몰락
291003,北 또 사드갈등 부추겨…南 중러의 목표됐다 주장
291004,없던 일로 끝난 윈도 헐값 직구 소동…MS 전량 구매취소
291005,의원총회에서 발언하는 홍영표
291006,우리 아이 AI 친구…LG유플러스 프렌즈 미니 3종 출시
291007,전국 대체로 맑고 따뜻…수도권 미세먼지 주의하세요
291008,이총리 해리스 美대사에 물샐틈없는 한미공조 강조
291009,노란 조끼 시위 해법 찾자…佛 2개월 사회적 대토론 착수
291010,與 탕평인사건의에 개각 밑그림 달라지나
291011,LGU 5G 스마트 항만 구축…부산항만공사와 MOU
291012,팽목항 세월호 분향소에서 마지막 묵념
291013,베트남축구 AG 첫 4강…땡큐 박항서 축구팬들 거리서 열광
291014,평양정상회담 백화원에 모감주나무 심은 문 대통령
291015,제주에 대설경보·강풍주의보…항공기 이착륙 지장 우려종합
291016,키움투자자산운용 로보어드바이저 활용 첫 공모펀드 출시
291017,고위당정청 靑·총리공관·당 순회…내달 靑 첫 개최종합
291018,참여정부 대북정책 그림자 휘말린 文…정면돌파 시도종합
291019,우리은행 1분기 당기순이익 5천945억원
291020,서울 강남3구 아파트 가격 수도권에 단기적 영향 커
291021,북한 삼지연관현악단 극장 개관
291022,이집트 의원들 엘시시 대통령 임기연장 추진
291023,현대캐피탈·삼성화재 여름밤에 펼치는 배구 라이벌전
291024,김동연 해외 일자리는 청년실업 대책 큰 줄기 중 하나
291025,LG전자 V50 씽큐 국내 출시 연기…5G 완성도 보완
291026,누구나 레저를…춘천레저대회 개막 보름 앞두고 준비 본격화
291027,MLB개막 한국선수 빅5 예열완료…미국 본토를 흔든다
291028,한국당 靑 이미선 부실검증 맹공…대통령 사과해야
291029,재건축 조합원의 반발 관리처분인가 단지 상한제 제외해달라
291030,北 노동당 7차 대회 참가자들 평양 집결
291031,한미 美 증원전력 한반도 신속전개 훈련…대북 경고메시지
291032,문체부 지자체 주도 관광개발 사업 공모
291033,답답한 잿빛 하늘…경기도 초미세먼지 주의보 24곳으로 확대
291034,무더위엔 공연장으로…오페라 투란도트·라 트라비아타
291035,속보 文대통령 정세균 후보자 함께 잘사는 나라에 기여 기대
291036,朴대통령 안보·국익 따라 사드 검토…전술핵 생각안해
291037,봄봄봄 봄이 왔네요…사랑이 꽃피는 계절빅데이터
291038,일문일답 文대통령 개각…1∼2주 뒤 장관 1명 추가 인사
291039,6월 알뜰폰 번호이동 가입자 6년반만에 3만명 하회…5G 소외 탓
291040,아이폰XS·XR 예약판매 시작…초기 예약량 아이폰X과 비슷
291041,프랜차이즈 필수물품 공급가격 공개된다…업계 반발 소송 검토
291042,양의지·후랭코프 두산 자체 선정 KB국민카드 3·4월 MVP
291043,박지원 潘의혹 검찰이 수사해 발표하는 게 도리
291044,조선신보 안보리 결의안 자주권 침해…北 대변매체 첫 반응
291045,위성우 감독 돌아가신 아버지 마지막 선물인가 봅니다
291046,만트럭버스코리아 결함 논란에 사과…안전과는 무관
291047,한국 소프트파워 세미나 참석한 주 밀라노 총영사
291048,총선 D1 한 표만 더…여야 박빙 승부 청주서 마지막 호소
291049,원유 DLS 투자자 악몽이 현실로…60%대 손실 속속 확정
291050,허리케인 피해로 연기됐던 아이티 대선 11월 20일 실시
291051,정교회 수장 바르톨로메오스 1세 남북평화 위해 늘 기도해
291052,이총리 취임 1년 오늘 하루 반성의 시간 가질 것
291053,프로야구 KBO 올스타전 3일 예매 시작
291054,전반에만 81점 몰아친 골든스테이트 토론토 맹추격에 진땀승
291055,오바마 멕시코는 전략ㆍ경제 파트너…이웃이자 친구
291056,한국 야구 아시안게임 금메달 향해 본격 발진
291057,문 대통령 총리와 함께
291058,만족 없는 나경복 성장했다지만 아직 5경기밖에 안 했다
291059,엠넷 MAMA 한국·일본·홍콩서 12월 10일 개막
291060,이란 군사옵션 볼턴 경고에도 7월7일 핵합의 이행 더 축소
291061,朴대통령 MOU 실질성과 내자…이란 부통령 적극 이행노력종합
291062,정진석김무성최경환 오전 긴급회동…당 정상화 합의
291063,영상 여야 필리버스터 대결 2라운드 돌입… 공수처 본격 공방
291064,좋은기업硏 대한항공 조양호·롯데케미칼 신동빈 이사 반대
291065,LG 속절없이 7연패…이틀 연속 롯데에 1점 차 패배
291066,멀티히트 맹활약 추신수 시즌 타율 0.296
291067,예루살렘서 무슬림이스라엘 경찰 충돌로 60여명 부상
291068,북미처럼 극적 반전없이 미·이란 정면충돌로 가속종합
291069,현대로템 현대차투자증권에 200억원 채권 매도
291070,김종필 전 국무총리 별세…향년 92세2보
291071,흥이 넘치는 요스바니 리시브 부담 없어…범실은 줄여야
291072,EU 4명 중 한 명꼴로 암으로 숨져…암사망자 21%는 폐암
291073,중국 상하이에 2번째 인공지능 시범구
291074,접었다 펴는 폰 시대 열린다…삼성 갤럭시폴드로 선공
291075,KB증권 포스코 원가 상승 부담 지속…목표주가↓
291076,美태평양공군사령관 F35 6년 후 아태지역에 200대 넘을 것
291077,안랩 올해부터 과감한 투자…4대 핵심과제 제시
291078,DB금융투자 GS홈쇼핑 영업익 증가세 지속…목표가↑
291079,과총 창립 50주년 기념우표 발행
291080,日 후쿠시마 원전 처리수 처분방안으로 장기보관 검토
291081,보헤미안 랩소디 퀸 내년 1월 한국 온다
291082,이해찬 강경화·정경두에 출마타진…내달 차출명단 靑전달 예정
291083,짱기자 리뷰 성능은 좋은데 가격이…LG전자 톤플러스프리
291084,삼성 중국 겨냥 초고가 폴더폰·저가 ODM폰 잇달아 출시
291085,靑 사드부지 바꾸긴 쉽지 않지만 요청따라 타부지도 조사
291086,네덜란드 마약조직 죽음의 천사 두목 두바이서 체포
291087,핵추진 미사일 폭발 후 러시아 방사능 관측시설 먹통 늘어
291088,이정현 우병우 거취 검찰 조사 끝나고 결정해야종합
291089,中인민은행 위안화 가치 7거래일째 절하 고시…强달러 영향
291090,정책기획위원회 오찬 간담회장의 문 대통령과 정해구 위원장
291091,게시판 민화협회 제10회 대한민국민화공모대전 개최
291092,고통을 비명으로 형상화한 연극 비명자들2
291093,LG V40 씽큐 공시지원금 최고 23만원…예약판매 시작
291094,중국서 올해 14월 규모 3.0 이상 지진 184차례 발생
291095,민주 사립유치원 에듀파인 사용신청 이달 중순까지 늦춰야종합2보
291096,이란 혁명수비대 미국이 테러조직 지정하면 상응조처
291097,北 2223일 평안도에 폭우…구성군 349㎜ 등
291098,구리서 편의점 흉기 자해 난동 30대 검거
291099,실전 감각 찾고 돌아온 이청용 벤투호에 여유를 더할 존재
291100,네이버 CEO 아름다운 바통 터치종합
291101,킹 제임스 NBA 챔프전에서 오른손 다친 상태로 뛰었다
291102,부패의혹 브라질 하원의장 사임…탄핵정국에 변수 가능성종합
291103,버거킹 유럽서 채식 버거 판매 개시
291104,LG 차기 스마트폰 G7 씽큐 내달 2일 뉴욕서 공개
291105,英축구 리버풀 빌 게이츠에 인수제의 했다가 퇴짜
291106,한국투자 정유업종 1분기 깜짝 실적 가시화
291107,언론자유조형물건립추진위원회 발족식
291108,여자농구 국민은행 KDB생명 12연패 빠뜨리고 선두 추격
291109,美국무부 이라크 주재 비필수 직원에 철수명령
291110,황선홍 중국 프로축구 옌볜 사령탑 취임
291111,이석수 엘시티 잘 안되면 현기환 무사 못할 것 얘기 돌아
291112,코스피 브렉시트 우려 완화에 7일만에 찔끔 상승 마감
291113,터키 S400은 사용하려고 산 것…치워둘 생각 없다
291114,IBK투자 메리츠화재 작년 기대 이상 실적…성장세
291115,증시 또 패닉…코스피 2%·코스닥 3%대 급락종합
291116,사업승인 호재 개포 주공1단지 억 소리나게 올랐다
291117,한국은행 정기인사…정책연구 부서간 교류 확대
291118,시진핑 방문한 그리스 중국인 투자이민자 급증
291119,日공정위 美 대형IT기업 부당거래 실태조사
291120,中 훈춘에 나진항 연결할 국제버스터미널 착공
291121,NHN엔터 페이코 가입자 410만명…제휴 확대할 것
291122,이란 호르무즈해협서 유조선 연쇄 억류…봉쇄 능력 시위
291123,서브 압도 현대캐피탈 KB손해보험 꺾고 5연승 질주종합
291124,게시판 신세계IC 신세계백화점·구글과 AI서비스 협력
291125,일본 인구 10년 연속 감소…외국인 비율은 첫 2% 돌파
291126,카톡방 URL 검색 노출 개인정보법 위반 소지 약해
291127,LGU 20만원대 LG전자 스마트폰 X 스킨 단독 출시
291128,코스닥 활황에 증권주도 활활…KTB투자 상승률 1위
291129,대북제재에도 외국인 북한관광은 계속 RFA
291130,월드컵 D30 ② 태극전사 생존 경쟁…최강 베스트 ...
291131,커쇼의 복귀 준비…내가 건강하다는 걸 확신한다
291132,트럼프 선거자금 운영자로 헤지펀드매니저 영입
291133,채식과 육식의 황금비율은…신간 채소의 인문학
291134,화이트삭스 FA 투수 카이클 영입 발표…3년 5천550만...
291135,기자간담회 하는 박정호 SK텔레콤 사장
291136,문대통령 경제성과 체감이 목표…개천서 용나오는 사회 만들자종합
291137,경남 김종부 감독 7월의 감독상 수상…6경기서 4승 2무
291138,KT 5G 포럼 의장사 선정…산학 협력 강화
291139,리커창 마카오 식민지배 포르투갈 챙기기…일대일로 협력 겨냥
291140,유럽챔스 4강 확정…AT마드리드·유벤투스 2위 징크스 깰까
291141,철인 손흥민 혹사 논란 난 프로선수다
291142,김학범 감독 벤투호와 실전 선수 평가·문제 발견 도움될 것
291143,이탈리아·스위스 등 8개국 러시아행 티켓 4장 놓고 내달 격돌
291144,미국 리비아·예멘·소말리아 국민 무비자 입국 불허
291145,KT 나들이객 할인·경품 이벤트…뽀로로파크 30% 할인
291146,올가을 최저기온…바빠진 대관령 주민들
291147,시험은 한국인의 사회적 DNA…한국사회 시험의 1천년 역사
291148,美맥도날드 수당 도둑질 집단소송 305억원에 합의
291149,과천과학관 월 5천원 기부금 모아 소외 청소년 후원
291150,엿새째 국감도 어김없이 조국…文정부 경제정책도 쟁점
291151,홍콩 출신 알렉스 프로배구 신인 드래프트서 낙점 팀 관심
291152,주말 N 여행 호남권 2016명분 떡볶이 함께 만들어요…순창 장류축제
291153,바다 유출 기름 회수하는 기기 개발
291154,베스트셀러 무더위에 추리소설 인기 지속
291155,2금융권부터 신호…카드 연체율 오르고 보험 해지 늘어종합
291156,고급화가 살 길…명품 브랜드 늘리는 대구 유통업계
291157,연륙교 공사로 어업피해
291158,문 대통령 김기웅 한국경제 사장과 인사
291159,네이버 새벽 한때 먹통…네트워크 장비 이상
291160,축구협회 러 월드컵 대표팀 응원 슬로건 공모
291161,선거기사심의위 기준 위반 지방선거 보도 24건 제재
291162,사고로 뒤엉킨 차량
291163,게시판 작가 장강명·김연수·정유정 교보인문학석강 강연
291164,LGU 데이터 속도·용량 완전무제한 요금제 국내 첫 출시종합
291165,K리그2 꼴찌 안양 선두 성남과 극적 무승부…3경기 무패
291166,탬파베이 최지만 연속 범타 후 교체…시즌 타율 0.263...
291167,레바논 대통령 이스라엘이 공격하면 결과 책임지게 될 것
291168,애국가 부르는 안철수
291169,조국 대통령 헌법 개정안 지방분권·경제부분 브리핑
291170,김종인 野 재정비 마지막 기회…믿을수 있는 정당으로
291171,부산 제조업 경기전망지수 곤두박질…조선기자재는 역대 최악
291172,1보 41 선거법ㆍ검찰개혁 법안 최종 타결
291173,KBS이사회 고대영 사장 해임제청안 15일 논의
291174,KT 웹케시·제노솔루션과 핀테크 분야 협력
291175,네이버 스포츠 주제판에 AI 콘텐츠 자동 추천 시범 적용
291176,쇼핑대목 무색 美소매판매 예상밖 감소…경기우려 고조종합
291177,출국 많고 입국 적다…1분기 여행수지 적자 37억弗 10년만 최대종합
291178,게시판 미래 관광 발전을 위한 토크콘서트
291179,남북정상회담 B컷 공개 김정숙 여사와 김여정 제1부부장
291180,기형도 30주기 맞아 시전집·트리뷰트 시집 출간종합
291181,태영호 北체제 홍보맨에서 통일 전도사로 변신
291182,일본인이 꼽은 비호감 국가 북한＞중국＞한국 순
291183,IMF총재 미중 무역전쟁에 취약신흥국 충격…위기전염 우려
291184,한국 디지털변환 가속에 2021년 GDP 420억불 더 성장종합
291185,맨시티 AS모나코 실바 영입…몸값 616억원에 5년 계약
291186,이주열 시장변동성·내외금리차로 자금유출 가능성 배제못해
291187,GM공장 폐쇄 반대하는 군산 시내 현수막
291188,부산 7일 만에 시원한 비…폭염경보→주의보
291189,서울외환시장 원달러 환율 1115.7원에 올해 마감
291190,프로축구 대전광주 승강 준PO 대충돌…마지막 기회 잡아라
291191,특징주 인터플렉스 일부 생산중단 여파에 주가도 하락
291192,중동 정세 악화로 다시금 주목받는 호르무즈 해협
291193,유엔 IS 남은 시리아 동부서 2만5천명 피란민 발생
291194,카슈끄지 약혼녀 유엔서 국제 사회 진상조사 호소
291195,LGU 호주프로야구리그 생중계 서비스 시작
291196,울산 8개 기업 공동 사회공헌 장애인과 나무 심기
291197,이란 대통령 호르무즈 평화 구상 유엔에 제안할 것
291198,경자년 맞아 경자님께 선물 드려요…KT 해외여행 로밍 이벤트
291199,신간 선물 관계·한나 아렌트
291200,SK하이닉스 하반기 3D낸드 월 2만∼3만장 생산 확보
291201,노장 사진가가 20여년만에 꺼낸 필름엔 어떤 이야기가
291202,윤재옥 한국당 최고위원 출마…총선 승리 내비게이션 되겠다
291203,신용회복위 스마트폰 앱 출시…300만원 이하 대출 신청 가능
291204,北 선전매체들 북한인권법 시행 비난
291205,네이버. 제2데이터센터 설계 공모 본선 진출 10개팀 선정
291206,아베 오바마 히로시마 방문은 새 역사의 한 페이지종합
291207,오신환 北어선 진입에 국정조사·국방장관 해임건의안 추진
291208,박영선 朴대통령 선거개입 논란에 선거중립 의무 지켜야
291209,美 이란 핵활동 관련 제재 7건 중 5건 유예 연장
291210,불법수출 쓰레기 빨리 가져가라…필리핀 주캐나다 대사 소환
291211,이재용 삼성물산株 매입…순환출자 고리 어떻게 끊나종합
291212,디펜딩 챔프 코트디부아르 아프리카네이션스컵 조별리그 탈락
291213,IMF 韓 상당한 재정여력…적극적 재정지출 권고
291214,광주시 아트폴리스 정책 명칭 선호도 조사…19일까지
291215,아베 베트남ㆍ스리랑카와 中 해양진출 공동대응 합의
291216,베스트셀러 김난도 트렌드 코리아 2020 1위 올라
291217,날씨 서울 아침 영하5도… 전국 기온 뚝 강원산간 눈23일
291218,2018 과학기술유공자 후보에 故 김호길 박사 등 17명 선정
291219,손흥민 2년 차 징크스 없다…15일 차범근 대기록 도전
291220,6·13 선거 한국·바른미래 참패 쓰나미… 당 간판들 몰락
291221,그래픽 재량근로제 가이드라인 주요 내용
291222,정의용 수석특사 북미대화 시작할 충분한 여건 조성속보
291223,카카오 블록체인 클레이튼 기반 9종 서비스 공개
291224,카카오 최근 1년 국내 게임사 22곳에 706억원 투자
291225,北 산림복구 저해 주민에 최고 사형 경고
291226,6경기 연속 QS 넥센 최원태 AG 대표 뽑힌다면 ...
291227,문 대통령 안전불감증은 청산할 적폐…靑에 화재안전 특별 TF
291228,프로농구 DB 시즌 첫 연승…최하위 삼성은 속절없이 7연패...
291229,내일날씨 더위 속 중부 장맛비…강원 최대 120㎜ 물폭탄
291230,北 사법기관 인권유린 방지 조처…美 인권제재 여파
291231,반EU 헝가리 총리 거친 표현 사과…유럽의회에 편지
291232,MBC PD수첩 검사와 금융재벌편 방송금지가처분 기각종합
291233,방통위 이통3사 약정할인제 고지 실태 점검
291234,ML 슈퍼스타 하퍼 이적 후 첫 친정방문…팬들은 환영해...
291235,핵합의 서명국 이란에 핵합의 일부 미이행 우려종합2보
291236,국회 김선수·이동원·노정희 대법관 후보자 임명동의안 접수
291237,체코 병원서 총격으로 6명 사망…진료 대기 환자들 참사종합2보
291238,삼성 갤노트8으로 다시 중국 파고든다…아이폰X과 맞대결
291239,프로야구 SK 로맥과 총액 130만 달러에 재계약
291240,삼성전자 월드컵 앞두고 모스크바 갤럭시 스튜디오 오픈
291241,한화 8경기 연속 매진…구단 타이기록
291242,靑문건유출 조응천 더민주 입당…文의 마지막 영입종합
291243,제21회 울산보훈대상 5개 부문 시상…경상일보 주관
291244,최종구 박삼구 회장 또 복귀하면 시장 신뢰 못 얻어
291245,금화피에스시 보통주 1주당 900원 현금배당
291246,그리스 총리 불신임투표 넘고 마케도니아와 합의안 지켜낼까
291247,北미사일 발사 삐걱 한중 대사초치까지…파열음내나종합
291248,마크롱 佛 대통령 지지율 1년만에 최고수준 반등
291249,아시안컵 선수단장에 최영일 축구협회 부회장…우승 위해 지원
291250,한미 北인권 협의채널 설치…총체적 대북압박 나선다
291251,세네갈 마키 살 대통령 재선 성공…1차 투표서 58% 득표
291252,정부 안보리 北미사일 규탄 환영…결의채택 가속화 기대
291253,이통3사 주파수 경매 참여 신청…3조원대 쩐의 전쟁종합
291254,北김정은 쌍방기동훈련 참관
291255,남북정상회담 B컷 공개 냉면먹는 두 정상
291256,이인영 공수처는 공정수사청…한국당 엉터리 선동 멈춰라
291257,프로야구선수협 선수 인권개선 기여한 노회찬 의원 애도
291258,중국 미국에 링지화 동생 송환 않으면 사법협력 중단 압박
291259,날씨 내일도 찜통·열대야…전주 35도·서울 34도
291260,그래픽 GDP 대비 가계부채 증감 상위 10개국
291261,50년 출판외길 출판계 거목 박맹호 민음사 회장 별세
291262,교보문고 광화문점 내달 1일 자정까지 심야영업
291263,우간다서 구호식량 먹고 식중독…WFP 배급중단·원인 파악중
291264,게시판 SKT 5GX 마법사진관 최고 사진 선정 행사
291265,내년부터 삼성·LG 신형 스마트폰으로 FM라디오 듣는다…
291266,EPL·세리에A는 프랑스 리그앙은 브라질 선수 선호
291267,하나금융투자 LG유플러스 실적 우려 해소
291268,설산으로 변한 북한산은 한 폭의 수채화
291269,바르셀로나 대승으로 국왕컵 16강 안착…4연패 도전 순항
291270,밸런타인데이에 만나는 예술의전당 11시 콘서트
291271,孫 호헌파 솔직해져라 세력화 시동…개헌파 총집결종합
291272,신간 골드
291273,이정미 신년회 대신 파인텍 굴뚝농성 지지방문
291274,한국 작가가 읽은 세계문학 34편 더한 증보판
291275,삼성 새만금 투자약속 철회 진실 밝혀라 목소리 봇물종합
291276,애플 다양성 강화한 이모지 추가
291277,북한 美대학생 관광객 반공화국 적대행위 혐의로 체포종합3보
291278,태영호 전 北공사 아들 2명 등 가족 동반귀순
291279,러시아 이르면 2021년부터 외국인 면세 제도 도입
291280,이스라엘 총선서 우파진영 신승…네타냐후 총리 5선 유력종합
291281,휴스턴 에이스 벌랜더 18승째…MLB 전체 ERA 2위로 상승
291282,금융위 올해 나온 규제로 카드사 연간 7천50억원 손해
291283,남북 철원 화살머리고지 일대서 DMZ 공동유해발굴속보
291284,文대통령 청년일자리 요술방망이 없어…하나씩 만들어가야종합
291285,英 총선서 스코틀랜드국민당 선전…분리독립 탄력받나
291286,임도헌호의 도전…남자배구 20년 만의 올림픽 본선 꿈꾼다
291287,대한항공·현대 내부 FA 모두 잡았다…손현종·이민욱만 옮겨
291288,공학한림원 한중 협력 통해 산업혁신 모색
291289,한은 10년간 국제금융기구에 대납한 출자·출연금 108억달러
291290,이 뉴스는 30대 남성이 관심 많네…댓글로 분석한다
291291,카카오 파트너 초청행사…함께 성장할 길 고민
291292,DGB금융 1분기 영업이익 1천211억…7.7% 감소종합
291293,삼성바이오 분식회계 대심제 적용…제도 도입 후 두번째
291294,군통수권자 트럼프 상상하면 무섭다 vs 힐러리 외교 나약종합2보
291295,게시판 2019 건국언론인상에 심재윤·이동희
291296,눈 가린 정의의 여신은 진정 공정한가
291297,탈북민 30여명 중국 공안에 체포돼 북송 위기
291298,SKT 5G 로밍 연내 4개국→내년 20개국 이상으로 확대
291299,북한 당국 해외근로자 일부에 철수 명령 RFA
291300,美 휴스턴 해안서 보잉767 화물기 추락…3명 실종
291301,민주 원내대표 경선 결선투표…이인영 vs 김태년종합
291302,MWC19 하현회 LGU 부회장 B2C 서비스 통해 5G 주도할 것
291303,젊은 유망 과학자로 차세대 한림원 구성 추진종합
291304,결국 쓰러진 아가메즈…우리카드의 도약 이끈 헌신
291305,트럼프 우군 美폭스뉴스 여론조사에서도 51%가 탄핵 찬성
291306,에스엔텍 116억원 규모 반도체 제조장비 공급계약
291307,특징주 현대위아 디젤엔진 투자 결정에 급등
291308,與경선후보도 野후보도 박원순 때리기…서울시장 선거전 가열
291309,특징주 종근당 3분기 실적개선 전망에 강세
291310,류현진 3월 2일 MLB 시범경기 두 번째 등판할 듯
291311,삼성 미래기술육성사업에 UNIST 3개 교수팀 선정
291312,케리 美국무 방글라서 안보 협력 논의…IS 잇단 테러 배후
291313,6위 뉴올리언스 3위 포틀랜드 잡고 NBA PO 1차전 ...
291314,별풍선 판매 호조 아프리카TV 2분기 영업익 56%↑종합
291315,한국정보화진흥원 어르신 IT 봉사단 운영기관 모집
291316,살인킥 마네 햄스트링 부상으로 6주 결장 불가피할 듯
291317,SKT 이어 KT도 5G폰 지원금 인하…출혈 경쟁 숨 고르기
291318,北김정은 모든 시·도 대표 추대…곧 당대회 소집공고할 듯종합
291319,LTE 탑재한 애플워치 삼성·LG 스마트워치와 비교해보니
291320,이스라엘 총선 실시…네타냐후 총리 연임여부 주목종합
291321,LG전자 MWC서 중저가폰 3종 공개
291322,컬페퍼의 다이빙…프로농구 인삼공사를 일으켰다
291323,경기도 가상현실·증강현실 산업 육성 스타트
291324,伊 연정 캐스팅보트 쥔 민주당 오성운동과 연정 협상 공식화
291325,美언론들 갤럭시S8 등장에 찬사…카메라 개선은 미흡
291326,유은혜 사립유치원 허위사실 유포 계속되면 경찰수사 의뢰종합
291327,한국인터넷진흥원 랜섬웨어 대응 글로벌 프로젝트 참여
291328,터키 법원 2016년 쿠데타 시도 관련자 24명에 종신형 선고
291329,삼성전자에 30조원 배당 요구한 엘리엇 다음 행보는
291330,창조경제혁신센터 고용존에서 일자리 762개 주선
291331,영어 못해도 뉴욕 택시 운전 가능…면허시험 때 영어 폐지
291332,뉴욕 타임스퀘어에 설치된 갤럭시 노트8 옥외광고
291333,호날두 발롱도르 자축 멀티골 폭발…팀은 50 대승
291334,이란 파스 공항서 9명 탑승 화물기 추락
291335,마케도니아 국호 변경절차 완료…이제 북마케도니아
291336,추신수 4경기 만에 안타…MLB 텍사스 5연패
291337,기촉법 11월 시행…자율협약후 기촉법 전환 가능
291338,이란 새 대공방어 시스템 공개…안보 위해 군사력 증강
291339,여자농구 1라운드 MVP에 KB 박지수
291340,파국 피하자…새해 첫 미중 무역협상 베이징서 개시
291341,남양주 도로에서 BMW SUV 차량 주행 중 화재
291342,차량공유서비스 차차 국토부 불법 판단에 반발
291343,조성진 부회장 LG폰 혁신하되 혁신의 폭은 좁게
291344,K리그 경남 김종부 감독 개막전 판정 항의로 3경기 출장정지
291345,동정방통위 허욱 부위원장 등 KT 융합기술원 방문
291346,케인 네이마르 이어 몸값 2위 되나…레알 2억 유로 준비
291347,한투증권 日 백색국가 제외로 한은 기준금리 더 내릴 듯
291348,넷플릭스 일본 제작사와 손잡고 애니 라인업 강화
291349,강풍 제주 항공편 무더기 결항…2만4천명 발묶여종합
291350,文대통령 與 지도부·시도당위원장과 만찬…당청 소통 강화종합
291351,박정아 26득점 펄펄…도로공사 선두 GS칼텍스 꺾고 4위 도약
291352,中보건당국 흑사병 환자 1명 위중…추가 발생 없어
291353,더민주 전대 컷오프 통과 총력전…단체장 표심 변수로
291354,화천산천어축제 대표축제답게 나눔과 이웃사랑 실천
291355,KB금융 일산에 은행·증권 합친 종합금융센터 복합점포 신설
291356,드론계의 애플 DJI 미니드론 스파크 출시…62만원
291357,게시판 KT 텔스타홈멜과 스마트팩토리 MOU
291358,금융위원장 DLF 사태 금융권 신뢰회복 기회로 삼아달라
291359,국내 주식형 펀드에 사흘만에 자금 순유입
291360,강원도 올림픽 이후 양양공항 항공수요 창출에 전력
291361,트럼프 애플 미국에 아름답고 큰 공장 3개 지을 것
291362,아프리카 부룬디서 산사태로 최소 38명 숨져
291363,민주 오늘 긴급 최고위서 이재명 징계 여부 논의
291364,조명균 국민소통 부족한 부분 많아…더 많은 말씀 듣겠다
291365,ECB 금리동결…적어도 연말까지 금리 유지종합
291366,유튜브 국내 전 연령대에서 가장 오래 사용
291367,김현아 실거래가 공개자료 누락 많아 신뢰도 저하
291368,테라젠이텍스·바이오니아 유전체 RD 업무협약
291369,의장석 점거·몸싸움·욕설까지…동물국회 재연 아수라장 국회종합3보
291370,올가을 휴대전화 싸질까…통신비 인하 여파 주목
291371,포켓몬 고 속초를 북한으로 분류…틈새지역 존재
291372,벨기에에 첫 여성 총리 탄생
291373,수협 노량진 구시장서 외부단체가 직원 폭행…1명 중상
291374,밀양 동북동쪽 규모 3.5 지진 발생…경남 전역서 진동 감지종합
291375,국제유가 이란발 공급충격 진정…WTI 0.6%↓
291376,그래픽 아인슈타인 중력파 세번째 관측…블랙홀 충돌로 발생
291377,OK저축은행 여자농구 데뷔전서 22연패 사슬 끊고 첫 승
291378,SK 中 알리바바와 클라우드 사업 파트너십 계약
291379,佛 정부대변인 브렉시트 추가연기 누구에게도 이익 안돼
291380,기관·개인 매도에 코스피 하락 출발…2080대 약세종합2보
291381,류현진 1점대 평균자책점 지킬 수 있을까
291382,벤투호 코치진이 감독 기자회견에 들어오는 이유는
291383,처가 부동산·몰래 변론…우병우 의혹 쟁점과 해명은종합
291384,동정 이효성 방통위원장 한국광고주협회와 간담회
291385,세계 소비자 손바닥 장악한 최강자는 여전히 애플
291386,금투협 외국인 대주주 과세확대 보류 환영
291387,여야 김태우 폭로 공방 가열… 정치공세 vs 靑민정 책임종합
291388,63 감사인 지정제 예외 인정…직권 지정 범위 확대
291389,공사기간·비용 10분의 1…일론 머스크의 터널사업 주목
291390,中 외교부 미국 압박이 이란 핵위기 근본 원인 맹비난
291391,신간 문장의 일·리딩 마인드
291392,美대법 미국 vs 마이크로소프트 사생활보호권 심리키로
291393,류현진 메츠전 7⅔이닝 무실점…시즌 8승으로 NL 다승 ...
291394,듀얼카메라 품는 갤노트8·V30·아이폰8…최고 제품은
291395,문대통령 내일 11개 부처 총괄 업무보고 받는다
291396,靑비서실장 선배 박지원의 호통 고압적 자세 버려야
291397,與 총선 후보 親朴 압도적 다수…당내 권력지형 바뀐다
291398,조응천 靑 향해 무슨 얘기하려 입당한 것 아니다종합
291399,美 원조 한류 태권도 열기 시들…종합격투기 등에 밀려
291400,IS 후계자 카르다시는 누구…파괴자·교수 별명
291401,구글 헝가리 우파 친정부 매체 기금 지원 철회
291402,축구 전설 차범근 내 기록 깬 손흥민 자랑스럽다
291403,슈퍼주총데이 현대차·삼바·YG 등 300여곳 줄줄이 주총종합
291404,北 김정은 인민군 오직 내가 가리키는 방향으로만 가야종합
291405,볼턴 퇴장으로 미·이란 정상회담 탄력…조건없이 만날수도
291406,신간 보이는 중국사
291407,해발 700ｍ 고원도시의 아침
291408,퇴진 요구받은 수단 대통령 시위로 정부 안 바뀐다
291409,프로농구 SK 정규리그 최종일 KCC 꺾고 2위로 4강 직행
291410,한국출판인회의 출판통합 모바일 앱 출시
291411,일진머티리얼즈 6천억원 투자받아 말레이 공장 증설
291412,5·18 진실 밝히는 언론 5·18언론상 공모
291413,류현진 아시아 최초 사이영상 1위 표 획득…수상엔 실패...
291414,마스크 못 벗는다…홍콩 시민들 마스크 쓰고 대규모 시위
291415,한국 中국경절 최고여행지서 1년만에 20위밖 추락
291416,한국인 월평균 데이터 4.9GB 쓴다… 세계 4위
291417,伊 등 유럽 4개국 내무장관 EU 역내 난민 배분 원칙 합의
291418,정양석 재외공관 보안실태 심각…보안점검은 15년에 한 번꼴
291419,KT 어린이용 스마트워치 아키 내일 단독 출시
291420,프로배구 비디오 판독 기회 확대…스크린 반칙 판정은 강화
291421,41 합의문 발표…선거제도 비례성 높이고 사법개혁 첫발
291422,이동국 멀티골 전북 대구에 21 역전승…선두 질주종합
291423,정부 北 김정은 지시만 있으면 핵실험 할 준비종합
291424,트럼프 음담패설 녹음파일 파문 대선변수로…개인적 농담 사과종합
291425,넷플릭스 국내이용자 1년새 4.4배 급증…3개 외국OTT 400만명↑
291426,삼성 중장년 특화 폴더형 스마트폰 갤럭시폴더2 출시
291427,네이버 20돌 맞아 경영 전반 돌아보며 심기일전종합
291428,LH 내년 전세임대주택 2만1천가구 공급
291429,프로농구 현대모비스 인삼공사 꺾고 9연승 질주종합
291430,롯데 이대호 누의 공과로 2루타가 투수 땅볼 아웃
291431,언론노조 정부 방송제도개선안 공공영역 축소 우려
291432,게시판 KT 삼성·에릭슨·노키아와 5G 시범서비스 결의식
291433,대림씨엔에스 227억 규모 영암해남 도로 공사 수주
291434,U23 챔피언십 4위 김봉길호…와일드카드 찾아라
291435,10년간 잘못 지급한 국민연금 1천73억원…미환수액 45억원
291436,예멘서 알카에다 공격으로 군인 최소 20명 숨져
291437,국민의당 ON국민방송 개국…미디어 홍보전 강화
291438,美대학가도 총기 경계령…총격사건 영상 학습한 대학생 체포
291439,프로농구 DB kt 대파하고 3연승…단독 6위 PO 진...
291440,삼성·LG 코리아세일페스타서 최대 5340% 할인종합
291441,NYT 갤럭시 S8 놓고 기다렸다가 사라
291442,정의장정진석 양보없는 설전…정상화 해법 여전히 강 대 강종합
291443,다저스 워싱턴 파라에 만루포 맞고 역전패
291444,대신증권 기아차 1분기 깜짝실적…목표가↑
291445,책 먹는 여우 작가 비어만 글도 읽으려면 입맛에 맞아야죠
291446,아시안게임 패배는 잊어라…인도 상대로 설욕 나서는 여자...
291447,여자농구 신한은행 삼성생명 꺾고 3위 수성
291448,개도국 지위 포기 정책 불태우는 농민들
291449,최룡해 北 노동당 부위원장 리우 도착…스포츠외교 돌입종합2보
291450,손흥민 20·21호골 펑·펑…차범근·박지성 모두 넘었다...
291451,프로농구 인삼공사 컬페퍼 햄스트링 부상…교체할 듯
291452,LGU 이마트24에 전용매대 설치
291453,예보 뒤늦게 차기 사장 선임 절차 착수…사추위 구성 준비
291454,허츠 렌터카 운전기사 동반 서비스 출시
291455,프로농구 DB 틸먼 라건아가 르브론 정도 되는 줄 알았네
291456,트럼프 옛 참모 배넌 프랑스서 극우 지원사격…집권당 발끈종합
291457,토론토 팬들에게 SNS로 인사한 류현진
291458,새해 벽두부터 화장품·가구 생활용품 가격 줄인상…물가 비상
291459,페이스북 한국내 매출 공개작업 내년 상반기까지 완료
291460,경제난 파키스탄 1년간 해외서 19조원 빌려…역대 최대
291461,미얀마 북한 식당도 폐점 위기 RFA
291462,남자농구 대표팀 6월 일본과 두 차례 평가전
291463,홍콩 바람 타고 재선 쐐기 박겠다는 대만 차이잉원
291464,한미정상 北 식량문제 오래 얘기…北 대화견인 모멘텀 될까
291465,세기의 대국 ITㆍ과학계 이세돌 알파고 꺾을 가능성 제로
291466,언니한테 받기만 하고… 다뉴브강 사고현장 추모 이어져
291467,北 리명수 총참모장 임명 공식 확인…처형된 리영길 후임
291468,태국 잡고 도쿄행…여자배구 대표팀 이틀째 의욕적인 훈련
291469,힐러리 미국 대통령이 미국을 배신…트럼프 탄핵 지지종합
291470,세비야 챔스 16강 1차전서 레스터시티 21로 제압
291471,MLB 휴스턴 구단주 사인 훔치기 질문에 다른 이슈 없나
291472,인사말하는 심재철
291473,하나금투 5월 코스피 1940∼2050선 예상
291474,주택담보대출 금리 3개월여 만에 다시 5% 넘어
291475,강릉 올해 첫 열대야…작년보다 11일 빨라
291476,이스라엘 시리아 내 이란軍 공습 이례적 확인…11명 사망종합
291477,미국 수단 유혈사태 독립적 조사 촉구…수단 군부는 부정적
291478,국내 첫 무선 양자암호통신 성공…후속연구는 중단 위기
291479,신용보증기금 일본 수출규제 피해기업에 1조원 우대보증
291480,대한민국 서당문화한마당 강경대회
291481,9일만에 출전 최지만 2안타 1볼넷 2타점 폭발
291482,그래픽 주 52시간 시행 후 1년간 고용증감 현황
291483,北 70일 전투 이어 모내기 전투 선전 데일리NK
291484,행성 탄생 비밀 밝힐까 아기별 나선팔 구조 첫 확인
291485,제주도 산간 오후 3시 호우주의보→호우경보
291486,일제강제징용 유가족 피해보상 해결 촉구
291487,文정부 5개년 국정 4차산업혁명 핵심 국가전략으로 추진
291488,YS 묘비 제막식 26일 거행…민주주의·대도무문 새겨
291489,황희찬 시즌 16호골…잘츠부르크 컵대회 우승 2관왕
291490,여자농구 월드컵 22일 개막…한국 프랑스와 조별리그 1차전
291491,페이스북도 가세…달아오르는 모바일 개인 생방송
291492,검찰 조국 펀드 자금 관련 한투 압수수색
291493,KT 5G B2B 사업 박차…스마트팩토리 상품 3분기 출시
291494,부산지역 4월 주택담보대출 등 가계대출 증가폭 확대
291495,삼성 갤럭시S10으로 우주에서 셀피 마케팅…손흥민도 참여
291496,벤제마 막판 동점골 레알 마드리드 40경기 무패 기록
291497,코스닥 10년 만에 장중 800선 터치2보
291498,코스피 미중 갈등에 하락 출발…장중 2050선 내줘종합2보
291499,성철 스님·김수환 추기경 우표 2종 발행
291500,평화당 정동영 대표 선출에 여야 연대·협치 기대종합
291501,WISET 여성인재 대상 프로그램 개발·운영 대학 모집
291502,한·이란 첫 정상회담 한반도 비핵화·평화통일 공감종합
291503,제주에서 온 시와 이야기들
291504,조성진 열기 통영까지…5월 독주회 앞두고 문의 쇄도
291505,금감원 이달중 신용조회사 현장점검…신용평가모형 확인
291506,문 대통령 재외동포들과 유라시아 철도 퍼포먼스
291507,러 하원 가짜뉴스 금지 국가 모욕 콘텐츠 차단 법안 승인
291508,문 대통령 패럴림픽 銅 아이스하키 국가대표 17명에게 축전
291509,과기정통부 중소방송사 콘텐츠 아시아 진출 지원
291510,눈·비 내리는 휴일…충북 산·유원지 한산
291511,신간 이것이 중국의 역사다·한국 진보세력 연구
291512,상위 제약사 실적·주가 따로따로
291513,유럽이란 무역전담회사 인스텍스 출범 뒤 석달째 공전
291514,카메룬 네이션스컵서 이집트 꺾고 15년 만에 우승
291515,오대산국립공원 평창올림픽 앞두고 기반시설 새 단장
291516,그래픽 이건희 차명계좌 1천500개 육박
291517,휴대전화 로밍 정액제서 3G·LTE 구분 없어진다
291518,日 해상자위대 중동 파병안 이란에 전달…이란은 반대
291519,트위터 점령한 K팝…올해 최다 리트윗 계정 방탄소년단
291520,당정 8일 가습기 살균제 피해 대책 논의
291521,국내 주식형 펀드 닷새째 자금 순유출
291522,냉장고에서 계좌이체…하나銀·LG전자 IoT 협업 공동연구
291523,여름이 성큼…강원 횡성 낮 최고 30.6도
291524,아프간 정부 평화협상 의제 도출 회의에 3천명 운집
291525,흑해 케르치 해협서 탱크선 2척에 화재…최소 10명 사망
291526,시민단체 운전기사 전용 의혹 방정오 TV조선 前대표 고발
291527,국회 본회의 개의 지연…민식이법 등 상정 예정
291528,얼어 붙은 한강 하구
291529,홍준표 남경필 한국당 입당 시사…당에 오라고 했다
291530,어촌으로 봄 여행 떠나볼까…해수부 체험 마을 20곳 추천
291531,마레즈 레스터시티에 이적 요청 이제는 떠나고 싶다
291532,월드컵 탈락위기 아르헨 축구대표팀 감독 경질할 듯
291533,전면 시행 앞둔 오픈뱅킹 재단장
291534,홍콩 갈등 속 마카오 입법회 주석 일국양제 큰 성과 극찬
291535,필요없는 나라 많은데…아프리카 원전장사 열 올리는 러시아
291536,대통령 탄핵 작가회의 탄핵결정 기쁘고 무겁게 인용
291537,출구 못찾은 국회정상화…패스트트랙 놓고 70분간 평행대치
291538,여야 41 원내대표급 회동…예산·패스트트랙 단일안 마련
291539,사우디군 예멘 반군 수용시설 폭격 사망자 130여명
291540,실전 경험·철학 공유…김학범이 꿈꾸는 벤투와의 상생
291541,88년생 청년들의 유쾌한 반란…소설 서른의 반격
291542,언론노조 지역신문 활성화와 개혁 위한 토론회
291543,이란 유럽이 핵합의 안 지키면 5단계 이행 축소
291544,바레인 美 호르무즈 호위 연합 참여 의향 밝혀
291545,성수동 상권 가파른 성장…신규 창업 주의해야
291546,작년 북미시장서 애플 찜찜한 1위…삼성·LG는 선방
291547,토트넘 첼시 14연승 저지…손흥민은 후반 추가시간에 출전
291548,박병호 3년만의 PS 홈런포…넥센 준PO서 한화에 기선제압
291549,제주도 실업급여 부정 수급 70명 적발…1억2천만원 반환 명령
291550,프로축구 수원 경남 꺾고 4연승 질주…선두 전북 추격
291551,LG G6 카툭튀 없는 고화질 광각 후면 카메라 탑재
291552,민주콩고서 15명가량 탄 소형 비행기 주거지역 추락
291553,그래픽 금리 연계형 DLS 발행 추이
291554,리비아 사라즈 총리 내전해결 위해 연말까지 대선 실시 제안
291555,수아레스 선제골 FC바르셀로나 국왕컵 결승 진출
291556,홍영표 법관 탄핵소추 적극 검토…논의 즉각 시작
291557,부산국제코미디페스티벌 미녀 홍보단
291558,靑 개헌 우리가 지금 할 수 있는 입장 아니다
291559,LG유플러스 소상공인 위한 U사장님패키지 출시
291560,기회 놓치지 않은 전새얀 할수록 자신감이 생겨요
291561,우주 굴기 과시한 中…미국 달 탐사에서 중국에 도움 요청
291562,터키 에르도안 합의 안 지키면 단호하게 작전 재개
291563,날씨 마지막 절기 대한…한강 첫 결빙 가능성21일
291564,이런 게 찰떡 호흡…류현진 포수 마틴과 ERA 1.6...
291565,WNBA 박지수 또 만난 시애틀전서 4득점…팀은 741...
291566,울산 제조업체 1분기 경기회복 회의적…3대 주력산업 악화
291567,美 北ICBM용 로켓엔진시험에 추가도발 용납못해…도발 삼가라
291568,부산도시철도 운행 시간 개편…혼잡시간·주말 증편
291569,軍간부들 전용차량 타고 골프장行…도덕적 해이 심각
291570,병원·약국 찾기 앱 포켓닥터 100만 다운로드 돌파
291571,朴대통령 김종인에 오랜만입니다 먼저 인사…3분 독대
291572,정의장 판문점선언 지지결의 무산에 참담하고 부끄럽다
291573,통일부 UFG는 방어적 훈련…北 핵 위협 강한 유감
291574,연합뉴스 한반도통일 심포지엄 개막…박 대통령 영상축사
291575,클리블랜드 토론토에 4연승…4년 연속 콘퍼런스 결승행종합
291576,北 미군 판문점서 도발행위 감행말라 억지
291577,이번엔 반드시…물난리 겪은 베네치아서 자치권 획득 주민투표
291578,삼성 기어 스포츠·기어 아이콘X 내일 국내 출시
291579,작년만 못한 KIA 외인 삼총사…5할 승률마저 흔들
291580,김정은 겁내는 美 F22 한국에 왜 오나…유사시 타격 경고
291581,프로야구 LG 오키나와 전지훈련 참관단 모집
291582,현대산업개발 도시정비 수주 1조원 달성
291583,수단 군부야권 권력이양 위한 위원회 구성 합의
291584,과기부 차세대소형위성 1호 연구 임무 시작
291585,춘천 5월은 축제 만발…상권 특수 기대
291586,신태용 손흥민 투톱 아닌 윙 포워드로도 기용 가능
291587,금융위원장 혁신금융이 내년 화두…중소·벤처기업 지원 강조
291588,베네수엘라 해외 인도적 원조 국내 반입 차단…美 허용해야종합
291589,작년 전남 여수·고흥 여객선 승객 19%↑…야간운항 허용 때문
291590,SKT AI 누구 한달 대화량 1억건…실사용자 300만 돌파
291591,대부업체 자회사 활용한 저축은행 우회 인수 막는다
291592,中상무부 美 추가 관세 부과 유감…보복조치 나설 것
291593,심재철 대학생 학자금 대출이자 경감 입법추진
291594,평창 통신망 갈등 계속…KT SKT에 철거 요구 내용증명
291595,LG전자 100kW급 태양광 발전용 올인원 ESS 출시
291596,삼성 갤노트8·LG V30 같은 날 맞붙나…9월15일 출시 유력
291597,모다페 홍보대사 문소리 춤 멀리있는 예술 아냐
291598,아시안게임 황재균 홍콩전에서도 유격수 선발 출전
291599,민주선거 70주년…선관위 유권자의 날 기념식
291600,영상 메이저리그 100번째 등판 앞두고 류현진이 찾은 곳은
291601,맨유 즐라탄 잡기에 총력…연봉 286억원 장전
291602,한국전력 배구단 연고지 수원 잔류로 확정…3년 계약
291603,3년 재계약 차상현 GS칼텍스 감독 2년 연속 봄배...
291604,韓독자제재 오른 北장창하 무기개발 현장 어김없이 등장
291605,이라크 IS 암살·약탈·게릴라 작전으로 부활 모색
291606,UAE 인근 상선 4척 피습 이란 소행 의심…미군 초기평가
291607,공연소식 트리오 오원 결성 10주년 기념 전국투어 外
291608,해운대 해변 모래 미술관
291609,올림픽 인텔 트루VR로 선수들 경기 준비 모습까지 본다
291610,가평 자라섬서 축제 즐겨요…10월까지 각종 축제 줄이어
291611,페루 대통령 정국위기 타개 위해 조기 대선·총선 제안
291612,올해 과메기 가격 소폭 오를 듯…롯데마트 과메기 할인행사
291613,安千 反文·호남연대 전격 통합…당명 국민의당종합2보
291614,부정투표 의혹 노스캐롤라이나 하원 지역구 결국 재선거 결정
291615,SK텔레콤 루나S 출고가 6만9천원↓…연말 판매 증대 목적
291616,대우조선 분식회계 3년간만 따져도 5조 육박…檢 사기죄 적용
291617,네이버 내년부터 매년 전직원에 1천만원치 스톡옵션 준다
291618,캐나다 11월 일자리 7만1천개 급감…금융위기 후 최대
291619,증시신상품 메리츠운용 메리츠샐러리맨펀드 출시
291620,한국관광공사 공연 관광 축제 웰컴대학로 개최
291621,부산 LG유플러스 휴대전화 먹통 신고 500건 이상 접수
291622,지방 곳곳서 朴대통령 하야 요구 이어져
291623,이통3사 단통법 덕 쏠쏠…작년 마케팅비 2천800억 절감
291624,80년전 김은호가 모사한 세조 어진 초본 첫 전시
291625,현지 언론 PS 전망 어둡지만 강정호·벨이 55홈런 합...
291626,표 더민주 현역 컷오프 및 불출마 선언자 명단
291627,곤 前닛산차 회장 나는 결백…지금 일어나는 것은 모략
291628,朴대통령 총선 前 정치고향 방문…대구 3곳 광폭행보종합
291629,인천 전역 장맛비…상가 지하 침수되고 천막 떨어져종합2보
291630,올림픽 망 관리부터 로밍 할인까지 이통3사도 축제 준비 끝
291631,전북기자협회 2019 전북기자상 수상작 선정
291632,크리스티 전 지사 쿠슈너 보복으로 트럼프 팀에서 밀려나
291633,합참 北 어제 무수단 중거리미사일 발사해 실패1보
291634,자유한국당 항의받는 네이버 한성숙 대표
291635,강남·서초 등 서울 19개구 아파트값 역대 최고
291636,더민주 정책위 수석부의장에 홍익표…비상경제특위도 구성
291637,신입생 어나이 3년차 알레나에 판정승…기업은행 2연...
291638,주간 화제의 뉴스 북핵 긴장·개성공단 무단 가동 등 관심
291639,100년전 함성 다시 한번…日서 2.8독립선언 100주년 전야제
291640,北 국제회의서 판문점선언 의미 강조후 평화 수호 의지 밝혀
291641,이라크서 민생고 시위 3주 만에 재개…최소 1명 사망종합
291642,문 대통령 진전상황 따라 남북미 3국 정상회담으로 이어질수도속보
291643,北 최악 위기 朴 대북 도발서 출로 모색 주장
291644,비싸지는 스마트폰…3분기 평균 판매가격 7% 올랐다
291645,평택 땅값 공시지가의 5배라니…부동산 지역따라 폭등종합2보
291646,K리그 스타 이용·황인범·김문환이 이화여대 간 까닭은
291647,한국 최저임금 인상·근로시간 단축 실정에 맞게 조정해야
291648,아쿠아포닉스 재배 채소 맛보는 이 총리
291649,G6 출시 첫주 국내 판매 1위…LG폰 점유율 20％ 돌파
291650,당대 최고 포수 양의지 올 시즌 성적 저도 신기합니다
291651,산업부KOTRA 한류콘텐츠 간접광고PPL 상담회 개최
291652,50명 탄 이탈리아 스쿨버스 방화 전소…테러 의도 배제 못해종합2보
291653,탬파베이 최지만 타박상 증세로 2경기 연속 결장
291654,이재명 조폭유착 의혹 제기 SBS 그알 고발
291655,주목 이 종목 아모레퍼시픽·DGB금융·메디톡스
291656,SKT 2020년 로밍 사업계획은
291657,말기ㆍ전이암 환자 면역세포 되살려 치료법 연다
291658,한·중·일 방송 현주소는…광주 김대중컨벤션센터서 PD 포럼
291659,베네수엘라 참석에 美 반발로 WTO 회의 중단
291660,북한날씨 대체로 맑음…평양 낮 최고 24도
291661,에이스테크 인도에 400억원 안테나 공급계약
291662,MBC 목포MBC 사장에 김영석씨 선임
291663,인니 수마트라섬 서부서 규모 7.9 지진…쓰나미 경보2보
291664,스리랑카 테러 희생자 추모
291665,KBO 부적절한 행동 로저스와 해당 심판진에 엄중 경고
291666,3·1 운동의 날 결의안을 채택하는 미국 뉴욕주 의회
291667,美 텍사스 월마트 매장서 총격 인질극…승진누락 앙심
291668,朴대통령 국민의 단합된 힘 믿어…DNA에 대륙적 기상
291669,테마열차로 경북관광 인기…6년만에 100만명 돌파
291670,프로농구 현대모비스 두 경기 연속 100득점…역시 우승...
291671,두산重 파워젠 아시아 2016서 친환경기술 선보여
291672,브라질 국영에너지사 중국에 SOS…100억달러 차관 추진
291673,클린턴 당선되면 대북 강경기조 유지…군사조치도 검토
291674,특징주 배당착오 삼성증권 다시 소폭 하락
291675,롯데 창립행사 경품으로 제네시스 G70 50대 푼다
291676,프로배구 상승세 주역 다우디·이다영 3라운드 남녀부 MVP
291677,화천산천어축제 연일 호황…상품권 6만5천장 유통
291678,게시판 미래부 RD 중장기 투자전략 공청회
291679,세종 국무회의 참석하는 김영춘 김현미 조명래 장관
291680,로봇 심판 5년내 MLB에 도입…MLB 심판들 노사계약...
291681,자본시장을 통한 기업구조 혁신방향 토론회
291682,아베 마크롱과 정상회담…中 견제 위해 해양안보 협력
291683,첫 테슬라 요건 카페24 등 4개사 코스닥 상장 청구
291684,가을엔 걸어서 여행을…가을 걷기여행축제 열린다
291685,美 원조반대 마두로 브라질 국경폐쇄…과이도 콜롬비아 국경行종합
291686,앙숙 관계 伊 두 실세 부총리 이번엔 사법개혁 놓고 정면충돌종합
291687,LG G6 출시 1주일 됐는데…이통시장 다시 잠잠 모드로
291688,NBA 정규리그 최우수선수에 휴스턴의 털보 하든종합
291689,SW융합클러스터 2.0 지원 인천·부산·울산·경남·충남 확정
291690,FIFA 러시아월드컵 후원사 계약 난항…34개 중 12개...
291691,전자랜드 유도훈 감독 3차전은 제발 초반부터 풀렸으면
291692,강원도 산골 풍경에 펼쳐놓은 동화적 상상력
291693,추미애 당내 통합 행보…호남 전통적 지지층에 구애
291694,안철수 대표직 사퇴 모든 책임 제가 져야…千 동반 퇴진종합
291695,루카쿠 리그 22·23호골 에버턴 레스터시티에 42 승리
291696,호세프 브라질 대통령 탄핵위기 벗어나나…국정운영 평가 호전
291697,우정사업본부 독일 박람회서 국내 IT기업 수주 지원
291698,여름 휴가지 국내 1위는 제주도…해외는 일본
291699,단독대북 소식통 황병서 북한 내에서 신병치료 받는 듯
291700,신간 대중음악가 열전·어머니의 땅을 밟다
291701,케인을 잡아라…레알 vs 맨유 빅뱅
291702,통신비 인하 정권마다 반복되는 논란…근본해결책 없나
291703,게시판 온라인편집기자협회고려대 언론대학원 MOU
291704,벵거 아스널감독 EPL 타이틀 포기 천만에 아직 시간 많아
291705,불출마 번복 캐묻기도…與후보들 긴장속 공천면접
291706,축구에 투자한 中 재벌이 사정 칼바람에도 건재한 이유는
291707,이대호·호잉 KBO 올스타전 홈런레이스 결승 진출
291708,캐나다 싱어송라이터 션 멘데스 내달 첫 내한공연
291709,책·TV·PC 보면서도 스마트폰 손에서 못 뗀다
291710,반 고흐는 왜 귀를 잘라 여인에게 줬을까
291711,NYT 이란 허가취소에 테헤란 특파원 넉달간 취재 못해
291712,영등포뉴타운 꿈에그린 오피스텔 계약 이틀만에 완판
291713,우간다 대법원 33년 집권 무세베니에 대선 출마 길 터줘
291714,강이슬 22점 여자농구 하나은행 단독 4위 도약
291715,학교 담 넘은 공에 오토바이 사고…지자체도 배상책임
291716,평양정상회담 D1 文대통령 관람할 환영공연 뭘까…이목 집중
291717,가야금 명인 황병기 별세…향년 82세종합
291718,그래픽 서울 월별 강수량과 평균 미세먼지 수치
291719,밴쿠버·런던·시드니 등 6개 도시 부동산거품 파열 우려종합
291720,대기업 중소기업 아이디어 베끼면 형사처벌도 가능
291721,게시판 예금보험공사 혁신추진위원회 출범
291722,올해 마지막 대목…호텔업계 크리스마스 전용 상품 풍성
291723,화천군 산천어축제 연장 야간낚시에 4천명 찾아
291724,교황청에 또 한국인 외교관 탄생…정다운 신부 라이베리아 부임
291725,게시판 KT 한국의 경영대상서 고객가치 최우수 기업 선정
291726,국정에 여야 없어…역대 대통령도 개원연설서 국정 협조요청
291727,신간 한 권으로 보는 예술철학·예술치료
291728,KG케미칼 한국 맥도날드 인수의향서 제출
291729,알약처럼 먹는 인슐린 주사 캡슐 개발…주사 대체 기대
291730,SK텔레콤 T뷰 KISA 지능형 CCTV 인증 획득
291731,워싱턴 만난 류현진 홈 12차전 선발 등판 유력
291732,특징주 오텍 실적 전망치 하향에 약세
291733,허창수 전경련 회장 첫 공식 사과…내년 2월 사임
291734,문 대통령 나라의 기틀 새롭게 하는 개헌 잘 이뤄내겠다
291735,금감원장 상호금융권 자영업대출 적극 관리해야
291736,한국특수형강 회생절차 종결 결정…각자대표 선임
291737,센트럴바이오 반기 재무제표 검토의견 의견거절
291738,팝업 창 없이 스팸 확인 LG스마트폰 후후앱 연동
291739,미국폴란드 중동평화 증진 실무그룹 출범
291740,아시안게임 손흥민 결승골 한국 키르기스에 10 승리...
291741,남중국해서 美·中 군사적 충돌 가능성 커져…대화 틀 필요
291742,맨유 즐라탄 오른발 부상…시즌 아웃 가능성
291743,기록잔치 대한항공 우리카드에 역전승…1위 탈환
291744,이란 美 제재에도 작년 외국 관광객 52% 증가
291745,게시판 KTV 유튜브 10만 돌파 기념 실버 플레이 버튼 수상
291746,현대엔지니어링 컨소시엄 51억달러 러 비료공장 건설수주
291747,광주시 제39주년 5·18 기념식 수송 버스 운영
291748,先 김정은 답방 힘받은 문대통령 북미정상회담 결실 조력 올인
291749,폭탄 설치했다 극우 명의 협박 메일…獨좌파당사 대피 소동
291750,中 양회 기간에 북한 고위급 추정 인사 베이징 도착
291751,내달 ARF 의장 성명 초안에 北 완전한 비핵화 촉구 포함
291752,프로배구 삼성화재 컵대회 개막전서 현대캐피탈에 30 완승
291753,아시안게임 단일팀 이문규 감독 12일 훈련했지만 서너...
291754,네덜란드 불가리아 31 제압…월드컵 본선행 불씨
291755,브레이크 없는 포퓰리즘…내년 유럽각국 선거서 도미노 이어지나
291756,신간 산티아고 순례이야기·나는 반년만 일한다
291757,禹수석 의혹 결국 검찰로…아들 보직·가족회사 초점
291758,3분기 제조업 전망 밝지 않다…대다수 업종 흐림 전환
291759,롯데 고졸신인 한동희 사직 홈경기 응원이 기대돼요
291760,KBS 새 지역방송 모델 도전…제주서 종합뉴스 자체제작
291761,전북 대체로 쌀쌀하고 강한 바람…무주 영하 9.3도
291762,벤처캐피털시장 창투·신기술금융으로 양분…억지통합 말아야
291763,울산소식 울산종합일보사 무료 자전거 교육장 운영
291764,안경 협찬까지…이성열 한화 토종 좌타 첫 20홈런 해볼게요
291765,北당대회 김정은 향한 충성경쟁 무대된 릴레이 토론
291766,폭염·열대야 비켜가는 간절곶…포켓몬 고 피서 딱이네
291767,워싱턴 밀워키에 극적 역전승…다저스와 NLDS 격돌
291768,유엔 대북제재로 北주민들 불안감 확산데일리NK
291769,속리산 세조길 멋지네…지역경제 효자 역할
291770,게시판 한국거래소 내달 15일 비상장 우량기업 IPO 설명회
291771,메주 말리기 좋은 날
291772,프로배구 현대캐피탈 KB손보 꺾고 파죽의 4연승…3위 도약
291773,예스24 상반기 베스트셀러 1위에 공부머리 독서법
291774,삼성 전 세계서 미래를 펼치다 광고…폴더블폰 공개 암시
291775,힐러리 플로리다·오하이오·노스캐롤라이나 3개주 승리할 듯종합
291776,애플 기기 美학교서 찬밥…구글·MS기기에 밀려 3위
291777,정부 北 핵타격 위협에 모든 대처수단 강구…예의주시
291778,살해당한 프랑스 18세 소녀…사건 뒤에 숨은 불편한 진실
291779,허리케인 매슈 강타 아이티 사망자 100명 넘어
291780,美법무빌 클린턴 비밀회동 파문…이메일 스캔들 압력넣었나
291781,아픔 딛고 일어선 한승규 최고 신인선수…TV 보며 다짐
291782,네이버 말 많은 댓글 개편 첫발…의견수렴 기구 구성
291783,文대통령 베트남 당서기장 만나…국회의장·총리와도 면담종합2보
291784,인명진 탈당파에 잔류 요청…분당 이유 국민 납득 어려워
291785,통합 우승 눈앞 박미희 흥국생명 감독 인천 가기 싫어
291786,대림산업 인천서 e편한세상 영종하늘도시 분양
291787,中 남중국해 정세 안정 강조…美 군함이 영해 불법침입
291788,트럼프대학 교육·사회환원 약속은 거짓…트럼프 배만 불려
291789,트럼프 당선 경제단체 통상마찰 우려…한미동맹 지속 희망종합
291790,北억류 임현수 목사 가족 임 목사 활동 한국 정부와 무관
291791,김정은 베이징 경제기술개발구 제약회사 동인당 공장 방문속보
291792,탄자니아서 어린이 10명 숨진채 발견…미신 관련 살인 추정
291793,평창 스타들의 야구장 나들이…임효준 30일 대구 개막전 시구
291794,게시판 서울시 중증장애인 인턴 모집
291795,평양정상회담 평화 번영의 새시대
291796,EU 유로존 회원국 정부발행채권 거래 담합 의혹 8개 은행 조사
291797,北여자농구에 2ｍ 박진아·아시아 득점왕 로숙영 있다
291798,문 대통령 교육부 업무보고에 앞서
291799,미일 1단계 무역협상 타결…트럼프 70억달러 日시장 열린다
291800,청력 잃는 베토벤 생쥐 첨단 유전자 가위로 치료 성공
291801,메르켈 美·中·러시아 맞서 유럽이 단일대오 형성해야
291802,신간 이런 전쟁
291803,이란 국제대회 참가 배구대표팀 美 공항서 4시간 억류 항의
291804,靑 법률쟁점 공식판단 받겠다…김기식 논란 선관위에 질의종합2보
291805,방통위 중요 방송시설 해빙기 안전점검
291806,올림픽 朴대통령 우리 선수단 선전 기원
291807,김장수 난 北인권결의 찬성하자 해…송민순 회고록 반박
291808,조정래 내 이름으로 3번째 문학관 관리 잘할 것
291809,고위 당정청 21일 총리공관서 지진·북핵 등 협의
291810,역사적 美·이란 정상회담 G7서 급부상…하메네이가 결정권종합
291811,성도이엔지 160억원 규모 공장 건설공사 수주
291812,민주콩고 정부 대선 후 인터넷 차단…야권 사기 시도 반발
291813,제63회 신문의 날 표어 공모
291814,美中갈등에 금융시장 검은 목요일…주식·원화가치 급락
291815,SK텔레콤 본인확인서비스 T인증 가입자 1천만 돌파
291816,삼성전자 갤럭시 탭 A 출시…빅스비 홈·리마인더 첫 탑재
291817,文대통령 21일 러시아 국빈방문…靑 러 평화정착 역할 기대종합
291818,작년 1∼11월 북중 교역액 전년보다 15% 감소
291819,톰프슨 32점 골든스테이트 포틀랜드에 이틀 전 패배 설욕
291820,게시판 카카오 대학생 프로그래밍 경진대회
291821,문학과지성사 한국 현대문학 명작 시리즈 펴내
291822,김미연 서브 5득점…흥국생명 1위로 3라운드 통과종합
291823,권오준 포스코회장 청년일자리 창출에 상금 3억 기부
291824,고려신용정보 작년 영업익 187%↑…150원 현금배당
291825,싸이월드 뉴스서비스 상반기 출시…갤럭시 탑재 관심종합
291826,강정호 마이너리그 재활경기서 무안타 타율 0.375
291827,관객중심 4면 무대로 즐기는 연극 집에 사는 몬스터
291828,신설 서울 시내면세점 불꽃 경쟁 조기 점화
291829,ERA 1.73·32이닝 연속 무실점·7연승…류현진의 놀라...
291830,한강 외딴섬 노들섬 음악·숲 품은 문화공간으로 새단장
291831,홍남기 분양가상한제 유용한 면도 있지만 부작용도 없지 않아종합
291832,서울 오피스텔 매매가 3.3㎡당 1천만원 시대
291833,대북특사단장 정의용 비핵화 방안 협의…문대통령 친서 휴대2보
291834,최용수號 FC서울 운명의 36일…K리그1 잔류 위한 혈투 시작
291835,美 금리 오르기 전에… 회사채 발행 서두른다
291836,중국 게임 출시 규제 심화…판호발급 중단 장기화 우려
291837,다저스 에이스 커쇼 투구 잠정 중단…팔에 문제 생긴 듯
291838,대한항공 박기원 감독 공인구 촌극에 크게 문제삼지 않았으면
291839,삼성전자 갤럭시 노트9 X 배틀그라운드 모바일 스페셜 챌린지 개최
291840,KTB투자 정유업 1분기 실적 개선 기대…비중확대
291841,安 상시청문회법 일하는 국회 징검다리…소모적 내전 안돼
291842,네이버 블로그 1시간여 접속 장애…이용자 불편
291843,LG전자 톤플러스 누적판매 2천만대 돌파
291844,주택경기 전망 여전히 흐림…7개월째 기준치 밑돌아
291845,北 김정은에 충성독려…김정일 최고사령관 추대 25주년
291846,시리아 정부군 터키 국경에 배치…국가 간 전쟁 확산 우려
291847,권익위 모바일상품권 알뜰사용 정책 공모전
291848,WFP 7월부터 북한내 식품공장 4곳 재가동 VOA
291849,러 우크라 화물 차단 분쟁 승소…WTO 안보 문제 인정
291850,신한금투 코스닥 올해 1200까지 상승 가능
291851,시중銀 가상화폐 실명확인계좌 도입 철회…기존계좌도 정리종합
291852,미래부·창의재단 소프트웨어 교재 13종 발간
291853,주말 N 여행 호남권 섬진강 하얀 매화에 물들고…지리산 산수유 손짓
291854,野2당 청사진 내놔라 구조조정 협공…與 野도 노력해야
291855,지진따른 건물 붕괴 감지한다…2020년 플랫폼 개발목표
291856,김해공항 면세점 사업자에 롯데 선정
291857,홈런레이스·퍼펙트 피처 등 KBO 올스타전 행사 확정
291858,여자농구 박신자컵 서머리그 27일 개막
291859,朴대통령 이르면 4일 TK의원 면담…사드 등 민심청취종합
291860,국방부 박 대통령 순방기간 북한 도발 가능성 대비
291861,일본 지자체 소유자 불명 빈집처리 문제로 골치
291862,지단 뮌헨전 승리 원동력은 오심보다는 6골 넣은 공격력
291863,이란 혁명수비대 테러조직 지정에 중동 양분
291864,프·독·스페인 베네수엘라 대선 재투표 시한 통첩
291865,SK 헤인즈 뛴 경기 1승 6패…개인 득점도 평균 8.7...
291866,올해 4∼5월 기온 1998년에 이어 두번째로 높았다
291867,4경기 연속골 넣은 김신욱 러시아행 1차 관문 통과
291868,따뜻한 진주 방화·살인 피해자 이웃들…성금모금 팔 걷어
291869,미중 무역분쟁 해소 기대에 원달러 하락세로 출발
291870,정의당 서울시장 경선서 저스티스 리그 도입 검토종합
291871,社告 6·13 지방선거 특별취재단 발족
291872,與 오늘 긴급 최고위원 간담회…檢수사 대응책 논의
291873,지방선거 D30 선거 이후 정치권 빅뱅 오나
291874,서울 17.8도 사흘째 최저기온 기록 경신…가장 추웠던 때는
291875,씨아이에스 141억원 규모 장비 공급 계약
291876,파나마 페이퍼스 연루 FIFA 윤리위원 사퇴
291877,대학·과기원 학생회 전문연구요원 폐지·축소 계획 철회해야
291878,김해 플라스틱 원료 제조공장서 불…1억8천만원 피해
291879,게시판 KT 신규 LTE 에그 슬림에그2 출시
291880,제주 산지 호우주의보…최고 80㎜ 이상 많은 비
291881,유진벨재단 결핵약 北전달 승인해달라 정부에 요청
291882,벤투호 등 연령별 축구 국가대표 3개팀 울산서 동계훈련
291883,이란 석유부 석유시설에 외부 공격 비상사태 대비 지시
291884,말레이 前총리 비리 수사 확대…英 광고 거물도 기소
291885,샌더스 민주 대의원들 힐러리이메일 보고서 꼭 봐야
291886,파키스탄 군사충돌에 印 총리 하나로 뭉쳐 적과 싸울 것
291887,LH 올해 700억 규모 행복주택 등 부지 매입한다
291888,1921년 임정 요인들이 섰던 그 자리
291889,LG V35 씽큐 6일 국내 출시…출고가 104만8천300원
291890,강원도 촬영지에 빠진 영화인…문화관광·산업시설 팸투어
291891,KT 갤럭시 진 출시기념 청바지 기부행사
291892,류희운 완벽투홈런 4방 kt 이틀 연속 SK 제압
291893,미래부 전파산업 중소기업 지원사업 공모
291894,5호선 전차선 단전… 강동역에 멈춘 열차
291895,한중연극교류협회 중국희곡 낭독공연 창설
291896,러 공항서 화물에 빈 포탄 넣어나가던 美 대사관 직원 적발
291897,에버랜드 감동스토리…80만명에 행복바이러스 전파
291898,아름다움엔 관심없어요 불편한 미술로 더나은 세상 만들고파
291899,수단은 지금… 축구협회 내홍으로 FIFA 징계 위기
291900,경북 4개 시·군 호우특보 해제…대부분 비 그쳐
291901,메르스 무색…양산시 작년 관광객 100만명 늘어
291902,구글플레이 매출 50%가 아태서 발생…한·일·대만 큰 잠재력
291903,한 국가만 집중 여행하려는 직장인 늘어
291904,게시판 금투협 금융상품의 이해 교육과정
291905,오바마 시리아휴전 향후 전망에 조심스럽다
291906,동남권 주력기업들 심상찮다…주가 큰 폭 하락
291907,길따라 멋따라 눈·코·입의 힐링…군산저수지 산책길
291908,거리에서 노래하던 베네수엘라 이민자에게 찾아온 기적
291909,네덜란드대학 식물 있는 사무실서 일하면 건강에 더 좋아
291910,고양이에게 생선을…예산담당자가 12억 꿀꺽종합
291911,홈페이지 먹통 대구FC 미숙한 대관 업무로 이용자 불편
291912,北 개성공단 남측인원 출입계획 동의…출입경 원활
291913,유엔 北제재 개인 16명 단체 12곳 추가로 손발 묶여
291914,의정부 함박눈 12㎝ 펑펑…퇴근길 차량들 엉금엉금
291915,모바일 콘텐츠 사업 어렵네…삼성전자 잇단 철수
291916,美 국무부 대북정책 부대표 17일 방러…한반도 문제 논의
291917,그래픽 북미정상회담 G7 이전 6월초 가능성
291918,SK 떠나 일본 야구로 간 투수 산체스 내년 연봉 36억...
291919,프로농구 올스타전 덩크왕은 버튼·김민수
291920,MLB 포스트시즌 일정 발표…다저스는 10월 4일부터
291921,탈북민 착한봉사단 연천서 통일염원 벽화 그린다
291922,취임식장으로 향하는 한상혁 신임 방통위원장
291923,이란 외무 美 제재 풀면 NPT추가의정서 조기 비준 가능종합
291924,게시판 금투협 금융투자분석사 주말 교육과정 개설
291925,라카제트 2골 아스널 웨스트브로미치 20으로 제압
291926,국립국악관현악단 정오의 음악회·베를린챔버오케스트라 내한
291927,中 韓 여행금지에 인센티브 관광 불똥…서울시 타깃 다변화종합
291928,위클리 스마트 5G 뭐가 좋길래…초기 체감 차이 크지 않아
291929,포켓몬고 인기 시들…주간 사용자 13% 감소
291930,방통위 지상파 중간광고 도입 추진…가상·간접광고 규제개선종합
291931,게시판 여성과기인지원센터 잡미팅 데이 개최
291932,대신증권 기준금리 내년 1분기 사상 최저치 경신할 것
291933,총선 압승 英 존슨 총리 브렉시트 완수 이론의 여지 없어종합
291934,中 우주굴기 또 이정표…지름 500ｍ 세계최대 전파망원경 가동종합
291935,해발 1천418ｍ까지 올라온 봄
291936,통신비 인하 1차 관문은 25% 요금할인…기존 가입자 적용 골몰종합
291937,KS 4차전 선발 SK는 김광현 그대로…두산은 린드블럼
291938,체세포 복제 양 제2의 돌리 매우 건강
291939,주말 N 여행 충청권 100만개 조명으로 변신한 칠갑산 알프스 얼음분수축제
291940,3당 원내대표 정상화 방안 합의 여부 놓고 두野 해석차
291941,NH투자 현대종합상사 수익악화…목표가↓
291942,예테보리도서전 폐막…북유럽서 K북 가능성 확인
291943,프란치스코 교황 내전 격화 리비아에서 난민 속히 대피시켜야
291944,힐러리 오늘 선거운동 복귀…트럼프 한시간도 서있지 못할것
291945,게시판 신문방송편집인협회 정현백 장관 초청 토론회
291946,비이성적 상대는 비이성적으로 맞서라 갈등과 협력의 방정식
291947,취재진 질문 듣는 최종구 금융위원장
291948,사우샘프턴 퓌엘 감독 지휘봉 잡은지 1년만에 경질
291949,시리아 해법 놓고 러시아·터키·이란 3국 정상회담 개최
291950,쌍방울 중국법인 500억원 규모 납품 계약 체결
291951,우원식 MB 기자회견 비판
291952,다저스 감독 우리팀 실수 있었지만 류현진이 피해를 제한했다
291953,특징주 감리위 종료…삼성바이오로직스 강세종합
291954,발레가 어렵다고 춤 보러 갔다가 춤추고 올걸
291955,에릭센 해트트릭 덴마크 아일랜드 꺾고 러시아行 막차 탑승
291956,차세대 전지용 고성능 촉매 개발…전기차에 활용 기대
291957,MBC PD수첩 방용훈 부인 사망 재조명에 들썩
291958,서울시 오후 3시 기준 강서구 등 서남권 오존주의보
291959,정보보호 해커톤 대상에 MJ 시큐리티 팀
291960,프로농구 전자랜드 새 외국인 선수 로드 영입
291961,북한 노동당 제7차 대회 5월 6일 개최2보
291962,여자배구 1순위 디우프 인삼공사 순위 끌어올리겠다
291963,국민의당 일감몰아주기 규제 강화…재벌 개혁 입법 시동
291964,SK 문경은 감독 마지막에 김선형 교체 안 한 것이 주효
291965,수도권 1주택자 추가대출 교육·근무 목적이라도 불허
291966,13개국 파견 재경관 한자리에…미중 무역갈등 속 역량 강화
291967,인수위 없는 새 정부…당선인 신분 없이 곧바로 임기 시작
291968,하루키 한정판·애니 너의 이름은.…새해 日소설 인기몰이
291969,朴대통령 반목 계속되면 퇴보의 길로…자기비하 벗어나자
291970,영천 82.5㎜…대구·경북 곳곳에 강한 소나기
291971,정우람 역대 5번째 5년 연속 10세이브에 1
291972,SK텔레콤 MWC18 개막 퍼포먼스
291973,데이비스 45점 뉴올리언스 연장전 끝에 보스턴 8연승 저지
291974,3·1운동 100주년 맞아 공중파 특집방송 대거 편성
291975,2018년 마지막 경기 승리를…벤투호 호주 마지막 담금질
291976,KB증권 농심 4분기 라면 부문 실적개선…목표주가↑
291977,김무성 박근혜 대통령 하야보다는 탄핵 절차가 옳다종합2보
291978,靑 NSC 상임위…남북군사합의 이행 한미 공조방안 협의키로
291979,올레 KT를 원래 KT로…황창규의 新브랜드 전략
291980,대선 1년도 더 남았는데…반기문 텃밭 충주·음성 들썩들썩
291981,삼성전자 2017 갤럭시A 라운징 체험행사
291982,기성용 27분 스완지시티 번리에 02로 패배
291983,월드컵 LA 교민 광장응원전에 트럼프김정은 패러디
291984,EU 올해 1분기 EU 경제성장률 0.5% 유로존은 0.4% 기록
291985,한화 한화건설에 한화생명 지분 넘겨 2천억 수혈종합
291986,김연경·양효진 등 여자배구 도쿄올림픽 예선 엔트리 확정
291987,이주열 외자 유출 우려 크지 않지만 예기치 못한 상황 올 수도
291988,SKT 박정호 사장 오프라인과 융합해 5G 시대 선도할 것
291989,신간 수염과 남자에 관하여
291990,경기도 8개 시·군 오후 4시 건조주의보…가평 한파경보
291991,화천산천어축제 입맛 잡아라…산천어구이 더 맛있어진다
291992,안철수 박 대통령 물러나는 게 국가 위기에서 구하는 길
291993,靑 대통령 겨냥했다 판단…각종 의혹에 단호대응
291994,문 대통령 허익범 드루킹 댓글 조작 사건 특검에 임명장 수여
291995,민주 3·1절 촛불 정신으로 계승…한국당 文정권이 국정파탄
291996,中 핵안보 분야도 주도하겠다…핵안보시범센터 개설
291997,나이지리아 1주 연기 끝 대선 실시…여야 양강 박빙
291998,브라질 국경 지역에 베네수엘라 난민 매일 500명 유입
291999,휴가에 읽고 싶은 책 1위 역사의 역사
292000,사우디·이란 전쟁 원치 않지만 피하지도 않겠다 한목소리종합
292001,SKT AI 누구 한달 대화량 1억건…실사용자 300만 돌파종합
292002,사우디 여성 해외여행시 男보호자 허가제도 폐지 시행
292003,봄의 전령 2016 청산도 슬로 걷기 축제
292004,아시안게임 축구대표팀 감독 선임 돌입…올림픽 감독 겸임
292005,가스공사 덴마크 공과대학과 MOU… 연료전지 시스템 사업화
292006,영상 독도 추락 헬기 실종자 시신 1구 발견…인양 중 유실 실종자
292007,혼돈의 NBA 서부 콘퍼런스…1위부터 14위까지 5게임 차
292008,큰절하는 새누리당 당직자들
292009,모바일결제 앱 1위는 삼성페이…사용자 493만명
292010,파키스탄 법원 앞 탈레반 자폭테러…17명 사망
292011,임단협 난항 르노삼성 협력업체에 상생·지속가능 강조
292012,부산 해수욕장 피서객 북적…축제장 태풍 영향 촉각
292013,이란 테헤란서 대규모 정부지지 집회…반정부 시위 제압
292014,홍남기 미래부 1차관 서울혁신센터 등 방문
292015,산업부 울산 지역 기업인 초청 간담회
292016,사계절 즐거운 여행지 핀란드로 오세요
292017,관훈클럽 창립 62주년 기념식
292018,文대통령 스타트업 선도국 핀란드 힘은 혁신…한국에 큰 공감
292019,유엔 예멘 휴전합의 1년…당장이라도 이행해야
292020,성큼 다가온 5G 시대
292021,朴대통령 평화통일 이뤄 세계평화 기여하는 2016년 기원종합
292022,에스엔텍 지난해 영업익 78억원…101% 증가
292023,네이버 소프트뱅크와 라인야후재팬 경영 통합 합의종합
292024,가상화폐 거래소 코인원 경찰 수사선상에…마진거래 위법
292025,북한날씨 대체로 맑음…일부 지역 소나기
292026,덥다 더워…경남 4개 시·군 이틀째 폭염주의보
292027,사면초가 몰렸던 英 존슨 총리 조기 총선 승부수 통했다
292028,필리핀 울며 겨자 먹기로 EEZ 내 中 어로 활동 허용
292029,북한날씨 곳곳에 눈발…흐리다 갬
292030,게시판 WISET 공학소녀시대 주간 운영
292031,강정호 컵스 에이스 레스터에게 솔로포…시즌 9호
292032,월드컵 신태용호 최종 엔트리 23명 FIFA 제출 완료
292033,대형과학조사선 10월 취항ㆍ쇄빙연구선 추가 건조
292034,검찰 허석 순천시장 불구속 기소…신문발전기금 유용 혐의
292035,화웨이페이도 해외 진출…글로벌 페이 주도권 경쟁 심화
292036,북한 해외식당 종업원 집단탈북에 아직 무반응
292037,연봉총액 1위 롯데의 가을야구 좌절 책임론 고조
292038,KIA 14일 러브투게더 행사서 YMCA야구단 지원금 기부
292039,스완지 기성용 유스팀 경기 63분 출전…복귀 초읽기
292040,에르도안 러시아 개발 중 첨단방공미사일 S500 공동생산할 것
292041,SK텔레콤 평창올림픽 대비 재난안전통신망 구축
292042,조선업 회복 열쇠 올해도 LNG선…해양일감 공백 채울까
292043,첫 우승 기회서 우리은행 못 넘은 국민은행…박지수 성장은 희망
292044,예스24 독자 선정 올해의 책에 82년생 김지영
292045,더민주 두자릿수서 3석 된 호남 의원들 몸값 금값
292046,아시안게임 파란 천 뒤에 가려진 단일팀…첫 승 위한 담...
292047,유로2016 앞두고 테러불안 고조…IS 소프트타깃 눈독
292048,팩트체크 석패율 먼저 도입한 일본은 어떻게 운용하나
292049,롯데쇼핑 2분기 영업익 915억원…5.7% 증가
292050,코트 대신 LED 광고판에…OK저축은행 광고 부착 갈등 일단락
292051,미국 70여국 참여 이란왕따 회의 폴란드 개최 추진
292052,모스크바 연방보안국 인근서 총격…보안국 요원 1명 사망종합2보
292053,네이버 원룸·오피스텔 검색어에 자사 서비스 우선 노출 논란
292054,경기북부 닷새째 한파…연천 영하 20도
292055,신간 이웃이 같은 사람들·두 늙은 여자
292056,신의주방직공장 시찰하는 김정은
292057,日외무상 WTO 분쟁 해결에 도움 안 돼…개혁해야 주장
292058,아시안피스컵 남북 男배구 열전 펼쳐…북한팀 32 승종합
292059,천병혁의 야구세상 LG 108억 vs NC 27억…관중...
292060,美법원 트럼프 정부 중남미 캐러밴 망명 차단에 제동
292061,SK텔레콤 로밍 요금폭탄 막는다…무료 음성 3분·초당 과금
292062,KT 고객센터 유·무선 우수 콜센터 선정
292063,틱톡 모기업 바이트댄스 새 음악 앱 시험 중
292064,대한제국 음식문화 연구 협약·창덕궁 청의정 모내기
292065,민주 새 지도부 첫 최고위 회의…당직자 인선 논의
292066,손흥민 26분 뛴 토트넘 유로파 32강 겐트 원정서 0...
292067,SK텔레콤 IoT 기술 중국 진출
292068,나토 지중해 추락 이집트항공 여객기 수색 도울 것
292069,차헬스케어 美·日에 병원 설립 프로젝트 진행
292070,브라질 호세프 대통령 탄핵안 하원 통과…상원으로 이관종합
292071,홍콩판 아침이슬 곳곳에서 울려 퍼져…일상화된 저항의 몸부림종합
292072,푸틴 신뢰도 추락은 경제 개선에 대한 국민 믿음 없기 때문종합
292073,아파트값 2년만에 꺾였다…고가 아파트 더 떨어져종합
292074,마다가스카르에 사이클론 피해…9명 숨지고 3명 실종
292075,단통법 원년 통신사들 마케팅비 9천600억 줄였다종합
292076,방심위 작년 불법·유해정보 23만여건 삭제·차단
292077,노벨생리의학상 日 오스미 명예교수 매우 영광
292078,콜롬비아 대통령 29일부터 반군과 정전…평화협정 의회에 전달
292079,KBO 사무총장·KBOP 분업…야구 산업화 초석 다지기...
292080,공사가 한창 진행 중인 이집트 신행정수도 현장
292081,일지 삼성바이오로직스 분식회계 논란
292082,국정현안점검조정회의 주재하는 이낙연 총리
292083,아시안게임 김학범호 살림꾼 장윤호 부상과 맞바꾼 ...
292084,문 대통령 남북대화 북핵문제 대화로 해결하는 계기로 발전속보
292085,카카오 자회사 로봇 모듈업체 럭스로보에 40억원 투자
292086,이스라엘서 네타냐후 비판 대규모 시위…기소면제 안돼
292087,北 매체 홍수피해 무산광산 조업재개 보도
292088,러시아 美 중거리핵전력조약 이행 중단 결정 강력 비난
292089,두산 LG전 15연승…두산은 우승에 한 발 더 LG는 ...
292090,방통위 추천 KBS 이사에 부적격자 포함
292091,임종룡 공매도 공시제도 개선하겠다
292092,KT Y수능 데이터 무제한 페스티벌
292093,이란 핵합의 이행축소 3단계 D6…유럽 약속 제대로 지켜야
292094,남태평양 바누아투에서 규모 6.3 지진 발생
292095,따뜻하게 입고 출근하세요…전북 4개 시군 영하권
292096,유승민 당 지도부가 하루하루 당 망가뜨려종합2보
292097,일본 나라현에서 문화카라반 개최…인사말하는 남관표 대사
292098,초고속 성장 중국 이젠 환경…대형 개발 대신 보존
292099,사우디 석유장관 유가 변동성 60∼86달러로 좁혀야
292100,한투증권 GS리테일 1분기 실적 부진…목표주가↓
292101,게시판 KT 정보보안 기업 4곳과 MOU
292102,문대통령 13∼21일 프랑스·이탈리아 등 유럽순방…교황청 방문
292103,남수단 유소년축구팀 이태석 신부 묘소 참배한다
292104,LG전자 휴대전화 국내 생산 중단…베트남으로 거점 이동
292105,작가 100명과 함께 아시아 현대미술을 다시 쓰다
292106,ESPN 트라우트 에인절스와 12년 4억3천만 달러 합의
292107,코스피 등락 끝 2080대 하락 마감2보
292108,게시판 한국관광공사 KQ소비자체험단 300명 모집
292109,겨울 즐기자 제천시 썰매·스케이트장 개장
292110,금강 따라 시간여행 떠나요…공주 석장리 구석기 축제 개막
292111,SKT·JTBC골프 5G 활용 SKT 오픈 2019 생중계
292112,가오슝 야시장의 한궈위 굿즈 노점
292113,KT스카이라이프 선택약정할인제 내달 출시…결합상품 30% 할인
292114,SK이노베이션 中 상하이세코 인수 확정 사항 아냐
292115,대형백화점 재고 부담 협력업체에 전가 갑질 여전
292116,문대통령 선거제 개편 이번에 꼭 해야 한다종합
292117,2019 제6회 서울기후에너지컨퍼런스
292118,KT 내년 9월까지 평창 5G 시범서비스 네트워크 구축
292119,인천공항 환승때 명동·경복궁 오세요…서울시 관광지원
292120,SON 활용법·수비 조직력·20의 명단…유럽평가전 체크...
292121,63년 해로하다 한날 20분 차이로 세상 떠난 美부부
292122,中 지난 5년간 90차례 위성로켓 발사…올해 20여차례 예정
292123,NBA 골든스테이트 휴스턴과 서부 1·2위 대결서 승리종합
292124,김연경 금의환향…이제는 도쿄올림픽 진출 위해종합
292125,日서 통계부정 파문 확산…임금 감소율 10분의 1로 축소
292126,KT LTE기능 지원 노트북 갤럭시북S 사전예약…20일 출시
292127,직장생활 고급정보 모바일 다음 첫 화면서 보세요
292128,전남대 천원의 아침밥 인기
292129,힐러리 플로리다등 4개 경합주에서 접전·박빙 우세
292130,김정숙 여사 아름다운 기부
292131,네이버·카카오 풍성한 3분기…양사 모두 최고 실적
292132,中매체들 시진핑 유럽순방 띄우기…얼어붙은 국제관계에 온기
292133,베스트셀러 습관 교정 다룬 책 인기
292134,인터파크 책의 해 맞아 독서 지원 캠페인
292135,美 공화 주류세력 더 강력해진 트럼프 앞에서 갈팡질팡
292136,김정훈 선거구획정위원 정당추천제 폐지해야
292137,3보 볼리비아 모랄레스 대선 부정 논란에 사퇴…14년 집권 종식
292138,겨울 여행은 영광으로…서해 비경·불가마·온천은 덤
292139,뉴스통신진흥회 올해 지원할 학술연구사업 11건 선정
292140,마에다 6⅔이닝 1실점 호투…다저스 서부지구 공동선두
292141,LA 레이커스 1쿼터에만 25점 뒤져…구단 사상 최악의 1쿼터
292142,4대 회계법인 설립 감사위원회포럼 이달 출범
292143,이을용 FC서울 감독대행 후반기 반전 자신 있습니다
292144,노벨평화상 소식에 아프리카 환호…각국 정상 환영 잇따라
292145,성남시의회 추경 예산 통과…성남FC 자금난 해소
292146,대만 외교부장 美함정 대만해협 통과는 대만 안전 보장 차원
292147,강원 11월 첫 주말 스키장 뜨고…단풍 지고
292148,소리로 보는 오페라 라 트라비아타 13일 부산 공연
292149,박원순 미세먼지 비상조치 시즌제 도입 검토
292150,日아베 일본해가 국제사회 유일 호칭…변경할 필요 없다
292151,정부 중장기 산업경쟁력방안 30일 발표
292152,폭염에 관중 20 줄었지만…KBO리그 8년 연속 관중 6...
292153,정치권 엘시티 수사 돌발변수에 촉각…왜 지금
292154,방심위 과다 간접광고 KBS 황금빛 내인생에 경고
292155,신년사 허창수 GS 회장 혁신과 투자로 국가경제성장에 기여
292156,한국 작년 모바일 데이터 소비량 OECD 8위…1위 핀란드
292157,이효성 방통위원장 평창 UHD방송 준비상황 점검
292158,뒤늦은 출발 만회할까 포켓몬고 출시 반년 만에 한국 상륙종합2보
292159,합장 인사하는 문재인 전 대표
292160,한여름 밤 한강유람선에서 밤 지새운 장르문학 팬들
292161,프로배구 대한항공 OK저축은행에 대역전승…비예나 30점
292162,중국 스마트폰 무베젤 경쟁…삼성·LG 발등에 불
292163,저항의 몸짓에서 행위의 축적으로…마류밍 개인전
292164,라스트 크리스마스 영국 팝스타 조지 마이클 사망
292165,朴대통령 금주도 북핵대응 태세…22일 수석회의서 메시지
292166,질의듣는 박은정 권익위원장
292167,게시판 패션코드 2018 SS 참가 브랜드 모집
292168,남북정상회담 준비委 발족…문 대통령 국제지지 받도록 만전종합2보
292169,러 초대형로켓발사체 2028년까지 개발 계획…달·화성 탐사용
292170,朴대통령 총선전날 빠짐없는 투표호소…보수결집 메시지종합
292171,말레이 총리 김정남 암살 여성 석방에 법절차 따랐을 뿐
292172,靑 이인영 당선 축하…당청·여야 활발한 소통 기대
292173,김의겸 진보개혁 성향 신문기자 출신…최순실 특종 명성
292174,한국당 정기국회 끝까지 필리버스터…패스트트랙 철회하라종합2보
292175,北 두만강 범람…회령 강안동 주민 20% 사망·실종
292176,2019 블록체인 시장 전망은
292177,나치즘이 계속 고개를 드는 시대…대응할 방법은
292178,문대통령 철도·가스·전기부터 남북러 3각협력 시작 가능
292179,외국인 채권자금 석달만에 순유입 전환…흐름 바뀌나
292180,美中日 패권경쟁 70년…일촉즉발 동아시아의 앞날은
292181,세종문화회관서 올해 공연·전시 430회 쏟아진다
292182,조국 사퇴에 고무된 한국당…국민 승리 외치며 표정 관리종합2보
292183,동장군 맹위…서울 아침 9도 대관령 20도
292184,FIFA 전 윤리위원장 인판티노 회장 조사 중에 해임돼
292185,키움證 日수출규제 반도체 구매심리 자극…소재주 수혜
292186,춘천 남이섬서 24∼25일 인도문화축제 열린다
292187,갤럭시 S9도 살피는 권영수 LG유플러스 부회장
292188,전준우 시즌 32·33호 홈런 폭발…통산 1천 안타 달성
292189,일본 오사카서 G20 반대 시위
292190,동부제철 등 32개사 주식 4월 의무보호예수 해제
292191,그래픽 중국 톈궁1호 추락 가능 범위
292192,자동화 프로그램으로 댓글 달기 금지…네이버 약관 개정
292193,문희상 의장 취임 기자간담회
292194,봉중근의 마지막 투구 손 하트 그리며 아듀 잠실구장
292195,이란서 축구장 입장하려다 체포된 여성 재판앞두고 분신 사망종합
292196,갤노트7 발화 정부조사도 결국 배터리…제조공정 불량
292197,책 빌리기 쉬워진다…세종시 공공도서관 10곳 자료 공동 활용
292198,아름다운 피날레 최강희 감독상은 선수들이 만들어주는 것
292199,그래픽 공시가격 인상에 따른 보유세 인상 사례
292200,탄핵조사 바통 넘겨받은 美법사위…학자들 불러 트럼프 탄핵감
292201,朴대통령 북핵 갈수록 악화 주변국에 확실히 알려야
292202,면역세포 만드는 핵심인자 찾았다
292203,중앙대OB 올스타전야제 3X3최강전 우승…한양대에 21...
292204,언론노조 KBS본부 진미위 압수수색 시도는 정치수사
292205,북한날씨 낮부터 가끔 비
292206,미중 무역합의안에 위안가치 안정 명문화 추진
292207,갤노트7의 혁신…3중 보안·진화한 S펜·HDR 스트리밍
292208,국내 문화재 3만여점 구글 통해 전 세계가 감상한다
292209,신간 자치통감·누가 자연을 설계하는가
292210,충남 올겨울 첫 한파주의보…눈 최대 15㎝ 쌓일 듯
292211,이란 석유장관 美 제재로 OPEC 붕괴 위험
292212,류현진 6⅔이닝 1실점…시즌 12승·한미 통산 150승 무산
292213,손흥민 아시아 최초 EPL 득점랭킹 톱10 보인다
292214,그래픽 국민 2명 중 1명은 SNS 이용
292215,금감원 대신밸런스제5호스팩에 정정신고서 제출 요구
292216,손흥민 SNS 금메달 감사 인사에 NBA 스티브 내시도 축하
292217,YTN 임명동의 잇단 부결에 보도국장 기존체제 유지
292218,노회찬 국회 교섭단체 기준 20→5명 완화 법안 발의
292219,만족스러운 경기 박기원 감독 다시 착륙하면 안 돼
292220,美민주 대선 경선 북적북적…팀 라이언 17번째로 가세
292221,비가 내려도 좋다 오색단풍 물든 전국 가을산 북적
292222,신간 스마트푸드 다이어트
292223,소설가 황석영 2019 맨부커상 후보 올라종합
292224,특검 세월호 7시간 수사에 신중론…헌재 의식했나
292225,디우프 38점 인삼공사 GS칼텍스 제압…현대건설과 결...
292226,英佛 내무장관 영불해협 월경 이민자 급증에 대책 논의
292227,랜섬웨어 신고 기업 3곳으로 늘어…감염 사례 더 많을 듯종합2보
292228,홍라희 삼성미술관장 사퇴…이재용 구속 영향인 듯종합2보
292229,유시춘 EBS 제7기 이사장
292230,종아리 통증 최지만 2경기 연속 결장…탬파베이 4연패 탈출
292231,영상 이란 영국 유조선 1척 억류…호르무즈 해협 긴장 고조
292232,게시판 KIST 연구소기업 성장지원 MOU
292233,美 올랜도 테러에 힐러리 지지율 정체·트럼프는 하락
292234,대전충남에 내달 2일부터 장맛비…200㎜ 이상 내리는 곳도
292235,전병헌 경제활성화법 2개 타결해야…더민주내 온도차종합
292236,화이트삭스 MLB 최초로 파울 폴까지 보호망 확장 설치
292237,베스트셀러 흔한남매 1위…아동 서적 강세
292238,신간 열사 분노와 슬픔의 정치학·이순신의 승리비결
292239,신간 대한민국이 읽은 책·두 사람
292240,롯데 이대호 올스타전 통산 최다 홈런·최다 MVP 도전
292241,조선후기 상업활동 모습은
292242,사진작가 김중만 한미사진미술관 상처난 거리展
292243,베스트셀러 한국서도 피터슨 열풍 부나
292244,달빛 호수의 공연
292245,아프리카 수단 법원 시위 참가자 살해 혐의로 27명에 사형선고
292246,무학 이수능 대표이사 신규선임
292247,헌재 해경본부 세종시 이전 적법종합
292248,최순실 피의자로 특검 출석…삼성·朴대통령 의혹 조사
292249,스타벅스 밀 박스 8개월 만에 200만개 팔려
292250,축구 네이마르·NBA 커리 가장 비싼 사나이들의 만남
292251,KIST 유기태양전지용 고분자 개발…전기전도도 5배↑
292252,中 러브콜 거절 호날두 돈이 우선순위는 아냐
292253,이동국 제주전 풀타임…필드플레이어 최다 502경기 출장종합
292254,신간 성격의 유형들·실체의 연구
292255,철원서 70대가 몰던 트럭 보행자 쾅…2명 사상
292256,2018년형 LG 그램 예판 시작
292257,6월까지 못 기다려…필리핀 캐나다에 쓰레기 조속 회수 압박종합
292258,네이마르 PSG 이적 아버지 뜻과 무관
292259,LG전자 일본 도요타에 스마트카용 부품 공급
292260,무역전쟁 미·중 이제는 미디어 전쟁 벌인다
292261,공·수 만능 전광인 공격보다 수비가 편해져
292262,靑 朴대통령TK의원 면담은 새누리 전대와 무관
292263,맥주 본고장서 맥주 안 팔리네 독일 소비 최저치로 떨어져
292264,마운드에서 쓰러진 피츠버그 버디 다행히 큰 부상 아닌듯
292265,獨 예멘 내전개입 아랍동맹군에 올해 1조3천억 무기판매
292266,정교회 수장 정치 불개입…기도·대화가 무기
292267,질의하는 김종석 의원
292268,이도희 감독 정지윤 배포와 성장 가능성 있는 선수
292269,즐라탄 결승골 맨유 블랙번 꺾고 FA컵 8강행
292270,기쿠치 MLB 시애틀 입단 합의…최대 7년 계약종합
292271,한일정상회담 시작…北도발 대응 대북공조 강화
292272,코스닥 법인 7곳 기술분석 보고서 발간
292273,부산글로벌테크비즈센터 개관식
292274,이총리 한·러 극동지역 협력 남북 공동번영에도 큰 도움
292275,이달의 편집상에 조선 일감 돌아오는데… 등 4편
292276,野 北 축구 생중계 거부에 대북정책 현주소종합
292277,대신증권 삼성그룹 삼성물산 시총 극대화할 것
292278,구글 1년 이상 구독 앱 거래 수수료 절반으로 인하종합
292279,U19축구팀 카타르와 1112위전…이강인은 경고누적 ...
292280,현대아울렛 아울렛 페스티벌…최대 50% 할인
292281,미국발 악재에 증시 패닉…코스피 3%·코스닥 4%대 폭락
292282,김성태 국회 합의 개헌안 시기 아닌 내용이 중요
292283,오바마 내일 역사적 쿠바 방문…美·쿠바 국교정상화 대미종합
292284,유희·해양·축제 한마당…부산국제연극제 폐막
292285,제주도 남부 호우경보 대치…시간당 20∼30㎜ 강한 비
292286,모처럼의 설경 즐기자…전국 유명산·스키장 북적
292287,태아 뇌와 비슷한 미니 뇌 대량 배양 가능해져
292288,AG여자축구 윤덕여 감독 결승 진출 이상의 성적 거두겠다
292289,♥몰카 등 MBC 프로들 잇단 사고 도마
292290,KT 울릉도 초등생에게 VR콘텐츠 체험 선사
292291,우병우 수석 의경 아들 1년간 50일 외박 논란
292292,한컴MDS 작년 매출 1천590억원…창사이래 최대
292293,수잰 숄티 北 정권 무너지는 날까지 노력해야종합
292294,강원도민일보 창간 27주년 기념식 26일 열려
292295,신간 내일의 내가 하겠지
292296,與비주류 유승민 비대위원장 거부되면 분당…개별 탈당 없을것속보
292297,알렉스 윙 미 국무부 동아태 부차관보와 인사하는 문 대통령
292298,서울 도심서 만나는 30년후 미래도시…SKT 체험관 티움
292299,로이터 수단 바시르 대통령 사임
292300,배구 남녀 대표팀 임도헌라바리니 감독 보령서 짧은 상견례
292301,그들의 죽음을 기억하다…소설 새의 시선
292302,쓰러진 黃에 한국당 강경투쟁 모드…우리가 황교안
292303,홍남기 미래부 차관 출연연 과학기술 한마당 참석
292304,여자농구 삼성생명 KDB생명 꺾고 3연승…박하나 21득점
292305,판문점 선언 판문점 선언 발표위해 이동하는 남북정상
292306,SK텔레콤 드론 실감 체험 등 새 5G 서비스 키운다
292307,NC 홈런존으로 모은 후원금 지역사회에 기부
292308,현대증권 LS그룹株 실적 대비 저평가
292309,토요일엔 전주서 전통문화 즐겨요…국립무형유산원 상설공연
292310,서울 은평을 더민주정의당 후보 단일화 합의
292311,SK ES 파주에너지서비스 지분 매각 절차 진행
292312,리콜 BMW 차주 1천226명 180억원 손해배상소송 제기
292313,유벤투스 이과인 관중에게 손가락 욕설
292314,부산을 오페라 도시로…공연·아카데미 등 풍성
292315,NBA 샌안토니오 21년 연속 플레이오프 진출 먹구름
292316,中국방백서 한국 배치 사드 첫 언급…지역균형 심각히 파괴종합
292317,朴대통령 北정권 반드시 변화시킬것…평화통일에 힘 모아달라속보
292318,제주 우도 교통대란 ③ 공동체 지속 위한 과감한 합의 절실
292319,김중만 작품을 5만원에…자선 사진전 개최
292320,황금돼지해 맞나 중국 TV서 돼지 찾아보기 힘들어
292321,KT 5Good 멤버십 혜택 강화…VVIP에게 케이크 무료
292322,삼성전자 예고된 1분기 어닝쇼크에 주가는 보합권 등락종합
292323,예배 집전하는 정교회 수장 바르톨로메오스 1세
292324,추신수 어깨 통증으로 텍사스행…주사 맞고 주말께 복귀할 듯
292325,폼페이오 카타르 단교 해결 기대…미군기지 확장 합의
292326,靑 책임총리에 대폭 권한을 줘 내치 맡기는 형태 될것
292327,폭염 속 추석 열차승차권 예매 시작
292328,여자프로배구 FA 배유나 도로공사 잔류…21일 결혼
292329,팔레스타인이스라엘 충돌 격화…사흘간 최소 15명 사망종합2보
292330,감 대추 살구 주렁주렁 열리는 전주 한옥마을 만든다
292331,업체당 1천만원 P2P 투자한도 업계 총액으로 전환 추진종합
292332,작가회의 이사장에 소설가 이경자…성폭력 단호히 대처할 것
292333,베이브 루스 500홈런 배트 13억원에 팔렸다
292334,특징주 두산퓨얼셀·솔루스 분할상장 이틀째 상한가종합
292335,日 관방 北 추가도발 위협 절대 용인 못 해
292336,노영민 野 사퇴 요구에 무한책임…언제든 모든것 다할 생각
292337,남북정상회담 B컷 공개 김정은 위원장과 우원식 원내대표
292338,15년 만에 감독으로 북한 가는 허재 선수 때보다 더 설...
292339,영상에 담은 시·소설…2017 문학영상 콘테스트
292340,혜성 67P 분리합체 과정 반복
292341,부도 피해 출판사들 송인서적 워크아웃으로 회생 추진
292342,게시판 국립전파연구원 ICT 아이디어 공모전 개최
292343,김재환 9회말 끝내기 투런포…두산 3연패 탈출
292344,무궁화위성 7호 발사 성공…한국 4번째 방송통신위성 보유종합
292345,NYT 트럼프 독단적 외교정책에 공화당 내부 우려 증폭
292346,트럼프 루디랑 얘기해…탄핵 증언록서 줄리아니 역할 확인종합
292347,도자재단 한국생활도자 100인 릴레이 기획전
292348,北 당대회 기념해 모든 가정에 전자제품 제공설데일리NK
292349,정청래 손혜원에 탈당 못한다…어떻게 그렇게 사나
292350,유럽 미국의 對이란 제재 피하기 위한 특수목적법인 발족
292351,프로농구 SK 헤인즈 무릎 부상…플레이오프 출전 불가
292352,아시안게임 남자농구 태국 꺾고 3연승…난적 필리핀...
292353,中 증시 소액투자자가 74%…투자자 5천만명 돌파
292354,안드로이드의 아버지 루빈 첫 스마트폰 출시
292355,中매체 트럼프 새 핵무기 감축 협정 검토에 中 견제가 목적
292356,이주의 뉴스키워드 블랙리스트·가상화폐·권력기관
292357,차이나텔레콤 경영진 LGU 방문…전략적 제휴 후속 논의
292358,설치미술가 양혜규 10월 재개관 뉴욕 현대미술관 전시
292359,예판 80만대 목표 갤노트8 vs 첫발 떼는 V30…하루 맞대결
292360,朴대통령 내일 국회 시정연설…국정협조 당부
292361,2020년까지 지진 발생 10초이내 경보 시스템 개발
292362,자동 용접으로 1만t 가스저장탱크 제조
292363,바른미래 일촉즉발 분당 위기…도미노 탈당 현실화 조짐종합
292364,마스터스 우승 가르시아 엘 클라시코 시축하고 싶다
292365,삼성전자 갤노트7 배터리 불량 묵인 주장 사실 아니다
292366,평창올림픽 초청장 살펴보는 이명박 전 대통령
292367,靑 님행진곡 합창 또 다른 분열 막기위한 고심 결과
292368,언니를 죽인 그를 찾아나선 동생…권여선 레몬
292369,추신수 이틀 연속 선두 타자 홈런…시즌 15호종합
292370,게시판 KIST 뇌 노화·치매 심포지엄 개최
292371,LG유플러스KT 이번엔 모바일 내비 통합…원내비 출시
292372,대구시 일상 속 아이디어 시민제안 8건 시정 반영
292373,뮤지컬·판소리·캐럴 한자리서 감상…국악관현악단 겨울음악회
292374,화천 쪽배축제 내달 29일 개막…16일간 이어져
292375,요미우리 2군 감독으로 변신한 아베 체벌은 절대 안 해
292376,PK에서 뭉친 김경수오거돈
292377,국회의장까지 다시 줄다리기…국민의당 캐스팅보트
292378,러 군용기 韓영공 침범 논란 속 中매체 중러 군사 우호 강조
292379,버라이즌 야후 핵심사업 48억 달러에 인수 확정
292380,LG G6 예약판매 돌입…액정 무상 수리 등 45만원 혜택종합
292381,소말리아서 미군기지 겨냥 폭탄테러…알샤바브 배후 자처종합
292382,멋쟁이 파레디스 두산 강팀이라고 들었다
292383,KCC전자랜드 5차전…1차전 승리팀 vs 5차전 징크스 ...
292384,게시판 KISA 민간분야 사이버위기 대응 모의훈련
292385,朴대통령 6자회담 무용론 첫 제기…5자 카드로 北전방위압박
292386,최고위원회의 참석하는 이해찬 대표
292387,올림픽 김정은 리우 개막식에 왜 최룡해 보내나
292388,분단 유전자 발견한 리처드 로버츠
292389,유비쿼스 주당 500원 현금배당 결정
292390,시진핑·김정은 수교 70주년 상호 축전…관계 발전 강조종합
292391,유럽의회 美 이민자 가족 분리·수용시설 구금 관행 끝내라
292392,대북 소식통 중국 소재 북한식당 종업원들 또 탈북
292393,피처폰 LTE로 다시 뜬다…올해 세계 판매량 4배 늘 것
292394,네이버 창립멤버 가상화폐 대책 17년전 이메일 규제 연상
292395,조국 이틀째 정의당 예방…수사는 수사대로…오해없도록 할것종합
292396,KT 수원KT위즈파크 5G 스타디움 구축
292397,미국 연일 중·러 견제…화웨이 때리고 나토 달래고
292398,마류밍의 시각적 표현
292399,신세계 센텀시티 복합쇼핑몰 개장…매출 1조 기대
292400,웰바이오텍 증자·전환사채로 381억원 조달
292401,北 김명식 전 해군사령관 부총참모장 직함 달고 등장종합
292402,퇴임하는 ECB 드라기 유로존 하방위험…부양책 여전히 필요
292403,북한 조선직총 남북노동자단체 대표자회의 참석
292404,WSJ 스크린 결함 논란 갤럭시 폴드 조롱 동영상
292405,올해 지중해 건너다 이주자·난민 443명 사망
292406,北 내륙으로 쏜 방사포 표적 빗나갔을 가능성 RFA
292407,잉글랜드 축구 스완지시티 레스터시티 제압…기성용 결장
292408,그래픽 현대중공업그룹 조선부문 지배구조 개편
292409,세기의 대국 알파고 약점 찾았다…묘수 연타 날려라
292410,예술의전당 평일 공연 저녁 7시30분으로 앞당긴다
292411,홍콩 시위대 실탄 맞아 중태…시진핑 초상 불태우며 애도 시위종합2보
292412,게시판 한국포스증권 온라인 연금자산관리센터 개설
292413,다음 PC용 첫 화면 넓어졌다…검색창·글자 크기도 확대
292414,그래픽 고소득가구 학원비 빈곤층의 27배
292415,SK브로드밴드 연휴 첫날 접속 장애…이용자 불편종합
292416,문 대통령 국무회의서도 北 언급 안해…절제·차분 기조
292417,성인 2명 중 1명 포털 뉴스댓글 조작 의심된다
292418,6기 헌재 헌법소원 심판
292419,특징주 KCC건설 토목부문 영업정지 소식에 내림세
292420,금융꿀팁 보험상품 비교는 보험다모아…인상률은 협회 홈피서 확인
292421,북미 첫 출시 LG 듀얼스크린에 호평…멀티태스킹 우수
292422,아프리카 말라위 무타리카 대통령 재선…3%p 차이 신승
292423,중국 홍콩·대만 문제 커지자 고교생 주권교육 강화
292424,장자연 리스트 사건 결과 보고서 든 김영희
292425,CJ오쇼핑공영홈쇼핑 제휴…중소기업 판로 확대
292426,삼양옵틱스 최대주주 지분 매각 검토 중
292427,이주열 통화정책 완화정도 추가 조정 필요
292428,신간 헤어진 사람의 품에 얼굴을 묻고 울었다
292429,경제활력 시들…3분기 성장률 0.6%·국민소득 0.7%
292430,NC다이노스 홈구장 창원 새야구장 이름은…시 연말까지 결정
292431,캐나다 홍콩시위 격화에 여행주의보 격상
292432,충북 오후부터 빗방울…유명 산·유원지 한산
292433,박항서 서로 도움 되는 경기…北 김영준 박 뛰어난 감독
292434,문 대통령 4·19 정신으로 정의롭고 공정한 나라 만들겠다
292435,세계 최강 양궁 마지막날 金金金…여자 축구 일본에 ...
292436,5년간 과기부 RD 예산 횡령액 125억원…절반 미회수
292437,STEPI 과학기술혁신과 개발 국제컨퍼런스 개최
292438,인간은 어떻게 가르치고 배우는가…레슨 제로展
292439,카카오게임즈 VR 게임 VR 골프 온라인 출시
292440,MLB서 40년 만에 사이영상 1 2위 투수끼리 개막전 빅뱅
292441,트럼프 터키국경 전투에 불개입이 현명…터키제재 채널 고정종합
292442,삼성화재 극적인 역전승…KB손보 12연패 늪으로
292443,벤투 축구대표팀 감독 코치 4명과 함께 입국
292444,게시판 인텔 국제과학기술경진대회 대표단 발대식
292445,카슈끄지 살해 1년…변한 건 아무것도 없다종합
292446,워싱턴 셔저 현재 몸 상태 괜찮아…WS 7차전 등판할듯
292447,해체 KDB생명 선수단 오늘 소집 죽기 살기로 다시 뛴다
292448,카드뉴스 아이언맨 해리포터…영화 속 상상이 현실로
292449,견원지간 터키그리스 이번엔 난민 문제로 으르렁
292450,대통령 사이에 두고 개헌 민감
292451,러 펑크난 버스 얼어붙은 강으로 추락…19명 사망종합2보
292452,新나치와 반대시민들 충돌로 獨 본 중앙역 한때 폐쇄
292453,골프장에 등장한 5G 응용 서비스 체험 공간
292454,김정은 특별열차 북중접경 엄중통제 속 새벽에 압록강 건너
292455,금융사 예금보험료 산정 때 예금담보·보험약관대출 제외
292456,모바일 초고속인터넷 보급률 OECD 1위 일본…한국은 8위
292457,1인 창작자 재능도 전시…크리에이터스 그라운드
292458,조국 압수수색 검사와 통화 파장…한국·바른미래 탄핵추진종합
292459,朴대통령 北 핵위협 제거되면 사드 필요성도 없어질 것
292460,트럼프 재선 자신…내가 떠나는 6년 후 NYT·WP 사라질 것
292461,가빈 아가메즈·산체스와 KOVO컵 예선서 대결…거포 승자는
292462,도박산업 무너진 미국 애틀랜틱시티 셧다운 위기
292463,英 명물 이층버스에 마이클 잭슨은 결백 포스터 등장
292464,미소없이 악수만 나눈 남북탁구 대결…무승부로 마무리
292465,MS 사이버공격 美정부 탓…NSA서 털린 코드가 공격에 쓰여
292466,아시안컵 앞둔 윤덕여號 소집…지소연·이민아 등은 추후 합류
292467,5G 자율주행버스 체험해보세요…KT 판교서 프로모션
292468,KT 기업전용 LTE 서비스 시작
292469,양현종 4이닝 3실점 출격 완료…삼성 아델만 5이닝 4실점
292470,시진핑 대만문제 외부간섭 안돼…무력 포기 안해…대만 반발종합2보
292471,한국문학 거목 광장 최인훈 별세…향년 84세종합3보
292472,드론 활용 해빙기 안전점검
292473,이범호·김주찬 3타점씩…KIA 더블헤더 1차전 SK 제압
292474,힐러리 지지율 우세 굳히기…4대 경합주 트럼프에 5∼14%p 앞서
292475,엔화 비쌀 때 팔자 지난달 외화예금 감소…달러화는 늘어
292476,이스라엘 내년에 두바이 엑스포 참가…걸프국가와 외교강화
292477,女배구 대표팀 올림픽 예선 참가차 24일 출국…세르비아서 전훈
292478,美 TV쇼의 통큰 선행…9천명 의료비 178억원 대신 갚아줘
292479,경남 곳곳서 3·1절 기념행사…유원지 나들이객 북적
292480,특징주 그린플러스 코스닥 상장 첫날 약세…공모가는 상회종합
292481,특별재난지역 청주·괴산·천안 전파사용료 감면
292482,한국은행 금융안정보고서 설명회
292483,멕시코 마약왕 구스만 신병인도 승인…美사형 미집행 확약
292484,전국체전 오면 문화체전도 있다…25개 행사 풍성
292485,수단 다르푸르 난민캠프서 유혈충돌로 14명 사망
292486,탐사보도와 아시아 민주주의…시사IN 저널리즘 콘퍼런스
292487,V30 미리 체험하면 공짜…LG전자 국민체험단 모집
292488,전문가 北 트럼프에 평화협정핵동결 제안 가능성종합
292489,갤S8 국내 출고가 인하 거북이걸음…해외서 먼저 내려종합
292490,민주 2차 선거인단 열흘간 모집하기로…기존안서 3일 연장
292491,朴대통령 멕시코 방문 계기 무역투자협력 등 34건 MOU 체결
292492,톰프슨·커리 68점 골든스테이트 3쿼터 마법 앞세워 5연승
292493,갤럭시S8 예약판매 이틀만에 55만대…갤S7의 5.5배종합
292494,루카쿠 놓친 첼시 모라타에 눈독…레알 1천174억 내놔야
292495,1월 실업률 4.5% 2010년 이후 최고
292496,베트남 박항서 감독 SNS 비난 미얀마 감독에 일갈
292497,손잡은 KT인텔
292498,헌법재판소가 단통법 호갱 논란 해결해 줄까
292499,갤노트10 출시 앞두고…갤럭시S10 5G 출고가 내리고 지원금 올라
292500,美 자리프 이란 외무장관 제재 보류…폼페이오가 말려
292501,한복 사랑이 직업으로…직업방송 취미로 먹고 산다
292502,맨시티 유럽 챔스 8강 보인다…모나코에 53 승리
292503,노트FE 가고 노트8 온다…대목 기다리는 이통시장
292504,한은 경제통계 해설강좌 내달 14일까지 접수
292505,이정철 IBK기업은행 감독 물러나…고문으로 보직 변경
292506,남경필 경선 2연패에 충청·수도권서 역전발판 마련
292507,정진석 盧 전 대통령이 열린우리당 입당 권유했으나 사양
292508,대통령 개헌안 대통령의 헌재소장 임명권 조항 삭제속보
292509,LG 스마트폰 1분기 영업손실 1천361억원…적자 폭 감소세
292510,LGU 아파트단지에 공기 질 측정기 설치
292511,SK텔레콤삼성전자 S어워즈 행사
292512,삼성그룹 이건희 회장 사망설 공식부인
292513,평양정상회담 북한 의장대 사열하는 문 대통령
292514,그래픽 2020년 예산 총지출 규모 변화
292515,中日정상 양국관계 중요한 발전 기회 맞아…협력 강화해야
292516,꿀잼여행 제주권 금빛 관악 선율에 빠지다…국제관악제·관악콩쿠르
292517,에르도안 시리아 북부 안전지대 내달부터 터키러 공동 순찰
292518,미중 무역합의 기대감에 中 증시 상승세
292519,황 대행 규제개혁 민간위원 위촉장 수여
292520,카카오커머스·카카오메이커스 합병…전자상거래 강화
292521,英 노 딜 브렉시트 후 조기총선으로 가나
292522,전원책 보수통합이 대세…조강특위 인선 끝났다
292523,기자간담회 갖는 박양우 문체부 장관
292524,아시안게임 라건아·로숙영 남녀 농구 동반 2연패 책임...
292525,KT OTT 시즌 콘텐츠 강화…실시간 채널 210개로 확대
292526,서울옥션 국내외 거장 미술품 홍콩경매 출품
292527,문대통령 국정지지도 47.1%…3주 만에 최저치 경신리얼미터
292528,삼성전자 갤럭시S8 개통 기한 또 연장…재고 부족
292529,남자 배구 현대캐피탈 다우디 효과로 신나는 3연승
292530,카탈루냐 자치정부 수반 불복종 혐의로 기소돼…갈등 격화
292531,찜통더위 끝이 보이나…오후 7시 대구·경북 폭염특보 해제
292532,속보 文대통령여야대표 日 화이트리스트 배제는 안보협력 위협
292533,KJ프리텍·모다 불성실공시법인 지정…KJ프리텍 거래정지
292534,평양정상회담 남북정상 같은 차로 이동…평양 시내서 카퍼레이드도
292535,EPL 득점왕 경쟁은 이제부터…케인·살라 15골 공동선두
292536,중동 분쟁지역 약탈 유물 페이스북서 밀매
292537,朴대통령 개성공단 추가조치 여부는 北에 달려
292538,삼성전자 옵테인 메모리 탑재 노트북 다음달 출시
292539,한국 배낭형 통신기지국 기술 세계모바일박람회서 선뵌다
292540,러 붉은광장서 2차대전 승전기념 군사퍼레이드…핵무기 선보여
292541,페이스북 동영상 플랫폼 워치 전세계 확대 출시
292542,케이프투자 진에어 4분기 호실적…목표가↑
292543,불꽃튀는 한국당 원내대표 경선…키워드는 黃心·협상
292544,MWC19 갤럭시폴드 개발 8년간 하나하나 장벽 허무는 것 같았다
292545,에버턴과 2년 계약한 웨인 루니
292546,월드컵 16강 좌절에도 값진 1승…광장에 가득 찬 대...
292547,유엔 이라크 반정부 시위로 269명 사망
292548,KT 기업용 포털 비즈메카 이지 무료기능 확대
292549,야심작 G6 꺼낸 조준호 소중한 이에게 당당히 권하는 제품
292550,남자배구 벨기에전 03 완패…전패로 도쿄올림픽 세계예선...
292551,깜깜이 옵션관광 없앤다…국외여행상품 정보제공 표준안 마련
292552,美 휴스턴 쇼핑몰서 총격…다수 부상
292553,소방관 순직 안성 공장폭발사고 50여일만에 정밀감식
292554,北 국경경비병 2명 순찰 중 피습…1명 사망 RFA
292555,태양 3개인 행성 발견…나흘 중 하루 밤이 없어종합
292556,러시아 지방 유력지에 실린 3·1 운동
292557,거액 몸값 네이마르·뎀벨레·포그바 부상과 구설수로 곤혹
292558,베스트셀러 박준 산문집 드라마 등장에 힘입어 인기
292559,방송협회 독립창작자와 상생 위한 인권선언
292560,한선교 태생 친박으로서 계파청산할 것…전대출마 선언
292561,대학로 5개 극단이 말하는 소통…1번 출구 연극제
292562,프로농구 KCC 인삼공사 꺾고 2위 수성…역전 우승도 기대
292563,탬파베이 최지만 연장 11회 끝내기 발판 볼넷
292564,김부겸 文 개헌 앞장서달라…정치교체 안 되면 또 실패
292565,좋아요에 목숨 거는 사회…혼자만의 시간 찾아라
292566,中 文대통령 한중일 정상회의 참석차 24일 청두 방문
292567,日오키나와 주민들 美기지 조성 반대 육·해상 시위
292568,사이언스 줄기세포상 후원 中기업 재고…황 박사 때문
292569,온라인 명품 구매 늘었다…롯데닷컴 올해 명품 매출 25%↑
292570,이란 반정부시위 격화에 혁명수비대 단호하게 대처 경고
292571,코스피 상승 출발 후 혼조세…장중 2130선 내줘종합2보
292572,호날두·메시·네이마르 발롱도르도 나란히 후보
292573,25년만에 돌아온 김중식 시인 사막 건너볼 희망 봤죠
292574,DB 정규리그 우승 숨은 공신 벤슨 원주는 나에게 큰 가족
292575,추석 연휴 열차 승차권 127만석 팔려…예매율 34%
292576,참사 현장 취재 중 순직…박경완 기자 26주기 추모제
292577,주요 업종 수출 점검회의 참석하는 백운규
292578,세르비아계 정치 거물 비판한 사업가 피살
292579,세종상공회의소 초대 회장 취임
292580,아시안게임 여자축구 한일전 실시간 시청률 14.09％
292581,게시판 KISTEP 한·중·일 과학기술정책세미나 개최
292582,중국인 위안부 생존자 20명만 남아…기록영화 기념관에 기증종합
292583,이란 최고지도자 美와 협상은 손해…반이란 회의 맞춰 비난
292584,방글라데시 의류 노동자들 2주째 집단 시위…임금인상 등 요구
292585,멋진 셀카 욕심에… 페루 마추픽추 91ｍ 절벽서 추락사
292586,中매체 홍콩시위와 무역협상 연계하려는 美 시도는 착각
292587,게시판 롯데정보통신셀바스 AI 인공지능 사업협력 MOU
292588,軍 금수저 꿀보직 주장에 사실과 달라 부대분류 공정
292589,올림픽 문 대통령 평창올림픽 개회식 리셉션
292590,테헤란 부근서 이란군 화물기 추락…16명 탑승종합2보
292591,조배숙 대표 경제정책 근본적으로 전환할 것을 촉구
292592,美 테러조직 지정 이란 정예군 혁명수비대 총사령관 교체종합
292593,KT 5G 에지 통신센터 8곳 구축…지연시간 획기적 단축
292594,印파 총리 군사충돌 후 첫 대면…SCO 정상회의서 악수
292595,NBA 휴스턴 13연승…서부콘퍼런스 선두 질주 한 달간 무패
292596,기념촬영하는 각국 정상들
292597,디스플레이광고 네이버가 압도…동영상은 유튜브 1위
292598,원외 민주당 더불어민주당 사용금지 가처분 신청
292599,터키 에르도안 쿠르드 민병대 완전히 철수 안 해종합
292600,이란 호르무즈에 유럽 군함 파견은 적대적 도발 경고
292601,KT 로밍ON 서비스 출시 1주년 맞아
292602,김승대·이창민 몰도바전은 동계 첫경기…다음은 훨씬 나을 것
292603,KT 엠모바일 ATM에서 알뜰폰 개통하세요
292604,축포 4방 벤투호 우즈베크 꺾고 6경기 연속 무패 신...
292605,日방위성 레이더 갈등 협의 韓발표에 항의…사실과 달라 주장종합
292606,보광산업 주당 1주 무상증자·현금배당 결정
292607,오늘의 투자전략 채권발 충격 코스피 추세 반전은 아니다
292608,경제계 최저임금 결정기준안에 기업 지불능력 포함해야
292609,추천 영화·드라마는 어떻게 골라주는걸까
292610,김광석 홀로그램 콘서트 6일 다시 시작한다
292611,靑 비아그라는 고산병 치료제…순방 대비해 준비종합
292612,더빙 체험하는 도종환 장관
292613,코스피 개인·기관 매수에 이틀째 반등…2160선 회복종합
292614,아이폰X 비밀 발표전 다 샜다…애플 경위조사 착수
292615,NBA 필라델피아 구단 최다 15연승 행진…동부 3위 굳히기
292616,화웨이 美법원에 美정부 제재 위헌 여부 약식판결 요청
292617,아시안게임 자카르타에 뜬 영웅들…한일전 지배한 넥센 4인방
292618,유일호 외환시장 상황 주시…급격한 변동에는 미세조정종합
292619,NH투자증권 현대백화점 1분기 실적 시장 전망치 충족
292620,그래픽 자동차사고 과실비율 인정기준 개정 주요 내용
292621,신뢰도 꼴찌의 언론 탈출할 길은…언론재단 토론회
292622,IS 격퇴 앞장섰지만…이라크·시리아서 버림받은 쿠르드
292623,이통사 투자 6년전 수준 축소…기본료 폐지여론 거셀듯
292624,북한 4·25체육단 방남…춘천 국제유소년축구대회 참가
292625,김병준 與 5·18 한건 잡았다 생각…도가 지나쳐종합
292626,올해 과학인물에 중력파 LIGO 연구진·알파고의 아버지
292627,삼성 美 새너제이서 올해 SDC 개최…새 갤럭시 디자인도 공모종합
292628,폭행·배임 의혹 손석희 JTBC 대표이사 경찰 출석
292629,SK텔레콤 위약금 부담 줄인다…약정제도 전면 개편
292630,유튜버 연간수입 1위는 스웨덴 게임방송인…174억원 벌어
292631,정정용호 AFC U19 챔피언십 8강에서 타지키스탄과 격돌
292632,LG유플러스 타사 고객 대상 갤럭시S8 체험단 모집
292633,부산 수산부문 특화금융상품 연구·개발해야 한은
292634,탄핵가결 이재명 탄핵안 가결에 국민의 승리
292635,SKTSM 맞손…한류ICT 결합 콘텐츠로 해외시장 공략종합
292636,터키 에르도안 튀니지 방문…리비아 휴전 논의
292637,증시신상품 키움증권 ELS 2종 오는 15일까지 공모
292638,하이트진로 더벤처스와 서초사옥에 공유 오피스 개설
292639,닻 올린 김병준 비대위…한국당 혁신 이뤄낼까
292640,제주 고사리 맛도 영양도 만점에 꺾는 재미까지
292641,박영수 특검 靑 대법원장 사찰 의혹 파문 수사할까
292642,카카오 빅딜로 홍콩 사모펀드 대박…1조2천억원대 차익
292643,류현진 체이스필드서 1천880일 만에 승리…시즌 9승
292644,인류학 뒤흔들 호모 날레디…300만년 아닌 2030만년전 생존
292645,컬러사진으로 다시 보는 격동의 세계사
292646,손열음 난 엄격한 사람 스스로 만족할 축제 만들고 싶었다
292647,제주지사 후보에게 듣는다 자유한국당 김방훈
292648,양파껍질 같은 아베식 벚꽃놀이 의혹…日여론 악화일로
292649,日아베 北탄도미사일 유엔결의 위반…美 등 국제사회와 연대종합
292650,모로코서 산사태로 미니버스 탑승자 15명 사망
292651,신간 모던 슈트 스토리·그림 창문 거울
292652,野 홍용표 국민에 거짓말…사퇴·해임 요구종합2보
292653,요엘 레비 KBS교향악단 지휘자 관객 신뢰회복이 최대 성과
292654,종부세 파장…다주택자 똘똘한 한 채 갈아타기 시작되나
292655,KEB하나은행 중고차 거래 앱 핀카서 자동차 대출 서비스
292656,올림픽 묵호항으로 입항하는 만경봉호
292657,tvN 프로그램 체험하는 즐거움전 2018 11월 개최
292658,마크롱·푸틴 파리서 단독회담…주요 분쟁 출구전략 모색
292659,여자배구 박정아 23일 발목 수술…재활에 3∼4개월 걸려
292660,갤럭시 폴드 6월 출시 어려울 듯…일정 발표 이달 넘겨
292661,홍준표 패션우파 정권에 굴복해 보수 궤멸종합
292662,무역전쟁 긴장 다시 팽팽…원달러 환율 1070원 문턱 마감
292663,질문에 답하는 유홍준 교수
292664,맨유 리버풀과 00 무승부…개막 8경기서 6승 2무
292665,피아니스트 박종해 1년간 제대로 한 번 놀아볼게요
292666,아주대 연구진 류마티스 관절염 치료약 후보물질 개발
292667,아태지역 뉴스통신사 한자리에 OANA 총회 개막
292668,신간 밤은 길고 괴롭습니다
292669,故신영복 애도…文 그 정신 당명 속에 vs 安 새정치 격려종합
292670,정부 北 주도 태권도시범단 방한 추진에 자제 필요
292671,국내 연구진 탄생 중인 별에 생명근원 물·유기분자 첫 관측
292672,경찰 손석희 배임혐의 고발인 조사…폭행 내사 수사 전환종합
292673,SKB 2.5기가 인터넷 국내 첫 상용화
292674,스마트폰으로 손쉽게 360도 가상현실 영상 만든다
292675,日언론 한미 정부 트럼프 방한 때 비무장지대 시찰 조율
292676,두산 반 슬라이크 결국 2군행 누가 봐도 제 컨디션 아냐
292677,하반기 스마트폰 대전…삼성 시동 애플·LG·구글 대기
292678,이상문학상 대상 작가들의 글쓰기에 관한 내밀한 고백
292679,NBA 휴스턴 3쿼터만 50점…플레이오프 2R 진출 1승 남았다
292680,마크롱 G7 회담 전날 이란 외무 만나 제재완화 제안
292681,내년부터 휴대전화 번호변경 3개월에 2회로 제한
292682,SK텔레콤 CJ헬로비전 인수·합병 계약 해제
292683,15억원대에 팔린 김환기의 새와 달
292684,국립중앙박물관 이집트 미라 등 만나볼 세계문화관 개관
292685,세계 최대 만화 축제 코믹콘 8월 한국 첫 상륙
292686,넥슨 게임서버엔진 개발사 아이펀팩토리에 전략적 투자
292687,이란 핵합의 이행 3단계 축소 개시…우라늄 농축 가속
292688,개막식 공연 펼치는 바리톤 정경 교수
292689,유엔 예멘서 사우디군 폭격으로 아동·여성 22명 사망
292690,유영민 과기 통신3사 CEO들에 5G 협력요청
292691,SKT 신용카드 크기 휴대용 라우터 포켓파이Z 출시
292692,트럼프ㆍ러시아 외무 기밀유출 논란 이후 첫 만남…北논의 관심
292693,카탈루냐 수반 스페인의 노란 리본 철거지시 거부해 유죄
292694,中 비관세장벽·민족주의 활용해 사드 압박 가능성
292695,미국인 52% 北核 우려…이란핵보다 심각
292696,트럼프 네바다도 승리…슈퍼화요일 길목서 파죽의 3연승종합2보
292697,GM 10년이상 체류·산은 비토권 수용 가닥…협상 급물살
292698,날씨 가을 시작 입추에도 찜통더위 계속…서울 34도7일
292699,월드컵 32개 팀 중 31위…야후스포츠 한국에 박한 평가
292700,민주 경선후보 경력에 대통령 이름 표기 여부 최고위서 논의
292701,중국 열차 통해서도 北에 연료 공급 RFA
292702,당첨 취소 아파트 4채 가족 명의 계약한 공무원 2심도 무죄
292703,최양희 미래부 장관 중국 방문…과학·ICT 협력 강화
292704,방송통신 정부혁신 콘서트
292705,네이버·카카오 언론사 입점·퇴출 기준 완화 추진
292706,김성녀 국립창극단 예술감독 국립극장장 공석 속 임기 연장
292707,미얀마 국제형사재판소 로힝야 사태 수사 거부
292708,신간 당신과 함께라면 말이야
292709,국회 미래전략자문위 미래를 위한 제언 발간
292710,소통 강조한 朴대통령 국회 상임위원장 전원에 축하난종합
292711,감방서 입 뗀 최순실…어제 기억도 없는데 세월호 기억나겠나
292712,프로농구 1위 현대모비스 DB에 화풀이…2연패 탈출
292713,국방부 업무보고 참석한 문 대통령
292714,프로축구 전북서울 빅매치…1강 자존심 vs 첫승
292715,아산 회생 기회 생겼다…20일까지 시민구단 전환 시 참...
292716,내실 떨어지는 이자장사…4대 은행 순이자마진은 떨어졌다
292717,미등록 여론조사 공표 홍준표 과태료 2천만원 확정
292718,삼성 갤S8 빅스비 영어버전 이달 미국 출시…체험단 모집
292719,北 외국투자기업 대상 보험상품 홍보…생명·재산 보호
292720,네이버 브이라이브 3년간 누적 재생수 34억건 돌파
292721,올림픽 통신 트래픽 개막당일 평소 3배…설 연휴 또 출렁 전망
292722,몬테네그로 음식점·카페 등 공공장소 흡연 전면 금지
292723,중국 작년 수출 급증했지만 무역흑자 5년 만에 최소종합
292724,中언론 홍콩 시위에 중앙정부 개입 가능성 또 경고
292725,미국 관리들 지난달 이스라엘의 이라크 무기고 공습 확인
292726,월드컵 D30 ⑤ 태극전사 16강 전진기지 베이스캠프...
292727,베트남 中 남중국해서 침몰한 베트남 어선 인양 방해종합
292728,그냥 영화가 좋아서…유튜브 창작자 3인의 이야기
292729,새마을교육 수료증 전달하는 정성헌 회장
292730,알리 호날두 넘어설 재목…공격포인트 40개 압도적
292731,北날두 한광성 시즌 6호골…이탈리아 세리에B 득점 2위
292732,토트넘 포체티노 감독 손흥민 훌륭한 활약
292733,서울시립교향악단 대표 서울시 악기 나눔 릴레이 동참
292734,男배구 대표팀 마지막 평가전 승리…임도헌 준비 열심히 했다
292735,본회의에서 지방선거 출마의원 사직 안건 처리
292736,멕시코 외무 중미 불법 이민 저감 대책 45일 이후 평가
292737,이집트 사카라 유적지서 아기사자 추정 미라 발굴
292738,애플 상대 국내 첫 집단소송 제기…형사고발도 할 것
292739,파라과이서 지카 바이러스 소두증 아기 2명 첫 출생
292740,신간 거짓말 읽는 법·사람의 자리 과학의 마음에 닿다
292741,SK텔레콤 기어S3 클래식 LTE 단독 출시
292742,한진해운 채권단에 자율협약 신청서 제출1보
292743,금융위 신협 사회적 금융 강화·부대사업 근거 마련 추진
292744,아름다운 학교 만들자… SK네트웍스 벽화그리기 봉사활동
292745,제2의 대처 英 총리 후보 메이…관록의 5선 중진
292746,SBS 뉴스 봄 개편…24시간 유튜브 라이브 시작
292747,대북 군사공격 반대한 공화당 월터 존스 美하원의원 별세
292748,카카오맵에 카카오내비 길안내 기능 탑재
292749,미국 지상파 PBS 트래블 스코프 한국편 촬영
292750,500대 기업중 33곳 벌어서 이자도 못내는 좀비기업
292751,김영록 장관 반려견 대책 보완하겠다
292752,KT 5G 상용화·안전통신망 수주 올해 최대 성과물
292753,박지원 vs. 이재오…더 독해지는 KBS 더 라이브
292754,여성의 날 회견 갖는 신용현 전국여성위원장
292755,소행성 유전지대 충돌로 공룡멸종…검은연기로 기온 냉각
292756,바른정당 판문점 연락채널 복원 환영…근거없는 낙관 안돼
292757,폴리뉴스 19주년 창간 기념식… 상생과통일포럼 박원순 초청 특강
292758,통일부 북한인권법 민족 장래 위해 반드시 필요
292759,울산 2월 제조·비제조업 체감경기 7년 만에 최저
292760,MLB 다저스 다저스타디움 파울 보호망 외야로 확장
292761,폼페이오 골란고원 이스라엘 주권인정 중동평화에 도움
292762,티켓 안주면 인종차별 구호…伊 유벤투스 과격팬 12명 체포종합
292763,나사 목성 위성 유로파서 수증기 발산 흔적 발견종합
292764,토트넘 손흥민 3경기 연속골 폭발…올 시즌 최고 활약
292765,김홍걸 전남 영암무안신안 재선거에 출마 검토 의향 있다
292766,정부 3.3㎡당 1억원 아크로리버파크 등 실거래가 조사 착수
292767,전국 1천500곳 미세먼지 정보가 한곳에…KT 통합관제센터
292768,野 손혜원 탈당 회견 일제 비판…의원직 사퇴해야종합
292769,SK 산체스 삼성전 7이닝 2실점…시즌 첫 QS로 3승 눈앞
292770,스물여덟자 훈민정음 디자인 예술로 재탄생하다
292771,지방서 새누리당 탄핵 동참 촉구 이어져…일부는 동참 반대
292772,폭염 누그러진다더니… 불볕더위에 전국이 헉헉
292773,5월에만 4승…류현진 이달의 투수상 경쟁 여전히 우위
292774,원유철 野 의석수 늘면 안보·경제·민생 마비
292775,MLB 피츠버그 바스케스 미성년자 불법 성관계 혐의로 체포
292776,대만 차이잉원 여론조사서 한궈위 압도…재선 청신호…
292777,수석보좌관회의 청 직원에 생중계
292778,U20월드컵 베네수엘라 응원단 국기 압수 논란 한국 ...
292779,초박형 카메라·현미경 등 렌즈 두께 종이처럼 얇아진다
292780,13점 폭발 넥센 무패 투수 이용찬 상대로 화력 시범
292781,朴대통령 TK의원 11명 면담…靑 사드민심 청취종합
292782,KBO 팬 성향 설문조사 분석 업체 선정 입찰
292783,130 만든 NBA 르브론 제임스…인디애나 격파종합
292784,스리랑카 말라리아 청정국 됐다…4년 가까이 발병 0
292785,LG전자 촛불 1천500개 밝기 미니빔 TV 출시
292786,부산 해운대 오피스텔서 불…100여명 대피
292787,피아니스트 조성진 두번째 앨범 드뷔시 내달 17일 발매
292788,신간 여덟 개의 산·나의 마지막 대륙
292789,게시판 이케아 코리아 새로운 출발 세일
292790,핏비트 아이오닉 아디다스 에디션 출시
292791,모잠비크서 선거 유세장 압사사고로 10명 사망·85명 부상
292792,SBS콘텐츠허브 SBS네오파트너스·지에프앤엘 지분 매각
292793,설산으로 변한 치악산
292794,박영수 특검 파견검사 10명 합류…특수부 중심 정예멤버종합
292795,긴급비상대책위 참석하는 김병준과 나경원
292796,신한카드 딥드림 100만장 돌파…1만명에게 선물
292797,술 취한 여성 성폭행 의혹…넥센 박동원·조상우 구속영장
292798,SK 김성현의 예리한 노림수…동점타·끝내기 다 적중했다
292799,이란 반정부 시위 배후 세력 대규모 검거 작전…안정 회복
292800,류중일 LG 감독 김현수 돌아오려면 좀 더 기다려야
292801,일 연구팀 2억1천만년전 거대운석 충돌로 플랑크톤 대량멸종
292802,프란치스코 교황 오는 8일 난민·난민 조력자 위해 미사
292803,佛 올랑드 EU미국 자유무역협정 근본적 재검토 해야
292804,진통제 복용하면 우울증 증상 완화에 도움
292805,독특한 호날두 흉상 조각가 이번에는 베일 흉상 제작
292806,與 오후 전국위원회 개최…비대위 인선 등 의결 시도
292807,FOMC에 주목했던 한국증시 이젠 미국 대선으로 시선집중
292808,KBS제주총국 지역뉴스 7시 오늘 제주 확대편성
292809,LG유플러스 노후아파트에 초고속 인터넷 제공
292810,카스트로 사후 北·쿠바 혈맹관계는…유대관계 토양 잃어
292811,남녀 배구 대표팀 소집…도쿄올림픽 출전권 획득 담금질 돌입
292812,네이버 모바일 뉴스에 언론사 자체편집 뉴스 제공종합
292813,KBS한전 제26회 KBS한전음악콩쿠르
292814,독일 구글·페북에 악플 삭제 의무화…표현자유침해 반발
292815,대북제재 여파로 中단둥 북한식당 송도원·옥류관 폐업
292816,축구의 기본 룰 지켜라…박항서 감독 미얀마 감독에 일갈
292817,북한 여자레슬링 55㎏·59㎏급 금메달
292818,시위 혼란 레바논 대통령 아랍국가들에 경제지원 요청
292819,갤럭시S10 내달 샌프란시스코서 공개…폴더블폰도 선보일 듯종합2보
292820,중력파 검출 발표 1주년…국내 연구환경 여전히 열악
292821,구글 자율주행차 개발 빅데이터 수집 위한 미끼일 수도
292822,美뉴햄프셔 경선서 샌더스트럼프 압승…아웃사이더 재돌풍종합2보
292823,펜스 EU가 이란 제재 깨려해 직격…폴란드서 이란 놓고 신경전
292824,이란 美 보잉사에 항공기 구매 협상 제안
292825,카자흐스탄 올해 외국인 불법체류 3천849명 적발
292826,국고채 금리 일제히 하락…3년물 연 1.717%
292827,신간 여러분 이거 다 거짓말인 거 아시죠
292828,천의 얼굴 지닌 중국 불상…2천년 역사를 조명하다
292829,프로농구 DB 오리온 꺾고 7연승 단독 선두 질주
292830,폼페이오 우크라이나 의혹 트럼프 통화 함께 들었다 시인종합
292831,아베푸틴 오사카서 26번째 정상회담…평화조약 협상 가속
292832,시위 장기화에 홍콩 경제 올해 마이너스 성장 우려
292833,2018 남북 정상회담 표어는 평화 새로운 시작종합
292834,중동 요충지 이라크에 이란·사우디 러브콜
292835,게시판 하나금투 신규계좌 개설고객 요기요 쿠폰 이벤트
292836,OK저축은행 꼴찌 신한은행 잡고 3연패 탈출…신한은행은 3연패
292837,방통위원장 단말기 지원금 상한 유지…폐지 부담 커
292838,극우 부총리 부패 동영상에 오스트리아 정계 발칵
292839,집에서 그린 체험…KT 기가 IoT 골프 퍼팅 출시
292840,IBK증권 LG전자 실적개선 눈높이 낮춰야…목표주가↓
292841,워싱턴 에이스 셔저 MLB 와일드카드 선발 낙점
292842,더민주 본회의에서 원샷법 표결처리…자율투표 방침
292843,가치는 높은데 형식적…김홍도 그림 2점 보물서 탈락한 이유
292844,KCC 1위 현대모비스 또 제압…상대 전적 3승 1패 우...
292845,유안타 KRX300으로 코스닥 종목 직접 수혜는 제한적
292846,멕시코 중서부서 마약갱단끼리 총격전…13명 사상
292847,靑 안보·경제 챙겨야 할 때…野 의혹 재개 경계
292848,신세계 프리미엄 슈퍼 사업 이마트로 통합 이관
292849,취임사하는 양승동 KBS 사장
292850,문의장 장애인 관련 표현 신중하게 해달라…의원 전원에 서한
292851,KBO 온라인 야구학교 사업자 선정 입찰 진행
292852,KT 5G 인공지능 네트워크 기술 국제표준화 앞장
292853,이녹스첨단소재 지난해 영업이익 374억원…68.6% 증가
292854,이정현 野 국민 먹고사는 문제는 초당적 협치하자
292855,퇴장 악수 불발 문 대통령 홍준표 대표
292856,中 문화재당국 병마용 훼손한 미국인에 재판 끝나면 배상청구
292857,설욕 다짐하는 두산 최주환 실마리 하나만 풀리면 된다
292858,NHN엔터 가상화폐 거래소 투자 추진…협의 진행 중종합
292859,中전문가들 美 환율조작국 지정 관세효과 극대화 위한 조치종합
292860,부산소식 부산관광공사 아르피나 숙박서핑 패키지
292861,다시 벤투의 선택받은 남태희 2선 경쟁 자신 있어요
292862,방통위 독립창작자 인권선언문 선포식
292863,단숨에 1억씩…아시아 경매 첫선 보인 마그리트 72억에 낙찰
292864,인터파크 신년 패키지 할인·증정 이벤트
292865,중기부 금융지원위 개최…中企 금융애로 해소방안 논의
292866,연찬회 앞두고 손학규·유승민 회동…바른미래 진로 평행선
292867,회담 취재온 北기자 오늘 분위기가 특히 좋다
292868,EU 융커 차기 집행위원장 후보 추천과정 투명하지 않았다
292869,한국당 24곳 당협위원장 선정…여성청년후보 경선 가산점 부여
292870,미래부 기후변화 대응 전담조직 신설
292871,문재인 고양시민과 엄지척
292872,석촌동 고분군 발굴 조사 설명회
292873,MLB 3억달러 사나이 마차도·하퍼 TV 시청률 홈런
292874,터키서 열차 탈선 사고로 기관사 2명 사망
292875,서대문형무소에서 만나는 100년 전 3·1 운동
292876,정부 美추가제재 북핵 평화·외교적 해결 美의지 재확인
292877,중국·파키스탄 카슈미르 이슈 거론에…인도 국내 문제 발끈
292878,여자배구 GS칼텍스 풀세트 접전 끝에 도로공사 꺾고 4강 진출
292879,리수용 北외무상 핵에는 핵으로 대응하는 것 뿐이었다종합
292880,임종룡 서민금융 컨트롤타워 9월까지 차질없이 구축
292881,툰베리 나비효과…伊 정치권서 투표연령 18→16세 하향 제안
292882,몬테카를로 왕립발레단 신데렐라로 14년 만에 내한
292883,伊 남부서 열차 정면 충돌 사고…최소 10명 사망종합
292884,IS 추종자 추정 인니 여성 남편 체포되자 두 자식과 동반 자폭
292885,네이버 1분기 영업익 11.6%↓…매출은 사상 최대종합
292886,5G 세계 첫 상용화 한달…가입자 늘었지만 품질불만 여전
292887,코스피 외국인 매도 물량에 소폭 하락 출발
292888,이란 억류한 英 유조선 선원 7명 47일 만에 석방종합
292889,아시안게임 여자농구 이문규 감독 첫 승 영광…우리 플...
292890,대학생 통일한국 모의 국무회의 경연대회 5월 개최
292891,일본 관광객 회복세…1만명 단체관광객도 유치
292892,문 대통령 만남의 불씨를 횃불로…김여정 꼭 평양 오세요종합
292893,탄자니아 유조차 폭발사고 사망자 85명으로 늘어
292894,KOVO 이사회 국가대표 감독 임기 중에 구단 영입 금지
292895,2023년 뇌지도 구축…뇌 연구 신흥강국 목표종합
292896,원전 해체계획서 주민 의견 수렴 각 지자체가 직접한다
292897,프로배구 화제의 신인 김명관·알렉스 11월 출격은 ...
292898,美탈레반 평화협상 재개되나…협상 중단후 이달초 첫 접촉
292899,황교안 외국인 차등임금 발언에 여야4당 vs 한국당 공방
292900,황금연휴 덮친 뿌연 미세먼지…유원지 인파 줄어 울상
292901,이거라도 얻어내자…카드업계 금융당국 건의사항 봇물
292902,野 3당 원내대표 오후 5시 회동…특검 후보 2명 확정키로
292903,새 시즌 앞두고 부친 떠나보낸 맨유 모리뉴 감독
292904,美대선 TV토론 진흙탕 싸움 조율 사회자들…존재감 과시 평가
292905,영화 1편 1초 전송 삼성 세계 최고성능 V낸드 SSD 출시
292906,2018 외국인투자주간 개막식
292907,대규모 촛불집회 앞두고 이동통신 3사 기지국 증설
292908,한솔홀딩스 작년 영업익 152억원…75.6%↓
292909,북한단신 군 지휘관들 건군절 맞아 금수산궁전 참배
292910,트럼프 저격수 워런 하찮은 독재자 맹공…샌더스도 가세
292911,한투증권 한올바이오파마 임상 결과 임박…주가 모멘텀
292912,두산건설에 배열회수보일러 사업부 매각설 공시 요구
292913,LG유플러스 겨울철 스키장 할인·경품 행사
292914,골든스테이트 17점 차 뒤집고 대역전승…7차전 가자
292915,실책으로 결승점 LG 넥센 꺾고 5연승 질주
292916,국립진주박물관 정유재란 특별전 내년 2월까지 연장
292917,이정현 골목상권 침해 정치권이 감시해야종합
292918,유럽 방문 中리잔수 5G 기술 협력 강조…아군 확보 안간힘
292919,좋은기업硏 하나금융 김정태 3연임에 반대 권고종합
292920,과감한 결단 NC 새 외국인투수 올해도 풍년 예감
292921,올해 무슬림 관광객 120만 명 유치…할랄 레스토랑 늘린다
292922,YS 차남 김현철 봉하마을 방명록
292923,미국 증시 급락 코스피 하락 출발
292924,북한날씨 대체로 맑음…평양 낮 최고 10도
292925,디에스에이티컴퍼니 부동산신탁업 인가…10년만에 신규 사업자
292926,LG전자 G6 방수시험
292927,손태승 우리금융 회장 자사주 5천주 장내 매수
292928,김정은 남북·북미정상회담 앞두고 북중관계 복원시도하나
292929,중국 수도권 스모그에 몸살…매우 심각한 오염종합
292930,安 굴욕적 위안부합의 철회…사드 국익관점서 국회비준 거쳐야
292931,알레포가 뭐죠 알레포는 IS 수도…美 대선후보·NYT 망신살종합
292932,음바페 알리 제치고 U21 가장 비싼 축구선수 등극
292933,위클리 스마트 AWS 먹통 사태 클라우드 앞날의 먹구름일까
292934,SNS돋보기 미국발 무역전쟁 우려…고래 싸움에 새우 등 터질라
292935,ZiPS 예측 강정호 99경기 출전해 타율 0.250·...
292936,평창패럴림픽선수단 환영하는 김정숙 여사
292937,이란 외무부 터키의 시리아 군사작전 반대…인명피해 우려
292938,스위스관광청 어린이 대상 6일권 스키 패스 증정
292939,이적설에 휘말렸던 이근호 울산이라 마음 갔던 게 사실
292940,단일팀 앞둔 여자농구…北 205㎝ 박진아·득점왕 로숙영 눈길
292941,한국당 통합론 백가쟁명…셈법·방법론 제각각
292942,LG전자 G6 프로모션 강화…블랙 에디션도 출시종합
292943,다운로드 왜 해…한국인 절반 스트리밍 음악 듣는다
292944,우주 여행하면 척추 근육 약해진다
292945,대북특사단 특별기 타고 평양행…문대통령 친서 휴대종합
292946,박지원 조국 내년 1월 부산서 총선 출마…당선되면 대선후보
292947,최강한파 무더기결항 제주공항 인근 호텔 숙박대란
292948,대화 교착에 빠진 남북미…8월 한반도 정세 안갯속으로
292949,삼성 세계 이통사와 5G 협력 강화…유럽서도 서비스 시연
292950,승객이 놓고 내린 휴대전화 안돌려준 택시기사…대법 도난아냐
292951,미셸 오바마 트럼프는 이혼한 아빠 발언에 여론 싸늘
292952,신간 포스트휴먼이 온다·동남아의 이슬람화2
292953,눈에는 눈…테러범 가족을 인질로 삼는 러시아식 테러 퇴치법
292954,대화하는 박 대통령
292955,SK텔레콤 이동형 ICT 체험관 티움 모바일 페루서 개관
292956,SKT ATT·삼성·에릭슨 등과 5G 협력체 구성
292957,수석들에 둘러싸인 임종석 비서실장
292958,농식품 벤처창업 활성화한다…지원규모 59억원으로 확대
292959,경찰 손석희 출석 일정 조율 중…피혐의자 신분종합
292960,KT 세계최초 KT 5G테마파크 1단계 오픈
292961,교황 모란디 붕괴사고 1주년 맞아 제노바 시민에 위로 편지
292962,상상하기 싫은 가정…김주찬·이원석·김성욱이 없었다면
292963,NBA 휴스턴 골든스테이트에 3점 차 신승…2승2패 동률
292964,프로배구 신인 드래프트 여자부 9월 4일 남자부 16일 개최
292965,英 2개월 만에 여왕연설…브렉시트·NHS·치안 등에 중점종합
292966,삼성 전국 80여곳서 역대 최대 규모 갤노트8 체험존 운영
292967,4·13 총선 내일 공식선거운동 시작…열전 13일 돌입
292968,신간 그건 혐오예요·나에 관한 연구
292969,남자배구 대표팀 임도헌호 프로팀과 4차례 연습경기
292970,이총리 강기정 논란에 송구스럽다…감정 절제 못한 것종합2보
292971,美中 이어 日도 김용 세계은행 총재 연임 지지
292972,재난방송 신속성과 신뢰성 제고위한 대책 발표
292973,증시신상품 신한금투 글로벌 대체투자 재간접투자 펀드 판매
292974,산으로 바다로…강원 피서 인파 북새통
292975,강원 밤부터 동장군 기승…내일 아침 영하 16도
292976,현대중공업 2분기 영업손실 1천757억원…3분기 연속 적자
292977,당정 지카바이러스 긴급협의…연말까지 스마트 검역망 구축
292978,美 네바다 경선서 힐러리 샌더스 꺾고 승리2보
292979,프로야구 SK 포수 이성우 자유계약선수 공시
292980,누가 트뤼도 총리…아프간 닮은꼴 남성 화제
292981,문화생활 즐기면 도서 드려요
292982,김학용 지난해 청년 일자리사업에 25%는 非청년
292983,EU 차기집행위원장 선출 착수…메르켈·마크롱 선출방식 충돌종합2보
292984,특징주 코스피 강세장에 증권주 연일 신고가
292985,네이버 AI 스피커 웨이브 국내 첫선…35분 만에 완판
292986,전북 닷새째 폭염 특보…오후 동부내륙 소나기
292987,유홍준이 전기문학으로 다시 쓴 추사 김정희
292988,朴대통령 한미 北비핵화 우선원칙따라 공조강화해야
292989,美국방장관 미국필리핀 굳건한 동맹 지속 기대
292990,독일 지속가능성 시리즈 번역서 10권 완간
292991,두바이유 이틀째 상승…배럴당 45.90달러
292992,中 아프리카 공들이기 가속…20조원 합작사업 합의
292993,네이버 상거래 관리 서비스서 다양한 통계 정보 제공
292994,한국 여자배구 사제 더비 브라질에 03 완패…VNL ...
292995,이란 자체개발 대공미사일 시스템 공개…이란판 S300종합
292996,서남원 감독 알레나 주춤…아직 변화할 때 아니야
292997,세포 결함 고치는 세포막 편집 기술 개발
292998,北 당대회 앞두고 기강잡기…70년대 당일꾼처럼 투쟁
292999,커쇼 8승·벨린저 2홈런…다저스 필라델피아 완파
293000,수심 6천500ｍ 탐사하는 심해유인잠수정 개발 추진
293001,흥국생명 프레스코 영입…시즌 시작 전 외국인 교체
293002,샌즈 투런포임병욱 쐐기 3루타…넥센 대전으로 간다
293003,레바논 반정부 시위에 하리리 총리 사퇴 발표종합
293004,2021년 퇴장예고 메르켈 EU 등에서 정치적 활동 안할것 재확인
293005,양키스 7년 만에 AL 동부지구 우승…2년 연속 100승
293006,문 대통령 박은정 국민권익위원장과 함께
293007,프로야구결산 ④ 800만 관중은 넘겼지만…5년 만에 감소세
293008,이승우 3경기 연속 교체출전…베로나 인터밀란에 12 패배
293009,日 외무 부대신 韓 반일 촛불집회 폄하 발언
293010,우리 그림책의 역사…작가 37인 이야기 들어보세요
293011,강원 홍천강 꽁꽁축제 30일 개막
293012,강원 건조특보 확대…정선은 강풍주의보
293013,정동영 박대통령이 한반도 안보 불안의 몸통 주장
293014,NBA 최고령 41세 카터 애틀랜타로 이적…21번째 시즌...
293015,손흥민 18일 챔피언스리그 3차전서 우상 호날두와 맞짱
293016,러시아 외무 미러 정상 핵무기 사용 금지 공동성명 발표해야
293017,기조연설 하는 황창규 KT회장
293018,日정부·여당 문 대통령 회견에 일제히 반발…실망·유감
293019,인천 사령탑 안데르센 역대 처음 남북 축구팀 지휘 영광
293020,서울 올겨울 첫 적설…정오∼오후 3시까지 눈 날려
293021,英 새 EU 탈퇴협정법 공개…전환기간연장 배제·노동권보호 삭제
293022,黃 단식중단에도 패스트트랙 대치 지속…靑감찰의혹 공방 가열
293023,국회 30일 양승동 KBS 사장 후보자 인사청문회 개최
293024,개인정보 노린 악성코드 기승…1주새 PC 2만5천대 감염
293025,네이버 스타트업 유사 논란 참여번역 Q 서비스 종료
293026,터키 참전용사의 은혜 잊지 않겠습니다
293027,유럽 이란 핵탄두 탑재능력 탄도미사일 보유…위태한 핵합의
293028,北 당대회 앞두고 단속·동원·70일전투 등 3가지 불만
293029,홍명보장학재단 20명에 장학금 수여…22일 자선 경기
293030,국내 1위 도메인 관리업체 가비아 서버 한때 다운
293031,스마트폰 가격은 뛰는데… 작년 단말기 지원금 20% 감소종합
293032,10만 연등 도심 밝힌다…북한 전통등도 등장
293033,靑 관례 따라 직원포상 추진…野 탄핵정국서 자숙해야
293034,두산밥캣 50억원 규모 유상증자 결정
293035,통신3사 2분기 실적도 양호…마케팅 자제 효과
293036,개인메일 안쓰고 모르는 문자 안보고…靑 사이버보안 강화
293037,선관위 박준영 금품수수 제보자에 포상금 2억6천만원 지급
293038,삼성전자 갤럭시S8 국내 개통량 100만대 돌파
293039,푸른 가을 하늘 가린 미세먼지…낮 기온도 20도 웃돌아
293040,인간 vs AI 스타크래프트 대결
293041,울산 울주군 지방세 미환급금 4천300만원…적극 환급
293042,사드배치 남은 절차는…軍 구체적 운용절차 만든다
293043,골든스테이트 2년 연속 NBA 챔피언…커리 37점 폭발
293044,주일한국대사관 일본 나라현에서 문화카라반 개최
293045,주酒류문학 대가 권여선의 안주 산문집
293046,아이폰11 프로 써보니…프로다운 카메라 성능 기대 이상
293047,10승은 놓쳤지만…류현진 9차례 연속·시즌 11번째 QS
293048,이패스고시 사회복지직 공무원 채용 대비 교육과정 개설
293049,독일 환경운동가 2천명 석탄광산 3곳서 점거시위
293050,기업들 해킹 당해도 석달 이상 눈치 못 채…보안 빨간불
293051,김정남 암살사건 공판 내주 재개…재판 진행 속도 낼까
293052,1천997타점 푸홀스 본즈 제치고 MLB 역대 3위
293053,정병국·한선교 내일 새누리당 당권 도전 선언
293054,中언론 홍콩 시위대에 인내에 한계 있다 경고
293055,한미 정상 북핵·사드 공조 강화…오바마 사드 첫 공개 언급
293056,말레이김정남 살해 베트남女 석방 불허 재판계속종합 2보
293057,신간 중독의 시대
293058,포지선별 선수 동작도 본다…U 프로야구 서비스 새단장
293059,기업용메신저 팀업 출시…저장용량·보안 강화
293060,시리아 휴전 복구협상 결렬…알레포 최악공습에 사상자 속출
293061,슬로바키아 언론인 피살 후폭풍…이번엔 판사 사임
293062,손학규 측근 단식 혁신위원 조롱 vs 孫과 무관종합
293063,KT스마트로 LTEM 기반 속도 빠른 신용카드 결제기 출시
293064,서울시향 사임 진은숙 특정인 비난한다고 문제 해결 안 돼
293065,방일 트럼프 일본 기업인들 만나
293066,현대모비스 전준범 올스타전 3점슛 콘테스트 예선 1위로 통과
293067,직무정지 기로에 선 朴대통령…7일까지 퇴진시점 표명할까
293068,손흥민 아시안게임 출전할까…대표 차출 가능성은 미지수
293069,호잉 30호 아치…한화 19년 만에 30홈런 듀오 배출
293070,문대통령 한러 9개 다리 액션플랜 9월 동방포럼서 서명 기대속보
293071,에이스의 숙명 손흥민 집중마크 이겨내야 한 단계 도약...
293072,北매체 리수용 외무상 유엔 연설 보도
293073,D5 국정감사
293074,특징주 셀트리온 코스피 이전 결정 후 하락세종합
293075,시진핑 중동 끌어안기…사우디 국왕에 일대일로 함께 하자
293076,최영일 월드컵 선수단장 조별리그 통과가 1차 목표
293077,박지원 보훈처장 해임결의안 공동발의 정진석·우상호에 제안
293078,그래픽 한국 웹표준 수용도 54%…세계 평균과 큰 격차
293079,KCC 전창진 전 감독에게 코치 대신 기술고문 역할 맡길 듯
293080,재벌·외자에 더 과세해야…중부담·중복지로 개편 불가피
293081,브리검 시즌 첫 등판서 QS…발 때문에 2실점
293082,예술과의 새로운 만남…조형아트서울 12일 코엑스 개막
293083,스페인 지로나 백승호 1군 연습경기 몽펠리에전 출전
293084,프로배구 20182019 V리그 역대 최고 흥행 기록
293085,갤노트7 리콜·교환후에도 美·대만서 발화 잇따라 생산중단종합
293086,이재영 선두 GS칼텍스에 선전포고…우리가 먼저 꺾겠다
293087,경기 6개시 한파주의보 해제…5개 시군 경보→주의보
293088,KB금융 천안에 은행·증권 합친 복합점포 개설…전국 53개로
293089,멕시코서 5년새 성폭력 60만건…하루에 1천345건 발생
293090,동해안 최북단 주민도 한 표
293091,北 중국내 근로자 탈북 막으려 보위부 요원 300명 급파종합
293092,北 ICBM 결국 개발할것…北정지궤도 주장 사실이면 美에 도달종합
293093,美공화 전당대회 이틀째…경제대통령 트럼프 강조
293094,여야 3당 원내대표 냉면 회동…피날레 국회 조율
293095,현대로템 2분기 연결 영업익 153억원…61%↓
293096,朴대통령 차기 美행정부와 협력관계 조기구축…대북압박 지속
293097,평창올림픽 특구사업 지지부진…숙박 예약전쟁 우려
293098,신간세상은 됐고 나를 바꾼다·K팝의 작은 역사
293099,내수부진에 수출감소…올 신용등급 하락 기업 3년만에 최다
293100,일본에 빠진 한국인…일본 방문 해외관광객에서 중국 제치고 1위
293101,프로배구 최태웅 감독 가빈과 산체스는 수준이 다르다
293102,끝내 무승 알제리 아프리카 네이션스컵 8강 실패
293103,한수원 불가리아 제2 원전 사업에 전략적 투자자 후보 선정
293104,IT 거버넌스 국제표준화 연구반 의장에 김경민 교수
293105,펜스 미 부통령 차량 금지 섬에 들어갔다 구설
293106,미국 휴스턴 포장회사서 큰불…유해물질 대기 중 확산
293107,국민의당 세월호 7시간·인증샷 조직적 음해에 법적대응
293108,주식도 기프티콘처럼 선물하세요…신한금투 스톡기프트
293109,보훈처장이 재향군인회 임원 해임명령 가능…관리·감독 강화
293110,삼성 성능·용량 2배 늘린 30.72TB SSD 세계최초 양산
293111,교보문고 스토리공모전 단편 수상작품집 출간
293112,국제유가 공급 증가 우려에 하락…WTI 0.5%↓
293113,풀뿌리 모금 강자 샌더스 1분기에만 선거자금 200억 모아
293114,이란 프랑스 학자 한 명 더 투옥
293115,외국인 채권자금 순유출 1년 4개월만에 최대…단기 차익거래
293116,클래식과 뮤지컬을 한 번에…마포문화재단 18일 송년음악회
293117,중진공 중소기업 제품 간접 광고·활성화 지원
293118,빛 에너지 모아 피부 속 들여다본다…광 치료 효과 커
293119,디종 권창훈 첫 선발출전 79분 활약…팀은 무승부
293120,임금 성차별 용납 못 해 BBC 상대로 여직원 수십명 소송 준비
293121,하나금투 유한양행 선구안 돋보여…목표가↑
293122,효력 상실 유료방송 합산규제 연장 놓고 논란 재현
293123,WNBA 박지수 17분 뛰고 6득점…팀은 2연승
293124,나경원 총선용 SOC 위해 예비타당성조사 면제
293125,힐러리·트럼프 누가 웃을지 구글은 안다
293126,저금리로 돈 빌려드립니다 1분기 최다 스팸은 대출권유
293127,신간 유럽 맥주 여행·진실사회
293128,이한열 어머니 죽어 나가는 홍콩 학생들 가슴 아파…승리하길
293129,바르사 도르트문트와 뎀벨레 이적 합의…몸값 1천996억원
293130,울산소식 울산종합일보 실버합창제 개최
293131,인터뷰 류현진 볼넷 주느니 투수에게 홈런 맞는 게 낫다
293132,중소상공인 온라인 고객 10명 중 9명 네이버 쓴다
293133,1·2·3 다 OK NC 박민우에게 가장 잘 맞는 타순은
293134,스팅의 기타리스트 도미닉 밀러 4월 내한공연
293135,前 연준 3인자의 돌직구…금리인하로 트럼프 돕지 말라
293136,LG페이 품은 30만원대 실속형 LG X4플러스 이달말 출시
293137,다저스 감독 류현진 부진 제구 문제…체력적으론 괜찮아
293138,터키 키프로스 연안서 2번째 가스 시추 착수
293139,미원상사 2분기 영업이익 56억원…140% 증가
293140,소프트웨어에 힘주는 삼성…첫 빅스비 개발자 데이 개최
293141,게시판 LGU 다음달 5·15·25일 멤버십 이벤트
293142,방통위 방송평가 제도개선 공개토론회 개최
293143,강원 산간 대설주의보 해제…미시령에 눈 11㎝
293144,민심 수습 속도 내는 시진핑 빈곤 퇴치 가속 주문
293145,中 아프리카돼지열병 백신 개발…안전평가 신청
293146,바르셀로나 회장 네이마르 시장에 나와있지 않아…이적설 일축
293147,프로농구 kt 로건 햄스트링 부상으로 이번 주 못 뛸 듯
293148,박민정 페미니즘 작가로 호명되기…기쁜 일이죠
293149,과실연·과기한림원 노벨과학에세이대회 열어
293150,제4 이통사업자 선정 재추진하지 않을듯
293151,1보 코스피 상승 마감…2200대 안착
293152,킨텍스에서 열린 테러 대응훈련
293153,여야 원내대표 재협상도 합의 불발…추경처리 본회의 무산
293154,캐나다 총리 화웨이 부회장 석방 발언 물의 주중대사 경질
293155,절친대결 1R는 무승부…석진욱·최태웅·장병철 감독 1승1패씩
293156,5·18에 관한 5가지 미스터리에 답하다
293157,해결사 이재영 흥국생명 12년 만에 통합우승 달성종합
293158,수원 염기훈 기록의 사나이 우뚝…K리그 역대 1호 100...
293159,현대 과학의 위대한 발견은 컨버전스로 가능했다
293160,코스닥 스케일업 펀드 3천억원 규모 조성
293161,여자배구 라바리니호 VNL 출격…유럽 강호들에 도전장
293162,정용기 與 최고위원 출마…난 親국민계 당 위해 헌신
293163,환담하는 이해찬 대표와 파비앙 페논 주한 프랑스대사
293164,英 7월 서비스 PMI 47.4…금융위기 이후 최대 하락
293165,360도 카메라 세계 1위는 일본 리코…작년 16만대 판매
293166,윤석열 공방 가열…野 청문보고서 채택거부에 靑 재송부 요청종합
293167,伊 스쿨버스 테러 막은 이집트계 소년 시민권 받는다
293168,게시판 금융위원장 국제사회적금융협력기구 의장 접견
293169,트럼프 TV서 최신 건강검진결과 공개…건강이슈 쟁점화 태세
293170,국제금융위기 악몽 재현…출국 내국인 방한 외국인 2배 육박
293171,전북 태풍 차바 지나고 청명한 하늘
293172,학교는 피곤하다…강원교육청 회의·행사 30% 줄이기로
293173,금융위 집단대출·비은행권 가계대출 집중관리 필요
293174,악수하는 문 대통령과 김용우 육군 참모총장
293175,당정청 조선사 하도급 조사 상반기 마무리…공정위 심의 착수종합
293176,아태 뉴스통신사 한자리에 OANA 총회 개막
293177,GS리테일 고객 100명과 임시정부 역사탐방 마쳐
293178,북한 전문가 58% 개성공단 현 상태 유지해야
293179,법인폰 불법 영업 LGU 내일 처벌 수위 결정
293180,24%초과 고금리 대출 갈아타기용 안전망 대출 접수
293181,과학기술·정보방송통신인 신년인사회…혁신성장 다짐
293182,터키 IS 포로 송환 시작…미국인 1명 추방
293183,특징주 신한지주 상반기 업계 1위 실적에도 약세
293184,주말 N 여행 제주권 관악 선율 온 섬을 뒤덮다…26개국 연주자 영혼의 고백
293185,초구 치는 LG 1번 이형종의 성공시대…초구 타율 0.654
293186,삼성전자 분리공시제 수용…단말기 자급제는 우려스럽다
293187,사우디 축구장에 여성 첫 입장…여성의 승리종합
293188,통일부 북한의 朴대통령 막말 비난에 강력 규탄
293189,프로야구전망대 탈꼴찌 급한 롯데…넥센KIA와 줄줄이 대결
293190,세포사멸 조절인자 찾았다…암·자가면역질환 등 치료연구 기여
293191,트럼프에 이어 펜스도 이메일 스캔들 힐러리 특검 수사 지지
293192,막장부터 판타지까지…소설가가 해부한 한국드라마
293193,트럼프 화이트워터 게이트 쟁점화 착수…공화당에 조사요청
293194,서울 아파트값 하락폭 커져…15주 연속 약세
293195,북아일랜드전 앞둔 신태용 실험보단 우리 플레이 만들기 우선
293196,셀트리온 지난해 매출 9천821억원…창립 이래 최대종합
293197,홍콩시위 한달 만에 송환법사망 선언…갈등은 장기화 관측종합2보
293198,관광공사 페루 여행자 무장강도 주의해야
293199,화는 어쩌면 열정…건강한 에너지로 전환하는 게 중요
293200,19시간 조사받은 손석희·김웅…폭행·협박 놓고 평행선
293201,진중권이 돌아보는 조영남 그림 대작 사건
293202,靑안보실 차장 비공개 방미…美일각 선제타격론 제기속 주목
293203,마스크·우산 챙기세요 미세먼지에 빗방울도
293204,kt 연패 탈출 1등 공신 내쉬 아주 절실한 승리였다
293205,기대 이하·부상 낙마…외국인 선수로 울고 웃는 프로배구
293206,민속예술 발굴과 재현의 장…김해서 한국민속예술축제
293207,캡틴 기성용 유럽 원정 평가전에서도 대표팀 이끈다
293208,이스트아시아홀딩스 외부감사인 계약 체결
293209,1천만명에 의원은 단 3명…유럽의회 선거서도 소외된 집시
293210,유가·임금·임대료 상승에 폭염까지…물가 불안해질수도
293211,알카에다 수괴 IS는 범죄 사주받은 집단 비난
293212,이재영 없는 흥국생명 루시아 활약에 3연승…2위 도약
293213,北 방해책동 박차고 위성 계속 솟구칠 것…우주개발국 담화종합
293214,꽉 막힌 고속도로
293215,여야 최경환·안종범 청문회 증인 출석 놓고 기싸움 팽팽종합
293216,통일농구 방북단 평양行…조명균 평화 진전 계기 됐으면...
293217,특징주 현대미포조선 매출 신장 기대감에 강세종합
293218,삼성 갤럭시 지문인식 오류 SW 패치 오늘 오후부터 시작
293219,세종·충남 일부 5개 시·군 대설주의보…최대 10㎝ 예상
293220,위클리 스마트 해킹 위협 안녕…정보보호 특화 블랙폰 눈길
293221,문 대통령 한국 아이스하키 파이팅
293222,공식 선거운동 개시 앞둔 중앙선관위 상황실
293223,국민의당 권은희 朴대통령 저격 풍자 SNS 포스터 논란
293224,권오준 회장 기술 넘어 사람…휴먼솔루션 거듭 강조
293225,정지석 챔프전 우승하고 부모님과 함께 해외여행 가고 싶어
293226,홍콩 시민 6만 명 美·英 홍콩 시위 지지해달라
293227,CJ헬로비전 알뜰폰 기본료 2년간 최대 40% 할인
293228,빈필 신년음악회 국내에서 즐긴다
293229,朴대통령3당대표 회동 이르면 9월께 개최
293230,남북정상 수산물 만찬…文 우리 다녀가면 유명한 곳 될 것
293231,伊 대통령 연정 협상 시한 27일까지…협상 깨지면 총선
293232,SK IBM 왓슨 기반 인공지능 브랜드 에이브릴 출범
293233,김성태 여야정협의체 기꺼이 수용…석탄·특검 대통령 답해야
293234,애플 15인치 맥북 프로 리콜…배터리 과열 가능성
293235,윤호중 심재철 한국당 내 존재가치 입증하려 진술서 공방종합
293236,伊정부 해경이 구조한 난민도 하선 불허…분산 수용 합의해야
293237,대구·경북 구름 많은 날씨…낮 기온 26∼28도
293238,신간 개헌전쟁·나의 형 체 게바라·핸드 투 마우스
293239,동·서양악단 교차 연주로 만나는 윤이상 음악의 뿌리
293240,베네수엘라 이틀째 반정부 시위…과이도 군부에 전향 촉구
293241,종이접기기술로 페로브스카이트 태양전지 신축성·집적도 향상
293242,캐리 람 홍콩 행정장관 송환법 공식 철회 발표종합
293243,네이버 개발자 회의서 유럽 AI 연구조직 첫 발표
293244,영암체육관서 10일 연등문화축제
293245,게시판 금투협 전문투자형 사모펀드 운용전문인력 교육과정
293246,한미정상 핵우산 확장억제 조치…안보리 새결의 등 강력압박
293247,자국 대사 내팽개친 英 총리 후보 존슨에 비난 쇄도
293248,내년도 베네치아비엔날레 한국관 예술감독 공모
293249,대북인권결의안 관련 공개된 청와대 서별관 회의 기록
293250,신한금투 코스피 1월 수출주 강세장…2400∼2550
293251,미래부 장·차관 설 연휴 사이버 대응태세 현장점검
293252,올림픽 각양각색의 선글라스 쓰고 응원 펼치는 북 응원단
293253,다산네트웍스 차세대 모바일 백홀 표준인증 획득
293254,넓은 영토에 대한 집착은 망상…젊은 역사학자들의 일침
293255,갤S8 와이파이 업데이트로 배터리 사용시간 준다
293256,SKT 세기의 MA 취하 요청…미래부 SKT 뜻 존중종합
293257,힐러리트럼프 美대선 첫 TV토론 필승 전략은 뭘까
293258,봄꽃여행 제주항공 제주·일본노선 특가판매
293259,출판계 출판문화산업진흥원장 추천 후보 2명 선정
293260,비에이치 1분기 연결 영업이익 91억원…315%↑
293261,메르켈 리커창과 이견…中 시장경제지위는 추가협의 필요종합
293262,靑 朴대통령 퇴임후 삼성동 자택으로…사저준비 사실무근종합
293263,브리검 7이닝 1실점…넥센 한화전 4연패 탈출
293264,이총리 세종시 아직 완성되지 못해…할 일 꽤 남아
293265,지카 바이러스 공포 확산…소두증에 마비질환 우려까지
293266,부동산캘린더 한파에 분양시장도 숨고르기…9곳서 청약
293267,국민의당 기소 후 당원권정지 가닥…의총서 최종결론종합
293268,MBC 자회사 대표이사·이사 선임
293269,5선발로 다시 일어선 넥센 한현희 올 시즌 안 아프길
293270,남북노동자통일 축구대회
293271,카드뉴스 묵향 가득한 남도로…수묵 비엔날레와 목포 여행
293272,연꽃이 만든 그림자
293273,위클리 스마트 별 보기 힘든 서울 하늘…조명 공해 심각
293274,작년 우리나라 낙뢰 7월에만 18만번…벼락 맞을 확률은
293275,카카오 스마트 모빌리티 성장방법 고민…분사 결정된 바 없어
293276,패스트트랙 내홍 바른미래 의총 다시 연다지만…불안한 미래
293277,LG화학 등 120개 상장사 3월 셋째주 정기 주총
293278,서울대 로봇동아리 IoT 대회 우승…본질은 사람
293279,더민주 靑회동서 총선민심 전달…민생현안 협조 구할 것
293280,집창촌 유착 폭로에 비리 의혹 경찰 명단까지…파문 확산종합
293281,국회 국정감사 사흘째…일자리대책·탈원전 공방
293282,美증시 유례없는 6월 강세장…다우 81년만의 최대폭 상승
293283,트럼프 대통령과 면담한 신동빈 회장
293284,충청권 제조업체 48.3% 올해 설비투자 확대한다
293285,네이버 클라우드 센드애니웨어 이스트몹과 업무제휴
293286,맨시티 헤수스 오른발뼈 골절상 진단…최대 3개월 결장 관측
293287,LTE 이동통신 가입자 서비스개시 6년만에 5천만명 돌파
293288,북한 수소탄 핵실험 전격 실시…조선중앙TV 발표3보
293289,손흥민 풀타임케인 해트트릭 토트넘 아포엘에 30 ...
293290,코스메카코리아 2분기 영업이익 84% 증가…사상 최대
293291,프랜차이즈창업박람회 북적
293292,北 핵실험후 7일 연속 美에 평화협정 공세…왜 집착할까
293293,병마용 손가락 떼간 미국인 재판 무효에…中 매체 분노
293294,SKT도 갤럭시S10 5G 공시지원금 상향…5G 가입자 유치전 가열
293295,KT파워텔 기업용 무전 앱 라져 PTT 출시
293296,선두 대한항공 OK저축은행에 풀세트 승리…6연승 질주종합
293297,SK CC카이스트 온라인 공개강좌 공동 개설
293298,원주 중앙시장 화재 현장
293299,포털 횡포 심각…사이버 골목상권 보호법 제정해야종합
293300,KT Y수능 데이터 할인 요금제 가입자 3만명 돌파
293301,공연 가을 감동을 수놓다…눈물 나는 공연 3선
293302,SC제일은행 개인고객 대상 미 달러 외화예금 특별금리 제공
293303,방한 미국여행객은 개별·대만여행객은 단체여행한다
293304,사이버 보안 연구 함께 하자…미래부 美와 협력방안 논의
293305,朴대통령 영화관·쇼핑몰서 내수진작 대국민 소통행보
293306,부산 버스노조 파업 임박…조정회의 최종 결렬
293307,2년 만에 V리그 돌아온 브람 내 가치 증명하고 싶다
293308,알제리 육군참모총장 의회가 부테플리카 퇴진 추진해야
293309,카카오게임즈 첫 MMORPG 테라 클래식 내달 발매
293310,잘왔다·너무 늦었다…문재인 방문에 엇갈린 광주민심종합
293311,힐만 SK 감독 멋진 승부 펼친 넥센에 감사
293312,명절 연휴는 해커들에게도 대목…악성코드 주의보
293313,이상문학상에 손홍규 꿈을 꾸었다고 말했다
293314,프로배구 우리카드 한국전력 30 완파…대한항공 턱밑 추격
293315,2018 ICT 결산 ②삼성·LG 스마트폰 고전…화웨이 급성장
293316,골프웨어 전문업체 크리스에프앤씨 내달초 코스닥 상장
293317,카카오게임즈 배틀그라운드 국내 서비스
293318,해킹 원천 차단 보안기술 간디 비폭력평화상 받아
293319,프로농구 KGC인삼공사 12월 크리스마스 유니폼 착용
293320,노벨경제학상 세일러 교수 책 이례적 관심에 재고 동나
293321,필리핀 남부 식당서 폭탄테러…최소 18명 부상
293322,트럼프 패배 전망 美여론조사업체들 반성문…완전히 틀렸다
293323,프로농구 평일 경기 30분 늦춘 오후 7시 30분 시작
293324,美 이란 혁명수비대 제재 적용 완화…국익 고려종합
293325,MA 중개망 개설 1개월…등록 매물 2배로 늘어
293326,KIST 수소 생산용 복합재료 촉매 개발…백금촉매 대체 가능성
293327,朴대통령 나라 바로잡고 정치 바꿔야…野정면비판·與단합당부
293328,메리츠증권 내년 한은 기준금리 추가 인상 없을것
293329,위치정보 신규 사업 신청 10∼20일 방통위서 접수
293330,코레일 설 연휴 열차 309회 증편…280만명 이용 예상
293331,홍준표 사드 발언 중립적인 국회의장 몫 아냐종합
293332,꼭두각시에서 주역으로…이탈리아 콘테 총리의 변신
293333,SK CC아이지에스 게임사 전용 솔루션 패키지 출시
293334,MLB 유망주 투수의 일본 소프트뱅크행…이례적
293335,나에게 보험 권유하는 설계사 믿을만할까 한번에 조회한다
293336,민주 외교안보통일자문회의 개최…북미정상회담 전망 등 논의
293337,이민자 억류한 美우익 민병대 오바마·클린턴 암살훈련했다
293338,OCA의장 자카르타팔렘방 AG 폐막 감사 인사
293339,나루히토 일왕 일본 외국과 손잡고 세계평화 추구하길 기원종합
293340,화천산천어축제 어떻게 열리나…머무는 축제 원년
293341,카카오게임즈 MMORPG시장 도전…테라 클래식 내달 발매종합
293342,KT 융합보안실증센터 오픈
293343,평양정상회담 취재하는 북측 기자
293344,알파고 차와 승부 대전교육과학원구원 22일 사이언스페스티벌
293345,주말 N 여행 그대 다시는 고향으로… 실향민 손맛 가득 속초의 미각
293346,구조조정 재원 잇단 말 바꾸기…금융시장 불안 커진다
293347,해양 수색구조체계 정책토론회
293348,北당대회 김정은 양복차림 눈길…직책·대외정책 바뀌나
293349,北해외근로자 산업재해·질병ㆍ자살로 올해만 최소 40명 희생종합
293350,추락하는 홍콩 경제…무디스 신용등급 전망 부정적 강등
293351,월드컵 영 언론 독일 팀 내분·오만으로 예선 탈락
293352,GS칼텍스 흥국생명 완파…삼성화재는 대한항공 제압종합
293353,플랜 세계 물의 날 맞아 깨끗한 물 제공 위한 후원사업 소개
293354,올림픽 KT 5G 싱크뷰 이것이 선수 시점
293355,내부고발자 곧 증언 기대 vs 트럼프 통화 아무 문제 없다종합
293356,9연패 빠질 뻔한 LG 구한 최동환 팀에 도움되도록 노력
293357,17개 전자출판사 대한출판문화협회 가입
293358,靑 한미연구소 예산지원 중단 개입 의혹 행정관 대기발령
293359,셀리버리 코스닥 상장 예심 성장성 특례상장 1호 청구
293360,이산가족상봉결의안 이달 美하원 통과해야…한인들 촉구
293361,멕시코서 마약갱단이 상납받은 경찰 비호 아래 대량학살
293362,트럼프 우크라 이어 中에 바이든 조사 촉구…민주당 강력 반발종합2보
293363,네이버 뉴스 내 광고 수익 70% 언론사 배분키로
293364,KT롯데닷컴 인공지능 쇼핑 위해 MOU 체결
293365,골든스테이트클리블랜드 NBA 챔피언결정전 4년 연속 맞대결
293366,국내 주식형 펀드 닷새만에 자금 순유출
293367,中 화웨이 모두가 5G 외칠 때 4.5G 제안해 눈길
293368,NH투자증권 부동산시장 올해 하반기 서울 조정국면
293369,멕시코 마약왕 구스만 신병 내년 1∼2월 美에 인도 추진
293370,KT 빅데이터 기반 관광분석솔루션 GS인증 획득
293371,작년 외국 여행 한국인은 18%↑…한국 방문 외국인은 22%↓
293372,대우건설 신임 사장에 김형 전 포스코건설 부사장 내정
293373,日 참의원 선거 이후…위기의 한일관계 어디로 갈까
293374,평화 1년 반만에 결국 분당…정계개편 태풍의 눈 부상할까
293375,한쪽 다리로 남미 땅끝까지 1만4천㎞…베네수엘라 남성의 도전
293376,참사 막아낸 롯데 구승민 눈앞의 타자에만 집중했다
293377,전구사업 손 뗀 필립스 미래는 헬스케어
293378,경북 영천서 트럭 2대 충돌…80대 운전자 숨져
293379,필리핀서 공산 반군 추정 무장세력 습격에 경찰관 등 두 명 사망
293380,한화 정은원 KBO리그 첫 밀레니엄 출생 홈런 주인공
293381,NBA 동부 선두 토론토 2위 보스턴 제압…톱시드 눈앞
293382,메르켈 트럼프로부터 인종차별 美 여성의원들에 연대감 느껴
293383,인기는 많은데…MWC 주인공서 미끼로 바뀐 VR종합
293384,제30회 생명공학종합정책심의회 개최
293385,게시판 NH투자증권 100세시대 아카데미 개최
293386,신간 사이버 스트레스·망각의 기술·한국 슈퍼로봇 열전
293387,양양∼러시아 하늘길 2개 동시에 열린다
293388,손흥민 프리미어리그 진출 후 첫 헤딩골
293389,김세진 OK저축은행 감독 사의 표명…수리 여부 검토
293390,국방부 北 SLBM 기술 진전…전력화에 3∼4년 소요 전망
293391,최종구 증시 하락 과도…필요시 추가대책속보
293392,NH농협은행 인포바인과 안심위치 서비스 공동개발 업무협약
293393,하루키 역사에 흑백판단 없어…소설은 단편적 사고에 대항
293394,네이버 일부 동성애 커뮤니티 이상성애 분류…검색어 제외
293395,그래픽 소득주도성장 기본방향 유지해야 55.9% 리얼미터
293396,류현진 에인절스 잡으면 코리안 빅리거 세 번째 MLB 통...
293397,250년 전에도 서울 거리엔 술집 천지였네
293398,산불비상 속 정의용 국회 질의에 늦게 靑복귀…한국당 책임론종합
293399,든든하게 입으세요 수도권 한파특보…서울 아침 3.3도
293400,평창올림픽 최다 트윗 종목은 피겨·컬링·쇼트트랙
293401,이용찬 6년만의 완투승 두산 LG전 17연승…LG 8...
293402,배럴 작년 영업익 57억원…전년 대비 24.38% 증가
293403,과도정부 합의 수일 만에…수단서 쿠데타 시도됐다 진압종합
293404,KIST 물속 오염물 제거 촉매·공정기술 개발…효율 2배↑
293405,더 똑똑하고 편리하게…한 걸음 나아간 구글 번역·포토종합
293406,문 대통령 3·1절 메시지 구상…평창 이후 대외구상 주목
293407,유엔 북한인권사무소장 北 인권침해에 강력 대응해야
293408,미국 금리인상 속도조절 나서나…원달러 환율 1120원 아래로
293409,남북 관계도 맑은 하늘처럼
293410,현장 어리석은 선택 책임 무겁다…노회찬 유서
293411,북날두 한광성 현지 방송 펑크…북한이 압력 넣었을 것
293412,이틀 만에 복귀한 하퍼 첫 안타 생산은 실패
293413,朴대통령 청년희망재단 방문…노동개혁 흔들림없이 추진
293414,SK 최정 이틀에 걸쳐 연타석 홈런…로맥 바짝 추격
293415,류현진 11일 오타니와 첫 대결 전망…시즌 10승 도전
293416,중국 한반도 문제에서 중국은 변수 될 수 없어
293417,수단 독재자 바시르 집에서 현금 80억원 가방 발견
293418,IoT통한 개인정보유출·사생활침해 막아라… KISA 보안 강화
293419,거대 블랙홀 차가운 가스 먹고 성장 첫 관측
293420,올림픽 북한 응원단 물방울 맞아도 싱글벙글
293421,네이버가 뉴스 손 뗀날 구글은 AI 뉴스 앱 출시 발표
293422,공정위 LG전자 FDA 인증·친환경 김치통 광고는 허위·과장
293423,이란 이라크에서 누구도 위협하지 않는다…美에 반박
293424,정규리그 우승은 내 손으로 대한항공 1위 탈환
293425,국고채 금리 혼조세…3년물 연 1.795%
293426,OK저축은행 에이스 송명근 이제 내 자리를 찾은 것 같다
293427,임종석 소득주도·혁신성장·공정경제 선택 아니라 병행돼야
293428,캐나다서 노상 연쇄 살해 10대 2명 한달 도주극 숨진채 막내려
293429,LG전자 듀얼 스크린 G8X 씽큐 앞세워 일본 시장 공략
293430,러시아 우주화물선 발사…3시간30분 뒤 우주정거장 도킹
293431,버드와이저→아메리카로 한시 개명…대선ㆍ올림픽 겨냥
293432,에르도안 러 시리아 북부서 쿠르드군 완전 철수 통보종합
293433,김정은 국제학술회 열고 유학생 받아라…김일성대에 주문
293434,산불 피해 살피는 진영 장관
293435,김성식 재벌비정규직 모인 라운드테이블 마련해야종합
293436,인천 송도 한옥호텔 공사장서 불…13분만에 진화
293437,당정청 국회 정상화에 한목소리…추경·민생법안 처리 시급
293438,특징주 두올산업 빗썸 관련 지분 취득 철회 소식에 하한가
293439,코스피 하루 만에 반등…장 초반 2420선 회복종합
293440,25개 건설사 재건축 수주 자정 결의…클린선언 GS는 불참
293441,유엔 北 재래식 무기로 전용가능 물자목록 첫 공개
293442,대설 곳곳에 눈…내일 아침 맹추위 최저 11도
293443,작년 DLS 발행액 24조3천억원…2.7% 증가
293444,스페인 지중해 난민구조선 오픈암즈 입항 허가
293445,獨정부 전용기 또 고장…외무 유엔 안보리 회의 놓쳐
293446,여행소식 주한 외국관광청협회 신규 임원단 선출
293447,美전문가 韓日갈등 해소에 훨씬 더 많은 美 직접 개입 필요
293448,네덜란드 총리 EU 더 큰 역할해야 강조…EU 차기지도부 관심
293449,꽉막힌 경제 활로 찾는다 내달 고양서 한인경제인 대표자대회
293450,재미동포 진보단체들 대통령 하야 촉구 성명
293451,광주 가톨릭평화방송 위대한 여정 방심위 좋은 프로그램상
293452,프랑스가 지명한 EU 집행위원 후보 낙마 위기
293453,짱기자 리뷰 네이버 클로바 vs 애플 시리…누가 더 똑똑할까
293454,KT 가입자 우량화로 1인당 매출 매년 2％ 성장 목표
293455,조국 후보자 딸 의혹 코이카 압수수색
293456,날씨 전국 흐리고 비…장마전선 영향4일
293457,찬란한 5월…류현진 메츠전 7⅔이닝 무실점 역투·이달 ER...
293458,日외무 1215일 방러…아베푸틴 정상회담 의제 조율할 듯
293459,그래픽 연구개발 강소특구 지정
293460,SKT도 요금경쟁 가세…데이터 제공량 늘린 T플랜 출시
293461,게시판 LG 유플러스숍 생생 라이브 G6 편 방송
293462,문학평론가 황현산 별세…향년 73세
293463,기자들 질문에 답하는 김태영 은행연합회장
293464,인삼공사 김승기 감독 30점 차 대승 선수들 정신력이 ...
293465,스마트폰서 360 VR로 골프 본다…SKT오픈 일부 서비스
293466,LGU유비쿼스 10배 빠른 홈 10기가 인터넷 공동개발
293467,인종차별·책방·환경…다채로운 이야기의 외국소설들
293468,소상공인연합회 내달 창당 선언…평화당과 연대 결의종합
293469,이란 외무 사우디에 안보는 돈으로 못 사 충고종합
293470,카드뉴스 80년후 한국산 사과 구경하기 힘들어진다
293471,사우디 석유시설 공격 원점 놓고 예멘·이라크 분분종합
293472,메르스 사태의 비극…김탁환 소설 살아야겠다
293473,UAE서 8천년 된 진주 발견…일반에 공개 예정
293474,60년째 춤실험 NDT1 절대 이해하려 하지 마세요
293475,특징주 바른전자 증자 소식에 급락…신저가
293476,돈 보다 신뢰다 갤노트7 1조5천억이상 무릅쓴 통큰 결단
293477,주말 N 여행 충청권 200년 전통 강경 젓갈 김장 앞둔 주부들 유혹
293478,스페인 극우 첫 하원입성 돌풍…민주화 이후 최초
293479,소설 국수 영화로 만든다…나우필름과 계약
293480,태평양에서 일제가 젊은 여성에게 저지른 만행의 기록
293481,인천 강화군 한파주의보 해제…오늘 낮 영상권
293482,법정에서 희비 엇갈린 전북 지역신문사 대표들
293483,경기도 한파특보 일주일 만에 풀려…일부지역 눈소식
293484,이승우 바르사와 첫 협상…프리시즌 훈련 불참 결정
293485,네이버 이용자 뉴스채널 중 언론사 서너곳 구독 의향
293486,프로농구전망대 헤인즈 이번 주에는 복귀…윌리엄스는 D...
293487,北신문 처참한 함북 수해 상황 체제 선전에 이용
293488,저비용 항공사 울산에 떴다…제주항공 사전취항
293489,황교안 저부터 먼저 짓밟히겠다…끝까지 고발당한 분 지킨다종합
293490,제13호 태풍 산산 발생…이번에도 우리나라 피해간다
293491,靑 통일정책비서관 교체하기로…후임에 서호 통일부 기조실장
293492,채태인 친정 상대 만루포…롯데 6점 차 뒤집기종합
293493,작년 이동통신 번호이동 13년만에 최저…월평균 47만건
293494,日아베 지지율 벚꽃행사 파문에 6%P 급락한 42%
293495,한국당 채용비리 덮으려 국회 공전시킬 거냐…국조 수용 압박
293496,그 집에 IS 수괴가 있을 줄이야…마을 주민들도 당혹종합
293497,마오쩌둥은 스탈린의 충실한 추종자였다
293498,카타르항공 1년 자유여행 항공권 경품 이벤트
293499,최강한파 제주 7년 만의 한파주의보 오후 1시 해제
293500,스위스 중범죄 외국인 자동추방 법률 10월 시행
293501,아시안게임 남자농구 허재 감독 변형수비로 클락슨 막은...
293502,손흥민 EPL에서 꼭 한번 해트트릭하고 싶었는데…
293503,2021년 퇴장예고 메르켈 EU 등에서 정치적 활동 안할것 재확인종합
293504,美국방부 부차관보 대북 관련 군사적 옵션 철회된 적 없다
293505,강민호 삼성 이적 첫 안타가 홈런…KIA전 솔로포
293506,풍어 기원 고사 동해안은 의례·서해안 축제·남해안 신앙
293507,EU 러시아·시리아에 온건반군 공격 중단 촉구
293508,차세대 소형위성 발사 기상악화로 또 연기…12월 2일 이후
293509,김성현 동점타에 역전 끝내기까지…SK kt 꺾고 2연승
293510,게시판 KT 이강인·월드컵 예선 응원 이벤트
293511,개인정보 보호 vs 수사 협조…기로에 선 네이버
293512,여야 법정시한 하루 앞두고 엿새만에 원구성 협상 공식재개
293513,시즌 4호골 불붙은 황희찬의 발끝…웃음 짓는 신태용호
293514,악성소프트웨어 가진 중국 여성 트럼프 별장 들어갔다 체포종합
293515,중소기업이 일자리 29만개 늘릴 때 대기업은 4만개 줄였다
293516,월드컵 에이스 손흥민의 준비…이미지 트레이닝·영상 분석
293517,AG축구 김학범 감독 황의조 컨디션 좋아 선발한 것종합
293518,與 野 안보불안 조장黨…선거에 이용 안돼
293519,MLB 피츠버그신시내티 난투극 연루자 무더기 출전 정지 징계
293520,WS 우승팀 보스턴 연봉총액 전체 1위…2천581억원
293521,남자배구 사령탑에 임도헌…30일 대표팀 소집
293522,온도 감각 처리하는 새로운 대뇌 영역 찾았다
293523,신간 해방의 공간 점령의 시간·물리와 철학
293524,사우디·UAE ·바레인 단교 카타르서 열리는 축구대회 참가
293525,광주는 품격의 도시…수영대회로 민주·평화 가치 알려지길
293526,ENG 영상 남북정상회담 프레스센터…취재 열기 고조
293527,취임식 입장하는 이재갑 장관
293528,방심위 1월 이달의 좋은 프로그램 6편 시상
293529,여야 탄력근로제 확대 위한 법개정 연내 완료속보
293530,김상조 경제민주화 시작은 재벌개혁…경제민주화 청원에 답변
293531,10만여 그루 국화에 물들다…마산가고파국화축제 개막
293532,매력 부안 문화 군민운동 활성화 업무협약
293533,코스피 기관 팔자에 하락…2460선 위협
293534,물 마시는 마사회장
293535,예술의전당 영상화사업 누적 관객 20만명 돌파
293536,美 뉴욕타임스 음식재료 배달사업에 뛰어든다
293537,동탄2 사랑으로 부영아파트 평균 55.5대 1로 마감
293538,대우조선 노조 파업 찬반투표 가결1보
293539,KT 기가 인터넷 가입 100만 돌파…5G 통신의 시작종합
293540,이종걸 정보·안보 기구 문책개편 필요…통일장관 경질
293541,김종인 與 잠룡 남경필 만나 수도이전론에 끄덕종합
293542,길따라 멋따라 지붕 없는 미술관 울산 신화마을
293543,쌍용차 스포츠마케팅으로 유럽 브랜드 경쟁력 강화
293544,깜짝 선물 줄줄이…게임업계 연말연시 이벤트 풍성
293545,이통사 마일리지로 통신요금 낸다…내년 시행 협의중
293546,中증시 급등에 중국펀드 수익률 껑충…올해 평균 23%
293547,휘발유 가격 하락세 계속
293548,조류독감 바이러스 검출 기술 개발…유형까지 구분 가능
293549,디종 권창훈 9일 메스와 원정경기서 데뷔전 준비
293550,포스코 포스코그린가스텍 흡수합병 결정
293551,나경복 대표팀에서 전광인 선배께 많이 배우고 올게요
293552,일본서 열린 한국 대법원 판결을 생각하는 집회
293553,5G시대 미리 경험해보세요…24∼27일 월드IT쇼 2019 개최
293554,JTBC 뉴스룸 고용쇼크 대토론 연기
293555,KB손해보험 대한항공서 베테랑 레프트 김학민 영입
293556,손흥민 원톱으로 62분 활약…토트넘은 맨유에 01 패배
293557,美전략사령부 北 중거리 탄도미사일 시험발사 실패종합
293558,전북 최강희 감독 가시와전 조 1위 16강 위해 꼭 승리
293559,마리 국립현대미술관장 물러난다…10월초 공모
293560,류현진 8월 한 달간 힘들었다…무지막지하게 얻어맞아
293561,김해시청 내셔널축구선수권 개막전서 창원시청 격파종합
293562,러 신설 보스토치니 우주기지 로켓 발사 하루 연기
293563,한국 여자배구 네이션스리그서 일본에 완패종합
293564,국보 반구대 암각화 3D로 실물처럼 재현…울주군 신청사 설치
293565,인사하는 김태년
293566,박지수 WNBA 신인 드래프트 전체 17순위로 미네소타에...
293567,중앙선관위원장 참여하는 국민만이 힘 발휘할 수 있어
293568,반도체에 기댄 수출…현대硏 품목 수출집중도 사상 최고
293569,북한기항 선박 국내입항 금지 근거 2011년 만들어
293570,힐러리트럼프 경제정책 연설대결 나선다…러스트벨트 공략종합
293571,승무·태평무·살풀이춤 보유자 인정 예고 보류
293572,AI 확산 막자 춘천시 대보름 달맞이축제 취소
293573,친박 복당 반발 수위조절…서청원 비대위 결정 따라야종합
293574,우리은행 소상공인 위해 카드결제대금 휴일에도 입금해준다
293575,평창올림픽 성공 국민감사 대축제 7일 춘천서 열려
293576,대법 고객 동의없이 가산금리 무단 인상은 사기죄
293577,북한 김명식 부총참모장 직함 달고 1년에만에 등장
293578,북 수소탄 실험 김부겸 북한 도발행위 즉각 중단
293579,특검 세월호 7시간 수사대상인지 검토…최순실 재산 추적종합
293580,한낮에도 선선한 늦여름 바람…곳곳 막바지 휴가 행렬
293581,월드컵 스웨덴전 본 신태용 마지막 평가전 전략은
293582,메시 2골 폭격…바르사 챔스리그서 유벤투스에 30 완승
293583,수원 5개 선거구 더민주 후보 수원특례시 추진할 것
293584,이스라엘의 가자지구 공격으로 이틀새 23명 사망
293585,EPL 스완지 에버턴에 13 역전패…기성용은 결장
293586,전운 감도는 시리아 국경…터키 시리아 접경에 병력 증원
293587,구상문학상에 김해자 젊은작가상엔 강화길
293588,오바마 아웅산 수치와 백악관 면담…미얀마 제재 곧 해제
293589,예결위 결산안 종합정책질의…농해수위 김영란법 논란 예상
293590,아태지역 에어비앤비 이용 가족 여행객 일본 가장 선호
293591,세월호와 문단내 성폭력 사건이 큰 영향 줬다종합
293592,뉴스피처 동네책방 에디션 삽니다…동네책방이 더 특별해졌다
293593,한국예탁결제원 전산 장애 대비 훈련 진행
293594,임창용 한미일 1천 경기 등판날 13년 만에 원정 선발승 눈앞
293595,제6회 폴란드 코리아 페스티벌
293596,역전 2타점 2루타 양석환 특별한 날에 운이 따릅니다
293597,코스피 2030대 회복…코스닥도 1%대 상승1보
293598,지노위 MBC 계약직 아나운서 부당해고 판정
293599,月 24시간 장애시 할인반환금 없이 인터넷 해지 가능
293600,판문점선언 감동 담은 시집 아리랑찬가 출간
293601,BP 전기차·차량공유 급증에 석유 수요 2030년대 정점 찍을것
293602,최주환 끝내기 두산 연장 11회 접전 끝에 LG 제압
293603,중기부 규제자유특구 분과위원장 간담회
293604,北 올해 국가예산지출 5.6% 증액…국방비 15.8% 차지
293605,美 해군 호르무즈 호위 연합 공식 발족·임무 개시
293606,트럼프 쇼크에 원달러 환율 장중 22원 급등
293607,주요 인물 정보가 한눈에…연합뉴스 2020 한국인물사전 발간
293608,NBA 키드·내시·힐 농구 명예의 전당 나란히 입성
293609,맨유 레알 마드리드 따돌리고 최고 수입 구단
293610,아이폰X 국내가 최고 140만원 넘을듯…출시는 12월 유력종합
293611,내전격화에 유엔 주도 리비아 국가회의 연기
293612,SKT baro 최고 모바일 기술 혁신상 수상
293613,커쇼의 불쇼…다저스 충격의 역전패로 NLCS 진출 실...
293614,한미 외교·국방장관회의 19일 워싱턴서 개최…공동성명 채택
293615,안 아픈 윤석민이 간다…KIA 마운드에 부는 훈풍
293616,냉전 이데올로기 넘어 새로운 동아시아 가치 구축해야
293617,NBA 보스턴 종료 24초 전까지 6점 뒤지다가 대역전극
293618,오승환 매커천에 시즌 두 번째 홈런 허용
293619,모바일 동영상 전성시대…1020세대는 TV 앞질러
293620,춘천 하늘에 열기구 레저관광 본격화…내달 운영 예상
293621,대부업계 기존 대출자도 법정금리 이하 갈아타기 혜택
293622,나사 목성의 위성 유로파서 수증기 발산 흔적 발견2보
293623,박지원 한은 돈찍으면 대통령이 갚나…사과가 우선
293624,덥다 더워…자율훈련으로 텅 빈 잠실구장
293625,삼성페이 출시 2년만에 국내 누적결제 10조원 넘었다
293626,2016 국내 10대뉴스 최순실 국정농단 파문과 박근혜 대통령 탄핵
293627,결장·우천취소…코리안 메이저리거들 일제히 휴식
293628,KT 태국에 IPTV 상용화 노하우 전수
293629,北 김정은 2016년 신년사 분야별 주요 내용은 뭔가종합
293630,SNS돋보기 통신비 체납해 신용 깎이는 20대…사회는 만만치 않다
293631,디자인으로 변기 바라보기…서울 생활의 발견 展
293632,날씨 화창한 토요일…서울 낮 29도·부산 31도
293633,LG유플러스화웨이 5G 기반 테크시티 구축 협력
293634,손흥민 시즌 5호골 폭발…토트넘 왓퍼드와 11로 비겨
293635,위대한 미술과 귀스타브 도레는…
293636,류현진 열흘짜리 부상자 명단…MLB 진출 후 9번째종합
293637,리비아 트리폴리 공습에 어린이 자매 3명 숨져
293638,인도 중국 턱밑에 미사일 부대 배치…갈등 증폭 예고
293639,伊 의사단체 로마 쓰레기 대란 폭염과 결합해 건강 위협
293640,김종인 경기·인천 방문…경제살리기 연석회의
293641,4경기 연속골 손흥민 평점 7.5점…팀내 4번째
293642,직원들과 인사나누는 이재갑 장관
293643,LG 스마트폰 1분기도 1천억대 영업손실…적자폭은 줄었다
293644,예적금 깰 때 금리불이익 줄인다…가입기간 비례해 금리적용
293645,김홍걸 통일부에 16일 방북 허가신청…조선인 유골봉환 협의
293646,여자 프로배구 올스타 투표 조작 논란…배구연맹 시스템 오류
293647,애플 작년 4분기 아이폰 출하량 15%↓…중국·일본서 고전
293648,최저임금 만원 공약 이행하라
293649,브라질 축구스타 카카 올 시즌 끝으로 은퇴 암시
293650,KT IoT 와이파이 스피커 레드닷 어워드 수상
293651,朴대통령새누리당 신임 지도부 청와대 오찬회동 시작
293652,2019년 제1회 중견기업 정책 협의회
293653,서귀포서 18∼19일 봄맞이축제…전통 체험행사 풍성
293654,축구종가 잉글랜드 다음 시즌 비디오판독 도입 추진
293655,시리아 주둔 미군 이라크로 이동…쿠르드 가라 배신자종합
293656,네이버 실시간 검색어 개인화…광고 문구 덜 뜨게 조정 가능
293657,영상 축구대표팀 벤투 감독 새해 소망은 아시안컵 우승
293658,英총리경선 납세내역 공개논란…고브 다른 후보도 공개해야
293659,남자농구 국가대표 허재 감독 사퇴…김상식 코치가 대행
293660,대통령 소환투표 어서 시행하라 베네수엘라서 대규모 시위
293661,4대 은행 가산금리 손봐 금리인하요구권 무력화
293662,은빛 설원 질주·눈덮인 절경에 탄성…전국 스키장·유명산 북적
293663,이집트 카이로서 폭발물 해체하던 경찰 1명 숨져
293664,전해철 의원 혜경궁 김씨 트위터 계정 고발 취하종합
293665,北 북한인권법에 극악한 대결 책동 비난종합
293666,리커창 북미정상회담에 많은 기대…중국 건설적 역할 할 것
293667,朴대통령 전략적 소통…라오스 총리 북핵 협력
293668,항공기 참사 샤페코엔시 리옹에 12 역전패
293669,문 대통령 체육계 교류 활성화하자…북한 선수단 환대 감사종합2보
293670,송파구 노래책 시대를 노래하다 전시 개최
293671,차기 대선주자 선호도…황교안 22.2%·이낙연 19.1%리얼미터
293672,거래소 포인트엔지니어링 소속부 중견기업부로 변경
293673,14득점…NBA 르브론 제임스 최악의 플레이
293674,캐나다 대사 중국 구금 캐나다인 2명 하루 4시간씩 심문
293675,파생상품 투자자들 어쩌나…中증시·유가폭락에 손실
293676,평양공동선언 정의 전쟁 종식의 문 열려…미국도 적극 응답하라
293677,통신비 정책협의회 마지막 회의 23일로 하루 연기
293678,트럼프 무슬림 비하에 발목 잡히나…과거 징병 회피도 재조명
293679,소리바다 삼성전자 뮤직서비스 위탁운영 종료
293680,손흥민 아스널전에서 20호골·이달의 선수상 정조준
293681,코스피 中증시 반등에 휴∼…1910선 회복종합
293682,노영민 비서실장 與 법사위원들과 연쇄만찬…소통하는 자리
293683,표승주 센터 기용…GS칼텍스의 1위 수성 전략
293684,펠리페 43점 KB손해보험 역전승으로 시즌 첫 3연승
293685,휴대전화 판매·통신서비스 분리…완전자급제 이달 법 발의
293686,MLB 필라델피아 마스코트 패너틱 지키기 소송전
293687,한 시즌 20골 눈앞 손흥민의 득점 본능 한계를 넘어라
293688,靑 판문점선언 이행추진위 오늘 3차 회의…후속조치 점검
293689,트위터도 잊힐 권리 수용…사용자가 리트윗 일괄 삭제 가능
293690,터키 시리아 북동부서 5일간 조건부 휴전 합의종합
293691,3월 온라인쇼핑 11조원 첫 돌파…미세먼지 제품구입 영향 커
293692,北 신형 지대공유도무기 시험발사…공중목표 정확타격종합
293693,일본 벚꽃놀이 어때요…이달 20일 가고시마 첫 개화
293694,삼광글라스 작년 연결 영업손실 118억원…적자전환
293695,탬파베이 최지만 강원 산불 피해구호 성금 2천만원 기부
293696,더워도 너무 더웠던 8월…충북 폭염일수 43년만에 최다
293697,차범근 유소년 육성 팀차붐 플러스 프로젝트 출범
293698,中매체 폭도 행위 홍콩시위대 비판…홍콩주둔 중국군 연합훈련종합
293699,울릉도·독도 대설주의보…내일까지 5∼20㎝ 눈
293700,게시판 미래부 제2차 기술사업화 지원정책포럼 개최
293701,박영수 특검 수사기록 받아 검토 착수…수사관 추천 의뢰
293702,게시판 한국인터넷진흥원 9개국 초청 정보보호 연수
293703,일본·대만 집중 연구…아시안게임 야구 전력분석팀 본격 가동
293704,프로농구 개막 ③ 헤인즈의 1만점·양동근의 900스틸…...
293705,10월 축구평가전 북중미·남미·아시아 팀과 협의중
293706,터키 EU 제재에도 동지중해 가스 시추 계속
293707,LG폰 해외전략 변경…맞춤형 제품 미국·유럽 우선 출시
293708,美 가구·유아용품 등 44개 품목 對중국 추가관세 대상서 제외
293709,위험의 외주화 방지법 쟁점 수두룩…환노위 심의 난항
293710,급속충전 배터리 성능저하 원인 찾았다
293711,갤럭시S8 100만원 육박할 듯…LG G6보다 10만원 비싸
293712,삼성 휴대폰 전 모델 전자파 안전 1등급…애플은 2등급
293713,아랍의 봄 때도 살아남은 알제리 부테플리카의 초라한 퇴장
293714,50세 구대성 1이닝 무실점 깜짝투…이젠 더 못...
293715,여행용 가방도 OK 인천공항∼도심 예약제 버스 운행
293716,구혜선 파리 개인전 수익 미술협회에 전액 기부
293717,SKT 최고 실내 와이파이 네트워크 상 수상
293718,다저스 감독 류현진 직구 제구 좋아…3번째 타순도 잘 공략
293719,이란 북미 협상 진행경과 주시…트럼프 행보 본보기
293720,이의제기 공문 전달하는 한유총
293721,한국 중등과학올림피아드서 10위…금메달1·은메달5
293722,미군 리비아에서 IS 겨냥한 공습으로 11명 사살
293723,정부 동해상 구조 북한 선원 8명·선박 2척 北으로 송환종합
293724,참엔지니어링 中 업체와 248억원 규모 장비 공급계약
293725,퀄컴·마이크로소프트 국내 이공계 여성인재 양성 지원
293726,6연패 수렁 SK 문경은 감독 쏜튼 적응에 시간을 줘야...
293727,SK 사회복지공동모금회에 거액 성금 기부
293728,3분기 자산운용사 순익 2천64억원…절반은 적자
293729,美전문가들 연준 기준금리 올리더라도 9월 이후
293730,샤오미도 페이 서비스 가세…인도 결제시장 경쟁 심화
293731,여자배구 아시아선수권 18일 서울서 개막…김연경 출격 준비
293732,문대통령 국민 차별없는 나라 요구…성폭력 더 강력대응 필요
293733,北당대회 중앙TV 2차례 보도서 대회 언급안해종합
293734,용인대 FA컵축구 3라운드서 화성 제압 그라운드 반란
293735,한산한 성산일출봉 주차장
293736,신간 고스트워크·음식은 어떻게 신화가 되는가
293737,삼성바이오 감리위 삼성물산·제일모직 합병 연관성도 다룬다
293738,연합뉴스 조성부 신임 사장 선임
293739,네이버 N스토어웹툰 합병 발표 하루 만에 철회종합
293740,여 텃밭 울산 새누리 참패…6석 중 3석 건져
293741,영상 축구협회 신태용도 새 감독 후보…경쟁체제로 뽑겠다
293742,에티오피아서 코리아에이드 첫선…朴대통령 사업현장 방문
293743,신세계건설 640억원 규모 아파트 건설공사 수주
293744,대선결과 발표 앞둔 민주콩고 야당 우리 후보가 승자 주장
293745,동남아인 360만명 무슬림 110만명…韓 올해 관광객 유치목표종합
293746,스마트폰 마음대로 조종 악성 앱 활개
293747,최지만 보스턴전 6호 솔로포 포함 멀티히트종합
293748,가야금 명인 황병기 별세…향년 82세2보
293749,이통사 새해 멤버십 혜택 쏜다…여행·쇼핑 혜택 풍성
293750,KG모빌리언스 주당 200원 현금배당
293751,엘살바도르서 파나마 명예대사 숨진 채 발견
293752,콘택트렌즈 끼면 눈 세균이 피부 세균으로 바뀐다
293753,나경원 여야 4당 합의 선거법은 희대의 권력 거래이자 야합종합
293754,역대 최고 2루수 정근우 올해 목표는 138경기 이상...
293755,해경 상황전파시스템 세월호 참사 7개월후 또 장애
293756,北매체 로켓 발사 성공에 온나라 경축 분위기
293757,박지수 WNBA 데뷔전에서 15분 뛰고 6점·3리바운드
293758,할로웨이·팟츠 더블더블…전자랜드 삼성 꺾고 3연승
293759,직원들과 기념촬영하는 유영민 전 과기정통 장관
293760,말레이서 선진국발 쓰레기 7천여t 또 적발…떠넘기기 멈춰라
293761,예술경영 정보 한자리에…25일 예술경영콘퍼런스
293762,방송프로그램 수출 아시아 편중…전체의 94.6%
293763,방통위 전기통신사업자 이용자 보호업무 평가위원 간담회
293764,피날레 공연 펼치는 김연아
293765,프랑스 석유화학공장서 화재…오염물질 확산 우려
293766,거래소 코스닥 상장사 3곳 불성실공시법인 지정
293767,조용병 신한금융 회장 대한민국 협상대상 수상
293768,노회찬 서거 1주기 추모행사…그리운 사람 함께 꿈꾸는 세상
293769,국내외 인기 만화·애니 한자리에…시카프 26일 개막
293770,美법원 망명신청자 멕시코서 대기해도 좋다…트럼프 손들어줘
293771,우리은행 무역보험공사와 중소기업 수출 활성화 업무협약
293772,푸틴 이탈리아 국빈 방문…교황 예방 1시간 지각종합
293773,상반기 국내 미술경매액 1천30억원…김환기 혼자서만 214억
293774,하반기 프리미엄 스마트폰 경쟁 키워드는 카메라
293775,주택보증공사 개포주공8 디에이치자이 개포 분양보증 발급종합
293776,삼성 등 9개 그룹 9월 5∼8일 지역인재 채용설명회
293777,제주공항 제설 막바지
293778,與 전대모드 돌입…이달말까지 당협·시도당위원장 정비
293779,與 정책정당 이미지 띄우기…민생·경제활력·개혁 주력종합
293780,인사말하는 김진표
293781,터키의 獨기자 체류허가 거부에 獨당국 받아들일 수 없는 일
293782,가짜뉴스 토론회에서 축사하는 홍영표
293783,올해 액상 전자담배 1천540억원 수입…작년 대비 5배 급증
293784,朴대통령 사드 성주內 새 지역 배치도 조사 검토종합
293785,고개 숙인 달러…외환보유액 3천958억 달러 사상 최대
293786,발언하는 박광온
293787,구글 어시스턴트 첫 이중언어 구사 음성비서
293788,유엔 제1위원회 北 5차 핵실험 규탄 결의안 채택
293789,김무성 왕이 무능해 일제때 국민고통…다신 그런일 없어야종합
293790,단독 21연패 여자농구 KDB생명 이달 말 18년 만...
293791,한화케미칼 태양광 업고 3분기 영업익 62.6% 증가종합
293792,박정호 SKT 사장 5G 네트워크 품질 두 달 내 안정화 하겠다
293793,감기 걸린 구자철 분데스리가 전반기 마지막 경기 결장
293794,코스피 기관 매수에 1920선 회복…코스닥 약 1% 상승종합
293795,롭스 이태원에 체험형 콘텐츠 도입한 100호점 매장 오픈
293796,北노동신문 과학자 동원해 연일 핵능력 선전
293797,美민주 전대 45대 미국대통령 후보 힐러리의 연설시간은
293798,대구 오존주의보 오후 7시 해제
293799,영상 프로야구 위협하는 폭염…선수협 경기 취소검토 요청
293800,여자농구 국민은행 삼성생명 꺾고 선두 추격 박차
293801,한미일 14일 하와이서 외교차관협의회…北위협 대응책 논의
293802,특검 김기춘 前실장·문체부 관계자 자택 등 압수수색2보
293803,전북 최강희 감독의 남은 숙제 선수단 분위기 유지
293804,화천산천어축제 상품권의 경제학…20만장 유통됐다
293805,미래에셋대우 CJ대한통운 이익개선 예상…목표가 유지
293806,협동조합 등 사회주택에 주택도시기금 지원 추진
293807,라틀리프 올해 아시안게임 출전 가능…금메달 청신호
293808,스웨덴서 흰 낭송한 한강 가장 자전적인 책
293809,이정현 무기한 단식농성…의원들은 릴레이 1인 시위종합
293810,AG 남자배구 인도네시아·이란에 유리한 대진
293811,北 백두산관광철도 공사 재개…中서 레일 수입
293812,브라질 새 유엔 총장 구테헤스 확정에 상임이사국 진출 기대
293813,중국 작년 창업·중소기업 지원 세금감면 55조원
293814,왕웨이중 MLB 재도전…오클랜드 스프링캠프 초대
293815,한·체코 수교 30주년 기념로고 확정…양국 공모전 통해 선정
293816,코스메카코리아 미국 ODM업체 인수…미국 시장 진출종합
293817,특징주 DSC인베스트먼트 상장 첫날 급등락…공모가 상회
293818,이란 우라늄 농축에 고성능 원심분리기 가동…핵합의 이행축소종합
293819,국내 미술품 경매시장 출범 20년만에 2천억 첫 돌파
293820,시진핑 메르켈에 中 시장경제지위 부여 재차 촉구
293821,불법영업 유도한 후 신고 악의적 폰파라치 기승
293822,코스피 美훈풍에 상승 출발…코스닥 장중 860 돌파
293823,원달러 환율 장중 한때 1050원대 터치…3년2개월만종합
293824,北 탈북차단 위해 독일산 첨단 감청장비 배치
293825,김학범 AG 축구대표팀 감독 희생과 도움이 전지훈련의 모토
293826,알뜰폰도 홈 IoT 시장 가세…에넥스텔레콤 패키지상품 출시
293827,호텔 레스토랑 점심회식 장소로 뜬다…단체석 예약 별따기
293828,칠레 전 육참총장 독재정권때 반정부인사 24명 고문 혐의로 체포
293829,EU 英 신임 총리와 브렉시트 협력…노딜은 모두에 비극 경고
293830,휴대전화 구매 일단 9월 15일 이후로…대기수요 증가
293831,아베 징용배상판결 韓정부 대응에 매우 유감…의연히 대응종합2보
293832,그래픽 선거제 개혁안 이후 절차
293833,NBA 선두 보스턴 최하위 올랜도에 덜미…3연패 휘청
293834,그래픽 IPTV 가입자 케이블 TV 첫 추월
293835,류현진 베이스볼아메리카 선정 2019 MLB 올스타 선발투수
293836,미래부 지역 과학문화 활동 확산시킨다
293837,북한 김정은 새해 맞아 인민무력부 축하방문
293838,추경호 노동자와 서면합의로도 탄력근로제 개정안 발의
293839,권창훈마저…부상 악재 만난 신태용 K리그 최종 점검
293840,SNS돋보기 노인빈곤율 OECD 최고…남 얘기가 아니다
293841,R.마드리드 음바페 영입에 1천754억원 베팅…모나코는 거절
293842,문화소식 국립중앙박물관 에트루리아展 3∼4일 무료
293843,신간 거울 사원·너의 알다가도 모를 마음
293844,트럼프 北미사일 위협 보고에 신경 안 쓴다. 난 푸틴 믿어
293845,목성 탐사선 주노 목성 궤도 진입 앞두고 NASA 긴장·흥분
293846,평양정상회담 평양시민에게 인사하는 문 대통령
293847,라바리니 김연경 의존 잦은 세터 교체로 개선 쉽지 않았다
293848,하태경 후세인처럼 김정은 제거작전에 힘 합쳐야
293849,국민의당 全당원투표제 도입 놓고 또다시 진통
293850,G7 씽큐 출시효과 미미…LG폰 2분기 적자 확대 예상
293851,대한제국 황제복식 다룬 특별전
293852,LG유플러스 LTE 라우터 U와이파이쏙 슬림 출시
293853,세계로 뻗어갈 수 있을까…보편성에 기댄 호이 랑
293854,두바이서 K팝 콘서트 열광
293855,KB손해보험 13∼14일 의정부서 청소년클럽 배구대회 개최
293856,팩트체크 서울시 산하 tbs도 언론법 적용 언론기관
293857,환율 달러당 1060원선 앞두고 보합세
293858,파티게임즈 콘텐츠투자조합에 10억 출자
293859,美대선 한 달 앞으로…힐러리 25%P 차로 트럼프 앞서
293860,아파트 분양 홍보 대가로 돈 봉투 받은 기자 무더기 검찰 송치
293861,朴대통령 이병기 비서실장 교체…후임 이원종 지역발전위원장
293862,폼페이오 장관 배웅하는 김정은 위원장
293863,출입기자단 간담회ㆍ연인 선물은 김영란법 적용 제외종합
293864,NBA 동부 선두 토론토 2위 보스턴 제압…톱시드 눈앞종합
293865,참가자 발언 듣는 전광훈 목사
293866,조명이 꺼지고 갈채가 끝나도…신간 무용수의 두 번째 날개
293867,브라질 호세프 탄핵 초읽기…하원 주말에 탄핵안 표결종합
293868,국립상당산성휴양림 버스로 편리하게 이용하세요
293869,충북 10∼80㎜ 장맛비 지속…5일 잦아들어
293870,美 IT업계 화웨이와 거래 정부 추가규제 반대 로비
293871,AFC 22일 내년 챔스리그 조추첨…전북·경남·울산 출전 확정
293872,인콘 지난해 영업익 15억원…31% 감소
293873,인천 학생수영장 천장 붕괴…무등록 업체 시공 확인
293874,예탁원 작년 외화증권 결제금액 122조원…역대 최대
293875,헤인즈 잃은 SK 제임스 메이스 가승인 신청
293876,한국 남자배구 올림픽 예선서 네덜란드에 뼈아픈 23 역전패
293877,셔저 26일 콜로라도 상대로 복귀전…류현진과 대결 무산
293878,터키쿠르드 휴전종료…터키 현 단계선 공격 재개 필요 없어
293879,하이트론씨스템즈 9억원 자사주 처분 결정
293880,한국당 한국 북핵 중매쟁이에 머물러선 안돼
293881,광주에 대설주의보…오전 7시 현재 5.7㎝ 쌓여
293882,KT 친절매니저 서비스 출시
293883,게시판 CJ헬로 롯데하이마트 온라인몰서 유심요금제 판매
293884,엔에스쇼핑 2분기 영업익 30억원…70.6% 감소
293885,KB증권 삼성물산 순환출자 구조와 오버행 이슈 해소
293886,다음주 한은 금통위 주목…고용 서프라이즈 이어질까
293887,한은 잠재성장률 2.5∼2.6%…고령화 등으로 더욱 하락 전망
293888,전문가들 중국 홍콩사태 직접 개입 가능성 아직 작아
293889,北 南 올해 10대 인권범죄 저질러 주장…인권문제 역공
293890,로봇과 물총 싸움을…신촌물총축제 7∼8일 열려
293891,문체부서울시웹툰 플랫폼 3사 MOU 체결
293892,화웨이 노바 라이트2·미디어패드 T3 10 결합상품 출시
293893,손석희 고소한 김웅 5천만원 손해배상도 청구
293894,비디아이 구매입찰 담합에 공정위 과징금 30억원
293895,유럽축구 삼키는 차이나 머니 사우샘프턴 인수 완료
293896,2017 ICT결산 이통요금 인하압박 거셌다…지원금상한제 일몰
293897,갤S9 배터리 성능 경쟁사보다 떨어져…사용자도 불만
293898,얀선 리조에 역전 투런포 허용…다저스 컵스에 2승 후 1패
293899,독일서 경찰·변호사등 동포2세들 한자리에…한독 가교역할 자임
293900,아파트값 빈부 격차 커졌다…상위 20%하위 20% 가격차 최대
293901,빅 3 55점 합작…우리은행 KEB하나은행 꺾고 3연승
293902,GS건설 동탄레이크자이 더테라스 분양 풍성한 이벤트
293903,레진코믹스 갑질 의혹 제기 웹툰작가 2명에 손배소
293904,존슨 前외무 英메이 EU와 브렉시트 안전장치 재협상할 것
293905,기쿠치 MLB 시범경기 첫 패전…이치로는 2타수 무안타
293906,중국 기술이전 강요 금지 법안 내주 통과 전망
293907,일문일답 가상계좌 중단 거래봉쇄 효과…거래소 폐쇄 특별법도 논의 중
293908,선관위 11일 전체회의…무법 선거구 장기화 대책 논의
293909,103세 美 할머니 100ｍ 달리기 대회서 46초로 우승
293910,LG전자 G6 후속모델 준비됐을 때 출시…상반기 중 예상종합2보
293911,푹TV AI 추천·취향 분석 서비스 도입
293912,수입트럭 잇단 결함 논란…만·볼보 차주들도 집단소송
293913,베네수엘라 검찰 야권 임명 국영석유기업 임시이사 수사 착수
293914,25% 요금할인이 대세…갤노트8 고객 90% 선택
293915,AI스피커 카카오미니 11월 발매…네이버 프렌즈와 격돌
293916,알제리서 계속되는 반정부 시위…임시대통령도 물러나라
293917,고개 숙인 자유한국당 초선의원들
293918,더 강해진 알파고 이세돌이 최후의 승자로 남을까
293919,4차산업혁명 ① 암진단·자산투자…AI 인간을 넘어선다
293920,맛집·여행·쇼핑 추천 앱 얍 픽 출시
293921,여자배구 대표팀 19일 VNL 1주차 참가 위해 세르비아...
293922,지중해 난민 표류사태 일단락…이탈리아 등 EU 8개국 수용키로
293923,삼성전자 멕시코서 갤럭시S9 시리즈 중남미 첫 공개
293924,류현진 4⅓이닝 3실점 조기 강판…ERA 2.45로 또 올라
293925,플라스틱 맛 본 새끼 물고기 움직임 둔해진다
293926,與 비주류 우병우 거취 문제 재점화…민심과 괴리
293927,다저스 샌디에이고에 이틀 연속 9회 결승점
293928,아시안게임 준결승서 일본 대신 태국…김연경 둘다 비슷해요
293929,멕시코 프로축구 심판 파업으로 주말 10경기 취소
293930,김선빈 8천만원→2억8천만원…KIA 2018시즌 연봉협상 완료
293931,여자농구 신한은행 외국인 선수 먼로 영입 가승인 신청
293932,게시판 네이버 지역 소상공인 대상 개인정보보호 강연
293933,발레 무대에 담긴 마법의 숲·과자의 집
293934,빅스비로 카톡 보낸다 카카오·삼성 AI분야 협력
293935,SK 김강민 브리검 상대로 4점 차 만드는 투런포
293936,도자기 살펴보는 관람객들
293937,KT 기가 인터넷 가입 100만 돌파
293938,한국당 여야4당 선거개혁 추진 저지 총력…내일 오후 긴급회의
293939,프로농구 오리온 루이스 대신 시거스로 대체
293940,코오롱인더스트리 2분기 영업익 538억원…0.6% 감소
293941,靑 세월호때 의무실장·간호장교의 대통령 진료 없어종합
293942,기재위 조세소위에서 이야기하는 김정우와 추경호
293943,게시판 KIST 서울과학기술포럼 개최
293944,국책연구원장 속속 교체…통일연구원장산업연구원장 공모
293945,당정 내일 규제프리존 특별법 제정 협의회 개최
293946,충북 가마솥더위 지속…주말도 더워요
293947,유승민 공수처 안받을 이유없다…사법부 셀프개혁 안돼종합
293948,베스트셀러 여름방학 맞아 아동도서 깜짝 1위
293949,北 동해NLL 침범 北어선 돌려보내자 납치시도 주장
293950,프로농구 삼성 음발라 대신 펠프스로 외국 선수 교체
293951,中헤이룽장성 법원서 구마 부적 발견…귀신 믿나 여론 뭇매
293952,게시판 과기부 연구장비 지식공유 포럼 개최
293953,정부 내일 정오부터 대북확성기 방송 전면재개
293954,유엔 평화유지군 아이티 소녀 성착취…아이 버려두고 나몰라라
293955,미국인 3명 이라크서 피랍…美이라크 긴급 수색작업
293956,전북 최강희 감독 결국 중국행…톈진 지휘
293957,출구 안보이는 해임안 정국…여야 외나무다리 강대강 대치
293958,유라시아 경제연합위원회 상품 정보 교환 합의
293959,더민주 당권주자 교통정리 움직임…대표위원은 불꽃경쟁
293960,이탈리아서 엄마가 심하게 흔든 생후 5개월 아기 끝내 뇌사
293961,기성용 기록 깬 손흥민과 셀카…최고기록까지 세우렴
293962,맨유 유럽 챔스리그서 벤피카 20으로 제압…4연승 행진
293963,최지만 3경기 연속 안타…MLB 탬파베이 2연승
293964,伊국민투표 부결…꿈 잃은 청년층 분노에 빛바랜 개혁 명분
293965,민주 야당 억지 그만 부려야…정부 개헌안 여론 호조에 반색
293966,일 연구팀 30년간 냉동보관 동물 부활·번식에 성공
293967,남북정상회담 판문각 앞 지나는 김정은 차량
293968,최지만 1타수 무안타…시범경기 타율 0.366
293969,주택금융개선 태스크포스 회의서 발언하는 손병두 부위원장
293970,朴대통령 포퓰리즘법안 모두에 부담…폐해 소상히 알려야
293971,신나는 도자기 물레체험
293972,5G 가입 40만명 돌파한 듯…SKT 1위 탈환 점유율 확대 박차
293973,한국 남자배구 U21 세계선수권서 아르헨에 13 역전패
293974,문재인 정부 신남방정책 관련 토론회
293975,美 러시아 美대선 개입 위해 민주당 해킹…러 강력 부인종합3보
293976,게시판 안랩 V3 모바일 시큐리티 작년 AVTEST 전회 인증 획득
293977,정부 여신심사 가이드라인 영향 최소화
293978,한국디지털뉴스협회장에 양상우 한겨레 사장
293979,넥센 신재영 호투·홈런 3방에 SK는 6연패 수렁
293980,김무성 野 무명인사 홍보·언론 대서특필 안타까워
293981,맨시티·리버풀 3·4위 확정…아스널 20년만에 챔스리그 좌절
293982,美 北 15년째 종교자유특별우려국 지정…성경소지 사형까지종합
293983,세종 민간기업 아파트 먹튀방지 특별공급 기준 부지매입→착공
293984,미국 동물보호단체 한국 내 식용견 농장서 개 30마리 구출
293985,게시판 미래부 과학기술·인문사회 융합포럼 개최
293986,유령주식 파문…삼성증권 기관경고 등 중징계 거론
293987,전국 버스·정류장 정보 알려주는 카카오버스 출시
293988,ICJ 英 인도양 차고스제도 모리셔스에 반환해야 판결
293989,캐나다 정당 후보 공천 경쟁 없이 불투명…경선 17% 불과
293990,오바마 새해도 외국방문으로 분주…국내선 대선 역할론 주목
293991,농업 공약 확약서 든 홍준표
293992,신간 회계·노무 담당자가 꼭 알아야 하는 최소한의 업무지식
293993,하태경 이재명 혜경궁김씨 허위사실 유포…검찰에 추가고발
293994,마약 투약 들통날까 봐 선배 폭행 후 도피 생활 50대 구속
293995,신학기 특수…국내 PC 시장 7분기 만에 반등
293996,SK 출신 켈리 콜로라도전 6⅔이닝 4자책점…시즌 6패
293997,벤테케 EPL 크리스털 팰리스 꼴찌탈출 힘 보탤까
293998,유튜브 접속 불가…장애 확인 중
293999,호퍼드 결승점에 스틸까지…보스턴 필라델피아에 3연승
294000,한베트남 산업부 장관 면담
294001,게시판 하나금융 독거노인·새터민 등 평창올림픽 초청 행사
294002,유커 방한 3월들어 21% 감소…한국여행 취소 40만명 가량
294003,이주의 뉴스키워드 임을 위한 행진곡 강남역 사건 1주기 부상
294004,홍용표 개성공단 철수나 폐쇄 검토하고 있지 않다속보
294005,타이틀리스트 아쿠쉬네트 이르면 9월 美 상장
294006,취임 1년 하현회 LGU 부회장…선공 통해 판 바꾸기 박차
294007,다중 추돌사고 현장 수습하는 소방당국
294008,EU주재 中대사 앉아서 안 당해…美 화웨이 제재에 보복 시사
294009,프로농구 DB SK에 패하고도 6년 만에 정규리그 제패종합
294010,아시안게임 패배·퇴장·폭행…김학범호 우즈베크 악연 끊기
294011,통신비 인하 미래부 이통사 기본료 폐지 여력 없다
294012,베트남 VNA통신 연합뉴스의 평창올림픽 뉴스 공유망 가입
294013,기아차 2016 KLPGA 공식 후원 협약
294014,EU 美의 이란산 원유수입금지 8개국 제재예외 종료 비판
294015,작년 대만 유아·임산부 사망률 10년 만에 최대…고령 임신 탓
294016,북한 리수용 헝가리 노동당 위원장과 담화
294017,차ㆍ포 뗀 두산 수비마저 흔들…전력 우위 사라졌다
294018,러 美에 베네수엘라 군사개입 안 돼 경고…유엔내 해결 요구
294019,전세진 멀티골 U19 축구대표팀 AFC 챔피언십 결...
294020,택배드론 자율주행차…첨단기술 보러 오세요
294021,더 강력해졌다…구글 새 크롬캐스트·오디오 출시
294022,캠코 아파트 등 압류재산 1천502건 공매
294023,리니지2M 리니지M 제치고 구글플레이 매출 정상 등극
294024,제임스 부상 레이커스 성탄매치서 골든스테이트에 완승종합
294025,네이버 모바일 웹브라우저 웨일 출시
294026,증시신상품 홍콩 H지수 선물 인버스 ETF
294027,미래에셋대우 YG 차세대 아티스트 성장세…매수
294028,현대카드 일본에 신용카드 IT 시스템 수출
294029,이통사 5G 가입자 부풀리기…5G폰 개통한 판매점 직원에 웃돈
294030,손학규 과도정부 중립내각이라면 총리 제안 못 거슬러
294031,SK바이오랜드 3분기 영업익 30억원…14% 증가
294032,튀니지 대선 결선에 정치아웃사이더 교수·언론계 인사 진출
294033,최고 수입 운동선수 올해도 호날두…메시 3위로 밀려포브스
294034,탈레반 포로납치 외국인 교환 난항…아프간 평화 촉진 차질
294035,현대차그룹 신사옥 GBC 외부투자자와 공동개발로 전략 바꿔
294036,아시안게임 박지수 8강전 전날인 25일 밤 자카르타 도착
294037,페북 호주에서 좋아요 수 숨기기 실험…콘텐츠 집중하도록
294038,가루다항공 항공권 최대 20% 온라인 할인 판매
294039,中 이번엔 여성 180만명 혼인여부·나이 등 개인정보 유출
294040,오승환 시즌 4번째 피홈런…1이닝 2실점
294041,美 외국인 전문직에 취업장벽…3년 새 비자 승인율 뚝
294042,NH투자증권 현대글로비스 1분기 실적 양호
294043,스마트폰 케이스로 범죄 퇴치…MWC서 스타트업 눈길
294044,김부겸 행정안전부 장관과 인사하는 문 대통령
294045,CJ헬로 VOD 유심 요금제 출시…월 1만5천원 헬로tv코인 제공
294046,내전 격화 리비아서 IS 추정 무장세력에 3명 피살
294047,BMW 대표모델 SAV 뉴 X7 가솔린 출시…1억2천만원대
294048,46살 과르디올라 감독 은퇴 시점이 오고 있다
294049,선대위 발대식 갖는 권영진 대구시장 후보
294050,NBA 만년 2인자 톰프슨 3점슛 14개 신기록 폭발
294051,윤종오 LGU 최대 다단계업체 가입자 올해 32% 증가
294052,경청하랬더니…국민의당 무책임한 제안말라 시민단체 호통
294053,여자농구 신한은행 김단비 3년 연속 올스타 팬 투표 1위
294054,안전진단 받은 BMW 차량 또 불날 뻔…국토부 부실 검사
294055,탈세혐의 사업장 내 비밀금고에 보관 중인 현금 및 금괴
294056,北 쿠웨이트에 식당 열려다 포기 RFA
294057,그래픽 역대 남북정상회담 현황
294058,충북 맑다가 오후에 구름…제천 아침 기온 11.3도
294059,그래픽 네이버 내일부터 모바일웹 첫 화면서 뉴스·실급검 뺀다
294060,GS칼텍스 강소휘 서브로만 5득점 맹폭 감각 찾았다
294061,게시판 원자력안전위원회 방사능방재훈련
294062,미국프로농구 MVP 출신 로즈 미네소타 입단
294063,영천 새마을금고 강도 범행 6시간만에 검거…범행동기 조사
294064,브렉시트 미국영국유럽 중앙은행총재 회동 무산
294065,전세계 스마트폰 성장 끝…삼성 애플과 격차 더 벌려종합
294066,증시신상품 운용·판매보수 낮은 연금전용 로보어드바이저
294067,中 1세대 지휘자 탕무하이 음악의 힘은 한계없다
294068,마크롱의 입 최측근 홍보수석 사임키로…위기 가중
294069,몸집 큰 육식 공룡은 뿔 난 경우 많아
294070,文 국민의당 與 장기집권 도와…호남민 염원 짓밟는일종합
294071,출마선언 마치고 질문에 답하는 송영길
294072,윈팩에 주가급등 관련 조회공시 요구
294073,세계여성의날 기념행사 축사하는 추미애
294074,여행객 사라진 인천공항 입국장
294075,콜린 파월 트럼프는 국가적 수치이자 국제적 왕따
294076,이면도로에 쌓인 눈... 출근길 조심하세요
294077,2·8독립선언 100주년 맞아 도쿄 기념자료실 새 단장
294078,카카오게임즈 제1회 게임 공모전 개최
294079,KT 갤럭시J7 새 모델 단독출시…사전예약판매 개시
294080,최순실 구속한 검찰…국정농단 의혹 수사 급물살 전망
294081,격동의 홍콩 ③혼란 장기화에 금융중심 위상까지 흔들
294082,GS칼텍스 이소영·강소휘 다음 시즌에는 꼭 챔프전에
294083,獨 이란 핵합의 이행 일부중단에 완전 이행해야
294084,섬으로 떠나자…여름 휴가에 좋은 섬 9곳 소개
294085,이란 美와 긴장고조 속 수감자 교환 뜻밖 제안 주목종합
294086,北 우상화 선봉 만수대창작사 사장 20여년만에 교체
294087,강규형 전 KBS 이사 문재인 대통령 상대로 해임취소 소송
294088,한중일 언론의 시각을 듣다
294089,여자농구 신한은행 김단비 19일 고척 돔에서 시구
294090,최고금리 인하로 103만명 혜택…안전망대출 문호 확대종합
294091,美 최고의 인기직업 데이터 과학자…IT 강세 여전
294092,펜스 EU가 이란 제재 깨려해 직격…폴란드서 이란 놓고 신경전종합
294093,위기타개 위해 사회적 대토론 마이크 잡은 마크롱
294094,삼성 스크린 결함 논란 갤럭시 폴드 중국 공개행사 연기
294095,KISTEP 개도국에 한국 RD 시스템 소개
294096,터키 법원 유력 야당 정치인에게 징역 9년 8개월 선고
294097,벼랑 끝에 몰린 MLB 세인트루이스·워싱턴…마운드 운용 대실패
294098,북한날씨 구름 많음…북부는 저녁부터 눈
294099,러시아 불임부부에 韓 원정임신 인기…연해주만도 月800쌍
294100,무서운 신인 알론소 45호 홈런 쾅…NL 홈런 선두
294101,TV조선 대표 딸에 폭언피해 운전사 부당해고됐다 구제신청
294102,현정부 서울 아파트 실거래가 40% 올라…강북 상승폭 더 커
294103,게시판 KT파워텔 특수형 LTE 무전기 라져 T2 출시
294104,伊 오성운동민주당 연정 협상 삐끄덕…총리 유임 두고 이견
294105,전국 곳곳 폭염특보에 무더위 기승…일부 내륙 오후 소나기
294106,특징주 한진해운 급등 후 급락 전환
294107,SNS돋보기 대한항공 전무 물벼락 갑질 논란…부끄럽지도 않나
294108,청량리농수산물시장 화재 진화 작업
294109,게임정보 넷마블 더 킹 오브 파이터즈 올스타 출시 外
294110,북한접경 中상인들 한반도위기 결국 사라질 것…투자준비
294111,佛검찰 폭행 사주 사우디 공주에 징역형 집행유예 구형
294112,김정은 싱가포르 숙소서 외출…김여정·리수용 동행
294113,6년간 소멸된 이통사 마일리지 2천억원 육박
294114,MWC 2018 비주얼 세대를 위한 폰…삼성 갤럭시S9 베일 벗다
294115,평창올림픽에 외국인 안내 AI 통역로봇 나온다
294116,인도 제1야당 총재 집권하면 모든 빈곤층 기본소득 보장
294117,함평군선관위 5일장 선거캠페인 실시
294118,아시안게임 상처 컸던 영광…선동열 감독 국가대표 ...
294119,순천 후보들 의대유치·도시연합에 한 목소리
294120,레바논 헤즈볼라 이스라엘에 반격할 준비 돼 있어
294121,모바일 메신저 시대…10명 중 6명이 2개 이상 사용
294122,수도권·경북내륙·제주에 오늘 오전 11시 폭염주의보 발효
294123,민주 오늘 중기중앙회 방문…사회적 대타협 간담회 마무리
294124,흥국생명 1위로 올스타 휴식 돌입…인삼공사 10연패 수렁종합
294125,朴대통령 오후 NSC 주재…北 5차 핵실험 결코 용납못해
294126,일연구팀 침팬지·오랑우탄도 입장바꿔 생각한다
294127,설 연휴 호캉스 누려볼까…호텔업계 설 패키지 잇따라
294128,헤일리 前주유엔 美대사 홍콩 진압되면 다음은 대만일 수도
294129,어디든 간다…인도 밀림부터 외딴섬까지 투표소 100만개 설치
294130,평양정상회담 방명록 작성하는 문 대통령
294131,朴대통령 오늘 귀국…거부권 대치정국 해법 주목
294132,감찰 유출 의혹 이석수 특별감찰관 사표 제출종합
294133,김병준 공공부문 전체 일자리 왜곡…서울교통공사 빙산의 일각
294134,SKB 2.5기가 인터넷 국내 첫 상용화…10기가 시대 연다
294135,美매체 가을마다 주저앉는 다저스 외부 FA 게릿 콜 잡아야
294136,특징주 웅진 웅진코웨이 재매각 결정에 급락…장중 신저가종합
294137,페이스북 美 중간선거 7주 앞두고 워룸 가동
294138,손석희 불법취업 청탁과 협박받아…폭행의혹 제기자 고소
294139,브렉시트 현실화 조짐…75% 개표에 탈퇴 51.6%·금융시장 패닉종합4보
294140,문대통령 선의조치 통해 남북미 평화프로세스 흔들림없이 추진
294141,예루살렘 미국대사관 1년…멈추지 않는 팔레스타인 비극
294142,코바코 2분기 광고시장 호황 전망
294143,집권 2년 차 맞는 청와대
294144,미 헝가리서 RFE 27년만에 방송재개…독재 논란 오르반 견제
294145,현대카드 직급체계 단순화 추진…수평적 기업문화 확산
294146,文의장 크리스마스 전 본회의 열어 민생법안 먼저 처리해야
294147,대성에너지㈜ 도시가스 현장업무 모바일로 척척
294148,국민의당 인명진 與 비대위원장 아닌 장례위원장 맡아야
294149,스페인 우파진영 대규모 집회…카탈루냐에 양보 그만
294150,한번 충전해 종일 사용하는 노트북…삼성·LG 배터리 경쟁
294151,캄보디아 쿠데타 저지했다…야당 지도자 귀국 무산됐나종합
294152,도로공사의 관록 vs GS칼텍스의 패기 봄 배구서 격돌
294153,충북은 한국의 칭다오·삿포로…술축제 열어 관광객 유치
294154,국토부 대형 공사장 불시 점검…3개 현장 공사중지
294155,V50 씽큐 구매시 페이백까지…이통사 5G 불법보조금 살포 전쟁
294156,상파울루서 한국 장신구 어제와 오늘 전시회 개최
294157,초강력 태풍 링링 오후 2시30분 북한 황해도 상륙
294158,네이버 자율주행차 핵심센서 개발 이스라엘 기업에 투자
294159,19호골 손흥민 팀내 두 번째 높은 평점 8.64
294160,카카오·DB손해보험 카톡 챗봇 개발 업무협약
294161,KT M모바일 알뜰폰 쓰고 항공사 마일리지도 쌓아요
294162,SK텔레콤의 알찬 갤럭시S8 실구매 혜택
294163,최태웅 현대캐피탈 감독 새 외국인 후보 2명으로 압축
294164,그래픽 전국 해넘이·해맞이 명소
294165,베스트셀러 트렌드 강세 속 펭수 다이어리 관심
294166,이통3사 연말 폭증 해피 뉴이어 메시지·전화 관리체제 돌입
294167,김연경 출전 교통정리…네덜란드·아르헨티나 원정 불참
294168,KBL 전창진 전 감독 대법판결 남았고 리그 구성원으로...
294169,DSR 높은 대출자 한도 줄거나 거절…10월엔 더 깐깐해져
294170,방송 비정규직 화두 꺼낸 서울시…외국은 90% 이상이 정규직
294171,작년 상장사 외형 커졌지만 이익은 부진…순이익 112조원
294172,여자농구 KEB하나은행 삼성생명에 4쿼터 대역전극
294173,김의겸 진보개혁 성향 신문기자 출신…최순실 특종 명성 종합
294174,소니 엑스페리아 XZ1 컴팩트 17일 국내 출시…69만9천원
294175,민주 인사추천委 설치 않기로…추천권한 원칙만 당헌 반영
294176,특징주 뉴프라이드 작년 실적 부진에 하락
294177,잊을만하면 또 수입차 배출가스 조작…이번엔 FCA 적발
294178,멕시코서 울려 퍼질 아리랑…17일 대규모 야외 공연
294179,사우디서 카슈끄지 사건 첫 재판…검찰 5명에 사형 구형
294180,이인영 조국 청문회 가족증인 채택·일정 재연기 불가
294181,카카오톡 자정부터 28분간 먹통…사용자 불편 호소
294182,OK저축은행 레오 종아리근육 손상…한 달 이탈
294183,나이지리아서 시위대 폭력사태로 의회건물 폐쇄
294184,첫 아라비아반도 방문 앞둔 교황…예멘 휴전협정 준수 촉구
294185,조국 수사권조정 법안 보완필요 지적…檢내부 공유도 당부
294186,백악관 입구서 총격 발생…일대 폐쇄 조치2보
294187,불법고용 해결 민주노총 광주시청 점거 농성…충돌 없어종합
294188,트럼프 유세장 이번엔 성추행 의혹·후추 스프레이 분사 논란
294189,이계문 서민금융 재원 부족…정부·금융사 재정지원 늘려야
294190,네이버 뉴스 편집 손 뗀다…검색 중심으로 개편종합
294191,러 외무차관 나토와의 협력 전면 중단…나토가 먼저 거부
294192,두번째 아트아시아 개막…공모전 첫 수상 젊은 작가들 주목
294193,트럼프 압박에도…미 국경넘은 이민자 지난달 7만6천명 돌파
294194,문대통령 연내 답방 가능성 공개 언급…김정은 결단하나
294195,브라운 더블더블 KCC 단독 2위…전자랜드는 3연패
294196,중국 우주 영토 확장 큰 걸음…한국 이제 무인발사체 개발
294197,프로야구선수협 2군·저연봉선수 재활 무상 지원
294198,미국 음악인류학자가 기록한 60년대 국악 모습은
294199,날씨 전국 흐리고 곳곳에 비…태풍 간접영향 강한 비바람도3일
294200,SKT 통신지연 최고 60% 줄인 5GX MEC 개발
294201,날씨 전국 맑지만 대부분 지역 오존농도 나쁨14일
294202,트럼프 무역장벽 강화 예고…똑같이 대응관세 부과
294203,공공디자인 창작보수 기준 정한다…공공디자인포럼
294204,인천·강화군 한파특보 해제…내일 아침 5도
294205,동독의 기억은…獨대학 정부지원으로 동독 연구진행
294206,朴대통령 개인적 인연 믿고 살피지 못해…靑굿판 사실아냐
294207,판문점 선언 남측수행원들과 인사하는 남북정상 부인들
294208,메리츠종금증권 주당 230원 현금배당 결정
294209,문 대통령 기무사 계엄령 문건 독립수사단 구성 특별지시
294210,미국산 쇠고기 EU수출 대폭 확대…대서양 무역갈등 잦아드나
294211,방심위 국보법 위반 판단 온라인 게시물 5년간 8천777건
294212,도로위 차량·정보 5G로 잇는다…LGU 자율협력주행 시연
294213,제17호 태풍 타파TAPAH 진로는
294214,NBA 클리블랜드 반격…인디애나 꺾고 2승 2패 동률
294215,이란 최고지도자 이란 불안케 하려는 적들의 공작 물리쳐종합
294216,KIST 개원 51주년 세계적 연구기관으로 도약
294217,코스닥 16년만에 900선 돌파…코스피도 2520선 탈환2보
294218,추위 누그러져 한파특보 일부 해제…수도권 퇴근길 눈 펄펄
294219,서울 찾은 푸른 데얀 야유 잘 이겨낼 것 VS 글쎄요
294220,코스피 16.76p0.68% 오른 2492.40장종료
294221,8월 건설사 주택경기 전망 여전히 흐림
294222,추신수 9회 대타로 나와 삼진
294223,그래픽 2018 코스피ㆍ코스닥 추이
294224,산은·기은 전경련 내주 탈퇴…금융기관 탈퇴 이어질 듯종합2보
294225,카메룬 해상서 아시아·유럽 선원들 탄 배 1척 피랍
294226,홈쇼핑에서 책과 강연 만나보세요
294227,소설가이자 성공한 경제인…김준성 10주기 선집 발간
294228,삼성페이 국내 누적결제 10조원 돌파
294229,오직 문학으로만 말한 작가 최인훈 작가 별세 애도 물결
294230,정경심 공소장 변경 불허 이유는…기본적 사실관계 바뀌기 때문
294231,네이마르 탈세 형사처벌 면해…브라질 법원 사건 종결
294232,반난민 헝가리 총리 교회에서 유럽의회 선거운동
294233,네이버 통장 나온다…주식·보험·카드 등 금융사업 본격화종합2보
294234,軍 백령도·연평도서 北도발 격퇴 훈련…실전 방불 종합
294235,감기 조심하세요 대구·경북 봄바람 쌀쌀…체감기온 뚝
294236,클래식 전용홀서 듣는 황병기의 가야금 연주
294237,그래픽 네이처 세계 연구기관 2017년 평가 발표…서울대 국내 1위·세계 70위
294238,K리그 최다우승팀 성남 암흑기 거쳐 1부 재입성하기까지
294239,건들락 美국채 10년물 금리 3% 넘으면 주택·주식 시장 피해
294240,유럽 휩쓴 포퓰리즘 포르투갈선 잠잠…집권 사회당 총선 승리종합
294241,그래픽 평창 동계올림픽을 누비는 명품 로봇
294242,홀 디스플레이 탑재한 갤럭시A9 프로 출시…59만9천500원
294243,강서구 전처 살해 피의자 구속…증거인멸·도망 염려속보
294244,부산시티투어 2층버스 기장 관광명소 달린다
294245,KT 지스타 배틀그라운드 모바일 챌린지에 5G 적용
294246,갤럭시노트9 vs 신형 아이폰…하반기 스마트폰 대전 막 올라
294247,월드컵 죽도록 뛰고 눈물 쏟은 태극전사 국민 생각하며...
294248,美 슈퍼화요일 민주 흑백투표…공화 남부표심 반쪽
294249,지방대생과 학부모가 지향하는 최고 가치는 가족 행복
294250,모레까지 전국 맑은 가을날씨…동해안은 내일까지 흐리고 비
294251,VR 봅슬레이·AI 통역…평창올림픽 첨단기술 체험하세요
294252,월드컵 멕시코 에르난데스 오늘까지 즐기고 한국전 준비...
294253,경기하강 獨에 간만에 희소식…7월 수출 0.7% 증가
294254,갤노트7 처리 어쩌나…환불·교환 물량만 50만대종합2보
294255,다주택자 집 팔아라 종부세 높이고 대출 조이고…고강도 대책종합
294256,게시판 미래에셋대우 10개 기관과 핀테크 업무 협약
294257,LGU＋ SKT 공정위 제소…이마트 이통대리점 덤핑
294258,소니코리아 무선 노이즈 캔슬링 헤드폰 WH1000XM3 출시
294259,MLB 다저스 하퍼 대신 폴록과 계약…4년 5천500만달러
294260,中 유엔 제재 속 랴오닝성 대북 전진기지 활용 박차
294261,한진그룹 건설 美 LA 최고층 호텔서 인부 추락사
294262,데코앤이 30억원 규모 전환사채 발행 결정
294263,식중독균으로 암세포 박멸한다…쥐 실험서 효능 확인
294264,朴대통령 野협치·與화합 이어 개각카드 만지작
294265,최태웅 감독 가장 고마운 선수는 이승원 대목에 굵은 눈물
294266,아르헨티나 미국계 헤지펀드에 93억달러 채무 상환
294267,권성동 보복범죄 3년새 47% 급증…대책은 소극적
294268,LG전자 V50 씽큐 알리기…잠실야구장 외야조명탑에 옥외광고
294269,文대통령여야 대표 4개월만에 회동…꽉 막힌 정국 풀릴까
294270,터키 오일 레슬링 축제 보러 오세요
294271,한투증권 삼성물산 4분기 실적 무난…주가 바닥 통과
294272,영하 250도 극저온 측정 효율 향상 저온센서 소자 개발
294273,SK텔레콤 4배 빠른 와이파이 상용화…최대 속도 4.8Gbps
294274,미래 세계질서를 좌우하는 힘은 영토·군사력이 아닌 연결성
294275,악수하는 여야 지도부
294276,무등산에서 광주지역 올해 첫 얼음 관찰
294277,영상콘텐츠 자살 장면 묘사 신중해야…민관 가이드라인 발표
294278,여자농구 502경기 출전 허윤자 삼성생명서 은퇴
294279,넥센 박병호·서건창 부상 치료 위해 18일 일본행
294280,외신기자단 DMZ 대성동 5G 빌리지 방문
294281,그래픽 금융안정지수 추이
294282,과르디올라 아궤로 안 판다…3∼4명 더 영입 협상 중
294283,장강명 소설 그믐 또는… 연극 무대에 올라
294284,돌아온 팬심 붙잡고픈 태극전사 좋은 경기로 분위기 이어야
294285,신간 맛있는 시·40세 미혼출산
294286,넥센 퓨전 짬뽕 브랜드 니뽕내뽕과 스폰서 계약
294287,커쇼 홈런 3방 맞고도 15승 수확…다저스 시즌 99승째
294288,순수의 세계는 어떻게 파괴되나…소설 공산
294289,캠코 용인 단독주택 등 997억원 규모 압류재산 공매
294290,버틀러 영입 필라델피아 울고 버틀러 보낸 미네소타 웃고
294291,봄 배구 탈락 감독들의 운명은…재계약교체 기로
294292,페북 개인정보 불법수집 의혹 기업 실제 뇌물조작 시도했다
294293,하루하루를 새롭게 시작하는 남자 H.M.의 뇌를 둘러싼 싸움들
294294,폼페이오 터키·시리아쿠르드 모두에 좋은 결과 가능
294295,연천 영하 4.3도…경기북부 한파주의보에 출근길 추위
294296,일 연구팀 화성의 2개 위성은 천체충돌로 탄생
294297,LG 박용택 고척돔 천장 맞고 페어지역 떨어졌지만 파울
294298,북한날씨 대체로 맑음…양강도 일부 10ｍ 강풍
294299,방통대 조교 4년 넘게는 못해…인권위 권고 거부
294300,네이버 브이 라이브 유망 가수 알리기 채널 신설
294301,U20월드컵 축구 수도 수원의 열렬한 응원전 3만34...
294302,우리은행 박혜진 여자농구 5라운드 MVP
294303,독일 작년 군비 수출 10조 원…전년의 2배
294304,신간 예술 사랑에 미치다·슬라맛다땅 말레이시아
294305,靑 세월호때 의무실장·간호장교의 대통령 진료 없어
294306,미래에셋대우 해외선물 시스템매매 서비스 API스퀘어 개설
294307,최지만 3경기 연속 타점…2루타 포함 멀티히트
294308,한국당 충북도당 인물난…도의원 8곳 공천 신청자 없어
294309,위클리스마트 99년 만의 美 개기일식…어떤 모습일까
294310,테크윙 28억원 규모 반도체 검사장비 공급계약
294311,수사당국 100만명이상 온라인 대화 들여다봤다
294312,SKT 반려동물 전용 웨어러블 T펫 업그레이드
294313,그래픽 신혼부부 통계 결과
294314,휘발유 가격 누가 더 싸나
294315,강화군 포함 인천으로 대설주의보 확대…3.8cm 쌓여
294316,주말 N 여행 강원권 찰옥수수 하모니카 불고 120가지 무궁화 꽃길 걷고
294317,이란 IAEA 美 행정부처 아냐…이란 핵사찰 美개입 경고
294318,홍용표 북한 한반도와 동북아 평화 근간 훼손속보
294319,배구 레전드서 대표팀 퇴출 사령탑으로 추락한 김호철 감독
294320,첼시 주급 2배 인상 요구하는 아스널 공격수 산체스 눈독
294321,與 朴대통령 탄핵·탈당 놓고 분열…분당 위기 현실화
294322,키움증권 한국전력 1분기 실적 개선 전망
294323,NPDI 북 핵실험은 국제 군축 체제에 대한 중대한 도전
294324,현대제철 하반기 공채 실시…20일까지 서류 접수
294325,산 채로 매장된 인도 신생 여아 주민이 극적으로 구조
294326,NC 최성영 선발 데뷔전서 승전가…SK전 5이닝 무실점
294327,평양공동선언 공동선언문 발표 마친 남북 정상
294328,트럼프 韓 더많이 내기로 합의…방위비 분담금 인상협상 시작종합3보
294329,대신증권 롯데정밀화학 2분기 실적 개선…목표주가↑
294330,옛동독지역 선거서 2등시민 불만접수 극우당 집권당 제쳐
294331,KTB투자 후판 가격 상승…POSCO·동국제강 최선호주
294332,추석연휴에 가볼만한 도심 여행지 10선…도시재생 역사속으로
294333,올림픽 드레스 입고 공연 펼치는 삼지연 관현악단
294334,YTN 뉴있저 변상욱 앵커 시청자 맞춤형 뉴스 구현
294335,랜섬웨어 공포 ① IT강국 위상 흔들…2차 피해 우려 고조
294336,각 지역 한인회 잇따른 수장 교체에 새 바람 기대
294337,남북연락사무소 추진단 내일 개성공단 방문해 점검
294338,소 잃고 외양간 고치는 페이스북…개인정보 절대 안 판다
294339,박지원 김종인 지원사격 호남참패 책임 따로 있어
294340,운동선수 병역특례 확대 찬성반대 의견 팽팽리얼미터
294341,딸이 어머니에게 흉기 휘둘러…가족 정신병력 있어
294342,만지고 체험하며 느끼는 미술 이것은 현대미술관이다
294343,韓 홀대vs실무형…풀어사이드 한미정상회담에 엇갈린 해석
294344,증시신상품 국채선물 인버스 ETF 3종
294345,朴대통령 오늘은 경청모드…국정반전 계기 잡을까
294346,프로배구 거포 산체스도 낙마 위기…교체 가능성 50
294347,코스타리카 원주민 토지권리 운동가 자택서 피살…15발 피격
294348,문대통령 이번 방북으로 북미대화 재개되면 큰 의미종합
294349,한국 성인 보유 자산 평균 2억원…서유럽과 비슷
294350,2017 평창겨울음악제 개막무대
294351,전국 장맛비…중부지방 모레까지 최대 250㎜ 폭우
294352,전남도청서 개막한 광주전남 보도사진전
294353,정무위 靑서별관회의 공방…자료제출 거부로 2차례 정회종합
294354,게시판 LG전자 LG V50 씽큐 괌 출사단 모집
294355,말레이 언론 무산위기 일대일로 철도사업 中과 재추진 합의
294356,폴란드서 지진으로 광산 붕괴…9명 실종
294357,탬파베이 6년만에 AL 디비전시리즈 진출…최지만 1타수...
294358,포근한 주말 유원지·스키장 북적…해운대선 바다 수영
294359,유럽의회 차기 리더 반EU 헝가리 총리와 담판 회동
294360,춘천MBC 다큐 골목놀이 휴스턴 국제영화제서 2관왕 수상
294361,朴대통령 이정현 대표 등 與 신임 지도부와 금주내 회동
294362,창조경제 3년…1천여곳 창업·판교밸리 정착 성과
294363,유안타증권 코스메카코리아 비용 부담 확대…목표가↓
294364,베트남 영웅 박항서 감독 제 조국 대한민국도 사랑해달라
294365,이대론 어렵다 총선 위기의식…민평련에 친문까지 이인영 지지종합
294366,흥국화재 1분기 영업이익 111억원…흑자 전환
294367,유진투자 코웨이 실적눈높이·목표주가 내려
294368,국내에서도 아이폰X 이번달 안에 만난다…24일 출시
294369,시리아 최악의 혼돈…알레포 공격에 500여명 사망
294370,다저스 컵스에 21 승리…싹쓸이 패배 모면
294371,삼부토건 대표이사 직무집행정지 가처분 피소
294372,펌텍코리아 주당 약 5.6주 무상증자 결정
294373,당정 오늘 조선·해운업 구조조정 대책 협의
294374,한진해운 79척 운항차질…주중 10개국에 압류금지 신청
294375,황총리 개헌논의는 국력분산…사회적 공감대 형성돼야종합
294376,예멘 반군 사우디 석유시설 여전히 공격 목표
294377,BGF리테일 1분기 영업익 262억원
294378,美 뉴욕주 3월1일 유관순의 날로 제정한다
294379,미래에셋대우 KB금융 4분기 실적 부진…목표주가↓
294380,여수 이순신광장 거북선 오르는 계단 파손…5명 중경상
294381,문대통령 오늘 과학기술자문회의 주재…혁신성장 박차종합
294382,남북단일팀 여자복식 호흡
294383,北 USB·USIM칩 등 메모리 기기 등록제 실시
294384,논란 국회법안 정부로 이송…내달 7일까지 공포여부 결정
294385,배구 컵대회 21일 여자부·29일 남자부 순천에서 개막
294386,정부 남북대화 문 열려 있어…北 신년사에 입장 표명종합
294387,한투 정일문 사장 차별화된 해외주식 서비스 개발 중
294388,스페인 11회 연속 월드컵 본선 진출…이탈리아 PO행종합
294389,원조 리니지가 모바일 게임으로…베일 벗은 리니지M
294390,웨이모 우버 기술 절도 입증 핵심 증거 공개
294391,내년 공공부문 SW·ICT장비 수요 4조1천억원…7.3% 증가
294392,정의장 출국前 마지막 평일…사태 봉합이냐·강경 고수냐
294393,비예나 빼곤 다 고만고만…남자배구 최대 화두 토종 경쟁력
294394,유니테스트 22억원 반도체 검사장비 공급계약
294395,그래픽 인터넷 DA·동영상 광고 매출 현황
294396,금감원장 키코 분쟁 이르면 이달 분조위 상정…거리 좁혔다
294397,검찰 광주 민간공원 의혹 국장급 공무원 사전영장 청구
294398,3월 중국인 관광객 39% 줄어…사드 보복 영향종합
294399,MBC 뉴스데스크 회복세…9.4％로 KBS·SBS 앞서
294400,위메이드 작년 연결 영업익 41억원…흑자전환
294401,조성진의 재능기부…국내 첫 스쿨콘서트에 학생들 환호
294402,중동정세 긴장 속 中 왕이 미국에 판도라의 상자 열지 말라
294403,류현진 7년 만에 한글 이름 달고 등판…양키스전은 6년만
294404,MWC 2018 직접 만든 갤S9 보니 감동…삼성 언팩 특별한 손님
294405,靑 안보정당 내세우는 與대표 서해수호의 날 불참 유감
294406,캠코 1천152억원 규모 압류재산 공매
294407,그래픽 네이버 모바일 첫 화면 개편 내용종합
294408,대관령 영하 21.7도 강추위…낮 최고 기온도 영하권
294409,터키 지난달 알바그다디 친척 등 IS 용의자 238명 체포
294410,한국경제 길을 묻다 ③ 혁신적 벤처기업 전성시대 온다
294411,레이커스 제임스·볼 한 경기서 동반 트리플더블
294412,홍남기 내년 1분기까지 최저임금 결정구조 개편방안 마련속보
294413,SKT 찾아가는 휴대폰 상담·개통 서비스
294414,한화 5월 35개 학교·1천50명 소외계층 학생과 가족 초청
294415,개성공단 폐쇄 한달 유엔제재 견인…남북교류 올스톱
294416,게임빌 워오브크라운 누적 다운로드 100만건 돌파
294417,유진투자 미 FOMC 이번에 금리인하 신호 강하지 않을 것
294418,대전기상청 3∼4월 평년보다 많은 비 온다
294419,나무 박사·물고기 박사의 우리 자연 이야기
294420,LGU 통해 도박 스팸 수백만건 전송…방통위 수사의뢰
294421,국고채 금리 일제히 상승…3년물 연 1.430%
294422,현대차 2018 쏘나타 뉴라이즈 택시 판매
294423,10대 주축 일본에 역전패…한국여자배구 결승 진출 실패종합
294424,최고은 헝가리 부다페스트 스프링 페스티벌 초청
294425,북극 같은 풍경
294426,도이체방크의 IB 백기 파장 속 CEO 급여 투자하겠다
294427,이효성 위원장 MWC 삼성전자 부스 방문
294428,농식품부 찾은 마사회장
294429,셀트리온제약 작년 영업익 36억원…21% 감소종합
294430,터키 중앙은행 총재 전격 교체…금리인하 놓고 정부와 갈등
294431,신나는 도자기 흙 밟기 체험
294432,대통령·총리 이어 임종석 환송 만찬…北대표단 진심 예우
294433,장기하와얼굴들 해체 전 마지막 공연 매진에 1회 추가
294434,올림픽 이번엔 녹화 아닌 라이브…인텔 드론 300대가 만든 수호랑
294435,막오른 LA 오토쇼…대형 SUV·북미 겨냥 신차들 출격
294436,이해찬 야당 설득해 판문점선언 비준동의 처리 잘되도록 최선
294437,신간 잘 죽는다는 것ㆍ네 신부님의 어머니
294438,내일 마지막 공직선거정책토론회…정치분야 자유토론
294439,갤노트8 다음달 15일 출시 유력
294440,무디스 롯데쇼핑 신용등급 Baa3로 강등
294441,에티오피아 블랙박스서 737맥스8 추락 사고 유사점 확인종합
294442,KCC 하승진 복귀 초읽기…정상 훈련 소화
294443,앙숙 그리스·터키 국제경기서 국기 게양 문제로 또 으르렁
294444,통신3사 내일부터 아이폰11 사전예약…보험 등 신규 출시
294445,이스라엘 집권 리쿠드당 대표 경선 시작…네타냐후 재신임 전망
294446,연소득 5천만원 이하도 저리 월세대출 가능해진다
294447,양승동 KBS 사장 39년 동결 수신료 신뢰회복 후 장기과제종합2보
294448,한화투자 삼성전자 하반기 실적 회복 기대…목표주가↑
294449,에르도안 한트케는 인종주의자…인권침해에 노벨상 주는 것
294450,조성진 피아노로 이웃 돕고 싶어…내년 전국 투어
294451,소리길 간이발전시설
294452,특징주 동일기연 자사주 취득 결정에 신고가
294453,김종인측 文 유세 이젠 당이 결정하겠다…文의 딜레마종합
294454,정개특위 한국당 반발 속 활동기간 연장 추진
294455,노다지 망간단괴 해저 알고 보면 해양생물의 보고
294456,LG전자 V30 공개행사 초청장 발송…고성능 카메라 강조
294457,김진표 총리카드에 시민사회 반발 변수되나…법무 먼저 임명할듯
294458,박지현 20점…한국 인도네시아 꺾고 아시아 U18 女농...
294459,월드컵 계약 종료 신태용 감독 거취 곧 결정…평가 돌입
294460,SK텔레콤 20만원대 대화면 스마트폰 갤럭시 와이드2 출시
294461,니스 테러 깅리치 美무슬림 시험치러 이슬람율법 믿으면 추방해야
294462,북한 첫 농아유치원 개원…독일 NGO 지원 VOA
294463,평일에 즐기는 문화생활
294464,NC 박민우 아름다운 선거 홍보대사로 위촉
294465,게시판 과학기술한림원터키한림원 공동심포지엄
294466,3년간 야구장 안전사고 590건…응급시설 제각각
294467,美대법관 후보 지명자 갈랜드는 중도성향 외길 법조인
294468,BNK금융지주 1분기 영업익 2천478억원…12.8% 감소
294469,檢 비선실세 최순실 구속영장…직권남용 공범·사기미수
294470,아가메즈 서브로 8득점…우리카드 시즌 첫 1위 도약
294471,안보리결의 6개월 ③北 제재 비웃으며 군사도발 마이웨이
294472,기상청 北 인공지진 규모 4.8…3차 핵실험 때와 비슷
294473,남자농구 13일 요르단 원정…월드컵 2차 예선 시작
294474,조명균 김정은 방중 우리 측과 사전 교감 있었다
294475,그리스 이도메니 난민캠프 폐쇄 절차…다른 캠프로 분산 배치
294476,탄핵가결 비서실장 지낸 유정복 시장 일부 일정 취소
294477,패럴림픽 기상 이상무…평년보다 기온 다소 오를 듯
294478,원점으로 간 출판진흥원장 선출…후보들 재산문제로 고사
294479,남북통일농구대회 혼합경기를 앞두고..
294480,그래픽 전국 주택 수·보유자 수 현황
294481,게시판 SAP 코리아 CMO캠퍼스와 디지털 마케팅 사업협력 MOU
294482,수단 전 독재자 바시르 시위대 살해 혐의로 기소돼
294483,中 바이두·화웨이 인공지능 분야 협력키로
294484,도약 다짐 장병철 한국전력 감독 최태웅 감독과 대결 기대
294485,과기정통부GSMA 5G 융합서비스 분야 업무협약 체결
294486,정부 출연연구기관 간접고용 노동자 정규직 전환해야
294487,과기정통부 내일부터 세종 이전 시작
294488,황희찬 시즌 6호골…잘츠부르크 유로파 본선 청신호
294489,유럽 철도패스 최대 20% 할인 판매 이벤트
294490,北 한미훈련에 총공세 진입할 것 위협…국방위 성명종합
294491,美 금리인상 속도전 우려에 원달러 환율 14.2원 급등
294492,골드만삭스 한은 금리인상 예상시기 7월→10월로 연기
294493,나만의 도자기 만들어요
294494,DB금융투자 CJ CGV 4분기 호실적…목표가↑
294495,사우디·UAE 예멘 내전 불화설 일축…공동선언문 발표
294496,특징주 아이폰X 조기 단종설에 부품주 급락종합
294497,서울 아파트값 오름세 전방위 확산…30주 만에 최대 상승
294498,서희건설 작년 연결 영업익 351억원…14%↓
294499,아시안게임 남자농구 클락슨의 필리핀 꺾었다…4강 진출...
294500,日국민 64% 평화헌법 바꾸지 말아야…아베정권 개헌 반대 52%
294501,라니에리 감독 낭트행 임박…걸림돌은 나이제한 규정
294502,NBIoT 단말기술에 대해
294503,서점인이 뽑은 올해의 작가에 조정래
294504,北 美 정밀공습작전 공개…침략전쟁 야망의 발로
294505,차세대소형위성 발사 성공…정상 궤도 진입·작동종합
294506,금융위 미중 무역분쟁 한국에 직격탄…철저히 대비해야종합
294507,신한금투 국내 주식형펀드 내달 순유입 전환 예상
294508,손흥민 겐트전서 양팀 통틀어 최하 평점…5.95
294509,北 대북제재 앞두고 사상무장 독려…가장 위력한 무기
294510,하나투어 해킹 회원정보 유출…관계기관 수사중
294511,美 할리우드 명예의 거리 트럼프 명패 수난 잇따라
294512,CMB 전국 11개 방송 단일 법인으로 합병
294513,대화하는 민주평화당 의원들
294514,네이버 이해진 총수 지정 안타깝다…30년전 시각 머물러
294515,위기의 MBN 평일 오후 보도 프로그램 강화
294516,KT 2년 연속 1분기 매출·영업익 동시 증가종합
294517,가을야구의 시작 KBO WC 미디어데이 15일 개최
294518,올림픽 응원 가족 나들이 차분한 설 연휴…고속도로는 정체
294519,이마트가 발굴한 中企 스타상품 싱가포르서 판매된다
294520,김정숙 여사 오늘 아세안 3개국 출신 유학생과 간담회
294521,내륙 짙은 안개…청주공항 제주행 항공기 운항 차질
294522,국민의당 선진화법도 캐스팅보트…安 20대 개정해야
294523,검찰 인사에 관한 설문조사 시행하라…檢 개혁위 권고
294524,심상치않은 이라크…곳곳서 반정부시위로 사상자 속출종합2보
294525,애플 특허 소진 美대법 판례 제시하며 퀄컴에 반격
294526,젤렌스키 우크라 대통령 사카슈빌리 국적 회복시켜
294527,엔화 족집게 사사키 엔고 지속에 연말엔 달러당 103엔
294528,터키 시리아 북부서 목표 달성 때까지 군사작전 계속
294529,조명균·천해성·윤영찬 등 고위급회담 대표단 명단 北에 통지
294530,넷마블 앱 매출 글로벌 톱 10 선정…리니지2 흥행 효과
294531,정의장 국민께 송구·與문제제기 무겁게 받아들여 與에 전달
294532,美 파나마 침공 30년…아직도 아물지 않은 상처
294533,북한 주민들은 설연휴에 어떤 음식 먹을까
294534,규제의 벽 넘지 못했다…카풀앱 풀러스 대표 사임·구조조정도
294535,녹색기술센터 아프리카 기니 가뭄 해결에 나선다
294536,유전병 우려 인간배아 유전자가위로 교정 성공
294537,메시·호날두 UEFA 올해의 팀에 선정…EPL 선수 제로
294538,가을야구인데 MLB 아쿠냐 무성의한 주루로 도마
294539,美 유조선 공격은 이란 소행 맞다…진실공방에 추가증거 공개
294540,신간 당신이 옳다
294541,WP 트럼프 대통령이 올해 가장 잘못한 일은 쿠르드 배신
294542,구글플레이 기프트 코드 온라인 판매 개시
294543,외국인 불법고용 해결 광주 건설노조 시청 로비서 농성
294544,中 美 화웨이 거래 금지 추진 반발…모든 수단 동원종합
294545,오늘의 투자전략 이번에도 은행이고 정책이다
294546,아프리카TV 2분기 영업익 43억원…작년보다 13%↑
294547,보수통합론 정국 새 변수…與 정치쇼·한국당 정권 심판종합
294548,홍콩도 보잉 737맥스 여객기 운항 잠정 금지
294549,러 신문 김정은푸틴 25일 극동연방대서 정상회담종합2보
294550,하나금투 비트코인 가격 오르면 채권금리도 오른다
294551,정세랑 작가 즐거우면서도 고민하게 하는 작품 쓰고 싶어요
294552,올가을 캘리포니아 대표 음식축제 3선
294553,아시안게임 한국야구 결승행 위해선 전승밖에 없다종합
294554,장하성 주중 대사 中언론 인터뷰서 한중협력 확대 강조
294555,예약판매 시작한 갤럭시 S8
294556,금융위 차보험료 인상 폭 물가상승 등 감안해 조율
294557,이란 국영방송 앵커 미국서 수사기관에 구금
294558,국제유가 베네수엘라 사태 속 강세…WTI 0.8%↑
294559,벨기에 정부 시리아에 있던 IS 고아 6명 벨기에 도착
294560,국립중앙박물관장에 이영훈 경주박물관장
294561,끝내기 홈런 친 최지만 너무 피곤해서 빨리 집에 가고 싶었다
294562,야구에 등장한 로봇 심판 어떻게 작동할까
294563,이슬람권 이스라엘 가자지구 폭격 강력 규탄
294564,카메룬서 학생 160여명 무장괴한에 납치됐다 풀려나
294565,휴전 이후에도 시리아 반군 지역서 민간인 6명 사망
294566,워커 뷸러 디비전시리즈 1차전 선발 확정
294567,LG유플러스 U파손도움 서비스 확대
294568,중국 북미정상회담 개최에 한반도 비핵화 기여 기대종합
294569,결전 앞둔 박항서 우리에게 특별한 경기 될 것
294570,올림픽 실감나네…눈앞서 펼쳐진 시속 150㎞ 봅슬레이 질주
294571,역대 최저 득표율로 총선 승리 남아공 대통령 교훈 얻었다
294572,베네수 정부 국경서 구호활동지원 英갑부 콘서트에 맞불 음악회
294573,한국형 알파고 독자개발…10년간 1천억원 이상 투자
294574,총선 D9 8석 석권하자…충북 새누리당 필승 다짐
294575,한국당 7명 장관후보자 청문보고서 거부…靑 부실 검증
294576,화웨이 5G 진출 조건부 폴란드에 5년간 9천억원 투자 제시
294577,월드컵 베팅업체 카잔대첩 역대 최대 이변 3위로 평가
294578,코스닥협회 수석부회장에 정재송 씨 선출
294579,트럼프 앙숙 워런 트럼프 2020년엔 자유인 아닐 수도
294580,反난민 이탈리아 부총리 난민 65명 태운 구조선 입항 불허
294581,푸틴아베 모스크바서 회담…평화조약 체결 협상 진전 못 봐
294582,청소년 신간 땀 흘리는 소설·미래세계 구출
294583,카카오 텐센트와 손잡고 中 웹툰시장 본격 진출
294584,빅 이벤트 지켜보자…원달러 환율 상승 출발
294585,술 취해 시비 걸던 50대 밀쳐서 사망…30대 징역 2년
294586,게시판 도서정가제 유통질서 바로잡기 업무협약
294587,유영국 그림 7억7천만원에 낙찰…작가 최고가 기록
294588,증인 불출석 맹공으로 시작된 구조조정 청문회 맹탕 넘어 허탕
294589,손흥민과 군대스리가 함께 뛰고 싶어요…장병 설문
294590,브라질 하원 대통령 탄핵 가결…정국 다시 격랑 속으로
294591,올림픽 금메달 출신 헝가리 지방도시 시장 성추문에 사임
294592,LG전자 G7 씽큐 계승한 중가폰 2종 IFA서 공개
294593,구글이 도와 드립니다
294594,中관영매체 연일 대미 집중포화…우리는 끝까지 싸울 것
294595,베트남전 멀티골 이민아 필리핀과 56위전 무조건 승리
294596,정진석 가습기 살균제 피해 국회 진상조사…청문회도 할것
294597,더민주 호남 특별기구 설치…安千 너무 우려할 필요없다
294598,2020년 세계이식학회 학술대회 서울 유치 확정
294599,코스피 상승 출발…2100선 회복 시도1보
294600,나이지리아서 터키인 근로자 4명 무장괴한에 피랍
294601,국방전산정보원장 등 8개 개방형 직위 채용
294602,북한 반공화국 적대행위 미국인 체포
294603,신한銀 창업기업 위한 기술대출 출시
294604,경기도 중부권 11개 시 미세먼지 주의보
294605,MLB 메릴 켈리 두 달 만에 승리투수…시즌 8승
294606,LG전자 오늘부터 북미서 G6 예약판매…프로모션도 강화
294607,자동차 보험료 이르면 내달부터 인상될 듯…올해만 두번째
294608,대부분 영하권 뚝…서울 6.3·대관령 11.2도
294609,롯데카드로 결제하면 티켓이 한 장 더
294610,홍윤식 20대 총선 과거 어떤 선거보다 엄정 관리
294611,중국전 마친 뒤 눈물 흘린 김연경 감수성이 늘었나봐요
294612,北 8월 나선서 국제상품전시회…외국기업 참여도 낮을듯
294613,朴대통령 본인들만의 정치에서 벗어나야종합
294614,포켓몬 고 게임 하던 과테말라 10대 총격받아 첫 사망
294615,최강 맨시티 레스터 승부차기 끝에 꺾고 리그컵 4강 진출
294616,프로축구 강원FC 조태룡 대표 사퇴 의사…진실 밝혀질 것
294617,NC 구창모 아웃 카운트 1개 잡고 강판…⅓이닝 6실점
294618,SCMP 홍콩 정부 오늘 오후 송환법 추진 잠정 연기 발표
294619,신간 인류에게 공통의 언어가 있다면
294620,박항서 매직 베트남 AFC U23 결승서 우즈베크에 석패
294621,2보 볼리비아 모랄레스 대통령 집권 14년 만에 사임
294622,SK 문경은 감독 새 외인 메이스 팀에 녹아든 게 승인
294623,NBA 피 말리는 서부 PO 경쟁…5위부터 9위까지 1경기...
294624,브뤼셀 테러 공항은 테러 취약지대…항공안전 비상
294625,내일날씨 찬바람 쌩쌩 불고 맹추위…서울 영하 8도
294626,씨에스윈드 260억원 규모 윈드타워 공급계약
294627,한스위스 통화스와프 맺는다…두번째 기축통화국2보
294628,헬스·자동차 등 6대 전략분야에 IoT 사업화 집중지원
294629,아시안게임 한국 여자배구 인도네시아와 8강서 격돌
294630,고유례로 시작하는 학위수여식
294631,100명 중 99명은 다 못 쓰는 100GB 데이터 요금 경쟁
294632,직장 내 괴롭힘 금지법 국회 본회의 통과
294633,8강행 무산 여자축구 U17월드컵서 콜롬비아와 1...
294634,18년 만에 우승 눈앞 문경은 감독 원주에 다시 안 오도록
294635,철로자전거 타고 여름밤 즐기세요…문경서 야간 운행
294636,통일부 朴대통령의 김정일 서신 전달 안 된 것으로 판단
294637,류현진 사이영상 경쟁자 셔저·디그롬 나란히 평균자책점 상승
294638,국정원 15년째 잠자는 테러방지법 흥정대상 돼선 안돼
294639,옐런 미 연준의장 앞으로 수개월 내 금리인상 적절할수도1보
294640,인터넷나야나 랜섬웨어 피해 복구중…해커와 13억 협상 논란
294641,오스트리아 제1당 국민당 극단주의 금지 추진…극우당 반발
294642,아프리카TV 클릭 2번으로 VOD 생성 유저클립 도입
294643,러 언론 김정은 위원장 전용열차 북러 국경 넘어2보
294644,朴대통령 사드 갈등 멈추지 않아 속 타들어가는 심정속보
294645,코스피 하락 출발 후 상승 전환…장중 2070선 회복종합2보
294646,게시판 NH선물 밀양시 용평 마을과 자매결연
294647,KT PC방 전용 통신 서비스 게임허브 출시
294648,천정배 외교관 딸 보러 이란행…차기 행보 구상
294649,터키 이어 그리스도 리비아 사태 해소에 발언권 주장
294650,최문순 지사 2021년 동계아시안게임 남북 공동개최 검토
294651,카카오 인공지능 분야 스타트업 해외진출 지원합니다
294652,과기정통부 아프리카 학생 대상 RD 교육 추진
294653,인종 개념은 만들어진 것…신간 인종주의에 물든 과학
294654,후보 등록 마감일에 절정 치달은 與 공천 내분사태
294655,운영위 일하는 국회법 처리…매월 2회 이상 법안심사소위
294656,최기영 장관 과학·ICT가 희망…투자 확대하고 RD 혁신
294657,캐나다 총선 한인 최초 연방 하원의원 탄생
294658,해군 北 WMD선박 차단훈련…유엔제재 대비태세 점검종합
294659,황사 왔나 봄
294660,신년사 정지선 현대백화점그룹 회장
294661,눈 내린 1100고지 순찰
294662,靑 북한 SLBM 발사에 NSC 상임위 개최
294663,마음 사는 외교 본격화…공공외교법 시행령 의결종합
294664,부처별 연구비관리시스템 통합 첫발
294665,日오키나와 美기지 이전 관련 주민투표 24일 실시
294666,크리켓의 나라 파키스탄에서 축구 이벤트 펼친 호나우지뉴
294667,결승골 기여 손흥민 평점 6.7점…팀내 두 번째로 낮아
294668,사무실서 여기자 성추행한 주간지 대표 징역형 집행유예
294669,김경수 경남지사 발언 듣는 김현미 장관
294670,제21차 세계한인경제인대회 개막…한민족 경제네트워크 강화종합
294671,KIST 학연협력 연구 본격 시작한다
294672,정보유출 파문에도 페이스북 이용자 충성도 큰 변화 없어
294673,미국 여자농구 월드컵 통산 10번째 우승…한국 14위
294674,SKT 남자직원 1분기 급여만 5천300만원…KT의 2.4배
294675,외로워 노래 배웠나… 멸종위기 희귀고래 노래 첫 녹음
294676,맨유 린가드와 2021년까지 재계약…주급 1억4천만원까지 예상
294677,해외 청년 창업 및 취업 준비생 간담회
294678,프로농구 현대모비스 SK 완파…시즌 첫 전 구단 상대 승리
294679,KT연세대 5G 상용망 기반 연구 플랫폼 출범
294680,올해 프로야구 미스터 올스타 부상은 KIA 세단 더 ...
294681,중소업체 위한 맞춤형 강연…카카오 상생 클래스 시작
294682,장난감도 군비 경쟁…레고 갈수록 폭력적
294683,中·러·이란 3국 연합해상훈련…중·러 美 견제 나서나종합
294684,쌍용차 2016 코란도 투리스모 플러스 출시
294685,北 위성발사·수소탄 보유 군사강국…체제결속 독려
294686,혼돈의 이라크…대통령 친이란 총리후보 반대하며 사의종합
294687,하이즈항공 작년 연결 영업익 18억원…흑자전환
294688,참의원 선거 반쪽 승리 日 아베 9월 개각 전망
294689,삼성 2분기 스마트워치 시장서 3위로 하락…핏비트 선전
294690,KT 기가 인터넷 가입자 150만 명 돌파
294691,민주 개헌안 마련 안간힘…한국당이 개헌열차 제동 비판
294692,서울 아파트 시장 눈치보기…전국은 2주 연속 보합
294693,월드컵 신태용 감독의 트릭…신의 한 수일까 자충수일까
294694,北김정은 신형 ICBM 엔진 분출시험 시찰…완전 성공1보
294695,프로농구 현대모비스 DB잡고 4연승…라건아 쐐기블록슛...
294696,성전환 여성은 남자 화장실에 가야 하나 아니면 여자화장실
294697,與 친박·비박 핵심 연찬회 후 계파 청산 의기투합
294698,통신비 인하 도움될까…휴대폰 지원금 분리공시 도입 탄력
294699,페루 태양제 6월 24일부터 9일간 열린다
294700,英·EU상임의장 정상회담…투스크 브렉시트 협상 서둘러달라종합
294701,北 핵실험 北 김영남 핵보유국에 맞게 대외관계 확대발전
294702,북중교역 무게중심 단둥서 연변자치주로 이동 조짐
294703,벤투호 12일 출국…호주·우즈베크와 아시안컵 리허설
294704,경기북부 전역 호우경보…의정부에 201㎜ 내려종합2보
294705,통일부 北 엘리트 잇단 탈북은 김정은 체제 균열 조짐
294706,뮬러특검 보고서에 불붙은 美정쟁…무죄입증 vs 원본공개
294707,사형 구형 이집트 기자 올해 세계언론자유상 받는다
294708,융커 위원장 영국의 질서있는 EU 탈퇴 매우 낙관하지는 않아종합
294709,文정부 첫 과학기술장관회의 연구자 중심 RD에 초점
294710,문대통령 유남석 헌재소장 임명장 수여
294711,라카제트 결국 아스널로…리옹 이틀 이내 결론
294712,美 총기폭력 비용 연간 272조원…GDP의 1.4% 규모
294713,에티오피아 국경분쟁 소말리아 자국 영토로 표기했다 사과
294714,나경원 패스트트랙 철회만이 국회 여는 유일한 해법
294715,손흥민 6호 도움 피날레…토트넘 헐시티에 71 대승
294716,셧다운 끝낼 때 부시 월급 못 받는 경호원들에 피자 선물
294717,숨·일렉트릭 스테이트…SF 수작을 만나다
294718,신간 단백질의 일생
294719,조국 성찰하겠다 몸 낮추면서도 각종 의혹에 단호히 부인종합
294720,경제자유구역 지지부진 개발지연·국내기업 역차별 탓
294721,이란 핵합의 관련 유럽 비판…그동안 이란 이익 보장 못해
294722,충북 낮기온 29도 불볕더위…6∼7일 520㎜ 비
294723,게시판 투교협 투자콘서트 국내외 채권시장 투자전략
294724,국산 OTT 최고 인기 콘텐츠는 국내 방송물
294725,인권위 언론단체와 언론인권교육협의회 구성…인권교육 협의
294726,게시판 하나은행 직장어린이집에 회계시스템 지원
294727,고려사회 다양성과 통합성 분석한 학술총서 발간
294728,제20호 태풍 너구리 필리핀 동쪽서 발생…한국 영향 없어
294729,양제츠 자리 안내하는 정의용 실장
294730,유럽행 통로 터키서 1주 사이 불법 이주민 1천500명 검거
294731,2명 퇴장 빌바오 MSN 총출동 바르사에 21 승리...
294732,배구 올림픽 본선행 티켓 경쟁…대륙별 예선 대진 28일 결정
294733,한국우즈베키스탄 축구 평가전 시청률 9.4％
294734,美 연구진 죽은돼지 뇌세포 일부 되살려…윤리문제 제기도
294735,과기단체 연구윤리 훼손에 경각심…윤리규범 마련하겠다종합
294736,민주평화당 창당발기인대회
294737,유은혜 전문성 부족 소통능력·정무판단·중재경험이 더필요
294738,코스피 2120대로 밀려…두달여 만에 최저종합2보
294739,채태인 역전 결승포…롯데 총력전 끝에 SK 꺾고 3연승
294740,선거법 위반 혐의 김한정 의원 벌금 80만원 구형종합
294741,이탈리아 총리 동계올림픽 유치는 국민을 위한 승리
294742,리모델링 앞둔 시장통 건물에서 펼쳐진 솔로쇼
294743,北 급변사태 때 중국군 단독 개입 막는 것이 급선무
294744,프로야구선수협회 경기 중 심판에 질의 금지 유감
294745,알뜰폰 피해 절반은 고령 소비자…전화 판매 주의
294746,작은 소리에 귀 기울이는 인권연극제
294747,블루홀 작년 매출 6천600억원…전년 대비 13배
294748,이총리 6·25전사자 유해 90% 아직 못 모셔…갈 길 멀다
294749,이도희 현대건설 감독 헤일리 실력 좋아졌더라
294750,신간 서커스 나이트
294751,朴대통령 31일 美中日과 연쇄정상회담…북핵공조 논의종합
294752,북한 가는 정의용 대북특사단장
294753,평양공동선언 IOC 올림픽 남북공동개최 추진 크게 환영
294754,청와대 회동 ① 분기마다 소통의장 만들자…협치 강조
294755,선동열 드디어 입 연다…4일 대표팀 선발 논란 기자회견종합
294756,기자들과 인사 나누는 김병원 농협중앙회장
294757,트럼프 9·11 테러 직후 현장 달려가 도왔다 재차 주장
294758,국감 출석한 문체부 산하기관장들
294759,엠에스씨 보통주 1주당 1주 무상증자 결정
294760,그래픽 지난해 수도권 주택구입가격 연소득에 6.7배
294761,경기도 17개 도서관 다문화독서동아리 지원
294762,VR현장 첨단 로봇 한자리에…2017 로보월드 개막
294763,LG 올레드 TV 아이슬란드 오로라 축제
294764,맨유 데 헤아 못내준다…레알 마드리드 867억원 제의 거절
294765,과학기술 출연연 용역근로자 정규직화 지지부진
294766,아모레 커버·피지흡수 강화 기술 개발
294767,산학연 협력 연구로 중소기업 연구개발 역량 높인다
294768,리커창 中·EU 정상회의서 유럽기업 동등대우할 것종합
294769,이총리 북한·미국 사이에도 고위 대화 재개될 것으로 보여
294770,영상 토종 기상위성 천리안 2A호 발사 성공…10년간 기상예측
294771,게시판 여기자협회 국내연수·저술지원 대상자 선정
294772,SK텔레콤 통신비 인하 정책에 난색…여력 부족하다종합
294773,촛불집회 앞두고 이통 3사 통신망 증설…평소 5배
294774,강원·영남 돌풍 동반 요란한 봄비…눈·우박도
294775,KISTI 누리온 1주년 기념 슈퍼컴데이 개최…우수 연구사례 발표
294776,북한 김일성종합대학 국제학술토론회 2018 개최
294777,KBS 성평등 기본규정 제정
294778,산체스 영입트레이드 KB손해보험 9년 만의 봄배구 노린다
294779,최지만 첫 장타 포함 3안타 불꽃타 타율 0.348
294780,민주 2월국회 중점법안 난항에 고심…한국당 무조건 반대
294781,해커 빨라지고 똑똑해졌다…지능형 해킹공격 확산할 것
294782,삼성바이오 논란 금융당국 책임 국민청원 잇따라종합
294783,더민주 강릉선거구 사전 투표함 관리 투명 요구
294784,朴대통령 지나보니 아쉬운 점도…언론간담회 모두발언 전문
294785,탄핵가결 남경필 국민의 승리…국가 리빌딩해야종합
294786,무진기행·난쏘공…작가들 손때 묻은 원고 전시
294787,트럭에 흑인 매달아 광란의 질주…美 백인우월주의자에 사형집행
294788,문화상품권으로 구글플레이 결제된다
294789,뜨거운 최지만 2안타 1타점 맹활약 타율 0.389
294790,재활 훈련 영상 올린 즐라탄 맨유에 남고 싶다
294791,우정사업본부 23일부터 환전업무 시작
294792,유엔 60여개국 체류 난민 144만여명 내년 재정착 필요
294793,유럽 첫 방문 이란 대통령 이탈리아에 22조원 대박 선물종합
294794,언론진흥재단 ICT로 하나 되는 평창올림픽 콘퍼런스
294795,한일 의원들 9월 도쿄서 합동총회…관계 개선 논의 전망
294796,카카오 해외서 10억 달러 투자 유치 성공
294797,日 중국으로부터 시진핑 방북 적절한 설명 듣고 싶어
294798,레알 마드리드 금의환향…호날두 등장에 발롱도르 연호
294799,월드컵 태극전사들 1998년 굴욕 멕시코에 설욕 노린다
294800,김포 도시계획 수립에 토지 사회적가치 평가 활용
294801,경기도 안산·시흥·평택·화성 20시 강풍주의보 발효
294802,체스 정복한 인공지능 바둑은 왜 늦었나
294803,유엔 안보리 라이베리아 무기금수 등 제재 해제
294804,이스라엘 참가불허 말레이 패럴림픽 수영선수권 개최권 박탈
294805,아시안게임 김학범 우즈베크전은 창과 창의 대결…절실함...
294806,웰컴대학로에 외국인 1만3천명…대학로 공연 중심지로 키운다
294807,SKT LTE 요금제 개편…저가 구간 기본데이터 25% 늘려
294808,해외 북한노동자 인권보호 대북 제재 효과 높일 것
294809,그래픽 주요 해외금리 연계 파생결합펀드DLF 투자자 현황
294810,최성준 위원장 광고 쏠림 인터넷 기업 규제 연구검토종합2보
294811,프레스센터 언론계 반환 서명식
294812,野 朴대통령 사드 방중 직접 비판에 사실 왜곡 반발
294813,동정 김종서 서울경제신문 부국장 ROTC중앙회 올해의 언론인
294814,이탈리아 볼로냐대학서 열린 한국 소프트파워 세미나
294815,알파고 더 강해졌다…많은 업그레이드 진행종합
294816,시즌 첫 골 손흥민 모든 상황 준비해 좋은 결과로 이어졌다
294817,에이디테크놀로지 74억원 규모 개발 위탁계약 체결
294818,윤소하 5·24 조치 해제해 남북교류 활성화해야
294819,나경원 경제청문회 먼저하고 추경심사 돌입해야…與에 통첩종합
294820,프로야구 퓨처스 여름리그 춘천서 23일부터 시작
294821,월드컵 신경전 벌이는 기성용
294822,추억의 명곡 엮은 주크박스 뮤지컬 봇물
294823,일본 8월 수출 전년비 9.6%↓…무역수지 석달 만에 적자 전환
294824,보성녹차밭 설경
294825,통일부 김영철 방남 수용 쉽지않은 결정…대승적 이해 부탁종합
294826,삼성전자 네트워크사업부장 교체될듯…화웨이 잡는다
294827,인사혁신처 균형인사협의회 회의
294828,檢 대통령 수사시점 결정안돼…핵심 관련자 조사 이후 할듯
294829,FC서울 지독한 불운에 눈물…인천과 11 무승부 7경...
294830,베테랑 골키퍼 카시야스 FC포르투와 계약 연장…1년 더
294831,여야방미단 내일 출국…日부당성 지적·외교합의 노력 병행
294832,조선·자동차 등 주력산업 중소기업에 3.5조 정책금융 지원
294833,고춧가루 팍팍 KB손해보험 현대캐피탈까지 잡았다
294834,SK텔레콤삼성전자 국제표준 기반 5G 전용 교환기 개발
294835,개성공단 폐쇄 100일…남북교류 올스톱 상태
294836,프로농구전망대 잔치 끝난 프로농구 이제는 치열한 순...
294837,증권가 대림산업 실적 호평 잇따라…목표가 올려
294838,中국경절 관광객 25만명…인천공항 내달 9일 가장 붐빈다
294839,상한제 부정적…FA 늘리면 가격 내려가…KBO 윈터미팅
294840,개인 최다 블로킹 8개 최민호 우리 팀 서브가 좋은 덕
294841,이해찬 남북철도 공동조사 제재 면제는 의미 있는 결정
294842,갤노트10 써보니…한 손에 쏙 크기·S펜 텍스트 변환 눈길종합
294843,내일날씨 오후에 전국 비…일부지역 시간당 20㎜ 강한 비
294844,유일호 현대상선 용선료 협상 안 되면 법정관리…협상 압박
294845,中보건당국 흑사병 주의 당부…환자 1명 위중종합
294846,美 블링큰 北 핵실험에 강력대응 필요…한민구 장관 면담
294847,WNBA 라스베이거스 항공편 지연으로 4일 워싱턴전 취소
294848,KT 갤럭시J7 오늘 단독 출시…최저 5만원대 구매가능
294849,미 하원서 이스라엘 보이콧 반대 결의안 통과
294850,네덜란드 극우정치인 반이슬람 트윗 올렸다 계정 차단돼
294851,제9회 서울미래연극제 대상 메이데이
294852,행복은 삶의 목표가 아니다…피터슨 12가지 인생의 법칙
294853,NC 퓨처스팀 고양시 떠나며 야구용품·기부금 전달
294854,포털 주소록 앱 메신저 피싱 악용 우려…주의해야
294855,므누신 美재무 미중 무역협상 마친 뒤 건설적이었다
294856,민주 탄력근로제 확대 입법 시급…한국당 압박 본격화
294857,김환기 달과 매화와 새 추정가 19억30억에 출품
294858,美상원도 아르메니아 학살 결의안 통과…터키 반발
294859,아름다운 뒷모습…마지막 노래 뒤돌아서서 부른 호세 카레라스
294860,中 왕이 12∼13일 러시아 방문…국제문제·양국관계 등 논의
294861,커브로 농락한 류현진…커브로 망친 그레인키
294862,부패 끝판왕 모잠비크 20억달러 대출사기 6년만에 전모
294863,SKT 5G에 모바일엣지 기술 도입…서비스 지연시간 단축
294864,경기 중부권 11개 시 오후 1시 오존주의보 발령
294865,시차적응 중 우루과이 비공개 훈련으로 한국전 담금질 마무리
294866,4월부터 통신사 고객센터 점심시간엔 긴급상담만 받는다
294867,아랍연맹 트럼프 골란고원 선언 비판…국제법 위반
294868,컴투스 모바일 야구게임 MLB 9이닝스 16 출시
294869,美정부 연일 中화웨이 공격…5G장비 구축 LGU 곤혹
294870,출시 하루 앞둔 삼성 갤럭시폴드 써보니…결함논란 개선 뚜렷
294871,朴대통령 구조조정·노동4법 패키지론…복지포퓰리즘 비판
294872,민주콩고 독립 59년만에 선거로 첫 정권교체…부정선거 의혹종합2보
294873,군 복무 후 용병급 활약 두산 정수빈 결승타까지
294874,北 핵실험으로 대북민간단체 北수해지원 사업도 올스톱
294875,프로배구 전문가들 대한항공현대캐피탈 양강 구도 전망
294876,美 지난달 리비아서 사라진 드론은 러시아 방공망에 격추
294877,데이터 사업에 1천787억원 투입…과기부 14일 설명회
294878,바른미래 두집살림 정리…당사·연구원 합치고 인력 50% 감축종합
294879,주말 N 여행 호남권 대중음악현대미술 조우…아시아문화전당 첫돌행사 풍성
294880,잘츠부르크 황희찬 3경기만에 출전…상대 자책골 유도
294881,포털에 음란물 차단 의무 강화땐 과잉 검열 우려
294882,美규제안에 철강株 엇갈린 반응…영향 제한적 분석도
294883,입법촉구 서명 전방위 확산…현대차 대금 조기지급
294884,게시판 미래부·연구성과실용화진흥원 성과확산 워크숍
294885,우크라 대통령 트럼프와 수사 대가 대화 없었다
294886,KISTEP 이사회 박영아 원장 연임 결정
294887,국제과학기술경진대회서 본상 받은 한국 고교생들
294888,아시안게임 AG행 막차 탄 황재균 3경기 연속 홈...
294889,카카오 음란물 방치 처벌 위헌 소지…법원 결정문 보니
294890,네이버 쇼핑 2분기 거래액 작년 대비 38% 증가
294891,北 선군절 맞아 김정일 띄우기…국보 중의 국보
294892,에넥스텔레콤 원하는 대로 설계 알뜰폰 요금제 출시
294893,프랑스 대통령 직속 르완다 학살 진상조사위 출범
294894,서민형 안심전환대출 신청 닷새 만에 14조원 육박
294895,佛 내무장관 클럽서 젊은 여성 포옹 사진 공개돼 구설
294896,한미 北 어떤 공격도 격퇴…핵도발시 압도적 대응한다종합2보
294897,국민의당 호남 이어 영남서 총선 지지 감사인사
294898,통 큰 투자 엘롯기 2018년에는 저주 풀릴까
294899,노조 240명 vs 조합 90명…광주 시내버스 운전원 충원 시각차
294900,靑 대통령 이란 방문때 필요하면 총리 주재 NSC 개최
294901,올해 남북관계 쉽지 않을 듯…北김정은 신년사 전문가 진단
294902,나이스신평 통합감독 도입땐 삼성·미래에셋 영향 커
294903,G7 씽큐 출격 앞두고 구형폰 재고떨이…G6·갤S8 지원금↑
294904,네이버 궁금증 해결사 자청 분야별 지식인 130명 선정
294905,최순실 국조 朴대통령 면담한 8대 그룹 총수 증인 채택키로
294906,한국운용 벨기에 외무부 청사 투자하는 펀드 출시
294907,모차르트와 살리에리 한 오페라 무대서 만난다
294908,프로농구 KCC 전자랜드에 막판 뒤집기…5차전서 결판
294909,강원교육청 소규모 학교 27교 통폐합 추진
294910,오늘 밤부터 아침 사이 남해안 또 집중호우…추가피해 우려
294911,지원금 상한제 폐지…통신비 인상 가능성에 촉각
294912,사상 최대 CES 혁신과 모호함을 넘나들다
294913,방사선 걱정…손자에게 오라고 못해 주민 복귀안하는 후쿠시마
294914,완전히 회복한 기성용 두 경기 연속 풀타임 출전종합
294915,스마트폰에 신용카드 대면 삑 새 본인 인증 나온다
294916,시리아 다마스쿠스서 대규모 폭발 사상자 다수…테러 추정종합
294917,선장 바뀐 카카오…여민수·조수용 공동 대표 체제로
294918,악수하는 홍영표 원내대표와 김동연 부총리
294919,게시판 한중일 언론간부 세미나
294920,오바마 사드는 순수한 방어 체제…北위협 대응 위한 것
294921,美랜드연구소 北 2020년 핵무기 50100개 보유
294922,前 삼성 투수 아델만 신시내티와 마이너 계약
294923,美 중국과의 남중국해 영유권 분쟁국들에 공개적 대응 주문
294924,박철우 라이트 허수봉의 등장 반갑다…허수봉 더 좋아져야죠
294925,정연주 해임 반대시위에 경찰 투입 과도한 측면 있었다
294926,LG유플러스 U포켓빔 출시
294927,남북통일농구 오늘 혼합경기로 팡파르…김정은 관전 가능성
294928,中매체 항모킬러 둥펑21D 훈련 장면 또 공개…美 견제용
294929,북한 군인 이름 등장하는 문서
294930,설 세일에 부가세 환급까지…유커 씀씀이 커지나
294931,정부 3번째 업무보고
294932,與 강력한 당 대표 체제 개편 가닥…문제는 누가종합
294933,이총리 러시아 동방경제포럼 참석…푸틴 대통령과 면담
294934,인공지능 포커서도 프로 4명에 압승…20억 원 이상 따
294935,MLB 가문의 영광…조부 따라 홈런·부친 따라 사이클링...
294936,SK국제전화 00700 서비스 20주년…3천만명 24억분 이용
294937,미국 마이애미 코리안 아트쇼·서울옥션블루 경매
294938,회계규정 위반한 15개 통신사업자에 10억 과징금
294939,SNS돋보기 한파 물러가고 낮부터 평년기온 회복…모두 파이팅
294940,KT 멀티캠퍼스와 기가지니 SERICEO 서비스 론칭
294941,시진핑 홍콩에 무력개입 대신 준엄한 법 집행 지시종합
294942,첫 스프링캠프 한용덕 감독 꼴찌 후보 평가 속으로는…
294943,코웨이 주당 800원 분기배당 결정
294944,朴대통령 변호인 내주 조사 이뤄지도록 협조…금주 무산종합
294945,바이오경제 활성화 국가 RD에 올해 3조원 투자
294946,아시안게임 오자마자 더블더블 박지수…단일팀 합류 효...
294947,판문점 선언 감격의 눈물
294948,손흥민 맨시티가 무적 그들도 인간일 뿐…두렵지 않다
294949,여자배구 용병 앳킨슨·파스구치 시험 가동…디우프는 개봉박두
294950,朴대통령 김정은 거명 비판…8월의 수치 北인식 공개하기도
294951,농구장에서 새해맞이…31일 밤 11시 LG kt 격돌
294952,친이란 이라크 민병대 美 주둔지·무기고 폭발에 책임
294953,게시판 신협중앙회 아시아 6개국 신협 임직원과 연수회
294954,EU집행위원장 브렉시트 협상시간 촉박…전환기간 연기 필요
294955,수단·UAE 리비아 동부 군벌에 무기지원…유엔제재 위반
294956,동서발전 2·3차 협력사 대출이자 부담 덜어준다
294957,동물 세포 이식해 전기 없이 움직이는 바이오 로봇 개발
294958,배구연맹 27일 이사회서 차기 시즌 V리그 경기 일정 확정
294959,사우디 주미대사에 여성 첫 임명…카슈끄지 사건 만회 시도
294960,기업 호실적 덕에…작년 가계배당금 소득 25조원 사상 최대
294961,미래부 미국과 사이버위협 대응기술 공동개발
294962,코이카 이집트사무소 난민 어린이·고아 위한 문화행사 개최
294963,KT 광주세계수영선수권대회 5G 기술로 완벽 지원
294964,삼성 갤노트9 붐업…보상판매 시작·실버 색상 출시
294965,류현진 11일 오타니와 첫 대결 전망…시즌 10승 도전종합
294966,北 이중적 행태…전방위 위협하면서 테러설은 부인
294967,인터넷진흥원 내년초 윈도7 기술지원 종료…OS 교체 권고
294968,거래소 디지털 광고회사 인크로스 코스닥 상장 승인
294969,질의 듣는 한인섭 한국형사정책연구원 원장
294970,두산SK 선수들이 말하는 이래서 우리가 우승한다
294971,삼성 갤S10 이번엔 SW 베타 업데이트 시 잠금해제 안돼 논란
294972,6.15북측위 민족공동행사 결렬에 우리 정부 비난
294973,터키 에르도안 필요할 경우 리비아 군사 지원 강화할 것
294974,중소기업서 합금제조 실험 중 폭발…회사 간부 사망
294975,사우디 이란 대통령에 메시지 전달했다고 와전
294976,SBS노조 태영에 전면전 가족회사로 SBS 콘텐츠 하청 독점종합
294977,KBO리그 평균 연봉 1억5천만원 돌파…KIA는 평균 2억원
294978,더민주 영입인사 광주·전남 민심 공략 나서
294979,신라스테이 5주년…고객 11명에 11개 지점 무료이용권
294980,에티오피아서 휴대전화 메시지·인터넷 차단돼…국민 분통
294981,최태웅 감독 전광인의 팀 공헌도는 절반 이상
294982,가빈·아가메즈 낙점 유력…산체스도 V리그 유턴 가능성
294983,朴대통령 北 폭압적 공포정치…결코 타협하지 않을 것
294984,이 총리 태권도 품새 남자단체전 시상
294985,보험사들 휴면보험금 3년 평균 14%만 서민금융진흥원 출연
294986,1년 자격정지 김호철 감독 체육회 재심 청구…팬들에...
294987,이탈리아 무허가 난민선 입항 시 최대 6천500만원 벌금
294988,터키 경찰 단식 親쿠르드 정당 당원 7명 체포
294989,루시아도 국가대표 차출…흥국생명 박미희 감독 우린 4명 빠져
294990,북한 장거리 미사일 발사 실패 가능성속보
294991,SK루브리컨츠 하이브리드차에도 적합한 친환경 윤활유 출시
294992,연 30조 항공기 인테리어 시장 한국이 뛰어들어야
294993,경기도 25개 시·군 오존주의보 모두 해제
294994,휴켐스 2분기 영업익 274억원…42.5% 감소
294995,추신수 휴스턴전 3타수 무안타…시즌 타율 0.167
294996,이상백배 한일대학농구대회 18일 인천서 개막
294997,프랑스 스타셰프 한국 총출동…한·불 수교 130주년종합
294998,손흥민 2분 출전 토트넘 첼시 14연승 저지종합
294999,스페인 극우당 당직자 장애인성폭력 혐의로 체포
295000,일본 수출규제·호주 금리인하에 원달러 환율 상승
295001,문정원 5연속 득점 화려한 서브쇼…어릴 때부터 자신 있었다
295002,이청용 동료 자하 맨유·리버풀 팬들이 인종차별 메시지
295003,핀테크 보안점검 지원받으세요…금융위 연말까지 접수
295004,아프리카 보츠와나 총선서 집권당 승리…마시시 대통령 연임
295005,미래부·행자부 정보화책임관 협의회 열어
295006,군사봉기 실패…베네수엘라 혼돈 가중 과이도는 파업 카드
295007,NBA 클리블랜드 연패는 탈출했지만…꼴찌 올랜도에 1점차...
295008,탈레반대표단 러 방문…미국과 대화 계속할 준비 돼 있어종합
295009,자금세탁 의심거래 100만건 육박…가상화폐 늘자 86%↑
295010,오스트리아서 20대 남성 전 여자친구 가족에 총격…5명 사망
295011,게시판 NHN 기술부문 신입사원 공개채용
295012,프로야구전망대 두산 안방에서 정규시즌 우승 샴페인 열까
295013,하늘이 살린 아기…교통사고 사망 엄마에게서 극적 소생
295014,평범한 슈팅은 가라…EPL 흥분시키는 전갈슈팅·태권슈팅
295015,미중 무역협상 계속…中 류허 부총리 워싱턴행
295016,국립중앙박물관 손기정 투구 전시공간 단장
295017,트럼프 파리기후협정 취소…키스톤XL 송유관 건설 허용
295018,프로농구 삼성 kt에 1점 차 승리 거두고 3연승 6강...
295019,북한 지난 19년간 김정일화 축전장 찾은 인파 750여만명
295020,게시판 기업銀 하키협회에 아시안게임 후원금 2억원 전달
295021,휴스턴·양키스 1승 더하면 ALCS 진출…최지만 무안타종합
295022,게시판 교보문고 유명 저자 초청 명강의 빅10 시리즈 진행
295023,두산인프라코어 협동로봇 설치 안전인증 1호 획득
295024,프로야구 넥센 톱타자 이정후 어깨 부상으로 시즌 아웃
295025,통일부 개성공단 북한근로자 출근 안 해…北당국 조치종합
295026,카카오맵 3D 스카이뷰 기능 6개 광역시로 확대
295027,언론중재위 허위 기사 쓴 인터넷 매체에 1천만원 배상 결정
295028,北 백두산 천지에 최근 대리석 난간 새로 설치한듯
295029,알뜰폰 시장 후끈…4만원대 무제한 요금에 가입자 쇄도종합
295030,역사서로 살피는 조선시대 여성과 무인의 위상
295031,주말까지 폭염 절정…일부 올여름 최고기온 기록할 듯
295032,이마트 2월 총매출 1조1천602억원…작년 동기比 2.9% 감소
295033,하나금투 다음주 코스피 2020∼2060선 예상
295034,게시판 투교협 중·고생 대상 금융투자 체험교실
295035,바른전자 반기 재무제표 검토의견 의견거절
295036,美 애틀랜틱시티 부채 갚으려 공항 경매 내놓아
295037,4년 논란 승무·태평무·살풀이춤 9명 보유자 인정 예고
295038,일문일답 이주열 고용부진 완화돼…제조업은 개선 더뎌
295039,스스로 자부심을 높이자…한화 워크숍으로 시즌 마무리
295040,수도권 아파트값 두달째 보합…전세도 잠잠
295041,SKT 7천500억 중소기업 경쟁력 강화 프로그램 운영
295042,특징주 SK증권 새 인수 주체 등장 소식에 강세
295043,차범근·박지성과 어깨 나란히 손흥민 지금부터는 새 역사
295044,홍천강 별빛음악 맥주축제
295045,朴대통령 민심청취 스타트…국정동력 확보 나서나종합
295046,美팩트체크 전문가 검증 보도 덕분에 정치인 거짓말 줄어
295047,KT 스카이십으로 아동 불법노동 감시한다…KT유니세프 협약
295048,코오롱인더스트리 작년 연결 영업이익 28% 감소
295049,주말 N 여행 충청권 지글지글 불판 위 삼겹살에 마늘·양파 더해 한입 꿀꺽
295050,에티오피아 남부서 산사태로 최소 22명 숨져
295051,관악구 강감찬축제 23만6천명 관람…6억8천만원 경제효과
295052,거래소 지와이커머스 주권거래 정지 기간 변경
295053,터키 IS 연루 혐의 외국인 17명 체포
295054,박봉주·최룡해 상무위원 승진 대중 관계개선 포석
295055,톈안먼 탱크맨 포착한 美사진기자 찰리 콜 별세
295056,트럼프 적자 스코틀랜드 골프장에 고급주택 단지 건설
295057,中 상반기 민감 제품군 대북 수출 급증
295058,불이 났어요 자동으로 119에 신고한 자동 화재속보 설비
295059,영상 한일 양측에 매우 실망…미국 일본에도 첫 실망 표명
295060,이라크총리 민생고 시위 100여명 사망 진상조사 지시
295061,이란 의회 혁명수비대 테러조직 지정 美 보복법안 가결
295062,그래픽 부산시장 주요 후보 오거돈·서병수 비교
295063,노벨문학상 뽑는 스웨덴한림원 성추문 파문 종신위원 교체
295064,삼성전자 TV PLUS 신규 서비스로 볼거리 가득
295065,野 KBS사장 위증 공세…노래방 법카 공방 되풀이
295066,액티브X 필요없는 전자서명기술 한자리에…13일 기술설명회
295067,5세트 승부사 김연경 18점…엑자시바시 챔프전 2승 ...
295068,제주 산지 대설·강풍…해상엔 풍랑 여객선 운항 통제
295069,차기 국립현대미술관장 임용서 역량평가 건너뛸 듯
295070,올림픽 北매체 아직 조용…기대 이하 성적 때문
295071,손흥민 긍정의 힘 불어넣는 선수 토트넘 동료들 한목소리
295072,자멸한 모비스…유재학 감독의 연속 4강 진출 기록도 스톱
295073,국정원 北 美·中에 핵실험 사전통보는 안해
295074,아이폰8 국내 1호 개통자 나와…LGU 유심으로 일본서
295075,한국 상륙 서커스 마을…긴장과 아름다움 공존
295076,SKB·KT 파리 통신 콘퍼런스서 차세대 네트워크기술 소개
295077,일본서 열린 대법원 판결을 생각하는 집회에 참석한 변호사
295078,부마민주항쟁 국가기념일 지정 촉구
295079,NBA 유타재즈 LA레이커스 꺾고 PO진출 확정
295080,이란 혁명수비대 걸프해역서 외국 유조선 또 억류
295081,CJ 작년 영업익 1조3천325억원…0.5% 증가
295082,6·13 선거 광역단체장 밤 10시30분께 윤곽…자정이면 승부 갈린다
295083,MWC는 갤럭시S9 독무대…화웨이·LG 플래그십 발표 없어
295084,美뉴햄프셔 경선 샌더스 유권자들 진짜 변화 갈망
295085,김재원 박지원 면담하고 우상호 통화…靑野 채널 가동
295086,보수단체 북한방송과 공동제작 검토한 방통위 국보법 위반
295087,문재인 전 대표 강원 지원…정청래 탈락에 음…
295088,게시판 KT스카이라이프 skyUHD A＋ 출시 기념 이벤트 진행
295089,KT 대전진흥원과 5G 기반 영상데이터 관리기술 개발 추진
295090,프랑스 이란에 핵합의 의무 위반 삼가라
295091,기재위 조세소위서 법안 심사 시작…종부세법 진통 예고
295092,외계인이냐 잡신호냐…95광년 떨어진 별에서 이상신호 포착
295093,갤노트9 128GB 109만원·512GB 135만원…13∼20일 사전예약종합
295094,제62회 신문의 날 기념세미나
295095,은성수 확고한 금융시장 안정 최우선 과제…금융혁신도 가속
295096,뮤지컬도 떼창을…광화문 연가 싱어롱 도입
295097,퇴직연금 설명때 비교대상 수익률 기재…상품제안서 표준화
295098,美텍사스서 보안관 총격 피살…매복저격보다 강도사건에 무게종합
295099,어디서나 지니야…KT 휴대성 높인 기가지니 LTE2 출시
295100,靑 총선사범 기소는 검찰의 판단
295101,실명제후 차명계좌도 과징금 추진…이건희 나머지 계좌 영향권종합
295102,SK텔링크 내달 7일은 국제전화가 공짜…상품권 환불
295103,특징주 OCI 실적 개선 전망에 신고가종합
295104,中 대학들 학생 성폭행 교수 잇단 해임…누리꾼 환영
295105,與 전대 朴心 변수 되나…비박계 주자 반발종합
295106,LG 스마트폰공장 베트남 이전 후 적자 대폭 축소…V50S에 기대
295107,라건아·이종현 동반 더블더블…현대모비스 11연승 질주종합
295108,3·1절 꿀맛 휴일…경기지역 나들이객 북적
295109,증시신상품 유안타증권 조기상환 ELS 등 4종 공모
295110,심재철 원포인트 본회의 날치기 사과·재발방지 약속 먼저
295111,원스토어 앱 유통 수수료 인하…30%→5%까지
295112,김영하 새 소설집…지난 7년간 내 삶도 둘로 나뉘었다
295113,호주 대학생 주택 임대시장서 외국인 상대 갑질 빈번
295114,청년 고용 지원방안 보고하는 김영주 장관
295115,한국 IT 소프트웨어 비중 15% 불과…美 62%·中 58%
295116,아픈 꽃을 보시겠어요…박서원 시전집
295117,영상 올가을 동네 서점의 매력 속으로 빠져볼까
295118,우병우 교체 한 달도 안돼 180도 뒤바뀐 靑·檢 관계
295119,SK CC 로보틱 프로세스 자동화 돕는 챗봇 솔루션 개발
295120,증시신상품 유진투자증권 연 4.7% 수익 추구 ELS 모집
295121,무례 외교 고노 日외무상 교체설 부상…아베 11일 개각
295122,대한민국농구협회 공인 2급 심판 수련생 모집
295123,펜스 美부통령 대만과 단교한 솔로몬제도 총리와 만남 거부
295124,EMK 세번째 창작뮤지컬 엑스칼리버 내년 초연
295125,너무 자주 바뀌는 프로농구 외국인 선수 제도…팬들도 불만
295126,미 중국산에 추가 관세부과…원달러 환율 상승 출발
295127,현대모비스 양동근·이대성 없이 LG 대파…최단기간 23승
295128,베스트셀러 대한민국 부동산 사용 설명서 돌풍
295129,레바논 대통령 시위대와 대화할 준비 돼…개혁이행 약속
295130,朴대통령 지지도 36%로 올 최저치…與도 동반하락갤럽
295131,대형 서점 시장 쟁탈전 속 지역 중소서점 존폐 위기
295132,대전서 한·일 핵융합 연구 협력 회의 개최
295133,베네수엘라 공항에 금괴 20t…러시아行
295134,다저스 커쇼 시뮬레이션 게임 소화…건강해 보였다
295135,갤럭시 팬 모여라…삼성 갤S9 출시기념 팬 파티 진행
295136,LG 메모리 용량 다양화한 G6·G6 32GB 버전 내달 출시
295137,펠로시 탄핵안 상원行 늦추나…공화 압박술로 활용할 듯
295138,방송사 선호도 1위 JTBC·2위 KBS…수치는 소폭 하락
295139,신간 수학의 원리 철학으로 캐다·내손안의 헌법
295140,지역케이블TV 지상파 동시재송신은 저작권 침해
295141,네이버 5G망으로 모바일 4K 화질 생중계 지원 추진
295142,국고채 금리 일제히 올라…10년물 3년반 만에 최고치
295143,게시판 통일교육원 통일동화 점자책 수정 발간
295144,캐나다 총선 자유당 승리…트뤼도 총리 소수 정부로 재집권종합3보
295145,마라도나 호날두 믿기 어려울 정도로 잘하지만 메시
295146,아시안게임 D100 농구 남북 단일팀 희망은
295147,3대 소셜커머스 작년 8천억 적자…존속 가능성 논란
295148,천수만 양식장 현황 듣는 양승조 충남도지사
295149,日·인도 중국 견제 방위협력 강화…군수지원협정 체결 추진
295150,암치료·난치성 질환 등 첨단의료 기술에 575억 투자
295151,사지 않고 구경만 한다고 판매직원이 욕설을…외국인 관광객종합
295152,한국전 함께 전사 미군 쌍둥이 형제…70년만에 나란히 안장
295153,메르켈 이메일 등 獨정치인 수백명 정보 해킹…트위터로 유출종합
295154,서울시향 부지휘자에 홍콩 출신 윌슨 응 선임
295155,캐나다 학교서 총기사건…경찰 2명 사망·다수 부상
295156,면역세포의 배신…뇌종양 성장 돕는 면역세포 발견
295157,北 김일성 띄우기…22주기에 조국통일운동 헌신 선전
295158,獨내각 석탄화력 퇴출지역 지원법 승인…2038년까지 53조 지원
295159,네이버 동영상 시장 유튜브와 경쟁으로 고민 많아
295160,베트남 총리 최근 남중국해의 복잡한 상황 심히 우려…中 겨냥
295161,크리스 세일 7년 연속 200탈삼진 돌파…MLB 역대 5번째
295162,LGU＋ 작년 유무선 매출 증가…영업익 6천323억종합
295163,이란 시아파 벨트 이라크·시리아와 밀착…美제재 돌파구찾기
295164,SNS돋보기 경찰 유명인 미투 사건 수사 검토…진실 밝혀야
295165,금융위원장 자동차 부품업체 현장 간담회 진행
295166,고동진 사장 갤럭시S8 도자기 굽듯 만들었다종합
295167,여자농구 삼성생명 15일 홈경기서 허윤자 은퇴식
295168,중국서 딸 늦게 오자 비행기 이륙 막은 엄마 영상 논란
295169,인삼공사 울산 모비스 꺾고 4강 PO 눈앞…사이먼 원맨쇼
295170,네덜란드 폐업한 北식당에 8천만원 벌금 징수
295171,올해 상반기 인수합병 상장사 47곳…6.0% 감소
295172,구글 5년내 기계와 효과적 대화 가능…사람 수준은 불가
295173,美 LA 한인 서류미비자도 11월부터 운전면허증 신청 가능
295174,젊은 작가 발굴 대산대학문학상 수상자 5명 발표
295175,애플 뮤직에 성인용 콘텐츠 추가…5천만곡으로 확대
295176,배트 던지기 보복한 캔자스시티 투수 5경기 징계
295177,손흥민이 EPL서 가장 저평가된 선수…英언론 호평 일색
295178,방한 외국인 절반은 중국인…관광객 다변화 노력 필요
295179,강백호·박치국 올스타전서 유쾌한 투타겸업 활약
295180,트럼프 G20서 푸틴과 회담…군축협정에 中 포함해야한다 말해종합
295181,넥슨 모바일 RPG 히트 글로벌 버전 7월 7일 출시
295182,레알 마드리드 눈독 이강인 발렌시아와 재계약
295183,넷마블 블소 레볼루션 오늘 출시…리니지2 흥행이을까
295184,미국 페이스북 뉴스 이용자 50% 페이스북으로만 뉴스 본다
295185,송인서적 부도에 출판계 수백억 피해…문체부 지원책 모색종합
295186,北미사일 한발 초기에 폭발…핵기폭장치 실험 거짓 가능성
295187,이라크 바그다드서 반정부 시위대에 발포…1명 사망
295188,오보에 샛별 함경 RCO 나와 핀란드 방송교향악단 갑니다
295189,국방부 정책실장 사드 보고누락 질문 세례에 묵묵부답
295190,국내 스마트폰 최대 앱 기업은 카카오·구글·네이버
295191,삼성바이오 분식회계 대심제 적용…치열한 공방 불가피종합2보
295192,애플 아이폰XS·XR·애플워치4 11월 2일 국내 출시
295193,트럼프 아프간 철군 회의…좋은 회의…가능하면 거래종합
295194,통일부 당국자 北 당 대회 소집공고 곧 할 듯
295195,프린스와 함께했던 밴드 레볼루션 곧 재결합 공연
295196,박양우 장관 기자간담회
295197,바른미래 문 대통령의 개헌 압박 헌법 정신에 위배
295198,존 월터 대령 골든레이호 구조 당시 상황은
295199,4월 남북정상회담 이어 5월 북미정상회담…한반도정세 대반전종합
295200,손흥민 기성용 앞에서 아시아선수 EPL 시즌 최다 9골종합
295201,제임스 이탈한 레이커스 새크라멘토에 1점 차 패배
295202,프로배구 V리그 시상식 4월 1일 개최…정규리그 MVP 관심
295203,도입 한달 KRX300 선방…아직 갈길 멀어
295204,김연경 휴식 여자배구 최약체 케냐 완파하고 2연승
295205,법원 엄마 따라 국적 취득 귀화 아냐…전시근로역 대상 안돼
295206,고영표 5이닝 1실점 호투…kt 삼성에 승리
295207,北 남포항서 김정은 사용 추정 호화 요트 포착
295208,위클리 스마트 애플코리아 올해 한국서 얼마나 벌었을까
295209,6월에만 53개…롯데 KBO리그 월간 최다 홈런 신기록
295210,NBA 디트로이트 드러먼드 퇴장 악재 속 5연승
295211,이란군 시리아 공격 임박 터키 쪽 국경서 긴급 훈련
295212,농협은행 IT부문 디지털전환 추진전략 보고회
295213,냉전시대 美핵실험장 태평양 섬나라…방사능 유출 우려 신음
295214,2020 대한민국 연극제 6월 세종서 열린다
295215,IS 치하 출생 이라크 아동 4만5천명 무적…사회에서 배제
295216,국민의당 자존심 버렸다 교섭단체 3석 확보에 사활
295217,P2P 허위대출·돌려막기 차단…검경 횡령·사기 집중단속종합
295218,한국형 발사체 시험발사 연기…연료탱크 용접 등 문제
295219,맨유 루니 유니폼 교환하려다 거절당해…뻘쭘
295220,베네수엘라 반정부 시위 취재 입국 알자지라 방송 언론인 추방
295221,석유시설 공격받은 사우디 아람코 기업공개 돌연 연기
295222,그림 속에 숨은 인권이야기 불편한 미술관
295223,北 김정일 5주기 맞아 제재 배격·체제 과시 집중
295224,영국 찰스 왕세자 10월 일왕 즉위 의식 참석
295225,기념촬영 마친 각국 정상들
295226,부동산캘린더 쏟아지는 분양물량…전국 2만가구 청약접수
295227,인도 여당 총선 단독과반 303석 확보…선관위 공식 발표
295228,조선 문신 서유구가 꼽은 명당 233곳은 어디일까
295229,경기도 전역 미세먼지 주의보…야외활동 자제종합
295230,평창동계올림픽 기간 올림픽 방 임대 현수막
295231,여야 지도부 현충원에 총집결…애국가 제창종합
295232,거래소 코스닥시장 간접투자 설명회 개최
295233,英 재협상 공세에 EU 합의문 불가·미래관계 가능
295234,러터키 밀착 행보 지속…푸틴에르도안 올들어 세번째 회담
295235,여전히 유튜브 압도적…중장년층 모바일 영상 이용 증가
295236,갤럭시노트8 뉴욕서 공개 D1…철통보안속 준비 한창
295237,소설가 백민석이 카메라에 담아온 쿠바 사람들
295238,구글홈 말고 구글놈…진지하게 웃긴 구글식 만우절 농담
295239,문 대통령 국정지지율 66.8%…전주보다 1.3%p 하락리얼미터
295240,분단 70년만에 남북정상 핫라인 연결…첫 통화 내용 주목
295241,FIFA 北 근로자들 러시아 월드컵 경기장 건설에 투입돼
295242,차세대 감미료 알룰로스 인체 체지방 감소 효과
295243,방송협회 국민 41％ 지상파 중간광고 찬성 28％ 반대
295244,10명안팎 뽑는 NASA 우주인 공채에 1만8천명 지원…역대 최다
295245,장윤호 KBO 사무총장 한국형 야구 산업화에 힘쓰겠다
295246,아베 개헌논의 안 해도 좋은지 선거서 물을 것…개헌 이슈화
295247,청주 CBS 내년 하반기부터 충북 북부권 방송 송출
295248,내달 초 LA 다저스 구장서 한국관광의 밤 행사
295249,라벨라오페라단 창단 10주년 기념작 돈 조반니 17일 개막
295250,북한 김정일 생일 중앙보고대회…우상화 주력
295251,차의과학대 현대그린푸드·현대백화점과 사회공헌협약 체결
295252,KT 대한민국을 외쳐라 당신도 5G 국가대표 이벤트 진행
295253,갤럭시노트7 사태에 경제 휘청…생산·소비 동반 감소
295254,3당체제 20대국회 現 18개 상임위체제 손볼까
295255,아베푸틴 오늘부터 정상회의…영토반환·경제협력 빅딜 나오나
295256,NBA 마이애미 휴스턴 연승행진에 제동
295257,구마모토 지진 고베 대지진급 진동에도 사망자는 700분의 1
295258,지팡이 짚은 거장 지휘봉 드니 소리는 휘황찬란
295259,안철수 대통령 일방독주 아닌 진정한 협치로 난제풀어야
295260,737맥스 후폭풍 보잉 세계 1위 타이틀 에어버스에 내줄듯
295261,샤오미 인도 시장 6분기 연속 1위…삼성 갤럭시M으로 추격
295262,여야3당원내수석 특검법 합의
295263,美대사대리 단호한 비핵화 입장 불변…정의용 방미 기대
295264,황희찬 허벅지 부상으로 결장…벤투호 합류 불투명종합
295265,프로농구 KCC 오리온 꺾고 공동 6위 도약
295266,황우석 인간복제줄기세포 미국 특허 등록
295267,위클리 스마트 지원금 상한 없어지면 스마트폰 싸질까
295268,블록체인과 핀테크
295269,경영난 싸이월드 홈페이지 불통…20년 만에 역사 속으로
295270,구글 3세대 크롬캐스트 출시…신세계아이앤씨 단독 판매종합
295271,청주시 내년 국비 목표액 1조1천921억원…올해보다 5%↑
295272,롯데쇼핑 3분기 영업이익 876억원…작년 동기 대비 56%↓
295273,꼭 안고 익사한 아빠와 아기…멕시코 국경비극 담은 사진 충격
295274,힘 조절이 어려운 KBO 상벌위…양형기준 마련 시급
295275,부산 하반기 부동산시장 부정적 전망 우세
295276,2016년 새해 첫날 부산 해맞이 인파 35만명
295277,DB 두경민 버튼 이런 외국인 선수는 처음이야
295278,서해 기상 악화…인천∼백령 등 3개 항로 통제
295279,새누리 이번엔 예비후보 사전여론조사 결과 유출 논란
295280,野 朴대통령 소통·협력 의지 다행…구조조정·남북관계 실망종합
295281,임종석 DMZ방문 논란에 장관 대동 표현 적절한 설명 아냐종합
295282,홍영표 탄력근로제 단위기간 6개월로 확대 검토
295283,김명준 원장 ETRI 인공지능 종합연구소로 거듭나겠다
295284,피닉스 NBA 신인 드래프트 1순위로 키 213㎝ 에이턴 지명
295285,78년 전통 맹해차장 보이차를 즐겨보세요
295286,눈물 참는 안철수
295287,정비사업 지지부진 7곳에 뉴스테이 1만가구 공급
295288,납품업자 TV홈쇼핑으로부터 사전제작 영상물 사용료 받는다
295289,서울옥션 제152회 경매 개최
295290,일요일 마라톤·차 없는 거리 행사…서울 도심 교통 통제
295291,바둑 정복 알파고 이제 의료·과학 분야 무한도전 나선다
295292,우루과이서 잡힌 이탈리아 마피아 두목 한밤중 탈옥
295293,정규성 회장의 개회사
295294,국립과학관 58일 연휴 맞아 가족 프로그램 준비
295295,창구서 꽉 막힌 대출 언제 열리나…최소 이틀은 소요될 듯
295296,재즈 명가 美블루노트 레이블 설립 80주년 기념공연
295297,남북정상회담 메인프레스센터 방문한 도종환 장관
295298,전북시민단체들 상산고 자사고 유지결정은 교육개혁 포기선언
295299,애플 소프트뱅크 비전 펀드에 10억 달러 출자
295300,평통사 방위비 협상 규탄한다
295301,손학규 총선 지원 안나서기로…정계은퇴 약속 지키는 것
295302,프로농구 D리그 29일 시작…현대모비스DB 개막전 맞대결
295303,이만수 감독과 함께하는 한국·라오스 야구대회 출전팀 모집
295304,린드블럼 7이닝 2실점 두산 한화에 위닝시리즈
295305,택시앱 카카오가 압도…배달은 배민 요기요 경합
295306,신성한 힌두사원에 웬 여성…종교 젠더 갈등으로 끓는 인도
295307,과르디올라 바르사나 뮌헨이었다면 난 잘렸을 것
295308,영국 해리 왕자 끊임없이 사생활 침해받는다
295309,당내 지도자 불과한 시진핑 독재 회귀 힘들어
295310,방송통신위원회 방송대상 시상식
295311,금융위원장 해외금리 연계 DLF 판매 제도개선안 내달 발표
295312,美민주 전대 힐러리 전대효과 톡톡…개최지 지지율 9%p 우위전국지지율도↑
295313,사람이 아무리 많아도 산천어는 잡힌다
295314,에버턴 맨유 미드필더 슈네데를랭 영입 공식발표
295315,해외서도 내 요금제 그대로…SKT T괌·사이판패스 출시
295316,커피·빵과 함께 즐거운 공연을…부산 라라라페스티벌 개막
295317,개포2단지 분양 앞두고 개포지구 재건축 불붙어
295318,北당대회 김정은 개회사 전문
295319,미 민주당 다크호스 오루어크 대선 레이스 합류
295320,세븐스타웍스 씽크브릿지 지분 100% 취득
295321,모바일 상품권 기프티쇼 포인트 블록체인으로 관리한다
295322,대북확성기 방송·한파에 꽁꽁 얼음축제는 북적
295323,팝스타 출신 우간다 정치인 와인 2021년 대선출마 선언
295324,朴대통령 사드배치와 관련한 불필요한 논쟁 멈춰야
295325,나경원 아들 원정출산·이중국적 아니다종합
295326,PC로 전화·문자한다…SK텔레콤 콜싱크 서비스 출시
295327,스마트폰 배터리 최대 45% 절감 기술 KT 전국망에 첫 적용종합
295328,댓글 이어 MB국정원 블랙리스트까지…檢 수사팀 확대 검토종합
295329,미쓰비시머티리얼 중국인 강제노동 사죄금 日정부에 사전보고
295330,휴비츠 3분기 연결 영업이익 21억원…10% 감소
295331,미·중 물밑 협상 기대감…원달러 환율 하락 출발
295332,스페인 좌파 총선 이틀만에 연립정부 구성 전격 합의종합
295333,돌아온 경매 시즌…서울옥션·케이옥션 잇따라 경매종합
295334,서영교 집배원 업무환경·안전 보장 법안 발의
295335,여자배구대표팀 아시아선수권 예선서 이란 싱가포르와 한조
295336,러시아 핵추진 잠수정 화재원인 국산화 배터리 오작동일 수도
295337,커리 44점 NBA 골든스테이트 LA 클리퍼스 제압
295338,광주·전남 4∼6월 강수량 평년대비 44%
295339,출마금지 조슈아웡 홍콩 자유선거 원하면 투표해라
295340,LGU U골프 6월 한달간 SKT·KT 고객에도 오픈
295341,정부 민간 대북전단 표현의 자유와 주민안전 고려해 판단
295342,네이버 AI 키보드 앱 스마트보드 정식 출시
295343,소자 2골 브라질 호주와 친선전서 40 대승
295344,英 존슨 총선 원하지 않아…브렉시트 연기 없을 것종합
295345,삼성 갤럭시S8·S9 출고가 해외 내리는데 국내 요지부동
295346,유영민 과기 기존약정자 25% 약정할인 현실적으로 어렵다
295347,日 통일지방선거 투표 시작
295348,평화의 기적 평창에 깃들다 평창올림픽 소방활동백서 발간
295349,한글 애니부터 한글무늬 문구까지…아이디어 국제공모전
295350,방심위 텀블러 음란물 자율규제 강화 약속
295351,10년 후 한국의 가장 중요한 이슈는…저출산·초고령화
295352,필리핀 경찰청장 유권자 표 매수 제보 너무 많아…답장에 이틀
295353,동정 이효성 방통위원장 영국과 방송통신 협력 논의
295354,軍 흡연율 해병대 48%로 최고…공군은 26%에 그쳐
295355,日아소 저출산 고령화 아이 안 낳는 쪽이 문제
295356,신간 어쨌거나 핑퐁
295357,北 고위급회담 대표단 명단 통보…철도성 부상 포함
295358,중국인 통 큰 씀씀이 호주 관광산업 먹여 살린다
295359,5경기 연속 두 자릿수 득점 허일영 지금이 3라운드라면…
295360,영·불·독 이란 핵합의 지켜져야…대화 나서라
295361,GS칼텍스 강소휘 새끼손가락 부상 경미…정상 출전
295362,방글라 수도권 폰 좀비 10년간 535명 열차사고로 사망
295363,삼성중공업 2분기 영업손실 1천5억원…적자전환
295364,양석환·임찬규 등 억대 진입…LG 2018 연봉협상 완료
295365,냉동트럭서 숨막히자 똑똑…독일서 비극 재현될 뻔
295366,전국구 류현진 7이닝 2실점 비자책…10승 또 불발
295367,KBS 주관 세계공영방송총회 내일 개막
295368,권석창 수차례 선거법 위반 논란…경찰 3∼4건 집중 수사
295369,간절함이 만든 승리 기업은행 선두 GS칼텍스 꺾고 5...
295370,잇단 경찰 흑인사살 논란에 흑인 과격단체 1년새 60% 증가
295371,게시판 화웨이 미디어패드 T3 10 11번가 단독 출시
295372,과학 사회 문제 해결 위해 인문·예술과 손잡다
295373,얼굴인식 보안기술 멸종위기 동물 보존에 쓴다
295374,K리그1 초반 돌풍 경남 작년 대비 관중 증가 1위
295375,중태 빠졌던 케플러 우주망원경 안정상태 회복
295376,LG전자 스켈레톤 황제 윤성빈 선수 등에 격려금 3억원
295377,서울옥션국외문화재재단 문화재 환수 위해 손잡았다
295378,이랜드리테일 전국서 대규모 쇼핑제 개최
295379,양회 끝낸 중국지도부 동남아 우군 포섭 외교전
295380,전설 이승엽 발자취 더듬는 박병호…홈런 따라가고 싶다
295381,제주로 물밀듯 오던 유커 증가세 둔화 원인 무엇
295382,분식회계 증거인멸 삼성전자 임원 2명 영장…윗선수사 속도종합
295383,평양정상회담 SPC그룹 취재진·자원봉사자 등에 간식 제공
295384,아마존에 러브콜 뉴욕시장 이젠 기업권력 남용 맹비난
295385,내일 4·13 총선 재외투표 시작…또 투표율 저조하려나
295386,일간 이슬아의 이슬아 작가 라디오 DJ 된다
295387,문대통령5黨원내대표 민생·규제혁신 법안 조속처리 합의속보
295388,KISDI 포털 시장 경계선 긋기 어렵다…서비스 다변화
295389,시진핑 동유럽 등 3개국 순방…남중국해 홍보전 예고
295390,美실업수당 청구 1만건 감소…49년만의 최저치
295391,탄소자원화 인공광합성 촉매 개발…수돗물에서 안정적 작용
295392,르포 차이잉원 10만 대만 군중 앞에서 오늘의 홍콩 봐라
295393,그래픽 모바일 온리족 53%가 중장년층
295394,보험사들 보험금 지급력비율 1분기말 249.9%로 하락
295395,예술감독 손열음 불러주는 무대만 설 수 없어
295396,대북제재 완화 공론화 문대통령…안보리 5강 佛·英 집중 공략
295397,김영철 콘진원 부원장 환영사
295398,전 세계 모바일 앱 다운로드 2분기 250억건…15% 늘어
295399,교도 日정부 한미정상 독대 짧았다 韓언론 보도에 환영
295400,윤상직 산불 빠진 재난방송시스템 강원도 산불에 먹통
295401,KEIT·석탄공사 부패방지 최우수기관 선정
295402,중미 6개국과 FTA 협상 가속…50억불 시장 잡는다
295403,SK 힐만 감독 후임은 염경엽 현 단장…3시즌 만에 사령탑 복귀
295404,모잠비크에 또 몰아친 사이클론…케네스 사망자 38명으로 늘어
295405,선거구 미획정은 위법 예비후보들 행정소송 제기
295406,아르헨 독재희생자 가족 만난 문대통령 정말 가슴이 아프다종합
295407,한국 사계절 담는다…관광공사 홍보영상 제작
295408,2보 文대통령여야 5당대표 日 부당한 경제보복…즉시 철회
295409,문체부 사드 피해 관광업계에 관광기금 500억 원 지원
295410,수원전 멀티골 전북 로페즈 K리그1 17라운드 MVP
295411,넥슨·넷마블 등 ICT기업에 인터넷은행 대주주 허용 추진
295412,김정은 위원장 남북통일농구 혼합경기 관람할까
295413,학원 승합차버스 등 3대 추돌…4세 어린이 등 2명 부상
295414,산천어축제 창작썰매 경주 진짜 이기고 싶다
295415,콘테를 잡아라…첼시 팀 역대 감독 최고 연봉 쏜다
295416,서민형 안심전환대출 선착순 신청 아냐…12∼15시 피해야
295417,스크린으로 즐기는 英 명품 연극 3편
295418,유영준 NC 감독대행 베렛 지금 안 쓸 수 없는 상황
295419,SKT 5G 상용망 구축 현황 공개
295420,경영난에 임대료도 못내는 부산북항 컨부두…800억원대 체납
295421,금융권 인사태풍 부나…연말연초 CEO 임기 만료 줄이어
295422,거래소 우리이앤엘 불성실공시법인 지정
295423,SK브로드밴드 B tv UHD 가입자 100만 돌파
295424,그래픽 아시안게임 한국 축구 조2위로 16강 진출
295425,하나금투 삼성전기 1분기 실적 부진…목표주가↓
295426,필리핀 두테르테 미국도 남중국해서 중국 제지 겁내
295427,달화성금성 내일 저녁 앞으로 나란히… 휴대폰 촬영 가능
295428,영상 JTBC 기자들 손석희 하차 반대…거센 반발
295429,올해 마지막 고위 당정청회의…내년 경제 낙관 불허하는 상황
295430,꽃 피는 봄 관광 열차 타고 대한민국을 누벼라
295431,KIST 단백질 기능 조절기술 개발…세포 연구에 활용 기대
295432,사회책임투자 착한 투자 아닌 돈 버는 투자종합
295433,김해신공항 타당성 검증 보고서 전달하는 오거돈
295434,인재영입발표 인사말하는 안철수
295435,특검팀 전례없는 靑 내부 압수수색 놓고 법리검토
295436,靑 멕시코 1대1 비즈니스 상담회 8천600만弗 성과
295437,서울시민 남북노동자통일축구 응원행사…판문점선언 이행
295438,한국 최초 달 탐사 사업에 3년간 2천억원 투입
295439,KBO 퓨처스리그 종료…경찰야구단 북부리그 8년 연속 우승
295440,대전·충남 한파주의보 닷새 만에 해제…평년기온 회복
295441,묵념하는 문 대통령과 해외지역 한인사회 지도자들
295442,남북한 현재 공식 연락수단은 핸드마이크
295443,두테르테 캐나다에 쓰레기 회수 안 하면 해변에 퍼부을 것
295444,국회 정무위 국민의당 불참
295445,현대캐피탈 토종 용병 전광인 문성민을 잇는 새로운 리더
295446,日정부 이란이 유조선 공격 못믿어…美에 증거 요구
295447,주간시황 美 금리인상 불안 여파에 흘러내린 코스피
295448,2018 ICT 결산 ③플랫폼 업계 위기 넘으면 또 다른 위기끝
295449,SK텔레콤 SK컴즈 완전자회사로 편입…플랫폼 강화 차원
295450,이낙연 국민행복기금 채권추심기관 변질…근본 재검토
295451,초가공식품 심장병ㆍ조기 사망 위험 높일 수 있어
295452,갤노트9 출격에도 삼성 스마트폰 실적 주춤…숨고르기 전망
295453,올림픽 문 대통령 일곱번 부상 딛고 쇼트트랙 金 임효준 깊은 감동
295454,뇌관 둔채 어정쩡한 봉합…국감장 옮겨 2라운드 충돌 예고
295455,쌍용차 경기 남양주에 정비사업소 개소
295456,북한날씨 대체로 맑음…함경도 동해안은 눈 약간
295457,트럼프 납세회피 논란 NYT 특종문건 제보자는…쓴 기자도 몰라
295458,英 의원 70여명 어산지 스웨덴서 성폭행혐의 수사 받아야
295459,日 수입대체 가능할까…기업 64% 부분가능·19% 완전가능
295460,佛발명가 비행보드로 영국해협 횡단 도전…성공 가능성 30%
295461,아시안게임 코트 위의 작은 통일…여자농구 코리아 감...
295462,애플 주가 이틀 새 6% 급락…가치에 대한 우려
295463,국민의당 당무위 진통
295464,삼성 갤S9·LG V30S 예약판매 개시…전작엔 약간 못미쳐종합
295465,도봉구보다 적은 나라 아이슬란드는 어떻게 월드컵에 진출했나
295466,中스웨덴 스웨덴 출판업자 中 구금 놓고 갈등
295467,카카오 AI 전문 인력 상시 채용…11개 대학서 설명회
295468,STX조선 채권단 지원액 4천억원으로 축소
295469,신태용호 손흥민·구자철·기성용 활약에 월드컵 기대
295470,WNBA 박지수 6리바운드 3도움…라스베이거스는 연승 실패
295471,광주세계수영 5·18민주광장서 전야제…열기 고조
295472,kt SK 4연패 빠뜨리고 4연승…헤인즈 빛바랜 트리플 더블
295473,브라질 호세프 결코 사임 안해…근거없는 탄핵은 쿠데타
295474,한아세안 브루나이 정상 행사에 끼어든 시위대 음악소리…靑 국익 해쳐
295475,영상 비싼 아이폰XS 수리비도 역대급
295476,프로배구 FA 협상 10일째 남자부 계약 발표 0건 이유는
295477,추위야 가라 인간 북극곰 4천500명 해운대 바다 풍덩종합
295478,獨 브렉시트 추가 연기 英·EU 의지에 달려
295479,영국 프로듀서 무라 마사 12월 내한공연
295480,제20회 양성평등 미디어상 시상식
295481,해체 위기 전경련 신입사원 채용 절차 중단
295482,침팬지보다 팩트에 무지한 인간…우린 왜 사실을 외면할까
295483,듀얼 스크린의 게임 패드
295484,CJ제일제당 대리점 계약갱신 요청권 4년→10년 확대
295485,정진석 국민 욕보이는 공직자에 중징계 내려야
295486,여자농구 용인 경기 체육관 정전에 5분 지연…중계 취소
295487,81세 부테플리카 알제리 대통령 대선 출마 선언
295488,고대영 사장 해임 기뻐하는 KBS 새노조
295489,김연아 출연 SKT 평창 응원캠페인 논란…조직위 중단요구
295490,퇴행성 뇌질환 헌팅턴씨병 치료제 실마리 찾았다
295491,시진핑·모디 사원·휴양지서 이틀 밀착회담…무역·테러 논의종합
295492,기밀 보호 러 군인 스마트폰 금지법 통과…언론접촉도 불허
295493,삼성 갤럭시 S8·S8플러스 MWC 상하이서 최고 스마트폰 상
295494,EU 英 승인투표 부결에 유감…4월12일 노 딜 발생할듯
295495,LGU·카카오 모빌리티 U카카오내비 출시
295496,그래픽 지상파 3사의 저작권 시정요구 현황
295497,아시안게임 캡틴 손흥민 금메달은 국민의 것…눈물도...
295498,트럼프 핵심측근 세금기록 유출자 현직 또는 전직 직원일수도
295499,최고 산업기술에 삼성전자 10나노급 D램 기술·현대차 넥쏘
295500,한국 남자배구 세계 3위 폴란드에 03 완패
295501,수원지법 기자단 초청 오픈코트 행사
295502,英 내무장관 IS 신부 입국 허용치 않을 것
295503,주간 화제의 뉴스 박근혜 대통령 탄핵안 가결
295504,EPL 리버풀 유럽챔피언스리그 본선 합류
295505,포시즌스 장기 숙박 패키지 프라이빗 리트릿 론칭
295506,다저스 로버츠 감독 올해는 플래툰 안할 거야
295507,개혁의지 있나 vs 폭거…정개특위 선거제 개혁안 이관 공방
295508,러시아 월드컵 또 하나의 승자는 구글 번역기
295509,심재철 한은 물가상승률 예측 최근 3년새 오차 2.5배 커져
295510,증시신상품 키움증권 연 7.6% 수익추구 ELS 공모
295511,美 소매판매 넉달째 증가…6월 0.4%↑
295512,문 대통령 슈타인마이어 독일 대통령과 내외와 함께
295513,올림픽 북 응원단 점심하러 가요
295514,쌍용건설 싱가포르서 3천500억 지하철 공사 수주
295515,LG전자 G7 씽큐 안드로이드 파이 체험단 모집
295516,안상수 비대위원장 경륜 있어야…진보인사 고려대상 아냐
295517,라라랜드와 함께한 충무로뮤지컬영화제
295518,전력손실 없는 고온 초전도체 원리 풀어
295519,비선실세 최순실 특검 출석…질문에 묵묵부답종합
295520,특징주 네이버 또 52주 신고가 경신
295521,헝가리 총리 터키가 유럽에 난민 보내면 무력 사용
295522,메르켈 2050년까지 탄소중립성 달성 방안 논의 중
295523,벤투호 호주로 출국…호주·우즈베크와 아시안컵 리허설
295524,8홈런 옐리치·타율 0.478 갤로 MLB 이주의 선수
295525,日 올 1분기 실질 GDP 0.5% 성장종합
295526,제2차 반부패정책협의회 주재하는 문 대통령
295527,한국GM 실사 진통…정부 철저히 투명하게 vs GM 기한 단축
295528,與 신공항 후폭풍 차단 진력…내부 단속에 여론전 강화
295529,과속 단속하다 출산 도우미로 변신한 미국 경찰
295530,폼페이오 獨 이란 마한항공 취항금지 결정 환영
295531,집안싸움은 잠시 접고…새누리 모처럼 對野 단일대오
295532,與 北인권 방치 공세에 野 南인권이 위태 반격
295533,이라크 반정부 시위 석달간 490명 사망·56명 실종
295534,수요낭독공감 올해 마지막 행사 5일 개최
295535,길어지는 경기 침체…공장도 에너지 덜 썼다
295536,한국 여자배구 AVC컵서 태국에 완패
295537,해변·물놀이 휴가에 방수 책 들고 가세요
295538,잠 못 드는 밤 대전충남 일부 이틀째 열대야
295539,평양정상회담 역사적 평양 도착 환영받는 문 대통령 내외
295540,음식도 한류…원아시아페스티벌에 스타 셰프 총출동
295541,이집트에서 발견된 3천년 전 목관들
295542,시리아 쿠르드군 IS 가담자 300명 석방…부족 요청 수용
295543,87년 개헌후 대통령 국회연설 19번째…특별연설은 6번째
295544,국제유가 달러화 강세에 하락…WTI 0.3%↓
295545,탄자니아서 유조차 폭발로 최소 57명 사망·65명 부상
295546,프랑스 국가컬렉션 보물로 꼽히는 작품 선보여 기뻐
295547,카카오 모바일 게임 이제 PC에서도…연내 앱플레이어 도입
295548,주말 N 여행 제주권 성인 된 20돌 들불축제…오름 불놓기·불꽃놀이 향연
295549,프로야구전망대 마지막 주 관전포인트 5위 싸움·두산 ...
295550,한국여기자협회 2019년 해외연수자 선정
295551,프로야구 한국시리즈 4차전 우천순연…KS 8번째
295552,북측 황강댐 방류 어떻게 확인하나
295553,남북연락사무소장 2차 회의…평양공동선언 이행 협의
295554,9월 평양공동선언 한반도 핵무기·핵위협 없는 평화터전2보
295555,전북 홍정호 사랑의열매 1억원 기부 아너 소사이어티 가입
295556,MB 법정으로
295557,美민주당 트럼프 국가비상사태 저지 결의안 제출키로종합
295558,아시안게임 대표팀에 승선하지 못했던 KBL유망주들의 위...
295559,러 키프로스 연안 가스시추 터키에 대한 EU 제재 반대
295560,英 정부 10월 14일까지 의회 정회 여왕에 요청…야 반발종합
295561,비에이치아이 100억원 규모 설비 공급계약
295562,곰 사냥꾼 SK 우완 산체스 두산전 7이닝 1실점
295563,NC 유영준 왕웨이중 아직 조심스러워…투구 수 80개 이내
295564,구관이 명관…삼성 0%점유율 벗자며 중국시장에 갤S8 재출격
295565,메르켈 뉴질랜드 테러 희생자 애도…관용사회에 대한 공격
295566,다저스 힐 7이닝 3실점결승타 투타 원맨쇼
295567,홍영표 2차 북미회담 결과 발표되는대로 초당적 논의 시작
295568,자전거타고 북극넘은 난민들 노르웨이서 쫓겨날 위기
295569,챔프전까지 1승 DB 이상범 감독 수비의 투혼이 열쇠
295570,이슬람권 美 이스라엘 편향 규탄…아랍권은 이란에 공세종합
295571,일자리 정책구상 발표하는 김경수 경남도지사
295572,檢 朴대통령재벌 총수 비공개 면담 경위 수사종합
295573,이것이 경상회계장부
295574,영상 한국문학의 산증인 김윤식 교수 별세…애도물결
295575,북·중 접경 中 선양서 임정 수립 100주년 기념식
295576,프랑스 법원 라가르드 IMF 총재 장관 재임시 과실 혐의 유죄
295577,서울∼강릉 KTX 개통…연말연시 황금노선으로 인기몰이
295578,페이스북 SKB·LGU와도 망 사용계약 맺을까
295579,신간 유럽민중사·세계의 이면에 눈뜨는 지식들
295580,여자농구 박혜진 정규리그 MVP 4번째 수상…역대 2위 기록
295581,우원식 국민투표법 오늘 시한…한국당 개헌밥상 뒤엎어
295582,현대캐피탈 KB손해보험 완파하고 파죽의 7연승종합
295583,브렉시트 수렁에 빠진 英정부 조기총선 놓고도 갑론을박
295584,삶의 냉혹함 앞에서…제임스 설터 아메리칸 급행열차
295585,구글코리아 온라인 무료 코딩수업 코딩 야학 프로젝트 실시
295586,꿈의 신소재 그래핀으로 웨어러블기기 전지용 전극개발
295587,30개사 주식 7월 의무보호예수 해제…전년비 240% 증가
295588,손흥민 호날두 이번엔 제대로 붙어주마…2일 UCL 출격
295589,벨기에 법원 브뤼셀테러 주범 아브리니 프랑스 인도 승인
295590,기자회견하는 범SBS 비상대책위원회
295591,KT 더욱 작아지고 간결해진 AI TV 기가지니2 출시
295592,임종석 비서실장 생각 중
295593,뜨거운 힐링 준비되셨나요…대한민국 온천대축제 개막
295594,엔알케이 10억원 규모 일반공모 유상증자
295595,김종민 이웃 계속 위협하면 임차계약 해지…법안 발의
295596,기초과학연구원 방문한 최기영 장관
295597,AT마드리드 토레스 경기 중 충돌해 의식 잃어…병원서 회복 중
295598,유키 구라모토 신보 회상 Ⅱ 발매
295599,포켓몬고 데이터는 얼마나 잡아먹나…시간당 최대 20MB
295600,KT 음성통화에도 배터리 절감 기술 전국망 적용
295601,춘천 시내버스 1년 만에 회생절차 마무리…정상화 궤도
295602,제라드 6살 딸에게 210만원 아이패드 생일선물…팬들은 비난
295603,LG전자 외장스피커 탑재한 톤플러스 스튜디오 출시
295604,신간 사랑하는 개·쌍둥이 할아버지의 노래
295605,국정원 특활비 항소심 선고 출석하는 정호성
295606,나치 블랙리스트에 오른 퇴폐미술가 그들은 누구였을까
295607,국회 입법조사처장·예산정책처장 사직서 수리키로…대행체제종합
295608,기업 치면 맥락 맞춰 정보 노출…네이버 모바일 검색 개편
295609,SKT·LGU 27일부터 재난문자 못 받는 2G폰 무료 교체종합
295610,핑크퐁 IPTV 채널 진출 3주 만에 유료 가입자 1만명 기록
295611,아시안게임 라건아 합류효과 상상 이상…기대되는 다음 경기
295612,安 보수·진보만의 대통령 아닌 국민 모두의 대통령 되겠다
295613,신혼부부 전세임대 지원 대상 결혼 10년 이내로 확대
295614,해외서 동행끼리 데이터 나눠쓰세요 KT 로밍 요금제 출시
295615,데얀 멀티골 수원 ACL 8강 1차전서 전북에 30 완승
295616,하나금투 대상 1분기 호실적…주가 우상향 예상
295617,러北 모스크바서 외무차관 회담…김정은 방러 논의 주목종합
295618,삼성자산운용 물적 분할로 자회사 2개 세운다
295619,총리실 직원 110여명 단체 헌혈
295620,민주콩고 동부 최대 도시서 에볼라 환자…WHO 확산 우려종합
295621,독일서 경매에 나온 히틀러 풍경화 5점 줄줄이 유찰
295622,박주선 북미대화가 빠른 방법 유승민 북핵제거 원칙 지켜야종합
295623,위안부 피해 할머니 목소리 담은 음악극 점순
295624,한국 인터넷 속도 세계 1위…12분기 연속
295625,아베 中왕치산 19분 대화…내일 이낙연 총리 면담
295626,러 중앙은행 기준금리 연 7.75% 유지…지난달 이어 두번째 동결
295627,사진출판 전문 눈빛출판사 30주년 맞아
295628,폼페이오 브렉시트 세계 경제에 위험 요인
295629,KT 중소협력사와 5G RF 중계기 개발
295630,김정훈 혁신도시 이전 기관 임직원 2명 중 1명만 가족동반
295631,대북제재 소식 퍼지면서 北 장마당 물가 급등 RFA종합
295632,주말 N 여행 제주권 꽃은 봄 가을에만 피는 게 아니다
295633,주말 N 여행 강원권 더 가까워진 푸른바다에 풍덩
295634,한화 이글스 단일리그 기준으로 26년 만에 전반기 2위
295635,46일 만의 본회의 마치고 나오는 추미애
295636,중국원양자원 자회사 원양어선 6척 구매 계획
295637,이스라엘 총선 출구조사서 집권 리쿠드당야 중도연합 박빙종합
295638,日 연금펀드에 주식 직접 투자 허용 추진 WSJ
295639,보조기기에 머무는 스마트워치 성장세 급격히 둔화
295640,이청용 부상…홍콩투어 빠지고 영국서 치료
295641,울주세계산악영화제 수상작 관심…총상금 5천만원 최고
295642,LG전자 휴대폰사업 손실 확대…3분기 2천억원대 적자 예상
295643,북송요구 김련희 北예술단에 평양시민 김련희다 외쳐
295644,마리 국립현대미술관장 연임 의사 있다…프로젝트 이어가고파
295645,靑 님행진곡 공세에 불편…협치틀 깰라 직접대응은 자제
295646,이상민·이수빈 미국 잭슨발레콩쿠르서 남녀부문 2위
295647,대투수가 탄생했던 그 경기…김광현 벌써 5번째 KS 4차...
295648,청주 이틀째 열대야…충북 당분간 찜통더위
295649,하루 2홈런 박병호 그동안 도움 못 돼 속상했다종합
295650,일본 달 표면 착륙조사 추진…2019년도에 탐사기 발사
295651,유럽 이란과 합법적 거래 위한 특수목적법인 곧 출범할 것
295652,공항철도 하루 최대 이용객 기록 경신…32만명 돌파
295653,다음 시즌 R.마드리드 사령탑 교체 가능성…뢰브 등 물망
295654,MBC충북 특집 다큐 공부의 씨앗 20일 방영
295655,2018 한국추리문학상 황금펜상에 정가일 소나기
295656,우상호 우병우 운영위 국감 불출석한다면 책임 묻겠다
295657,아이팩토리 상장폐지 이의신청서 제출
295658,KT 신기술로 갤S9 배터리 사용시간 최대 55% 늘려
295659,KT 29일 소프트웨어 개발자 콘퍼런스 개최
295660,한진해운 선원 절반 이상 회사 파산 때까지 남겠다
295661,신간 100년의 헌법·도산 안창호 평전·일터의 품격
295662,이란 대통령 오바마와 15분 통화가 협상열차의 힘찬 기관차종합
295663,버닝썬·정준영·장자연…시사프로들도 연예계 주목
295664,내 축구철학은 승리하는 것…박항서 다큐 14일 베트남...
295665,부산서 16년 만에 남자농구 A매치…29일 월드컵 지역예선
295666,서소문 대법원을 기억하시나요…대법 옛 청사 사진전
295667,KB손보 배구단 유소년배구클럽 2기 수료식
295668,터키 외무 네타냐후 서안 합병 공약에 인종주의자 비판
295669,발리에서도 국내요금 통화 KT 인니에 로밍온 적용
295670,아이폰8 잇단 스웰링 현상…배터리 게이트로 비화할까
295671,美주식도 안전자산 아냐…북미펀드 1주일 수익 2.33%
295672,靑 민주노총과 비공개간담회…문대통령도 만남 가능성 열어둬
295673,리커창 크로아티아 도착…중·동유럽에 일대일로 러브콜
295674,자존심 회복한 김현수·황재균…복귀 벼르는 박병호
295675,교황 한반도 대화 긍정적…화해위한 영속적 해결책 도출되길종합2보
295676,사람과 사회변화 이끄는 독서…동아리 400개·사람책 지원
295677,솔릭 강풍 초속 62ｍ 기록…기상청 들어보지도 못한 수준
295678,프로배구 V리그 올스타전 팬투표 7일 시작
295679,시진핑 파나마 페이퍼스 스캔들에도 건재할 것
295680,경주 39.4도 올해 가장 무덥다…무인관측 경산 하양 40.3도종합
295681,우리은행 LH와 집주인 임대주택자금 대출 출시
295682,美 北 무수단 추정 미사일 오전 7시 발사…실패
295683,지카 감염 임신 쥐 태아 피해 심각…소두증은 빙산의 일각
295684,이대은·이학주 등 복귀파 득세…10일 드래프트는 두번째 기회
295685,특별자산펀드 순자산 60조원 돌파 눈앞에
295686,바이두 위상 흔들…中 터우탸오 5년만에 기업가치 12조원
295687,日 61세 루게릭병 환자 첫 국회 진출…지금부터가 승부종합
295688,과학계 2021년도 수능개편안 이공계 기반 위협할 것종합
295689,그래픽 전국 주택경기실사지수HBSI 전망
295690,복사근 부상 아가메즈 16일 PO 1차전 출격…90...
295691,日 내달 1일부터 소비세 8→10% 올린다
295692,3만원 식사접대받고 자리옮겨 커피 얻어마시면 김영란법 위반
295693,삼성전자 세계1위 전기차 中 BYD에 5천억 지분투자종합2보
295694,서울 아파트 매매값 오름폭 둔화…신도시는 확대
295695,헝가리 대법원 정부가 설문조사로 난민지원단체 명예훼손
295696,기린 목 길어진 이유 찾았다
295697,해커 추적 어려워진다…교란용 가짜 지문까지 등장
295698,바다의 낭만과 평화 찾아 당진으로 오세요
295699,10점 만점 네이마르 기적의 주역…후반 43분부터 2...
295700,류현진 불펜 투구로 컨디션 조율…다음 등판일은 미정
295701,아베 만난 이총리 한일의원연맹 의원들에 방일 결과 설명
295702,현장 한국이냐 독일이냐…북극곰이 예측한 승자는
295703,작곡가 진은숙 독일 함부르크시 선정 바흐 음악상
295704,야간에 더 북적이는 경포 해수욕장
295705,3보 文대통령 北목선 포착 못하고 국민께 못알린점 철저 점검하라
295706,조국 사퇴에 靑 당혹감…참모회의 급히 미루고 긴급 후속논의
295707,헝가리 총리 언론·사법 장악 이어 문화도 통제 시도
295708,마이크로소프트 전 세계 직원 수천 명 해고할 듯
295709,佛전문가 북핵 해결 위해 대화·北 노동자 고용금지 제재 병행
295710,프로축구연맹 경찰 축구단 모집 중단 결정에 공식 항의키로
295711,랜섬웨어 국내 피해 신고 4건 추가…총 18건종합
295712,北 박봉주 총리 홍수피해 복구현장 시찰
295713,비가 와도 축구 관람 포기못해
295714,아프거나 월급 못 받으면 저축은행 대출 상환유예
295715,특징주 아프리카TV 규제 우려에 하락
295716,현송월 환한 표정으로 하차
295717,카카오게임즈 여가부 주관 가족친화인증 기업 선정
295718,올해 RD 성과에 인공신경·UHD 모바일 방송 기술 등 선정
295719,김세진 감독 전역한 세터 곽명우 바로 투입 가능
295720,KT VR 테마파크 사업 진출…3월초 신촌에 1호점 오픈
295721,멕시코서 방사성 물질 실은 트럭 자취 감춰…5개주 경계령
295722,결의안 채택현장을 찾은 국회 한미동맹 강화사절단과 재미교포들
295723,황총리 여성 안전보장 위해 강력한 대책 마련해야
295724,캐세이패시픽 마일리지 선물 제공 이벤트
295725,朴대통령 교역확대 기대…몽골 대통령 朴대통령의 선물
295726,SKT 5G 가입자 100만명 첫 돌파…5G서비스 개시 140여일만
295727,박근혜 정부 3년 ①북핵 돌파구·개혁완수 후반기 성패 좌우
295728,글로벌 히트 韓 게임 배틀그라운드 내달 14일 국내 출시
295729,알뜰폰에 SKT 저가 신규요금제 도매로 제공
295730,총 홈런 6천776개·한 경기 13홈런…2019 MLB 홈...
295731,아베두테르테 日서 회담…남중국해 법의 지배 중요성 확인
295732,김정남 살해 혐의 베트남 여성 출소…오늘 저녁 귀국 전망2보
295733,홍천 내면 영하 24.4도…춥다 추워 강추위 기승
295734,中 8년 만에 샹그릴라 안보회의에 국방장관 파견한다
295735,신간 식민지 근대감옥 서대문형무소
295736,쌍용차 티볼리 앞세워 8년만에 필리핀 재진출
295737,北미사일 발사 개성공단에 우리국민 184명 체류
295738,서울시 신혼부부 주거 지원 사업 계획 발표
295739,모리뉴 네이마르 이적료 2천950억원 비싸지 않다
295740,인스타그램 유해 게시물 자주 올리면 계정 삭제한다
295741,해변을 뜨겁게 달군다…축제 넘치는 강릉 경포해수욕장
295742,영상 청와대 김정은 답방 별다른 징후도 없어
295743,이해찬 필리버스터 쿠데타…철회않으면 野와 예산·법안처리
295744,룸메이트 살인 혐의 벗은 美여성 8년만에 伊찾아 결백 호소
295745,게시판 OBS경인TV 방송본부장·보도국장 공모
295746,싱가포르 北대사관 출입 KBS 취재진 자진 귀국한다
295747,LA갤럭시 회장 즐라탄 유럽 머물고 싶겠지만 우리도 관심
295748,이총리 즉위식 계기 아베와 대화할듯…한일관계 돌파구 주목
295749,오승환 도널드슨에게 역전 3점포 허용하고 시즌 첫 패전
295750,1세기 지나도 변함없는 인형의집…파트3 나오지 않을까요
295751,檢 광고회사 지분 강탈 관련 권오준 포스코 회장 내일 소환
295752,콜롬비아 정부반군 평화협상 종료시한 넘겨…계속 협상
295753,에르도안 시리아 안전지대 터키가 통제해야…서방 계획에 반기
295754,반기문 朴대통령 위안부 올바른 용단…역사가 높게 평가종합
295755,게시판 미래부 연구개발서비스 지역설명회 개최
295756,59년만에 명동예술극장 다시 찾은 연극 가족
295757,한국MS 서피스 랩탑2 공개
295758,유엔 시리아 공습으로 10일간 민간인 100명 이상 사망
295759,이개호 장관 천원의 아침밥 캠페인 참여
295760,울산시 태풍·호우 등 재난 대응 계획 표준화
295761,北 김정은 주체조선의 실용위성 더 많이 쏘아올려야
295762,산천어 낚시에 빠지다
295763,책 읽어드립니다 설민석 가르치지 않고 배우겠다
295764,우리금융 하이자산운용 인수전 참여…첫 MA 성과 내나
295765,국민연금 AJ렌터카 지분 10.09% 보유
295766,북한 김영남·김여정 KTX 편으로 평창으로 출발
295767,코스피 외국인 팔자에 다시 2440대로 후퇴
295768,1조1천억 가치 모드 미디어 돌연 영업중단
295769,北 위협 대응해 美 전략무기 한반도 순환배치 필요
295770,세금 체납자의 은닉 재산 찾기
295771,구글 창사 20년 만에 연간 매출 1천억 弗 돌파
295772,올림픽 자원봉사자 격려하는 도종환 장관
295773,남북정상회담 국군의장대 사열하는 남북정상
295774,반기문 유엔총장 관저에 리커창 부부 초대 만찬…2년전 약속지켜
295775,재개발·지역조합 규제 고삐 죈다…재개발 임대비율 상향
295776,공유오피스 인기비결은 편의시설·낮은 가격·대중교통
295777,이마트 국산 종자 양파·참타리버섯 보급
295778,러시아 월드컵 마지막 티켓 전쟁…남은 9장 주인 가린다
295779,터키 쿠르드 민병대 시리아 북부 학교 공격…3명 사망
295780,한·일 일본군 위안부 합의 무효…대구행동 발족
295781,外人 국고채 보유 늘수록 금융위기 발생시 가속화 가능성
295782,다저스 마에다 두 번째 등판에서 홈런 맞고 2이닝 3실점
295783,여자농구 우리은행 vs KB 9일 시즌 세 번째 맞대결
295784,남북 김영철 등 北고위급대표단 구체일정 협의 계속
295785,투표일 전국 흐리고 비…오후부터 그치기 시작
295786,중국선 AI가 미아 찾고 범인 잡고 음식 맛 식별까지
295787,총기규제 칼 빼든 오바마 美최대 총기로비단체 맹비난
295788,설 최고관광지는 전주한옥마을…빅데이터 분석 2년 연속 1위
295789,유난히 추웠던 올겨울 해빙기 안전사고 우려 커졌다
295790,내년 인터넷업계 규제 도입 격랑 속 AI시대 본격화 주목
295791,경총 반도체 근로자 산재 인정 간소화 제도 취지에 어긋나
295792,트럼프가 축복한 종전논의 비핵화와 함께 남북 핵심의제될 듯종합
295793,37안타·30점 쏟아진 런던…양키스 보스턴에 난타전 끝 승리
295794,나경원 오늘 오전 볼턴 美국가안보보좌관과 비공개 회동
295795,베트남 호찌민서도 보이콧 재팬
295796,킴브럴 FA 미아 탈출…컵스와 3년 4천300만달러 계약
295797,엔리케 감독 메시는 최고…심지어 밥먹을때도 남달라
295798,김무성 탄핵 깃발로 비대위 수습안 급제동…與 임박한 파국
295799,쓸 곳이 없다…해 거듭할수록 혜택 줄어드는 통신사 멤버십
295800,이탈리아 산악지대 눈사태 피해 잇따라…5명 사망·실종
295801,IBK증권 삼성전자 2분기 영업익 7조8천억 예상…목표가↑
295802,사우디 국무장관 카슈끄지 사체 행방 모른다…조사 중
295803,한국뇌연구원 우울증 유발 메커니즘 규명…자살예방 전기 마련
295804,BNK자산운용 국내 액티브 주식형 펀드 수익률 1위
295805,기아차 광주공장 올해 생산량 49만9천여대…작년보다 6%↓
295806,DMZ 세계평화명상대전 기자회견
295807,여자농구 대표팀 월드컵 출전 위해 출국…프랑스 나와라
295808,휴비츠 2분기 영업이익 34억원…16% 증가
295809,먼지 쌓여있던 마광수 저작 별세 이후 재고 동나
295810,나경원 관훈클럽 창립 기념식 참석
295811,충주 무술공원에 9만7천㎡ 규모 공룡 테마파크 조성
295812,수비수 동선까지 알려준다…옥수수 야구 AI데이터 분석 방송
295813,KT부스 찾은 스페인 국왕
295814,배구여제 김연경 월드컵 통해 대표팀 희망 봤다
295815,MLB닷컴 강정호 예전 기량 되찾으면 4번도 가능
295816,세계 최강 구단 겨루는 클럽월드컵 7일 개막…레알 2연패 도전
295817,프로야구 롯데 양상문 감독 26일 사직구장서 취임식
295818,아이폰X 17일부터 예판…150만원대 가격이 흥행 관건
295819,펠리페 트리플크라운으로 복귀 신고…우리카드 창단 첫 6연승
295820,K리그 최다우승팀 성남 암흑기 거쳐 1부 재입성하기까지종합
295821,카카오뱅크 개인사업자 사잇돌대출 출시…앱에서 바로 신청
295822,유로존 1월 잠정 인플레이션 1.4%…ECB 목표치 크게 밑돌아
295823,누리꾼 51% 사이버 보안 피해 경험했다
295824,KT 남북한 ICT 교류협력 심포지엄 개최
295825,방한 시스코 CEO 권오현 삼성전자 부회장과 회동
295826,세월호 3주기 밤부터 제주·전남남해안에 비…오존 나쁨
295827,전두환 5공 측근들과 회동…희생자에 유감 표명
295828,이란군 美 호르무즈 공동전선에 페르시아만 지옥될 것
295829,손주인 시즌 첫 1군 엔트리…2천26일 만에 삼성 유니폼
295830,해경 4차 산업혁명 드론의 활용 직장교육
295831,민심 심상찮다…中 공산당 SNS 잡으려 당근·채찍 병행
295832,올림픽 평창 계촌5리 작은 마을서 지구촌 화합 파티
295833,잡지 123점으로 조명하는 한국 근현대사
295834,김승대 벤투호 울산 소집훈련서 제외…김인성 합류
295835,인니 자카르타 지하철·경전철 잇단 개통…교통지옥 탈출할까
295836,패션은 다문화의 공감대이자 사회 통합의 촉매
295837,Sh수협은행 2천만달러 규모 외화 CD 발행
295838,청년·신혼부부 매입·전세임대 7천904호 입주자 모집
295839,美 터키 경제 끝장…제재 단행 트럼프 행정명령 서명 준비종합
295840,관까지 짜놨는데… 에콰도르 지진 40시간 만에 극적 생환
295841,SK 문경은 감독 메이스 일대일로 막기 어려울 것
295842,남부아프리카 말라위 대선 실시…무타리카 대통령 포함 3파전
295843,문무일 곤혹스런 출근길
295844,급증하는 소방수요 충족…김해서부소방서 준공식 개최
295845,청약시장서 100% 중소형아파트 인기 고공행진
295846,김종인 산은 청문회 불가피…모든 사항 밝혀야
295847,특검 최순실 뇌물죄 수사 공식화…朴대통령 정조준종합
295848,MLB 양키스 거포 엥카르나시온 영입…트리플 대포 구축
295849,배달의민족 DB손해보험과 배달원 보험 출시
295850,펜으로 사진찍고 PPT도 넘겨…워라폰 노리는 갤노트9 써보니
295851,올겨울 최강 한파…바람불어 체감온도 더 낮아
295852,워런 트럼프 저격수로 급부상…막말에 돌직구로 맞서
295853,우리은행 OK저축은행 꺾고 3연승…김정은·박혜진 35점 합작
295854,선택 4.13 김종인 국민 현명한 판단 기다릴 뿐
295855,KIA 두산 6연승 저지…양현종 5년 연속 10승
295856,바이오빌 100억원 제3자배정 유상증자 결정
295857,10기가 인터넷 시대 개막…KT 이어 SKB도 11월 상용화
295858,아시안게임 프리킥 실점…한국 축구 베트남에 31...
295859,미세먼지에 놀란 중국 저감 목표 못 채운 도시 제재키로
295860,대출상품 한번에 비교·가입…혁신금융 플랫폼 속속 가동
295861,삼성 이메일 앱·인터넷 브라우저 다운로드 1억회 돌파
295862,15일 광주 넥센KIA 시범경기 오후 5시 개시
295863,이달의 기자상에 SBS 라돈 검출 침대 보도
295864,트럼프 대면 앞둔 시진핑 대미 보복카드 총동원종합
295865,손흥민 케인 복귀전서 멀티골…주전자리 이상무
295866,EU 고위관리 영국에 절절한 연서…돌아오면 언제나 환영
295867,유영민 과기정통부 장관 소프트웨어수업 체험
295868,NH투자증권 홍콩 현지법인에 1천404억원 출자종합
295869,정경두 촛불계엄령 문건 원본 오늘 인지…처리방안 검토
295870,태블릿PC 조작설 변희재 1심 징역 2년
295871,추신수 화이트삭스전 1안타 2볼넷 활약
295872,美·터키 정상 또 통화…에르도안 시리아 북부 인수 준비완료종합
295873,당선인 인터뷰 박범계 국가균형발전 가치 실현할 것
295874,신작 PC게임 매달 업데이트…게임포털 엔투게임 출범
295875,안산시 내달 3∼7일 거리예술 국제심포지엄
295876,관광공사 지정 굿스테이 숙박업소가 성매매 장소 제공
295877,요르단강 서안서 폭탄 터져 이스라엘인 17세 소녀 사망
295878,개헌에 대한 국민 생각은…온라인 의견 개진 활발
295879,다음 모바일 첫 화면에 뉴스 대신 AI추천 콘텐츠 띄운다
295880,간담회장으로 입장하는 윤석헌 금융감독원장
295881,로이터 김경훈 사진기자 퓰리처상 수상
295882,박용택 투런포 LG 삼성 제압…임찬규 8승째
295883,SNS돋보기 뇌에 컴퓨터칩 삽입 추진…섬뜩하다 vs 기대된다
295884,저비용항공사들 부산∼괌 노선 쟁탈전 점입가경
295885,북핵 협상국면 대비해 한국판 평화체제론 수립 필요
295886,지문 사전등록 하는 어린이
295887,정의당 참된 정치 교두보는 호남
295888,이란과 해운협정 맺는다…가서명 후 18년만에 정식체결
295889,이란 호르무즈 부근서 美드론 격추…양국 군사력 직접 충돌종합2보
295890,朴대통령 몽골 공식방문 마치고 귀국길 올라
295891,30대 이하 젊은 과학자에게 생애 첫 연구비 3천만원
295892,엘리트 문단 넘어 광범위 한국문학 해외 소개할 것
295893,이재명 조폭유착 의혹 제기 SBS 그알 고발종합
295894,고효율 태양전지·연료전지…미래부 새 기후과제 선정
295895,인사말 하는 김현미 장관
295896,남북정상회담 정의당 한반도평화 1일차…비핵화가 열쇠
295897,박근혜 정부 3년 ③ 4·13 총선 후반기 국정 갈림길
295898,SKT 봄맞이 행사 트래픽 증가 예상…기지국 증설
295899,이란 농축우라늄 생산량 10배로 증가…고성능 원심분리기 추가
295900,트럼프 反이민공약 발표일 최고액 모금…힐러리 8월 모금액 최고종합
295901,美 수사기관 인종편견 심각…조직문화부터 고쳐야
295902,통일차관러시아대사 면담…나진하산 프로젝트 논의
295903,국립한국문학관 설립추진위원회 출범식
295904,월드컵 전력분석 H조 폴란드·콜롬비아·세네갈·일본
295905,윤동주 길 잃은 세계인에게 삶의 방향
295906,美연구소 北 기아위험 세계 21위
295907,外人 주식 매도에 원달러 환율 하락폭 축소…1086원대
295908,갤노트8 첫날 20만대 개통…떴다방식 불법 보조금 등장
295909,소백산 야생화 정보 모았다…식물도감 제작
295910,이재웅 다음 창업자 네이버 총수 없는 기업 지정해야
295911,SKT 01X 번호 2G서비스 올해말 종료…서비스전환 지원
295912,코스피 기관 매수에 1920선 회복…코스닥 약 1% 상승종합2보
295913,위클리 스마트 메신저 대화 잘 못 새나가면 부메랑 된다
295914,女배구 라바리니 감독 세터 호흡 문제 정상적인 과정
295915,KEB하나은행 소비자중심 경영 인증 획득
295916,추경열차 출발부터 덜컹…3인방 청문정국에 궤도 불안정
295917,게시판 LGU 인천공항 로밍서비스 7회 연속 만족도 1위
295918,제주소식 TBN 제주 개국 2주년 14시간 특별생방송
295919,文 촛불집회 동원 의경들 위로…평화가 폭력보다 강해
295920,北통신 南당국 외세의존 정책과 하루빨리 결별해야
295921,과학기술혁신본부 제기능하려면 예산배분 실명제 도입해야
295922,프로농구 인삼공사 김승기 감독 오세근 발목 아직도 부어있어
295923,류현진의 베팅은 성공했다…美 매체들 극찬 릴레이
295924,내일 아침기온 평년수준 회복…모레 전국에 빗방울
295925,500골 메시 역시 해결사…4골 중 1골 후반 30분 ...
295926,양상문 롯데 감독 양의지 영입 의사 없어…내부 육성
295927,게시판 투교협 2020년 중국 전망 수요강좌
295928,靑 네이버 수사촉구 청원에 수사기관이 진실 밝혀야
295929,문대통령 국정지지도 53.1%…6주째 하락·취임후 최저리얼미터
295930,네이버카카오 AI스피커 브라운 vs 라이언 맞대결
295931,홍콩 떠나자…홍콩 부자들 英 황금 비자 취득 붐
295932,터키 국방 F35 못 사면 대안 모색할 수밖에 없어
295933,평양정상회담 평양의 열렬한 환영
295934,인터넷 명예훼손 3자신고 허용뒤 성행위영상 시정조치 2배로↑
295935,야유 속에서도 21점 이정현 김낙현 큰 부상 아니길
295936,류현진 양키스전 홈런 3방에 4⅓이닝 7실점…ERA 2....
295937,사회문제 논하는 카카오…문제정의 플랫폼 백업 설립
295938,애플 한판 붙자…삼성·LG 파격 AS로 미국 시장 승부수
295939,安 4월 임시국회서 청년실업대책 최우선 합의해야
295940,올림픽 문 대통령 IOC총회 개회식 참석
295941,김진표 이해찬 대세론 끝난 얘기…내주 1강 도약
295942,요금할인 확대에 담합 의혹까지…이동통신업계 사면초가
295943,SK텔레콤 2주 80시간 자율적 선택근무제 도입
295944,박영수 특검 좌고우면 않고 법과 원칙 따라 수사종합
295945,영상으로 만나는 내년 서울미디어시티비엔날레
295946,펠리페 트리플크라운…우리카드 OK저축은행에 혈전 끝 승리...
295947,신태용 경기 내용 나쁘지 않았으나 기회 못 살려종합
295948,세계 스마트폰 보급률 첫 50％ 돌파…한국은 85％
295949,멜론 올해 스트리밍 424억회·보유 음원 3천만곡 돌파
295950,멈춰선 전력소비 증가율…경제구조·인구구조 변화 탓
295951,국외출장 日방위상 매년 함께 참배해온 모임이 야스쿠니 참배
295952,이스라엘 네타냐후 피신사건 후 가자지구 하마스 공습
295953,한국 풍수에선 마음 편하고 자연과 통하는 곳이 명당
295954,하노이 담판 中매체 북미회담 지지 中진심 의심 말라…음모 안 꾸며
295955,특징주 신세계인터내셔날 신세계 화장품 사업 통합에 강세
295956,NH투자 카카오 O2O사업 성공 기대감
295957,北 ICBM용 원형 핵탄두 모형 추정 사진 공개종합
295958,넥센 박병호가 알루미늄 배트로 훈련하는 이유는
295959,대만과 단교 엘살바도르 정부 방침에 대법원이 제동
295960,포체티노 감독 손흥민은 훌륭한 선수이자 사랑스러운 청년
295961,현대캐피탈 대체 외국인선수 찾았다…오켈로 영입 사실상 확정
295962,무더위 몰아낸 삼성의 씽씽투…대반격의 신호탄
295963,연세대 대학농구 결승 1차전 고려대에 9점 차 승리
295964,트럼프롬니 내일 회동…롬니 국무장관 카드 접나
295965,유로존 5월 인플레 1.2%…작년 4월 이후 최저 수준
295966,中 대만정책은 선거결과에 무관…대륙·대만은 하나의 중국종합
295967,한국테크놀로지 석탄건조시스템 일본 특허 취득
295968,키움증권 야구단 히어로즈와 스폰서십 계약 추진
295969,MLB 다저스 42년 만에 75경기서 50승 선착
295970,신간 중화미각·먹고 마시고 요리하라
295971,특징주 로엔 카카오 피인수 소식에 급등
295972,北당대회 北핵·미사일 전문가 실용위성 더 많이 쏴올릴 것
295973,이스라엘 새 총리 후보에 중도파 간츠…군인 출신 정치신예종합
295974,美대선판에 연일 한반도 이슈…힐러리트럼프 상대공격 소재로
295975,트럼프 이란에 대화 요구하면서 공격임박 경고로이터
295976,北김정은 청와대 타격방법 확인 목적 전투훈련 참관종합
295977,SNS돋보기 대체복무제·사형제 UN 권고 불수용…사회적 합의 필요
295978,삼성 갤노트10 국내 사전판매량 130만대…전작 대비 2배↑종합
295979,글로벌 웨어러블 시장 성장세 지속…2분기 5.5% 증가
295980,그래픽 MLB 최저 평균자책점 역대 5위
295981,KBO 혐의 드러나면 성폭행 의혹 선수 활동 정지 조치
295982,한진해운 직원들 온라인청원…국민지지·정부지원 절실
295983,애견 카페서 강아지 사체 3구 발견…경찰 학대 여부 수사
295984,날씨 늦은 오후 수도권부터 비…밤에 전국으로 확대15일
295985,춤으로 시작해 총성으로 끝나… 올랜도 희생자의 마지막 영상
295986,역대 2차드래프트 최고 수혜는 롯데…최대 피해는 두산
295987,美·이란 전쟁터될라…이라크 총리 외부 침략 엄단
295988,아이폰7 첫날 번호이동 3만7천건…시장 과열 수준
295989,佛 외무 이란에 핵합의 위반 심각한 실수하는 것
295990,SP 우리銀 지주사 과도한 확장시 자본 적정성 부담될 수도
295991,20182019시즌 KBL 팬 가이드북 출시
295992,재외 동포 유공자 포상하는 문 대통령
295993,아가메즈 복사근 치료 위해 일본행…6라운드는 아가메즈 없이
295994,인터불스 디에스씨밸류하이1호 주식 70억원어치 매각
295995,中 틱톡 美규제당국 겨냥 로비조직 강화…전문인력 확충 나서
295996,건축가 엄마아빠가 상상한 아이들 뛰어놀기 좋은 동네는
295997,트럼프 국정연설 지정 생존자는 페리 에너지장관
295998,아베 한일관계 최대 문제는 국가 간 약속 준수 여부 주장
295999,페북 대란 제재 유튜브 공짜망 사용에 여파 미칠까
296000,놀란 라이언과 비교된 류현진…스트라이크 던지는 로봇
296001,두산그룹주 신용등급 하락에 동반 울상종합
296002,게시판 방통위 2018 세계우수광고 상영회
296003,터키 러시아제 S400 미사일 구매 강행두고 美터키 공방 가열
296004,암모니아 가스 누출 공장
296005,삼성전자 갤럭시S8 공개
296006,서울연극제 대상에 일상의 광기에 대한 이야기
296007,증시신상품 KB증권 연 7.5% 수익 추구 ELS 공모
296008,상반기 휴면예금 726억원 찾아가…온라인 조회 활용하세요
296009,변혁 창당 공식화…고장난 오른날개 우리가 150석 만들겠다종합
296010,한투증권 코스피 바닥은 2040…PBR 0.9배
296011,사드보복 무차별 15일 이후 명동서 중국 단체관광객 사라질수도
296012,환영인사하는 민갑룡 경찰청장
296013,하나금투 현대중공업 수주 전망 개선…매수 유지
296014,중저가 통신요금도 휴대전화 보조금 더 받을 수 있다
296015,트럼프 당선 오바마 클린턴에 대한 트럼프의 사법보복 반대
296016,프로농구 샐러리캡 4년 만에 인상…1억 오른 24억원
296017,파주서 북한 대남 선전용 전단 대량 발견
296018,文대통령 안동 하회마을 방문…취임후 첫 TK 行
296019,포스코·현대제철 11일 주총…사내이사 선임
296020,강원 북부산지 6일 새벽 대설 예비특보…3∼10㎝ 눈
296021,朴대통령 北발사 1시간만에 NSC…靑 액션플랜 대응
296022,은행연과 은행장 18명 고객 중심 경영 실천 자율결의
296023,윤호중 경제 양대수장 외국서 다른 시각 원정썰전 개탄
296024,과학기술이 열 미래 모습은…과총 내달 4일 연차대회 개최
296025,유엔 이스라엘 골란고원 세력 확장 중단 촉구
296026,김우재 IBK기업은행 감독 김희진 종아리 통증…무리하지 않게
296027,질문에 답하는 심상정 정개특위 위원장
296028,연합뉴스 사장 후보 공개 설명회
296029,39광년 떨어진 곳에서 지구 크기 삼형제 발견
296030,속보 아베 트럼프와 한일관계 논의 안했다
296031,김연철 북미 스냅백 논의 매우 주목…새로운 안 만들수도종합2보
296032,손흥민 브라이턴전서 4경기 연속골 폭발
296033,동장군 맹위…충북 제천 영하 16.5도
296034,트럼프 노벨상추천 공개로 모양빠진 아베…부끄럽다 비판론
296035,다시 라이트로 김희진 올림픽 본선 진출과 메달만 보고...
296036,지시 따랐더라면 큰일날뻔 트럼프 구해낸 참모들
296037,北 조평통도 남북군사회담 촉구…포괄협의 가능
296038,靑 진정한 경제민주화는 일자리…野발목잡기로 위협
296039,포체티노 토트넘 감독 새 선수 영입 가능성 크지 않다
296040,유리천장 깬 박미희 감독 그냥 엄마 말고 강한 엄마 ...
296041,예술과 정치 사이에 선 쇼스타코비치의 불안
296042,단독英정부 보고서에 北 인권범죄 자행 적시…北 인권 압박
296043,금융업 월임금 148만원 오를 때 숙박·음식은 38만원↑
296044,트럼프 내일 국빈 방일…미·일 겉은 밀월 속은 무역 긴장
296045,동남아 시장 교두보 마련…한전KDN 베트남지사 개소
296046,中 해외직구 규제 일부 유예…화장품 수출 숨통
296047,朴대통령 에어포스원 탄 오바마와 15분간 북핵대응 긴급통화
296048,北 20년간 GDP 대비 자연재해 피해 7.4%…세계 3번째
296049,국민연금 대한항공 지분 11.65% 보유
296050,KBS 신임 사장 후보에 양승동 PD
296051,지카바이러스 인체 세포 침투 구조 첫 규명
296052,터키 쿠르드 민병대가 IS 포로 800명 석방해
296053,서머 호러 나이트 투어로 더위를 날려 버리세요
296054,모란이 피기까지는 영랑의 감성 콘서트 16일 개막
296055,SK텔레콤 한국능률협회 고객만족도 21년 연속 1위
296056,유럽 31일부터 서머타임 실시…한국과 7시간 차로 조정
296057,SK케미칼 500만명분 세포배양 독감백신 생산 완료
296058,참여연대 태영 회장 검찰고발…개인회사로 SBS일감 싹쓸이
296059,KAIST 사회적기업가 MBA 4회 졸업식…졸업생 17명 배출
296060,카드 신상품 적자나면 이사회에 보고…내부통제 기준 강화종합
296061,집시여성 강간할 것…도넘은 반집시 정서에 이탈리아 비상
296062,KBS 독도 추락헬기 영상 미제공 논란에 깊이 사과종합
296063,日 아베정권 관료 망언으로 줄줄이 사임…선거 앞두고 위기론
296064,미일 외교장관 통화…日 중동 해역에 자위대 독자파견 통보
296065,베네수엘라 국제 중재모임 대선 재실시·외국개입 자제 촉구
296066,연구기관 평가에서 수리연 첫 최하등급…DGIST 미흡
296067,국제인권단체 간부 이스라엘에서 추방돼…이스라엘 보이콧 이유
296068,LGU 직영점에서도 알뜰폰 명의 변경·요금 수납 가능
296069,슬로모션 카메라폰…소니 엑스페리아XZ 프리미엄 공개
296070,남자배구 굳어진 3강 구도…선두 싸움은 대혼전
296071,美 여야지지 속 F16 대만 판매 결정…中 강력 반발 예상종합
296072,佛 노동법 개정 반대 시위 8일째…원전 노조 파업 동참
296073,평양정상회담 문 대통령 평양 시민들에 인사
296074,SKT 외국인 전용 요금제 출시…추가 데이터·국제전화 무료
296075,갤럭시S8 배터리 추정 사진 유출
296076,과총 역삼동에 사이언스 플라자 건립…2021년 개관
296077,朴대통령·오바마 정상회담 후 공동 언론발표 예정
296078,서울 100대 명소 다시 선정해 여행 기본서 만든다
296079,구글 따라잡는다더니…손발 안 맞는 통합 앱스토어
296080,펠리페6세 스페인 국왕 KT부스 방문
296081,홍용표 개성공단 현금 대량살상무기 사용된 관련자료 있다종합
296082,멕시코서 대기오염 질환으로 연간 2만 명 숨져
296083,담담한 표정으로 취임식 참석하는 윤석열
296084,반정부 군벌에 미사일 넘겼나…리비아 프랑스에 해명 요구
296085,김진욱 감독 자신감 타격 사이클 돌아가며 가라앉을 것
296086,교보문고 학술논문서비스 학술정보원 라이선스 선정
296087,역사상 가장 지루한 오페라…사색과 상징의 압도적 무대
296088,82년생 김강민 올가을 개띠 황금세대 중 가장 빛난다
296089,태블릿 인기 시들한데…삼성·애플·MS 신제품 잇단 출시
296090,北 주민이 느끼는 대북제재 영향 아직 미미 RFA
296091,이집트 의회 엘시시 대통령 장기집권 헌법안 승인
296092,中증시 등락에 한국 금융시장 널뛰기
296093,카카오톡 10분간 메시지 송·수신 지연 현상
296094,만65세 이상 기초연금수급자 통신비 월 1만1천원 인하종합
296095,방중 재검토 靑요구 일축했지만…곤혹스런 더민주
296096,지상파 순수외주제작 프로 편성비율 상향 조정
296097,웹사이트 접속 ID·비번 노리는 악성코드 국내 유포
296098,이란 대통령 美 제재로 이란 통제하겠다는 건 착각
296099,러 베네수엘라 사태 개입 서방 비난…불법적 내정 간섭종합
296100,LG전자 G6 특화 콘텐츠 확대
296101,코스피 하락세로
296102,누가 웃을까 전북 10개 선거구·615곳서 일제히 투표
296103,바르셀로나 시즌 첫 엘클라시코 레알 마드리드에 32...
296104,문화융성 표방한 미르 문화계 길들이기 수단이었나
296105,폼페이오 베를린서 화웨이 장비사용시 정보전달 제한 경고
296106,삼성전자 MS 협력 제품 갤럭시 북 S 공개
296107,창의 승리 레알 유벤투스 41 꺾고 유럽정상…호날두 2골
296108,태영호 北외교관들 컴퓨터 켜면 연합뉴스부터 열어봐종합
296109,정현백 데이트폭력 1회 범행이라도 기소 가능 방안 마련
296110,朴대통령 헌재 답변서 혐의 전면 부인…특검 수사 향배는
296111,신간 밥보다 일기·소로의 나무 일기
296112,네이버페이 오프라인 결제시장 진출 장기적 검토종합
296113,北TV 남북정상회담 기록영화 방영…주민에 다시 적극 선전
296114,미국이 이민자를 받지 않았다면…지금 세상에 없을 책들
296115,소니 엑스페리아XZ 딥핑크 색상 출시…사은품도 증정
296116,휴대전화 이용자 10명 중 9명 5G 잘 모른다
296117,팬택 IoT 사업도 매각 추진…정준 대표 아직 결정 안 돼
296118,라인프렌즈 美 뉴욕 타임스스퀘어에 상설매장 세워
296119,이란 최고지도자 바라는 결과 얻을 때까지 핵합의 이행 축소
296120,다시 찾아온 더위…경기 19개 시·군 내일 폭염주의보
296121,한국은행·스위스중앙은행 통화스와프 계약 서명식
296122,물놀이장도 한때 문 닫게한 폭염…36도 넘자 안전 우려
296123,용산고·숭의여고 연맹회장기 중고농구대회 우승
296124,세아베스틸 작년 연결 영업이익 2천223억원…27%↑
296125,방송 제작현장 둘러보는 도종환 장관
296126,날씨 2일 최고기온 35도 무더위 기승…서쪽지방 오후 소나기
296127,여야 3당 원내대표 개헌·선거구제 개편 기싸움
296128,초호화 람보르기니폰 출시 임박
296129,갓은 푹 눌러 쓰지 말고 살짝 얹어야 조선의 멋쟁이
296130,與 23일 원포인트 본회의 추진…한국당 날치기 사과부터
296131,핀란드 총선 사민당 16년 만에 제1당…집권 중도당 참패종합3보
296132,주택담보대출보다 싼 2%대 청년층 전월세 대출 나온다
296133,MP3에 공식 사망선고…특허 만료·기술계약 종료
296134,대림산업 e편한세상 시티 한강신도시 내달 분양
296135,국무부 관리들 2002년 부시에 이라크 침공 부작용 경고
296136,게시판 KT 과천서울랜드 등서 5G 액티비티 시즌1 진행
296137,김수영문학상에 이소호 시인
296138,SK건설 캐나다 산불 피해복구 성금 10만달러 기부
296139,올림픽 알파인 도시 정선서 고드름축제 열린다
296140,中 지표면 50도 가마솥더위…8개 성 지역에 폭염 경보
296141,LG 박용택 역대 최초로 200홈런300도루 달성
296142,제6회 금투협회장배 야구대회…4개월 대장정 시작
296143,英 하원 브렉시트 합의안 승인 보류…내주 표결 재추진종합2보
296144,우크라 대통령 취임 전부터 트럼프 압박 느끼고 대책 논의
296145,美B52 한반도 출동후 北 행보는…전문가 무력시위 예상
296146,靑 규제회의 매달 개최 실질적이고 성과 있는 개혁하자는 것
296147,민앤지 인터넷에코어워드 통신서비스 분야 대상
296148,지붕 위에 핀 예술
296149,프로농구 선두 DB 삼성 잡고 8연승 질주…두경민 26점...
296150,GM·정부 협의 진전…GM 조만간 외투지역 신청종합
296151,김종인 오후 2시 기자회견…거취 입장표명
296152,미술관에 골대 3개 달린 축구장이 들어선 까닭은종합
296153,아시안게임 4위 마감 박항서 매직…베트남 축구의 희망...
296154,美경찰 유대교회당 총격 협박 혐의로 20대 체포
296155,메리츠증권 게임빌 풍성한 신작…실적개선 기대
296156,野3당 거부권 행사 원천무효…20대 국회서 대여공조
296157,게시판 금투협 로보어드바이저의 이해 교육
296158,이승만 학당 개설…탈북민 20명 통일일꾼 첫 교육생
296159,캠코 아파트 등 압류재산 1천124건 공매
296160,한국인 선호 뉴스 채널 JTBC＞KBS＞MBC 순
296161,여야 원내지도부 朴대통령에 협치·소통 주문할듯
296162,게시판 KB증권 MTS에 PB 상담예약 기능 추가
296163,2018 ICT 결산 ①차세대 이동통신 5G 선도…세계 첫 상용화
296164,토트넘 아스널에 20 완승…손흥민 20호골은 다음 기회에
296165,암흑물질 후보 제4의 중성미자 예상 영역에는 없었다
296166,민족시인 신동엽 50주기 간담회
296167,내달 전국 3만2천여가구 분양…2003년 이후 최다
296168,문의장 오후 2시까지 여야 합의 안되면 본회의서 예산안 상정
296169,페이스북·인스타그램 먹통…글로벌 SNS 사용자 혼란
296170,제21호 태풍 제비 괌 부근 발생…한국 영향 여부 예의주시
296171,檢 대우조선 분식회계 다 드러나지 않았다…전모 밝힐 것
296172,국민연금기금 운용본부장 낙하산 아니다 해명
296173,대전세종충남 오전까지 약한 빗방울…낮에 그칠 듯
296174,573돌 한글날 예술의전당에 평화 플래시몹이 뜬다
296175,영상 역전승 발판 놓은 류현진…홈런 맞은 뒤 정신 번쩍
296176,코스피 팔자 외국인 카카오·삼성바이오는 샀다
296177,롯데家 6천억 탈세 적발…신격호 회장이 지시종합
296178,그래픽 공연 관람에 얼마나 쓰시나요
296179,페이스북 계정 정보 노린 악성코드 주의보
296180,완전 무제한이라더니…KT 5G 숨겨진 일일사용량 제한 논란
296181,한화 26년 만에 전반기 최고 성적…승률 0.584·2위...
296182,김관영 의원증원 검토 필요 거론…1987년부터 그대로
296183,물놀이·공연 그리고 게임…부산바다축제 내달 1일 팡파르
296184,동해 물안개 속 일출
296185,신간 분노 수업·우아함의 기술
296186,MLB 텍사스 펜스마저 타구 쫓다 부상…외야 줄부상
296187,홍익표 20대 통일문제에 부정적…원내대표 사과 동의 안 해
296188,네이버 모바일 연예판에도 AI 콘텐츠 추천 시스템 적용
296189,김의겸 진보개혁 성향 신문기자 출신…최순실 특종 명성 종합2보
296190,동유럽 나토 회원국들 지역 특수작전 구성사령부 설치키로
296191,월드컵 2차전 징크스·더위·대통령 관람…이겨내야 산다
296192,축구대표팀 마지막 연습경기서 U23에 02 패배
296193,삼성화재 우리카드에 대역전승…2위로 4라운드 마감
296194,프로배구 꼴찌 한국전력을 지탱하는 서재덕의 미소
296195,秋 내년 상반기내 대선후보 확정 조기경선 재확인
296196,한복 입은 이집트 여성들
296197,전국 오후부터 비 소식…남해안 시간당 20㎜ 강한 비
296198,朴대통령 추석연휴 북핵대응 집중…靑 비상근무체제
296199,LG 실수 연발하며 자멸…NC 4연패 탈출
296200,한국 달 탐사 등 우주개발 탄력 받는다종합
296201,北 무수단 미사일 발사준비…軍 도발 대비 감시강화종합
296202,아빠와 함께 타서 더 즐거운 수상 자전거
296203,6·13 선거 민주 친문 주자들 엄지척 승리
296204,스마트폰 버전 슈퍼마리오 한국에 지각 출시
296205,러시아 골란고원 이스라엘 주권 인정 美 비판
296206,이란 美 보란 듯 최신무기 동원 쿠르드계 반군 소탕
296207,최지만 부상 복귀 첫 타석서 안타 쾅…2타수 1안타
296208,김주성 23일 FIBA 예선 홍콩전 국가대표 은퇴식
296209,올해 이공분야 학술단체 지원사업에 126개 과제·32억 지원
296210,시리아 쿠르드군 IS 가담자 대거 석방…부족 요청 수용종합
296211,한국 여자배구 도미니카공화국 32 꺾고 첫승
296212,프랑스 2분기 실업률 8.5%…10년만에 최저
296213,또다시 적과의 동침 택한 KTLGU…신사업 1등 노린다
296214,보훈처 이명박 정권 초기부터 임을 위한 행진곡 식순서 배제
296215,여자농구 KDB생명 해체 전 마지막 경기에서도 패해 22연패
296216,탈북단체 강화서 대북전단 20만장·1달러 2천장 풍선 살포
296217,더민주 0∼5세 무상보육·공공임대 240만호 공약
296218,KT 총량 구매 기업전용 로밍 서비스 출시
296219,신년담화·회견 ⑫ 위안부 합의 이해에 日역할도 중요
296220,면세점 투자·고용 불확실성 해소…서울 추가는 변수종합
296221,류중일 감독 박용택 오늘 기록 세울 것 같은데…
296222,알림톡으로 결제까지 한 번에 LG CNS 톡페이 출시
296223,남북정상회담 상호발언 경청…김정은 악수하고 박수받으니 쑥스러워
296224,화천산천어축제 내년 1월 6일 개막…국내외 홍보 총력
296225,문 대통령 트럼프 대통령과 조만간 통화…북미 탐색대화 설득
296226,암호화폐 노린 채굴용 악성코드 급증…안전지대 없다
296227,美 슈퍼화요일 대회전 D1…양당 주자들 막판 총력전
296228,위클리 스마트 스마트폰 생활방수 믿고 썼다간 낭패
296229,LG전자 G6 24일 유럽시장 출사표…24개국 대상
296230,영상 방글라데시 수도 다카서 대형 화재…최소 56명 사망
296231,11월 첫 주말 가을 정취 물씬…더 추워지기 전에 야외로
296232,최고위원회의에서 발언하는 이해찬
296233,프로배구 외국인 트라이아웃 신청 마감…가스파리니는 불참
296234,靑 국회 합의 부분만 우선 개헌…미진한 부분은 추후 할 수도종합
296235,금융감독자문위원회 감독 기조 흔들리지 말아야
296236,19살 음바페 프랑스축구 선수협회 선정 올해의 영플레이어
296237,카카오게임 음양사 내달 1일 정식 서비스 개시
296238,갤럭시폴드 출시 첫날 초기물량 완판…18일 예약 진행
296239,한국GM 군산공장 안내판
296240,그래픽 원화 가치 하락 주요 신흥 10개국 중 3위
296241,증시신상품 코스피200 커버드콜 ATM ETF 상장
296242,김정훈 최은영 사익 챙기기 세월호선장 연상케 해
296243,농협은행 등 농협금융지주 자회사 4곳 CEO 선정 절차 개시
296244,지진·태풍에 강한 일본…재해대책 매뉴얼따라 총력 대응
296245,인터넷 기본정신 바뀌나…미 망중립성 폐기 후폭풍일듯
296246,LG 거침없이 7연승…SK 한화 따돌리고 2위 복귀
296247,혼돈의 푸에르토리코…일주일새 세 번째 주지사종합
296248,中 중금속 택배 포장재 환경오염 논란…회수율 20% 밑돌아
296249,컴투스 주당 1천400원 현금배당 계획
296250,신간 전쟁 국가 일본의 성장과 몰락
296251,유영민 장관 미래부 체질 개선 시작…혁신TF 가동
296252,프랑스 노란 조끼 집회 참여 인원 감소세
296253,MWC19 4G폰보다 싸다…샤오미 5G폰 진입장벽 낮출 것
296254,만경대 탐방 예약하세요…설악산사무소 인터넷 접수 시작
296255,코스피 장중 2500 찍고 하락 전환…2470대서 주춤종합
296256,올해 아이폰으로 찍은 최고 사진은…어워드 수상작 발표
296257,하나금융그룹 기업주도형 벤처캐피탈 하나벤처스 출범
296258,명작 옮겨적는 즐거움…필사 전문잡지 문득 창간
296259,대구 부노자 자책골 인천에 10 승리…7위로 도약
296260,의사 살해 환자 경찰서 나와 법원으로
296261,김진욱 kt 감독 니퍼트 부진 예상했던 결과
296262,그래픽 작년 해외서 긁은 카드 20조 육박 사상 최대
296263,美정부 사설교도소 사용 안한다…재소자 줄고 교정 효과 미흡
296264,연극계 성폭력 문제 반성·대처 움직임 시작종합
296265,中 화웨이 대만서도 퇴출되나…정부 연구기관 장비사용 금지
296266,조국 힘내세요 포털 검색어 1위…지지자 단체행동 나선 듯
296267,朴대통령 케냐 초등생 보건체조 시연 참관
296268,프로농구 FA 명단서 4명 제외…46명 1일부터 원소속팀과 협상
296269,엔씨 리니지2M 공개…이전에 없던 가장 거대한 세상
296270,NBA 샌안토니오토론토 빅딜 성사…레너드더로전 맞교환
296271,귀화 추진 배구 선수 알렉스 프로행 도전…태극마크도...
296272,국제적십자연맹 내달 베네수엘라에 인도주의 원조 배포
296273,암 전이·재발 억제 인자 찾았다
296274,위클리 스마트 구글은 왜 인간 뇌를 연구할까
296275,文대통령 우리경제 긍정적 변화…고용지표 뚜렷하게 개선종합
296276,방심위 방송심의 민원 대리 신청 수사 의뢰
296277,삼성 갤A9으로 인도시장 탈환 노린다…제품 라인업 강화
296278,올겨울 여행 키워드…가족·12월·아시아·힐링
296279,인천국제공항 한국전통문화센터 새단장
296280,적조 퇴치길 열리나…유전자의 구제물질 반응 최초로 규명
296281,주파수 경매 흥행 실패…낙찰가 2조1천106억 그쳐3보
296282,로하스 kt 최초의 사이클링히트…삼성에 10점차 대승
296283,여자 축구대표팀 윤덕여 감독 득점보다 승점이 더 귀했다
296284,무르익는 북미정상회담…뉴욕行 문대통령 손에 달린 디테일
296285,이중근 부영 회장 검찰 재소환
296286,뉴욕증시 미 고용 발표 후 금리인상 기대 약화로 상승 출발
296287,야권과 대화 재개한 니카라과 정부 정치범 50명 추가 석방
296288,북민협 국제적십자에 北 수해지원금 2억원 전달
296289,카타르 군주 아랍권 외교 봉쇄 장애물 극복했다
296290,경제행보 朴대통령 총선 닷새앞 격전지 청주·전주 방문종합
296291,SNS돋보기 JSA 귀순병 치료비 정부가 지원…세금 잘 썼네
296292,러 외무차관 미국 시리아서 완전히 철군할지 의심
296293,北 실무회담 결과 보도…공동입장·단일팀 합의는 공개 안해종합
296294,삼성 3분기 71개국서 스마트폰 1위…미국·캐나다서 2위
296295,이란 외무 미국 이란에 집착하는 악성질환 치료해야
296296,경기도 제1회 광고홍보제 시상
296297,청년이 된 함평나비축제 27∼5월 7일 열린다
296298,갤노트8·아이폰8·V30…프리미엄 스마트폰 대전 막 올라
296299,주간 화제의 뉴스 류여해 제명 사면 제천 참사 등 관심
296300,프로야구 개막전 선발 투수 7개 팀 확정…3개 팀의 선택은
296301,집게턱거미 먹이 무는 속도 시속 30㎞ 美 연구팀
296302,박상관 감독 내 딸 박지수 성공 가능성은 51
296303,살아난 강정호 유격수 출전 자신감 편안했다
296304,전문 朴대통령 연설문 사전 유출 대국민사과
296305,하나금투 8월 금통위서 일부 위원 매파성향 강화
296306,4회 7점 한화 하루만에 2위 복귀…박용택은 2안타종합
296307,이란 UAE 인근 상선 사보타주 사건에 우려 표명…조사 촉구
296308,한은 수도권 아파트 수요 증가 금리와 무관치 않아
296309,남자농구 김상식 감독 리바운드·몸싸움 이긴 게 역전 요인
296310,르포 에너지자립섬 가파도…전기료 뚝·관광객 쑥
296311,호날두 인스타그램 사진 1장 가치는 4억6천만원
296312,신간 서울은 왜 이렇게 추운겨·과거로부터의 행진
296313,미국 이번엔 멕시코와 토마토 전쟁…17.5% 관세 부과
296314,北당대회 중앙통신 평양은 경축 분위기…개회 언급은 없어
296315,충남 14개 시·군 대설주의보 해제…부여 8.5㎝
296316,검찰로 넘어간 패스트트랙 사건…고강도·신속 수사 전망
296317,英언론 U20월드컵 우승한 어린 사자들 EPL서는...
296318,언론 브리핑 마친 이효성 방송통신위원장
296319,안종범 정책조정수석 지난 주말 조용히 딸 혼사 치러
296320,靑 北추가도발 가능성 예의주시…NSC 상임위 개최전망
296321,특징주 CJ 자사주 취득 결정에 강세
296322,게시판 KBS미디어 학폭 예방 뮤지컬 사업 MOU
296323,여자농구 KB 최강 우리은행에 짜릿한 승리…염윤아 위닝샷
296324,한낮 더위
296325,北 김정은 잇단 민생행보…이번엔 비누공장 방문
296326,증강현실로 배우는 태권도…엠게임 태권 히어로즈 출시
296327,안철수 잘 부탁드립니다
296328,돌아온 피겨퀸 김연아
296329,국내 주식형 펀드 닷새 만에 자금 순유입
296330,이대호 연타석포 롯데 SK 7연승 도전 저지
296331,선거법 상정 vs 필리버스터 장전…민생法·인사청문도 영향
296332,요양병원 결제 간편해진다…KT 요양병원협회와 간편납부 MOU
296333,갤노트9 동남아·호주서 출시행사…말레이시아 예판 매진
296334,VR현장 옛 기차역에서 시간 여행 떠나보세요
296335,스포츠10대뉴스 ⑦아시안게임 야구 금메달에도 병역 논란...
296336,朴대통령 지지도 31.5% 취임후 최저…더민주 첫 1위종합
296337,아파트 관리비도 AI 누구에 묻는다…SKT 내년 1분기 상용화
296338,클래식 공연 즐기고 낮잠도 자고…영화관의 변신
296339,與 장관 출신만 경선가점 배제…국민여론 70%로 상향종합2보
296340,이베이코리아 소방공무원 처우개선 공로로 표창장 받아
296341,세월호 단체들 참사 왜곡보도 책임 7개 언론사 명단 공개
296342,19∼24일 과천과학관서 대한민국 우표전시회
296343,대우조선 작년 5조5천51억 적자…4분기 9천733억 손실종합
296344,신인왕 안영준 이제 3대3 농구 금메달이 목표
296345,페이스북도 가짜뉴스에 골머리…전수조사·수익차단
296346,마지막 러시아행 티켓 주인은 페루…36년 만에 본선행
296347,늦더위 주춤 벌써 초가을…전국 유원지·산 북적
296348,대구소식 컬러풀 페스티벌 축제감독 공모
296349,文대통령 오늘 이미선 청문보고서 재송부 요청…임명 수순
296350,한미일 내일 합참의장 회의…北미사일 대응 논의종합
296351,민심에 무릎…알제리 부테플리카 대통령 28일까지 사임
296352,문대통령 북미교착 해결사論 부상…평양회담으로 돌파구 찾나
296353,가극 금강 낭독공연 문성근 총감독
296354,동원 김 스낵 미국 코스트코 87개점서 판매
296355,SK텔레콤 5G 핵심기술 연구 결과 공개
296356,경기북부 전역 오후 6시 강풍주의보 해제
296357,현대차 고성능 N의 첫 모델 벨로스터 N
296358,첫날 이승만 박정희도 참배한 김종인 당연히 해야지
296359,대한축구협회 12일 바자회 개최…이용·문선민 팬사인회
296360,박영선 6년 전 황교안 김학의 얘기에 당황…귀까지 빨개져종합
296361,정부 김정은의 양팔 北최룡해·황병서 제재명단에 올린다
296362,이스라엘군 이틀 연속 가자지구 접경서 팔레스타인인 사살
296363,美상원 정보위 트럼프 장남 출석 요구…러시아스캔들 조사 확대
296364,빵값 시위로 촉발된 바시르 수단 대통령의 몰락
296365,안개 속 페루 대선…반 독재ㆍ부동표가 가른다
296366,올림픽 손 소독하는 도종환 장관
296367,주간 화제의 뉴스 이재용 석방 비트코인 폭락 등 주목
296368,중동 유일 UAE 아부다비 北식당 옥류관 영업중단
296369,박지수·쏜튼 더블더블 KB OK저축은행 꺾고 3연패 탈출
296370,심상정 연내 선거제 개혁안 마련…5당 지도부와 협상 병행종합2보
296371,네이버 스마트렌즈 외화·와인 인식 기능 도입
296372,추신수 2루타볼넷 2개 묶어 3출루·3득점
296373,손흥민 아시안컵서 통산 4골…내년 1월 UAE 대회에선
296374,MLB 인종장벽 허문 재키 로빈슨 첫 계약서 경매…57억원...
296375,힐러리 vs 트럼프 오차범위 내 접전 양상…경합주서도 혼전
296376,美 전략무기 언제 한반도 출동하나…안보위기 때마다 무력시위
296377,양양서 4명 탄 레저 보트 전복…구명조끼 착용해 전원 구조
296378,악동 로드먼 음주운전 혐의로 또 체포
296379,황희찬의 잘츠부르크 레알 소시에다드와 유로파리그 32강 격돌
296380,프로농구 현대모비스 인삼공사 잡고 2연승 휘파람
296381,하나은행 채용비리 검사 문답…최흥식 전 원장 채용비리 확인
296382,종교소식 서소문성지역사박물관 옻·칠·나전 기획전 外
296383,올해 출판계 키워드 1위에 소확행
296384,中남중국해 중재판결 거부는 전략적 오판…더 큰 손실
296385,민주 극우 한국당 프레임 공세…국민 저항 직면할 것
296386,신간 스피노자의 귀환·제국의 관문
296387,조윤선 문화가 신성장동력 되도록 건강한 생태계 구축
296388,독립PD협회 외주PD 사망 관련 EBS 책임자 고소
296389,靑 중폭 물갈이…민생·고용 성과내려는 의지 속 측근 전진배치
296390,슬로바키아서 일주일새 유대인 묘비 80여개 훼손…경찰 수사
296391,첼시 콘테 감독 토트넘 더 이상 언더독 아니다
296392,스웨덴 여자축구대표팀 유니폼 문구로 여성인권 캠페인
296393,판테온 옆에 맥도날드 알루미늄 굴뚝…伊 정부 철거 명령
296394,이집트 사카라에서 발굴된 동물 미라
296395,곳곳 시간당 30㎜ 폭우…서울·경기 사흘간 300㎜ 이상 많은 비
296396,독일군 이라크서 훈련지원임무 재개…위협감소 판단
296397,문화소식 서울디자인페스티벌 12월 4일 개막
296398,대신지배구조硏도 현대모비스 분할·합병에 반대 권고
296399,김정은 전용열차로 하노이 가나…북중접경 이상 징후 없어
296400,러 미사일 엔진 폭발 사망 5명으로 늘어…방사능 급증 원인불명
296401,호주 해외 종교인력 고용 허용범위 넓혀
296402,제일홀딩스 계열사 팬오션 주식 720억원 취득
296403,카드뉴스 한국 문학 다시 한 번 세계에 감동을 줄까
296404,꿈의 전자파 테라헤르츠파 세기 조절한다
296405,거리 시위냐 집에서 인터넷이냐…이란의 와해 전략
296406,사우디 방문비자 유효기간 6개월→5년…매번 3개월 체류 가능
296407,성인 40% 1년에 책 1권도 안 읽어…독서율 역대 최저종합
296408,문 대통령 아크부대 방문…UAE 순방 마치고 오늘밤 귀국길 올라
296409,OK저축 우리카드 꺾고 4연패 탈출…현대건설 2연승종합
296410,올해도 새벽 출근 추신수 2019년 첫 라이브 배팅
296411,北 양강도 백두산관광철도 공사장 산사태로 5명 사망 RFA
296412,나이지리아 북부서 보코하람 공격에 난민 3만명 발생
296413,태풍 차바 부산 45㎜ 비에 강풍…정오께 고비
296414,LG유플러스 LG G6 출시
296415,수원정 후보토론회 야합 야권연대vs구태 공천파동
296416,한미일 대화공조로 전열 재정비…한미 남북북미회담 조율
296417,최양희 미래부장관 단통법 개정안 의견 경청
296418,홍남기 정책수단 총동원…2.62.7% 성장목표 달성 총력속보
296419,KT 기가지니 키즈 콘텐츠 강화…자동차·호텔서도 쓴다종합
296420,므누신 로봇 실업 걱정할 것 없어 발언 美언론 뭇매
296421,5G가 만드는 게임 세상 SK텔레콤 5GX 페스티벌 개최
296422,유커 상대 저질 덤핑 여행사 신고하면 300만원 포상종합2보
296423,두산 베어스 코치진 보직 확정…조성환·조인성 1군 코치
296424,정론관 나서는 김태년
296425,동정 고삼석 방통위원 이동통신 유통점 현장방문
296426,사이클론 덮친 모잠비크 콜레라·말라리아 확산 우려
296427,이란 최고지도자 이란 불안케 하려는 적들의 공작 물리쳐
296428,요스바니 29득점 OK저축은행 우리카드 꺾고 4연패 탈출
296429,악덕 한인기업 즉각 퇴출해야
296430,올림픽 성화 전남 온다…해상케이블카·증기기관차·헬기 봉송
296431,중국서 대만관광객 등 23명탄 버스 산사태에 매몰…22명 탈출종합
296432,게시판 KISTATC협회 산업인력 양성 협정 체결
296433,예술을 품은 인천공항…제2터미널서 경험하는 감각의 비상
296434,넥센 김하성 2홈런 4타점 작렬하고 미스터 올스타
296435,김기식 금융시스템의 안정과 금융소비자 보호 주력
296436,풀타임 선발 투수 원해…마에다 불펜 이동에 불만
296437,사드 보복 직격탄 관광업계에 1천250억원 경영안전자금 지원
296438,권한분산 공수처 논의서 손떼는 검찰…장외 여론전 나설수도
296439,기사형 광고 믿고 구매했다가 피해…언론사도 일부 배상책임
296440,유방암 치료제에 내성 유발하는 유전자 찾았다
296441,거시기 한마디로 통하는 땅…신간 전라도 천년
296442,구글 어시스턴트 국내 출격 채비…AI 비서 시장 격전 예고
296443,총리부터 거리의 시민까지 열광 베트남 언론이 전하는 흥분
296444,朴대통령 패럴림픽 메달리스트에 축전…기쁨·감동 선사
296445,물 반 고기 반이라고요…강릉 해변에 몰려든 강태공들
296446,朴대통령 노르웨이 총리와 정상회담…총선후 첫 일정
296447,대한항공 선두질주…신의 한 수된 유광우 영입
296448,호주 대형 쇼핑몰 체인 美 우버 에어와 제휴 추진
296449,산케이 아베 개헌 지지세력 개헌안 발의가능 의석수 차지할듯
296450,박영수 특검 특검 내부 조직구조 업무분장 구상속보
296451,태풍 차바 경북 15개교 임시휴업종합
296452,NBA 골든스테이트·휴스턴 서부 콘퍼런스 결승까지 1승
296453,바닥난 체력에 잠실징크스까지…코너에 몰린 KCC
296454,靑 질서있는 퇴진론에 부정적…헌법 정신 맞지 않아
296455,정의용 중·러 방문…서훈 일본 방문속보
296456,LH 판교복합단지 오피스빌딩 첫 상장리츠 공모 추진
296457,네이버 임원제 폐지로 내부자 지분 보유현황 불투명
296458,알자지라방송 이집트 1천일 불법구금 기자 석방해야
296459,KT 1분기 영업익 4천150억원…8.3％ 증가
296460,코스피 외국인 매수에 상승 출발…2070대 강보합종합
296461,이산가족 전면 실태조사 중순 착수…9월 완료
296462,월드컵 한국 경기 최다 관중은 8만2천명…최고 시청률은 79
296463,질문에 답하는 김태년
296464,삼성전자 지주사전환 검토 첫 공식화…지배구조 개편 시동종합2보
296465,문 대통령 올림픽유치 고맙다…MB 성공적으로 마치면 좋겠다
296466,외국인 관광객 재방문율 38% 그쳐…일본 61%와 큰 차이
296467,일대일로 포럼 앞두고 IMF 총재·칠레 대통령 등 방중 물결종합
296468,윤대녕 세월호 후 글못써…삶을 지속하고자 소설썼다
296469,최기영 장관 젊은 연구원들과 간담회
296470,게시판 만화의 날 기념식
296471,페루 좌파 대선후보 쿠친스키 지지선언…결선투표 변수 부상
296472,메이 英총리 브렉시트 의회 표결 내달 12일까지 마칠 것
296473,이스라엘에 로켓 떨어져 7명 부상…이스라엘 가자지구 공습종합2보
296474,베스트셀러 노벨경제학상 세일러 교수 넛지 10위 올라
296475,NBA 휴스턴 3쿼터만 50점…플레이오프 2R 진출 1승 ...
296476,그래픽 직장 내 괴롭힘 판단 기준
296477,그래픽 숫자로 본 박근혜 재판 기록들종합
296478,특징주 현대차그룹株 엘리엇 주주권익 요구에 강세
296479,여자농구 삼성생명 신한은행 꺾고 4위 확정
296480,소리·공간의 만남 구현한 국악박물관…보수 마치고 재개관
296481,北 이산상봉 단장 인도주의 문제 해결 새 장 펼치겠다
296482,카카오 2분기 영업익 276억원…작년보다 38% 감소종합
296483,게시판 스마트팩토리·벤처지원 SKTKDB산업은행 업무협약
296484,삼성 간판 뗀 롯데정밀화학 오늘 공식 출범
296485,사용 안 해도 환불 불가…모바일게임 리니지M 아이템 피해주의보
296486,기아차 명품 가죽소재로 고급스러워진 스팅어 신모델 출시
296487,6∼15일 김포·강화 돼지농장 특별소독·일제청소
296488,해결사 안치홍의 한 방 KIA의 운명을 가른다
296489,포천아트밸리서 높이 45ｍ 절벽 배경 야간 공중쇼
296490,한·우간다 장관급 경제협력협의체 신설
296491,KT 부스 살펴보는 황창규 회장
296492,미국 차기 정부 북한 체제 전복·무력행사도 정책 옵션종합
296493,김연수 사랑이라니 선영아 佛 출간…시적정취·유머 호평
296494,EBS 사장 후보자 재공모에 20명 지원
296495,5월 황금연휴 해외 한인민박 이용권 드려요
296496,태안 28개 해수욕장 7일 일제히 개장…내달 18일까지 운영
296497,얼쑤 좋다…토요일 밤에 즐기는 야외 국악 공연
296498,ECB 수장에 라가르드 취임…통화정책 유지속 재정정책 강조 전망
296499,MS XP등 옛 윈도 버전 보안패치 긴급배포…랜섬웨어 대비
296500,일본서도 의원정수 감축 논란…與 소극찬성·野 찬반양론
296501,총에 맞은 오티스 보스턴 구단 비행기로 미국 이송…입원 ...
296502,서울→이스탄불 차로 달린다…비단길 자동차 대장정
296503,웰바이오텍 최대주주 파티게임즈 → 더우주
296504,월드컵 스웨덴전 韓유니폼은 흰색…멕시코·독일전엔 붉은색
296505,인터넷진흥원 15일 조직개편…융합보안 대응 조직 신설
296506,이란 美 드론의 영공 침범 부인할 수 없는 증거 있어
296507,FIFA 보고서에 한국잉글랜드 월드컵 개최지 투표 거래...
296508,전북 현대 K리그 2연패…역대 최다 잔여경기 남기고 우승...
296509,동네 대기오염 알려주는 英웹사이트…집값 하락 유인 기대
296510,유럽의회 선거 패배 그리스 총리 조기총선 실시할 것
296511,검찰 개혁방향 발표하는 홍준표 지사
296512,갤노트9 출시 첫주 번호이동 45%↑…불법 보조금도 확산
296513,여야 마지막 임시국회 의사일정·처리안건 집중 조율
296514,유영민 과학 RD 멀리 보고 가야…성과에 집착 말자
296515,그래픽 1억원 이상 뛴 분양·입주권 매매 건수 및 양도소득
296516,현대重 조선소 최고기능인 뽑는다…사내 기능경진대회
296517,낯선 실험 vs 치밀한 서사…1980년대생 작가들 새 소설집
296518,쿠티뉴 포기 못해 바르사 2천억원에 4번째 베팅
296519,LGU 웰컴저축은행과 최고 연 8% 금리 적금 출시
296520,北김정은 신형 ICBM 엔진 지상분출시험 시찰…완전 성공2보
296521,안철수 언제든 만나자 정운찬에 전화…대표 영입 탄력받나
296522,갤노트8 가격 100만원 안 넘는다…고동진 숫자 1 부담 커
296523,우버에 매각 카림 사막에 꽃 피운 두바이 스타트업
296524,민주 당권주자 예비경선 탈락 후보 잡아라…구애 경쟁 치열
296525,캐나다 화웨이 갈등에 대중국 농산물 수출 타격
296526,마린스키 별 김기민 점프 장면 유독 박수 많은 거 알죠
296527,아시안게임 銀 합작한 여자농구 중국도 하나된 남북의 ...
296528,미중 군수뇌부 베이징서 회동…소통 강조
296529,아이폰X 열달만에 6천300만대 돌파…아이폰6 매출 웃돌 것
296530,고양시 15일 오리온구단과 청소년 농구 페스티벌
296531,文대통령 반부패협의회 주재…탈세 등 반칙·특권 대책 논의
296532,빵값 폭등 시위로 최대 위기 몰린 수단 바시르 대통령종합
296533,오르내릴때 덜 힘든 계단 개발…고령화 사회에 유용
296534,SK텔레콤 아이폰6s 출고가 50% 인하…최대 60만원↓
296535,SKT 한글날 맞아 우리말로 통신용어 쓰자 캠페인
296536,정규리그 MVP 대한항공 집안싸움…정지석 밀어주기가 ...
296537,추신수 안타·볼넷 없이 삼진만 3개
296538,연극계 블랙리스트 관련자 처분에 반발…도종환 장관 사퇴요구
296539,랜섬웨어 공포 ② 내 컴퓨터 어떻게 지키나…보안 기본원칙 충실해야
296540,영상 식지 않은 박항서 매직…북한과 친선경기도 응원...
296541,SK텔레콤 IoT 사업 박차…6월까지 전국망 조기 구축
296542,음바페 데뷔골·네이마르 4호골…PSG 메스 51 대파종합
296543,문 대통령 양상우 한겨레 대표이사와 인사
296544,미래부 무인이동체 개발에 3년간 400억 원 투입
296545,방통위 방송통신 정책고객 대표자 회의 개최
296546,사우디 홍해서 엔진 고장 난 이란 유조선 지원
296547,정지석·이재영 프로배구 정규리그 남녀부 MVP
296548,여자축구 현대제철 한수원 꺾고 1위 수성
296549,임지훈 대표 카카오톡 대화창에 광고 넣을 계획 없다
296550,정부 관계자 반도체 수출규제 수십억 소비자에 부정적 영향
296551,트럼프 기업금수조치 어기고 쿠바진출 모색…6만8천달러 지출
296552,단독시진핑 축전에 김정은 동지 없어…라오스·쿠바 축전과 대비종합
296553,국제사회 리비아 내전 개입 본격화하나…유엔서 특별회의 열려
296554,이란 휘발유 가격 50% 인상에 곳곳 항의 시위…1명 사망종합
296555,北풍계리 핵실험장 차량·인력 23배…5차핵실험 가능성 주시
296556,게시판 미래부 연구산업 육성전략 포럼
296557,스키이어 또…오스트리아 사이클 스타 혈액도핑 자백
296558,2019년이 밝았다 불꽃놀이·레이저쇼…설레는 지구촌
296559,보령시터프머더 터프머더 보령대회 개최 협약
296560,朴대통령 북핵압박 외교중에 北도발…고강도 北옥죄기 전망
296561,후보자 추천 관리 시스템 시연 지켜보는 김경협과 위원들
296562,공기중에 떠다니는 곰팡이 실시간으로 검출한다
296563,안철수유승민 부산서 세몰이…지방선거 지난 대선과 다를것
296564,FC바르셀로나 뎀벨레 영입 공식 발표…이적료 1억500만 유로
296565,동양 보통주 1주당 50원 현금배당
296566,김관영 부적격 후보 국회 비토권 강화…인사청문회법 개정해야
296567,라스베이거스 라이프 이즈 뷰티풀 축제 9월 22일 개막
296568,과기부 인천·강원·충북·전남·경남 SW 교육사업 지원
296569,고은 詩 교과서에서 빠질까…교육부 출판사·저작자에 수정권
296570,국토부 우간다 대표단 초청해 물류정책 교육
296571,카자흐스탄 실크로드 문화 소개한 학술서 번역·출간
296572,성난 민심에 고개 숙인 칠레 대통령…연금·임금 개선안 등 제시
296573,DB금융스팩6호 반도체장비업체 네온테크 흡수합병
296574,레스터시티 새 사령탑에 퓌엘 전 사우샘프턴 감독 선임
296575,여중생과 성관계 40대 학원장 징역 3년·법정구속
296576,아모레퍼시픽 소비자단체와 이해관계자 포럼 열어
296577,월드컵 출정식 보스니아전에 만원 관중 예상
296578,北주도 태권도연맹 프란치스코 교황에 명예9단 수여
296579,프로배구 현대캐피탈 3연승으로 챔프전 우승…2년만에 정상탈환
296580,중국 언론 김동연 부총리 강연 조명…열렬한 환호 받아
296581,아이들 대피시키고 헌혈위해 긴 줄…美 총격 현장의 숨은영웅들
296582,샌프란시스코 오라클 파크의 주요 행사 3선
296583,트럼프 탄핵 대응팀도 안만들고 트윗 반격만…측근들 우려
296584,美이란 호르무즈 해협 봉쇄 놓고 군 장성간 설전
296585,기술·글로벌·소상공인 방점…네이버 역대 최대 투자종합
296586,베이징 열흘새 두 차례 지진에 불안 확산…서로 연관 없어
296587,의회독재냐 행정부 견제냐…여야 국회법 법리 공방
296588,무디스 삼성증권 등급 전망 부정적으로 하향 조정
296589,지구닮은 최단거리 행성 발견…이달 말 발표
296590,KBS 강원산불 재난방송 미흡 지적에 개선TF 가동
296591,네이버 1분기 영업익 32.1%↑…라인 호실적 견인종합2보
296592,MMF 설정액 100조원 아래로…3년8개월 만에 최저
296593,베네수엘라 사태 취재 프랑스 기자 2명 체포돼
296594,경기도 북부권 8개 시·군 오후 6시 오존주의보 발령
296595,한국 스마트폰 도매평균가 일본 이어 세계 2번째
296596,뉴질랜드 총기 바이백 美에 참고서 될까…트럼프 관심
296597,이스라엘 총리 이란 겨냥 우리 해치려는 누구든 타격할 것
296598,신간 소로의 나무 일기
296599,중국 캐나다 마약범 사형선고에 진정한 법치
296600,73년 전통 기장시장 내주 가을축제 개막…체험행사 다채
296601,물가상승과 치안불안에 베네수엘라 카드 결제기 사용 급증
296602,청문회 국회법 논란 ③ 상임위 청문회로 국감 대체
296603,정부 5G 주파수 경매 방식 검토 착수…업계 촉각
296604,최소 30만명 인도적 지원필요…매슈에 최빈국 아이티 초토화종합
296605,삼성 갤럭시폰 기업시장 확장…네덜란드 공군도 쓴다
296606,윤석열 협박 유튜버 이번엔 집회현장서 시민 폭행
296607,중국 경기 둔화에도 춘제 해외여행 급증…한국은 인기 4위종합
296608,두바이유 가격 또 상승…배럴당 45달러 선 회복
296609,삼성중공업 4천120억원 규모 LNG운반선 2척 수주
296610,게시판 투교협 2019 글로벌 경제·금융시장 전망 수요강좌
296611,주말 N 여행 영남권 봄의 전령 매화향 가득…양산 원동·섬진강 하동 축제
296612,여자농구 7라운드 MVP에 삼성생명 토마스
296613,임대식 본부장 과학기술정책 연구자 중심으로 전환할 것
296614,특징주 이녹스첨단소재 2분기 실적 부진에 신저가
296615,포켓몬 고 우회설치파일에 악성코드 개인정보 위험
296616,레알 마드리드 국왕컵 32강 첫 경기서 3부리그 팀에 2...
296617,브뤼셀 테러 난민·EU 반대 목소리 커진다…브렉시트도 영향종합
296618,마지막 올스타전 김주성 진짜 은퇴할 때는 우는 대신 웃으...
296619,당정청 국가안위 최우선…정쟁 중단하고 법 통과시켜야
296620,언론노조 모범조합원상 시상
296621,룽투코리아 VR 게임 맞짱탁구 퍼블리싱 계약
296622,서울 개인택시 운전자들 타다 여객운송 전면금지하라
296623,바나나 옆 노키아 바나나 폰
296624,프로농구 전자랜드 시각장애인 김민석씨 1호 명예선수 위촉
296625,EU 美 제외한 이란 핵 합의 서명 당사국 28일 빈서 회동
296626,인터넷나야나 랜섬웨어 피해 복구중…해커와 13억 협상 논란종합
296627,코아로직 수원지법에 회생절차 종결 신청
296628,그래픽 삼성 갤럭시S10 5G 주요 제원
296629,포털 다음 연예 뉴스 댓글 잠정 폐지…인격 모독 심각종합2보
296630,기업 해외이익 4천억불 귀환 미 세제개편에 시장 요동치나
296631,1년4개월 만에 文대통령여야대표 회동 가능성…의제 등 미지수
296632,KT 초고속 기가 인터넷 가입자 250만 명 돌파
296633,유커 1천명 9일 서울서 단오 세시풍속 즐긴다
296634,서영해 어느 한국인의 삶 북콘서트
296635,2010년엔 포수를 2018년엔 야수를 바라보다
296636,아프리카 기니서 대통령 연임반대 시위…경찰 발포에 9명 사망
296637,中투자 촉진 차이나위크 개최…1억5천만불 유치 기대
296638,애틀랜타·메츠·미네소타·에인절스 류현진 영입 경쟁
296639,코스닥시장위원장에 길재욱 한양대 교수 내정종합
296640,중국 기업 유커 급증 일본내 관광산업 잇따라 투자
296641,그래픽 공시지가 인상에 따른 보유세·건강보험료 변화
296642,아프리카 남수단서 부족 간 폭력사태로 11명 사망
296643,월드컵 독일도 경우의 수 계산 중…서로 절박한 끝장 승부
296644,길따라 멋따라 해운대의 낮과 밤을 보다
296645,도종환 올림픽 남북공동개최에 대북제재 단점 평화구현 장점
296646,일제강제징용 유가족 청구권 자금 환수 촉구
296647,번역 핵심은 읽기…AI가 인간처럼 읽을 수 있을까
296648,평창올림픽 열린 4곳 연계 장기체류형 스키상품 개발
296649,우크라 게이트는 트럼프가 주역…러시아 스캔들과 달라
296650,SNS돋보기 사나운 꽃샘추위…봄이 봄이 아니다
296651,그래픽 세계 스마트폰 가장 많이 팔린 시리즈는
296652,한국당 기승전조국·총선용 개각…부메랑으로 돌아올 것
296653,일본 야스쿠니합사 취소소송 패소후 입장 밝히는 유족·변호인
296654,정부 5·24조치·금강산관광 중단 피해기업에 1천228억 지원종합
296655,성폭력 겪고 나니 문학이 구원 아닌 지옥으로
296656,이낙연 총리 정재숙 문화재청장에게 임명장
296657,동원 비린맛 없앤 꽁치캔 출시
296658,트럼프같은 나르시시스트들이 사용하는 유혹의 기술
296659,최양희 미래부 장관 연구실 안전관리 상황 점검
296660,북중 軍수뇌부 베이징 회동…북중 우의·군사 협력 과시종합
296661,워내대책회의 참석하는 조정식과 윤관석
296662,문 대통령 뤼테 네덜란드 총리와 정상회담
296663,남북 정상 오후 5시 40분 판문점 선언 서명식
296664,또 헌법 1조 언급한 유승민…권력은 국민으로부터 나온다
296665,신간 미술사 입문자를 위한 대화·디자인과 도덕
296666,대구·경북 강추위 계속…일요일 최강 한파
296667,인사나누는 폼페이오남관표
296668,아스널 5부리그 서턴 격파…링컨시티와 FA컵 8강전
296669,교체출전 석현준 네이마르와 격돌…4경기 연속골 실패
296670,중진공 해외민간네트워크 활용사업 참여기업 모집
296671,북녘땅이 코앞 강화 교동도에 초고속 인터넷 개통
296672,대신증권 총수 일가 상속 위해 한진 지분 매각 유력
296673,위안부 문제 다룬 다큐멘터리 주전장 일본서 개봉
296674,출시 한달 갤노트8 판매 1위 질주…하루 1만5천대 팔려
296675,MBC 2012년 파업 중 채용인력 근로계약 유지종합2보
296676,브라질 소두증 의심 증가세…230명 감염 5명 사망 확인
296677,아이폰8 증강현실 탑재 유력… 갤S8 열세 처할 듯
296678,北발사체에 미일 당국자 통화…한미일 협력 확인
296679,이란군 최신구축함 등 해군함대 3월부터 5개월간 대서양 항해
296680,6·13 선거 서울시장 민주 박원순 당선 확실…3선 성공종합
296681,투자일임형 ISA도 허용 추진…중소 증권사에 혜택
296682,과테말라 헌재 대통령 비리수사 유엔 반부패기구서 탈퇴 저지
296683,SBS노조 태영 비판 집회에 사측 건물 봉쇄…갈등 격화
296684,장관급 국무조정실장에 이석준 미래부 1차관종합
296685,문학과 시대 이야기하자 국내외 작가 30인 모여종합
296686,로버츠 감독 류현진 부상자 명단 올릴 계획종합
296687,농협경제지주 사내벤처 우수사업 특별시상식 개최
296688,北매체 中전인대 결과 보도…시진핑 재선출 소식 전해
296689,훈민정음 창제는 혁명…한글은 세종대왕이 홀로 만든 문자
296690,나경원 국회 총리추천제 되면 연동형 비례대표제 논의
296691,노트르담 화재 이틀만에…휘발유 들고 美성당 침입한 남성 체포
296692,유홍준의 나의 문화유산답사기 중국편 출간
296693,엑스포 예산 담배기업 후원받으려던 스위스 비판 여론에 철회
296694,삼성 스마트폰 작년 영업익 12조…올해 갤S9도 기대종합
296695,이란 포르도 농축시설에 우라늄 기체 주입
296696,조수미 신이 주신 목소리란 수식어에 책임감
296697,손흥민의 숨은 선행 지난 8월 육군에 1억원 기부
296698,정부 주도 첫 위안부 연구소 개소
296699,1군 복귀 뒤 호투 유희관 더 잘해야죠
296700,민주 한반도 새 100년 위원회 신설…홍보조직도 통합조정
296701,SK하이닉스 실적 개선세…3분기 영업익 7천260억종합2보
296702,추신수 4경기 연속 안타에 1타점…팀은 8연패 늪
296703,부상병동 NBA 보스턴 밀워키 꺾고 PO 2라운드 진출
296704,빨라진 여름에 휴가준비 서둘러…해외여행 예약 급증
296705,우리은행 자금세탁방지 시스템 글로벌 수준으로 구축
296706,마스크 쓴 홍콩 시위대 다시 거리로…지하철역에 화염병 투척도
296707,통일농구 선수단 평양도착…北 열렬히 축하…만날수록 정 통...
296708,멜론 틱톡과 플랫폼 연동…음악·동영상 연계
296709,LG 스마트워치 신제품 내달 출시…G7과 쌍끌이 전략
296710,제3정당이냐 與과반저지냐…安과 千·金의 동상이몽
296711,다양한 도자기 만나보세요
296712,제라드 4골 관여 리버풀 레전드 R.마드리드와 자선경...
296713,한국현대사부터 가상대륙까지…종횡무진 장르소설들
296714,직장인이라면 공감할 얘기…설레는 일 그런 거 없습니다
296715,챔피언전 MVP 연세대 1학년 이정현 올해는 최고의 한 해
296716,다운 증후군 원인 단백질 작용 과정 규명
296717,대한항공·현대캐피탈 2강여자부 흥국생명 독주 굳어지나
296718,전 여친 알몸 사진 여친 지인에 전송…30대 징역 10개월
296719,당정 오늘 지진대책 마련 휴일 긴급간담회
296720,ICC 검사장 팔레스타인지역 전쟁범죄 조사…이스라엘·美 반발
296721,증시신상품 한투증권 매달 조기상환 확인하는 ELS
296722,이통3사 주파수 경매 나눠먹기…정부 세수 확보 고민
296723,터키 에르도안 쿠르드 철수 않으면 우리 손으로 청소할 것종합
296724,DJI 미니드론 스파크 출시
296725,남북연락사무소 설치 준비인력 19·20일 개성공단 방문종합
296726,中양제츠 美폼페이오에 내정간섭 즉각 중단해야
296727,삼성전자·오픈마켓 내일 갤럭시 폴드 예약판매 재개
296728,민주평통 청년 자문위원 대북제재 촉구 결의문 채택
296729,美 휴대전화 등 중국산 일부 제품 10% 관세 12월15일로 연기종합
296730,게시판 신한금융 더 뱅커 선정 대한민국 1등 금융 브랜드
296731,민주 경기 원팀 결의…전해철 선대위원장 맡아 이재명 지원
296732,브로드웨이 시상식 휩쓴 젠틀맨스 가이드 11월 한국 초연
296733,충남소식 천안 공·사립유치원 49곳 운영지도 점검
296734,홍용표 北개성공단 달러 당에 상납…핵·미사일 개발에 사용종합
296735,설날 딱 하루 맑고 포근…밤부터 눈·비 귀경길 조심
296736,朴대통령 禹 수사의뢰 직접 언급할까…내일 각의 주재
296737,국고채 금리 대체로 상승…3년물 연 1.731%
296738,얼어붙은 영종도 갯벌
296739,여신협회 여신금융교육연수원 개원
296740,터키 올해 들어 분리주의 테러조직원 635명 무력화
296741,SK텔레콤 전국 54개 직영점서 실버세대 스마트폰 교육
296742,류현진 시범경기 마지막 등판 5이닝 4실점 3자책…패전투...
296743,미분양관리지역 지정 확대 지방 부동산시장에 부정적 영향
296744,미군 철수가 무너뜨린 힘의 균형…요동치는 중동정세
296745,돈 몰리는 힐러리 vs 쪼들리는 트럼프…선거자금 빈부격차종합
296746,골프·관광 회원제 글로벌 기업 제주 찍고 부산 진출
296747,문대통령 강정마을 사태 깊은 유감…사면복권 적극 검토종합
296748,국내 미투 보도 외국 비해 사회적 맥락 분석 부족
296749,금융서비스앱 토스 다운로드 2천만건 돌파
296750,김태년 정의당도 시대 뒤떨어진 규제혁신에 찬성할 것
296751,삼성·LG 스마트워치 격돌 임박…애플 독주에 도전
296752,전국 대체로 맑음…큰 일교차 주의하세요
296753,게시판 한성백제박물관 설연휴 마지막 날인 2월6일 무료행사
296754,롯데카드 모바일 상품권 판매 시작
296755,필리핀 외국 해양탐사선 영해 내 활동 전면금지…中 겨냥
296756,증선위 롯데칠성 등 4개사 회계 위반으로 과징금 등 제재종합
296757,특징주 호실적 대림산업 일부 엇갈린 평가 속 급락
296758,부친상에도 등판 강행한 기쿠치 5이닝 6실점 부진
296759,김연경 출전 한국태국 배구 올스타전 4월 8일 화성...
296760,한국회사 떠나는 이란 가전제품 시장 中이 대체할 것
296761,한강 내 소설 빛을 향하니 어둡지 않아
296762,北 접경지역에 탈북 방지용 적외선 카메라 늘려
296763,FIFA 2026년 월드컵부터 출전국 48개국으로 만장...
296764,과기부 과학장학생·국제올림피아드 대표단 교류 행사 개최
296765,제1회 남도 신재생에너지 국제포럼
296766,게시판 KIST 인도 학부생 대상 인턴십 프로그램 운영
296767,놀랍도록 편리한 LG V30S ThingQ
296768,유세차 버리고 페이스북 탄 안철수…국민 속으로종합
296769,프로야구 SK 최정·이재원 FA 협상 투트랙
296770,지카바이러스 공포…여행주 동반 내림세
296771,LG 차우찬 팔꿈치 뼛조각 제거수술…최소 4개월 재활
296772,터키 3달간 쿠르드노동자당 조직원 255명 무력화
296773,원숭이떼가 말레이軍 내부문서 강탈…경찰 곤혹
296774,푸틴 사우디 국왕에 러시아 희귀 매 선물
296775,UEFA챔피언스리그 본선 32개팀 확정…EPL 5개팀 참가...
296776,정부 세계유산위서 日에 군함도 약속이행 촉구
296777,문대통령 조국 국회 출석 지시…김용균법 연내 반드시 처리
296778,LG 스마트폰 신제품 V50S 씽큐 티저 열흘간 120만명 시청
296779,마이크로소프트 2세대 무선 디스플레이 어댑터 출시
296780,2018 추경 조선업 침체 경남지역 경기 회복 기대감
296781,MLB 휴스턴·양키스 ALDS 첫 승리…애틀랜타·워싱턴 N...
296782,포털 지역신문 차별 투쟁 나선 전대식 지신노협 의장
296783,日언론 韓 징용배상 중재위원 임명 않기로 방침 정해
296784,FC서울 세르비아 출신 스트라이커 마티치 영입
296785,프랑스 38세 친기업 경제장관 사임…내년 대선 출마 길 텄다종합
296786,도시화는 자본주의 과잉축적의 산물…속도 늦춰야
296787,SK텔레콤 충청 지역 폭우피해 통신망 복구
296788,이재명 조폭유착 의혹 보도 손배소 취하…허구성 이미 입증종합
296789,다저스 로버츠 감독 하퍼 만났다…서로의 조건 확인
296790,리켐 알이피로 상호변경
296791,국방부 한국 사드 구매설에 소문일 뿐 일축
296792,과도한 뇌 신경 활동 수명 단축할 수 있다
296793,이석수 특별감찰관 수사 의뢰에 대한 청와대 입장 전문
296794,이란 핵합의서 또한발 멀어져…6일부터 우라늄농축 가속
296795,국민 54% 개헌 필요…4년 중임제 선호 많아갤럽
296796,설전 벌이는 김종민과 장제원
296797,신간 꼬마빌딩 재테크
296798,학자 89명이 쓴 진화심리학 핸드북 번역·출간
296799,롯데·신세계 등 국내 유통 대기업 경쟁력 중미일에 뒤져
296800,北 김일국 체육상 남북 체육회담 하루 앞두고 방중
296801,밤낮 온도차가 1천도 넘는 다이아몬드 행성
296802,민주 의총 임종룡 경제사령탑 찬반 격론…지도부 위임
296803,北 남포항서 김정은 사용 추정 호화 요트 포착 RFA
296804,고효율 마찰전기 발전기 개발 연구원들
296805,NC출신 왕웨이중 ML복귀…에인절스전 2이닝 무실점
296806,국민의당 安 리더십 백척간두 위기 정면돌파하나종합
296807,신보 사회적경제기업 보증 올해 1천억으로 늘린다
296808,환노위 가습기 살균제 사건 질타…안방의 세월호사건
296809,갤노트8 주말 27만대 개통…시장은 불법 보조금 얼룩
296810,건조 특보 속 강원 인제·횡성·춘천서 산불 잇따라
296811,GM 국회와 협의 개시…한국에 남아 문제 해결하고 싶다종합2보
296812,印 모디 총리야권 총리후보 충돌…연방·주 수사기관 대립
296813,KT 미국 이동통신사 ATT와 5G 기술 협력 논의
296814,스마트폰 가격은 뛰는데… 작년 휴대전화 지원금 20% 감소
296815,제동 걸린 역대최고 분양가…HUG 나인원 한남 분양보증 거부종합
296816,마지막 여론조사까지 접전…이스라엘 총선 누가 웃을까
296817,신영석 폭발 현대캐피탈 대한항공 꺾고 선두 탈환
296818,여자배구 드림팀 떴다…태국과 올스타전 출격 준비
296819,그래픽 주요국 5G 스마트폰 도입률 전망
296820,강정호 3경기 만에 다시 홈런포…시즌 3호종합
296821,거짓 정보시대의 저널리즘
296822,발언하는 주광덕
296823,아리랑위성 3A호 촬영 영상 일반에 판매
296824,한국투자신탁운용 SM엔터 지분 6.65%→8.36%로 늘어
296825,신간 모든 것은 영원했다 사라지기 전까지는
296826,朴대통령 더좋은 쥐덫 비유들며 최고상품 팀코리아돼야종합
296827,민주당 제1차 공직선거후보자 추천 검증위원회 회의
296828,맨유 즐라탄 비난은 오히려 힘…중국행 난 도전이 필요
296829,심텍홀딩스 2분기 영업익 71억원…2.6% 증가
296830,美 엑손모빌 이라크 남부 유전에서 직원 전원 철수
296831,함께여서 다행…김해란과 이재영의 행복한 동행
296832,대테러 기밀 언론에 유출한 美분석관 기소…트럼프 정부서 6번째
296833,대형산불에 비상 걸린 그리스 EU에 지원 요청…비상사태도 선포
296834,1분기 은행 이자이익 10조원 육박…예대금리차 확대 영향
296835,中 안보리 새 제재 北에 사전통보…추가도발 자제요구
296836,KT 교육격차 해소 공헌 글로벌 멘토링 7기 출범
296837,유남석 신임 헌재소장 후보자 사법제도 개혁 적임자 평가
296838,개인 전문투자자 진입 문턱 낮춘다…잔고기준 5억→5천만원
296839,이스라엘 총리 이란이 매일 이스라엘에 사이버공격
296840,어 이 골대가 아니네 프로농구서 공격 코트 착각
296841,프랑스 노딜 브렉시트 대비 항만·공항 긴급자금 수혈
296842,감독 바꾼 C.팰리스 또 져 5연패…이청용은 결장
296843,潘風 내년초 상륙에 포스트 추석 빨라진 대권시계
296844,남자배구 현대캐피탈 새 외인 오켈로 영입…24일부터 출전
296845,朴대통령 정치도 시적으로 유재석 닮았네요…시작은 웃음꽃종합
296846,美민주 전대 클린턴 앞서 美정치계 유리천장 깬 흑인·여성 등 소수자들
296847,김태형 감독 허경민 아주 잘해주고 있어…깜짝 놀랐다
296848,한국 관광경쟁력 세계 19위…2년전보다 10단계 상승
296849,전국 수은주 영하권 뚝…움츠린 등산객·즐거운 스키어
296850,터키 시리아 접경 도시서 테러조직 가담 13명 체포
296851,이빨·털 생생…시베리아서 4만년 전 추정 늑대머리 발견
296852,中 중앙경제공작회의 폐막…내년 적극적 재정정책 펼칠 것종합
296853,홍준표 신공항 입지 밀양이 절대적으로 유리종합
296854,김수현 신임 청와대 정책실장 기자간담회
296855,이란 외무 현재로선 핵합의 이행 감축 3단계 고려
296856,특징주 나노 배출가스 규제 수혜 기대감에 강세
296857,알뜰폰 1위 CJ헬로 협회 탈퇴…망 도매대가 인하안 불만
296858,정치용 지휘 코리안심포니 첫 음반 발매
296859,레일리 첫승·번즈 2점포…롯데 LG에 위닝시리즈
296860,동양시멘트 작년 연결 영업익 470억원…27%↓
296861,더민주 광주서 1박2일 20대 당선인 워크숍
296862,문대통령 내일 방미… 악화일로 북미 중재 분수령
296863,망명중 정치활동 본격화하는 모랄레스…국경서 정당집회 열 것
296864,린드블럼 13승·김재호 쐐기포…두산 한화에 위닝시리즈
296865,NH투자 롯데하이마트 가전시장 침체에 부진…목표가↓
296866,트럼프 네거티브 광고 물량전에 바이든측 경계령 발동
296867,의무송출채널서 종편 제외…과기정통부 규제완화 추진
296868,安 DJ 정신 계승할 것…이희호 정권교체 역할기대
296869,D램익스체인지 中개입으로 모바일D램 가격 상승 완화될 수도
296870,남북미일중 정상급 평창리셉션 참석…펜스·김영남 악수 없었다
296871,U20월드컵 종가 잉글랜드 베네수엘라 꺾고 역대...
296872,정운천 농협 직원들에 0%대 황제대출…현금 줘 이자보전종합
296873,삼성전자 갤럭시 S9과 갤럭시 S9 전격 공개
296874,음란 동영상으로 위장해 개인정보 탈취 피싱 주의보
296875,5월 풍경
296876,4번 대신 6번타자 한화 김태균 전혀 안 서운하다
296877,게시판 KT 볼베어파크에 에어맵코리아 플랫폼 구축
296878,필라델피아 브루클린 꺾고 11연승…8명 두 자릿수 득점종합
296879,LGU 조사거부 개별 안건으로…방통위 첫 단독 처리종합
296880,신년사 문의장 개헌과 정치개혁 판가름 마지막 해 될 것
296881,러시아군 시리아 만비즈 순찰 시작…터키군 공격 저지 역할
296882,KT 이미지 통화연결 서비스 출시
296883,게시판 유진투자증권 하반기 경제전망 투자설명회
296884,갤럭시S8 오늘부터 예약판매…지원금 최고 26만4천원
296885,신간 모두를 위한 분배·간병살인 154인의 고백
296886,최승호 사장 부임 후 해임된 제주MBC 전 사장 손배소 승소
296887,루게릭병이 보인다…퇴행성뇌질환 유전자 원리 규명 첫걸음
296888,신간 중국의 군망제도와 한국의 본관제도 연구
296889,민주콩고 대선결과 발표 일주일 연기…정국긴장 지속
296890,알라딘 82년생 김지영 독서 릴레이 캠페인
296891,과거와는 달라진 靑 회동…허심탄회한 협치 토크 88분
296892,NBA 미네소타 타운스와 5년간 2천121억원에 계약 연장
296893,3년 만에 1부리그 뛴다…경남FC 승리 다짐 출정식
296894,신한카드 현대차와 가맹점 수수료 협상 타결
296895,당정청 아동수당 예외없이 주는 법안 정기국회 처리 노력
296896,이란 사우디 왕세자에 한발 앞서 아군 中 방문
296897,게시판 언론재단 미디어교육 전국대회 개최
296898,알리 28점 GS칼텍스 3연승으로 2위 도약종합
296899,금감원 금융교육 전문강사 연수자 모집
296900,메르켈 취임 후 처음으로 아우슈비츠 찾아 고개 숙여
296901,신간 뇌과학의 비밀
296902,정세균 제왕적 대통령제 때문에 이런 사태 벌어져
296903,망명한 태용호 駐英 북한 공사 가족과 함께 한국 입국3보
296904,에∼오 올스타전 달군 덕큐리의 보헤미안 서브
296905,게시판 KT 1등 워크숍 성과공유회 개최
296906,프로축구 부산 내달 4일 최다관중 돌파기념 어묵바 파티
296907,北 적들이 조금이라도 움쩍거리면 핵 선제타격할 것
